geo,name,year,gdp_per_capita,water_access,log_gdp,water_access_lag1
afg,Afghanistan,2000,1426.50934,29.73097,7.262985718125986,
afg,Afghanistan,2001,1312.2368,29.76293,7.179488441022948,29.73097
afg,Afghanistan,2002,1673.64821,31.83608,7.422761079622062,29.76293
afg,Afghanistan,2003,1731.14825,33.90863,7.456540195645297,31.83608
afg,Afghanistan,2004,1713.2018,35.99935,7.446119296406086,33.90863
afg,Afghanistan,2005,1855.22812,38.10805,7.525762943221879,35.99935
afg,Afghanistan,2006,1895.55139,40.21576,7.547265046168936,38.10805
afg,Afghanistan,2007,2132.60481,42.4295,7.665099427044351,40.21576
afg,Afghanistan,2008,2177.91615,44.65379,7.686123804129226,42.4295
afg,Afghanistan,2009,2557.34077,46.88858,7.846723235867995,44.65379
afg,Afghanistan,2010,2848.58606,49.13379,7.954578030856553,46.88858
afg,Afghanistan,2011,2757.05259,51.38967,7.92191748592348,49.13379
afg,Afghanistan,2012,2985.31914,53.65581,8.001461934684611,51.38967
afg,Afghanistan,2013,3046.57993,55.93214,8.0217749060094,53.65581
afg,Afghanistan,2014,3017.94254,58.21857,8.012330600047807,55.93214
afg,Afghanistan,2015,2967.69207,60.51535,7.995539848904867,58.21857
afg,Afghanistan,2016,2958.7854,62.82207,7.99253412526866,60.51535
afg,Afghanistan,2017,2952.99892,65.14214,7.990576516014089,62.82207
afg,Afghanistan,2018,2902.39211,67.47587,7.973290541477211,65.14214
afg,Afghanistan,2019,2927.24514,69.8227,7.981817034466118,67.47587
afg,Afghanistan,2020,2769.68575,72.18207,7.926489145092283,69.8227
afg,Afghanistan,2021,2144.16657,74.55453,7.670506210404229,72.18207
afg,Afghanistan,2022,1981.71017,76.93921,7.591715473117409,74.55453
ago,Angola,2000,5352.49132,37.84224,8.585317398790407,
ago,Angola,2001,5500.42866,38.33882,8.612581306365358,37.84224
ago,Angola,2002,6149.13438,38.83539,8.72406659967467,38.33882
ago,Angola,2003,6223.38333,40.39652,8.736068981579363,38.83539
ago,Angola,2004,6749.75485,41.97724,8.817261464688524,40.39652
ago,Angola,2005,7592.30709,43.57434,8.934890788628726,41.97724
ago,Angola,2006,8283.14745,45.014,9.021978301961006,43.57434
ago,Angola,2007,9191.41108,46.46865,9.126024748720662,45.014
ago,Angola,2008,9889.65518,47.93902,9.199244558488214,46.46865
ago,Angola,2009,9626.73739,49.42318,9.172299650918315,47.93902
ago,Angola,2010,9672.83922,50.92228,9.177077156520578,49.42318
ago,Angola,2011,9627.0206,52.43574,9.17232906959078,50.92228
ago,Angola,2012,10051.33991,53.96293,9.215461228978427,52.43574
ago,Angola,2013,10150.9161,55.50323,9.225319236554727,53.96293
ago,Angola,2014,10250.5924,57.05691,9.235090778018431,55.50323
ago,Angola,2015,9980.92988,58.61963,9.208431539313747,57.05691
ago,Angola,2016,9381.80973,60.19206,9.14652795835873,58.61963
ago,Angola,2017,9042.11713,61.77351,9.109648621763128,60.19206
ago,Angola,2018,8620.21466,63.36279,9.061865265899879,61.77351
ago,Angola,2019,8274.54256,64.15991,9.020938918958974,63.36279
ago,Angola,2020,7556.96793,64.94403,8.930225321264196,64.15991
ago,Angola,2021,7408.12659,65.71626,8.91033286446295,64.94403
ago,Angola,2022,7397.48643,66.47633,8.908895549869168,65.71626
alb,Albania,2000,6558.42258,86.39704,8.788505392657052,
alb,Albania,2001,7210.04538,86.90407,8.883230524295248,86.39704
alb,Albania,2002,7578.61364,87.45164,8.933085564811078,86.90407
alb,Albania,2003,8024.27537,87.98719,8.990226647348027,87.45164
alb,Albania,2004,8490.54991,88.51058,9.046709048703688,87.98719
alb,Albania,2005,8977.57267,89.02119,9.102484820748623,88.51058
alb,Albania,2006,9577.48492,89.51913,9.167170302049941,89.02119
alb,Albania,2007,10272.64516,90.00419,9.237239831589825,89.51913
alb,Albania,2008,11064.87257,90.47615,9.311530735925388,90.00419
alb,Albania,2009,11435.59511,90.93441,9.344486147953596,90.47615
alb,Albania,2010,11828.37497,91.37948,9.378256582363685,90.93441
alb,Albania,2011,12152.41716,91.81088,9.405283372191995,91.37948
alb,Albania,2012,12292.29683,92.22878,9.4167280711853,91.81088
alb,Albania,2013,12525.08076,92.63159,9.435488373836469,92.22878
alb,Albania,2014,12832.21222,93.02005,9.459713868311185,92.63159
alb,Albania,2015,13156.33221,93.39433,9.484658458586361,93.02005
alb,Albania,2016,13692.47885,93.75488,9.524601972015457,93.39433
alb,Albania,2017,14155.03975,94.1021,9.557826005737041,93.75488
alb,Albania,2018,14710.98258,94.43639,9.596349608101594,94.1021
alb,Albania,2019,15078.50697,94.75822,9.621025629365972,94.43639
alb,Albania,2020,14662.79552,95.06804,9.593068647575334,94.75822
alb,Albania,2021,16126.77749,95.08152,9.688236367526864,95.06804
alb,Albania,2022,17111.95393,95.09457,9.747532558495879,95.08152
and,Andorra,2000,52814.6954,100.0,10.874544752939675,
and,Andorra,2001,56647.45065,100.0,10.944602263678318,100.0
and,Andorra,2002,58701.07662,100.0,10.980213346704211,100.0
and,Andorra,2003,61631.28478,100.0,11.028924890404586,100.0
and,Andorra,2004,62814.03238,100.0,11.047933773037455,100.0
and,Andorra,2005,64175.8719,100.0,11.069382591934543,100.0
and,Andorra,2006,65819.16908,100.0,11.09466639829124,100.0
and,Andorra,2007,65192.704,100.0,11.085102839812775,100.0
and,Andorra,2008,60531.1931,100.0,11.01091409957864,100.0
and,Andorra,2009,57182.71426,100.0,10.954006933445047,100.0
and,Andorra,2010,58285.05778,100.0,10.97310104068912,100.0
and,Andorra,2011,60470.46624,100.0,11.009910363507089,100.0
and,Andorra,2012,58172.13239,100.0,10.971161694132183,100.0
and,Andorra,2013,57332.15856,100.0,10.956616976684995,100.0
and,Andorra,2014,59929.24447,100.0,11.000919886498076,100.0
and,Andorra,2015,62105.15424,100.0,11.036584263511157,100.0
and,Andorra,2016,64402.80924,100.0,11.072912532880174,100.0
and,Andorra,2017,63239.65777,100.0,11.054686879702187,100.0
and,Andorra,2018,63048.59856,100.0,11.05166111370749,100.0
and,Andorra,2019,63215.89979,100.0,11.054311127449965,100.0
and,Andorra,2020,55488.4903,100.0,10.923930896245928,100.0
and,Andorra,2021,59332.20291,100.0,10.990907488345968,100.0
and,Andorra,2022,63913.38351,100.0,11.065284063036106,100.0
are,UAE,2000,88047.22698,99.61583,11.385628619731651,
are,UAE,2001,85242.47915,99.61389,11.353255170139683,99.61583
are,UAE,2002,83319.82832,99.6348,11.330441834883107,99.61389
are,UAE,2003,86396.09866,99.65597,11.366697799374508,99.6348
are,UAE,2004,90067.1992,99.67738,11.408311328479938,99.65597
are,UAE,2005,89813.8553,99.69903,11.405494533034593,99.67738
are,UAE,2006,91960.46888,99.72092,11.429114077602701,99.69903
are,UAE,2007,84698.91602,99.74304,11.3468580826834,99.72092
are,UAE,2008,78094.031,99.76541,11.265668905250186,99.74304
are,UAE,2009,69482.12453,99.788,11.148824797463838,99.76541
are,UAE,2010,68799.93085,99.81079,11.138958018833721,99.788
are,UAE,2011,70662.51595,99.8338,11.165670526704377,99.81079
are,UAE,2012,69158.82664,99.85701,11.144160973777076,99.8338
are,UAE,2013,69806.95598,99.88041,11.153488939659072,99.85701
are,UAE,2014,69409.03704,99.90399,11.147772354732133,99.88041
are,UAE,2015,70234.73175,99.92775,11.159598221936866,99.90399
are,UAE,2016,70573.99271,99.95167,11.164416980402052,99.92775
are,UAE,2017,68871.84958,99.97576,11.140002804283831,99.95167
are,UAE,2018,68854.9699,100.0,11.139757686010597,99.97576
are,UAE,2019,68887.84541,100.0,11.14023503229614,100.0
are,UAE,2020,65784.67694,100.0,11.094142216941943,100.0
are,UAE,2021,67401.12129,100.0,11.118416933112163,100.0
are,UAE,2022,68867.82593,100.0,11.139944380304158,100.0
arg,Argentina,2000,21810.83619,96.28403,9.990162198213133,
arg,Argentina,2001,20678.60893,96.52282,9.936855059918871,96.28403
arg,Argentina,2002,18277.79656,96.75547,9.8134422994496,96.52282
arg,Argentina,2003,19736.98231,96.98242,9.890249429467543,96.75547
arg,Argentina,2004,21350.38905,97.20434,9.968825240973178,96.98242
arg,Argentina,2005,23052.59,97.42118,10.045533406537547,97.20434
arg,Argentina,2006,24704.5175,97.63321,10.114741400629708,97.42118
arg,Argentina,2007,26716.74246,97.84036,10.19304570629632,97.63321
arg,Argentina,2008,27570.26577,98.04287,10.224493143797277,97.84036
arg,Argentina,2009,25707.98973,98.24074,10.154557107004555,98.04287
arg,Argentina,2010,28056.25702,98.43405,10.241966952741839,98.24074
arg,Argentina,2011,29425.75939,98.62186,10.289625739442025,98.43405
arg,Argentina,2012,28825.96669,98.8053,10.269031881088367,98.62186
arg,Argentina,2013,29227.66018,98.8642,10.282870806321007,98.8053
arg,Argentina,2014,28200.81526,98.92325,10.2471061664374,98.8642
arg,Argentina,2015,28669.20613,98.98231,10.263578868574266,98.92325
arg,Argentina,2016,27802.10572,99.04137,10.232867042133938,98.98231
arm,Armenia,2000,4860.71825,95.66867,8.488941494040803,
arm,Armenia,2001,5288.59752,95.8831,8.573308370609437,95.66867
arm,Armenia,2002,5964.33327,96.11124,8.693552554605075,95.8831
arm,Armenia,2003,6779.7368,96.34512,8.821693560121926,96.11124
arm,Armenia,2004,7476.52129,96.58054,8.919522894608956,96.34512
arm,Armenia,2005,8511.01241,96.81747,9.049116181588928,96.58054
arm,Armenia,2006,9640.20116,97.05602,9.173697254606791,96.81747
arm,Armenia,2007,10980.46168,97.29609,9.30387276153839,97.05602
arm,Armenia,2008,11773.80791,97.53779,9.37363267469378,97.29609
arm,Armenia,2009,10157.81885,97.78103,9.225999017967288,97.53779
arm,Armenia,2010,10438.56419,98.02586,9.253262322285067,97.78103
arm,Armenia,2011,10990.1771,98.27229,9.30475716191751,98.02586
arm,Armenia,2012,11796.27412,98.52033,9.375539008051053,98.27229
arm,Armenia,2013,12194.01895,98.77056,9.408700860509526,98.52033
arm,Armenia,2014,12667.37573,99.01735,9.446785127157876,98.77056
arm,Armenia,2015,13112.76009,99.21989,9.481341087779523,99.01735
arm,Armenia,2016,13192.99407,99.32004,9.48744121540289,99.21989
arm,Armenia,2017,14243.8749,99.42045,9.564082261713777,99.32004
arm,Armenia,2018,15037.04524,99.46264,9.618272118096634,99.42045
arm,Armenia,2019,16215.3608,99.45918,9.693714269496027,99.46264
arm,Armenia,2020,15052.93598,99.45611,9.61932833287863,99.45918
arm,Armenia,2021,15921.70528,99.45348,9.6754385692398,99.45611
arm,Armenia,2022,17886.17839,99.91285,9.791783536578853,99.45348
atg,Antigua and Barbuda,2000,25853.23485,97.45779,10.160191011372302,
atg,Antigua and Barbuda,2001,24259.00936,97.52484,10.096543347369163,97.45779
atg,Antigua and Barbuda,2002,24170.76163,97.58932,10.092898984578797,97.52484
atg,Antigua and Barbuda,2003,25326.21687,97.65498,10.139595378110588,97.58932
atg,Antigua and Barbuda,2004,26468.17333,97.72178,10.183698283773044,97.65498
atg,Antigua and Barbuda,2005,27830.44701,97.78971,10.233885916554074,97.72178
atg,Antigua and Barbuda,2006,30945.55644,97.85875,10.339984695592019,97.78971
atg,Antigua and Barbuda,2007,33336.85979,97.92888,10.41441896440636,97.85875
atg,Antigua and Barbuda,2008,32814.87869,98.00008,10.398637310115983,97.92888
atg,Antigua and Barbuda,2009,28430.15923,98.07236,10.255205805403191,98.00008
atg,Antigua and Barbuda,2010,25826.60864,98.14566,10.159160582076938,98.07236
atg,Antigua and Barbuda,2011,25023.91745,98.22017,10.127587344506477,98.14566
atg,Antigua and Barbuda,2012,25592.90661,98.29711,10.150070506525486,98.22017
atg,Antigua and Barbuda,2013,25206.84583,98.37434,10.134870896527275,98.29711
atg,Antigua and Barbuda,2014,25557.52491,98.45187,10.148687069295665,98.37434
atg,Antigua and Barbuda,2015,25734.15164,98.5297,10.15557424632103,98.45187
atg,Antigua and Barbuda,2016,26627.71454,98.60784,10.189707852368704,98.5297
atg,Antigua and Barbuda,2017,27199.19524,98.68624,10.210942665081685,98.60784
atg,Antigua and Barbuda,2018,28878.60677,98.76485,10.270856349807067,98.68624
atg,Antigua and Barbuda,2019,29651.86415,98.84362,10.297280274287631,98.76485
atg,Antigua and Barbuda,2020,23930.6715,98.92249,10.08291624152,98.84362
atg,Antigua and Barbuda,2021,25745.49581,98.92263,10.156014970791595,98.92249
atg,Antigua and Barbuda,2022,27941.78515,98.92271,10.237878523039077,98.92263
aus,Australia,2000,45546.30419,99.7123,10.72648476196489,
aus,Australia,2001,45886.74826,99.71124,10.733931645431728,99.7123
aus,Australia,2002,47144.6969,99.71219,10.760976808777404,99.71124
aus,Australia,2003,48004.27426,99.73436,10.779045333008906,99.71219
aus,Australia,2004,49439.27404,99.75634,10.80850040836681,99.73436
aus,Australia,2005,50323.82948,99.77815,10.826233991022391,99.75634
aus,Australia,2006,50945.63779,99.79977,10.83851441751738,99.77815
aus,Australia,2007,51853.37495,99.82125,10.856175302185463,99.79977
aus,Australia,2008,52538.92042,99.84255,10.869309515255297,99.82125
aus,Australia,2009,52353.57082,99.86368,10.86577542447866,99.84255
aus,Australia,2010,52589.81821,99.88314,10.87027780983659,99.86368
aus,Australia,2011,53112.53287,99.89197,10.880168203297904,99.88314
aus,Australia,2012,54237.59191,99.90077,10.901129524689177,99.89197
aus,Australia,2013,54699.35162,99.90959,10.909607134957737,99.90077
aus,Australia,2014,55288.11534,99.96148,10.920313251936035,99.90959
aus,Australia,2015,55691.69885,99.97001,10.927586381595178,99.96148
aus,Australia,2016,56341.51816,99.96997,10.939186987464192,99.97001
aus,Australia,2017,56684.64733,99.96993,10.945258682856972,99.96997
aus,Australia,2018,57450.38104,99.96989,10.95867691580495,99.96993
aus,Australia,2019,57837.06069,99.96985,10.965385037595313,99.96989
aus,Australia,2020,57059.74364,99.96982,10.951854131942817,99.96985
aus,Australia,2021,58182.33695,99.96977,10.97133709882586,99.96982
aus,Australia,2022,59883.64704,99.96973,11.000158742490504,99.96977
aut,Austria,2000,52517.46107,100.0,10.868900985092843,
aut,Austria,2001,53143.62112,100.0,10.880753360010617,100.0
aut,Austria,2002,53809.15485,100.0,10.89319889617168,100.0
aut,Austria,2003,54262.66063,100.0,10.901591619843044,100.0
aut,Austria,2004,55440.73462,100.0,10.923069884497496,100.0
aut,Austria,2005,56453.61958,100.0,10.941174687628491,100.0
aut,Austria,2006,58131.01608,100.0,10.970454639985261,100.0
aut,Austria,2007,60240.1574,100.0,11.006094475352167,100.0
aut,Austria,2008,61035.70774,100.0,11.019214344678517,100.0
aut,Austria,2009,58788.94457,100.0,10.981709098692201,100.0
aut,Austria,2010,59803.37263,100.0,10.998817336843372,100.0
aut,Austria,2011,61346.95947,100.0,11.024300888519702,100.0
aut,Austria,2012,61451.5491,100.0,11.026004323789536,100.0
aut,Austria,2013,60937.25691,100.0,11.017600038563016,100.0
aut,Austria,2014,60919.84071,100.0,11.017314192265037,100.0
aut,Austria,2015,61025.99945,100.0,11.019055272841099,100.0
aut,Austria,2016,61647.77947,100.0,11.029192489614537,100.0
aut,Austria,2017,62612.13993,100.0,11.04471446688072,100.0
aut,Austria,2018,63855.78168,100.0,11.06438240834005,100.0
aut,Austria,2019,64688.14382,100.0,11.077333215165243,100.0
aut,Austria,2020,60349.90228,100.0,11.007914607303157,100.0
aut,Austria,2021,62968.94223,100.0,11.050396903342653,100.0
aut,Austria,2022,65661.45219,100.0,11.0922673076249,100.0
aze,Azerbaijan,2000,5652.91901,75.56276,8.639927329666593,
aze,Azerbaijan,2001,6148.07154,76.47357,8.723893740895274,75.56276
aze,Azerbaijan,2002,6679.78178,77.38592,8.806840598332421,76.47357
aze,Azerbaijan,2003,7318.7397,78.30042,8.898193420000887,77.38592
aze,Azerbaijan,2004,7940.9474,79.21664,8.979787867022372,78.30042
aze,Azerbaijan,2005,10056.51613,80.13421,9.215976074529742,79.21664
aze,Azerbaijan,2006,13382.80963,81.05339,9.501726298932443,80.13421
aze,Azerbaijan,2007,16603.11847,81.97438,9.717345816339776,81.05339
aze,Azerbaijan,2008,17986.23868,82.89654,9.797362226707772,81.97438
aze,Azerbaijan,2009,19260.39807,83.82009,9.865806353362832,82.89654
aze,Azerbaijan,2010,19925.3901,84.74875,9.899750081885832,83.82009
aze,Azerbaijan,2011,19358.07779,85.68163,9.870865068194606,84.74875
aze,Azerbaijan,2012,19523.37371,86.6181,9.879367678537193,85.68163
aze,Azerbaijan,2013,20398.64619,87.55772,9.923223814394877,86.6181
aze,Azerbaijan,2014,20709.20162,88.49958,9.938333403187826,87.55772
aze,Azerbaijan,2015,20678.75396,89.44304,9.936862073422144,88.49958
aze,Azerbaijan,2016,19822.41059,90.3874,9.894568424605419,89.44304
aze,Azerbaijan,2017,19659.00485,91.33198,9.886290774413919,90.3874
aze,Azerbaijan,2018,19781.85091,92.27607,9.892520175621906,91.33198
aze,Azerbaijan,2019,20101.4919,93.21883,9.908549315173309,92.27607
aze,Azerbaijan,2020,19126.09685,94.1597,9.858809008684181,93.21883
aze,Azerbaijan,2021,20111.3757,95.09774,9.90904088917879,94.1597
aze,Azerbaijan,2022,21051.24424,96.00357,9.95471494615227,95.09774
bdi,Burundi,2000,988.06467,49.905,6.89574815107134,
bdi,Burundi,2001,982.29729,50.60764,6.889894001845704,49.905
bdi,Burundi,2002,996.91237,51.31359,6.904662872417919,50.60764
bdi,Burundi,2003,954.10637,52.02244,6.860775164184522,51.31359
bdi,Burundi,2004,963.73197,52.73415,6.870813216531333,52.02244
bdi,Burundi,2005,937.35638,53.44864,6.843063551442397,52.73415
bdi,Burundi,2006,953.30578,54.16619,6.859935712630213,53.44864
bdi,Burundi,2007,950.63619,54.88641,6.857131434147433,54.16619
bdi,Burundi,2008,956.92423,55.6099,6.86372421381483,54.88641
bdi,Burundi,2009,944.66136,56.33558,6.850826514064973,55.6099
bdi,Burundi,2010,947.62142,57.06472,6.853955076503615,56.33558
bdi,Burundi,2011,951.18846,57.79689,6.857712213259244,57.06472
bdi,Burundi,2012,958.6574,58.53169,6.86553376392305,57.79689
bdi,Burundi,2013,970.37539,59.27002,6.8776829966322435,58.53169
bdi,Burundi,2014,977.76584,60.0108,6.885270213964638,59.27002
bdi,Burundi,2015,918.55719,60.7546,6.822804167278608,60.0108
bdi,Burundi,2016,897.45905,61.50132,6.799567492580556,60.7546
bdi,Burundi,2017,880.99344,62.25085,6.781050179824462,61.50132
bdi,Burundi,2018,868.55551,63.00311,6.766831498434321,62.25085
bdi,Burundi,2019,855.73272,63.75799,6.751958084393095,63.00311
bdi,Burundi,2020,833.92026,64.40287,6.726137786276883,63.75799
bdi,Burundi,2021,836.66557,65.0493,6.729424432699889,64.40287
bdi,Burundi,2022,829.38716,65.69756,6.720687066621794,65.0493
bel,Belgium,2000,49661.30813,100.0,10.812981400438941,
bel,Belgium,2001,50107.04562,100.0,10.821916908323049,100.0
bel,Belgium,2002,50830.50141,100.0,10.836251874842423,100.0
bel,Belgium,2003,51220.07901,100.0,10.843886902313827,100.0
bel,Belgium,2004,52915.96859,100.0,10.876460435999814,100.0
bel,Belgium,2005,53931.0984,100.0,10.895462555266457,100.0
bel,Belgium,2006,55036.00936,100.0,10.915742965618191,100.0
bel,Belgium,2007,56730.34608,100.0,10.946064550777944,100.0
bel,Belgium,2008,56634.78441,100.0,10.944378640970907,100.0
bel,Belgium,2009,55194.46025,100.0,10.918617869439151,100.0
bel,Belgium,2010,56265.01535,100.0,10.937828224000198,100.0
bel,Belgium,2011,56610.26701,100.0,10.943945643677417,100.0
bel,Belgium,2012,56381.68884,100.0,10.939899718813301,100.0
bel,Belgium,2013,56287.99766,100.0,10.938236605965368,100.0
bel,Belgium,2014,57028.05797,100.0,10.951298670791537,100.0
bel,Belgium,2015,57534.39661,100.0,10.960138249847043,100.0
bel,Belgium,2016,57927.04288,100.0,10.966939616352404,100.0
bel,Belgium,2017,58555.15248,100.0,10.977724366520324,100.0
bel,Belgium,2018,59383.87733,100.0,10.991778043087315,100.0
bel,Belgium,2019,60506.65977,100.0,11.010508716803677,100.0
bel,Belgium,2020,57358.83703,100.0,10.957082200137698,100.0
bel,Belgium,2021,60669.21377,100.0,11.013191661729248,100.0
bel,Belgium,2022,62744.203,100.0,11.046821470256388,100.0
ben,Benin,2000,2538.05058,61.05343,7.839151577153766,
ben,Benin,2001,2588.96065,61.41105,7.859011780717531,61.05343
ben,Benin,2002,2624.71693,61.78269,7.872728333020508,61.41105
ben,Benin,2003,2631.44771,62.17777,7.875289433800283,61.78269
ben,Benin,2004,2663.81673,62.56948,7.887515234248747,62.17777
ben,Benin,2005,2623.1785,62.9573,7.87214202940048,62.56948
ben,Benin,2006,2643.19254,63.34142,7.879742760986114,62.9573
ben,Benin,2007,2720.93466,63.722,7.908730725264494,63.34142
ben,Benin,2008,2771.27796,64.09877,7.927063850189502,63.722
ben,Benin,2009,2754.5594,64.47128,7.9210127813925455,64.09877
ben,Benin,2010,2733.574,64.83989,7.9133651894886565,64.47128
ben,Benin,2011,2732.0125,65.20457,7.912793796082849,64.83989
ben,Benin,2012,2779.72648,65.56525,7.93010781335501,65.20457
ben,Benin,2013,2893.0467,65.92152,7.970065447258568,65.56525
ben,Benin,2014,2987.38236,66.2746,8.002152818058597,65.92152
ben,Benin,2015,2952.00218,66.62403,7.990238924202475,66.2746
ben,Benin,2016,2962.66382,66.96971,7.99384408180481,66.62403
ben,Benin,2017,3041.7793,67.31153,8.02019791923397,66.96971
ben,Benin,2018,3155.45107,67.64941,8.056886734645158,67.31153
ben,Benin,2019,3281.1047,67.98325,8.0959354434547,67.64941
ben,Benin,2020,3317.85972,68.31295,8.107075191375618,67.98325
ben,Benin,2021,3464.28863,68.63812,8.150262588959446,68.31295
ben,Benin,2022,3588.3252,68.95898,8.185440854523048,68.63812
bfa,Burkina Faso,2000,1464.85074,55.63909,7.2895086323016,
bfa,Burkina Faso,2001,1505.71542,55.8329,7.317023426360439,55.63909
bfa,Burkina Faso,2002,1514.50187,55.61143,7.322841865197464,55.8329
bfa,Burkina Faso,2003,1575.74865,55.39031,7.362485771657965,55.61143
bfa,Burkina Faso,2004,1590.67361,55.17129,7.371912859586272,55.39031
bfa,Burkina Faso,2005,1670.88941,54.95405,7.421111344478284,55.17129
bfa,Burkina Faso,2006,1717.69219,54.74041,7.4487369188549755,54.95405
bfa,Burkina Faso,2007,1732.62043,54.47751,7.457390240913705,54.74041
bfa,Burkina Faso,2008,1778.65964,54.17093,7.483615348394809,54.47751
bfa,Burkina Faso,2009,1778.44245,53.86076,7.483493232135689,54.17093
bfa,Burkina Faso,2010,1873.97146,53.54818,7.535815233226688,53.86076
bfa,Burkina Faso,2011,1939.8666,53.23372,7.5703744868065,53.54818
bfa,Burkina Faso,2012,2003.66461,52.91757,7.60273308791902,53.23372
bfa,Burkina Faso,2013,2057.06393,52.60027,7.629034968411622,52.91757
bfa,Burkina Faso,2014,2083.19845,52.28273,7.641659707966355,52.60027
bfa,Burkina Faso,2015,2101.70266,51.96513,7.650503085674665,52.28273
bfa,Burkina Faso,2016,2162.72579,51.64806,7.679124644916221,51.96513
bfa,Burkina Faso,2017,2232.28782,51.33083,7.71078226680056,51.64806
bfa,Burkina Faso,2018,2316.39432,51.01436,7.747767083267814,51.33083
bfa,Burkina Faso,2019,2391.53627,50.69962,7.7796912292190195,51.01436
bfa,Burkina Faso,2020,2380.93172,50.38626,7.7752471690492095,50.69962
bfa,Burkina Faso,2021,2486.43093,50.07527,7.818603599767771,50.38626
bfa,Burkina Faso,2022,2466.05331,49.76626,7.81037430149549,50.07527
bgd,Bangladesh,2000,2594.17073,94.55666,7.861022179981152,
bgd,Bangladesh,2001,2696.53287,94.7287,7.899722104578751,94.55666
bgd,Bangladesh,2002,2775.91996,94.90527,7.928737488357995,94.7287
bgd,Bangladesh,2003,2883.41361,95.08058,7.966730152488742,94.90527
bgd,Bangladesh,2004,3009.80039,95.25455,8.009629039929326,95.08058
bgd,Bangladesh,2005,3179.34961,95.46159,8.064431929698868,95.25455
bgd,Bangladesh,2006,3365.82922,95.66656,8.121429636684038,95.46159
bgd,Bangladesh,2007,3576.82402,95.86936,8.18223054039711,95.66656
bgd,Bangladesh,2008,3766.29471,96.06989,8.233846961598742,95.86936
bgd,Bangladesh,2009,3931.6318,96.26805,8.276809834969868,96.06989
bgd,Bangladesh,2010,4125.4639,96.46384,8.324933753051623,96.26805
bgd,Bangladesh,2011,4352.42643,96.65714,8.378488768570136,96.46384
bgd,Bangladesh,2012,4592.04841,96.84777,8.43208148019122,96.65714
bgd,Bangladesh,2013,4822.72621,97.03565,8.481094650885582,96.84777
bgd,Bangladesh,2014,5068.63966,97.2208,8.530827748946141,97.03565
bgd,Bangladesh,2015,5352.71133,97.40314,8.585358502169246,97.2208
bgd,Bangladesh,2016,5682.53553,97.5827,8.645152808236848,97.40314
bgd,Bangladesh,2017,6005.70719,97.75943,8.70046549444106,97.5827
bgd,Bangladesh,2018,6392.59334,97.93332,8.762895308544858,97.75943
bgd,Bangladesh,2019,6838.32612,98.10436,8.830298261369697,97.93332
bgd,Bangladesh,2020,7015.19793,98.27257,8.855834207391547,98.10436
bgd,Bangladesh,2021,7441.06914,98.43794,8.914769819115953,98.27257
bgd,Bangladesh,2022,7888.16389,98.5793,8.973118673196447,98.43794
bgr,Bulgaria,2000,12360.28586,99.73772,9.422243858575953,
bgr,Bulgaria,2001,13097.34284,99.70793,9.480164651973888,99.73772
bgr,Bulgaria,2002,14180.77345,99.67888,9.559642343732579,99.70793
bgr,Bulgaria,2003,15074.91577,99.65042,9.620787434183425,99.67888
bgr,Bulgaria,2004,16211.61121,99.62257,9.693483005842081,99.65042
bgr,Bulgaria,2005,17522.70718,99.59529,9.77125287195988,99.62257
bgr,Bulgaria,2006,18893.69888,99.56858,9.846583752867476,99.59529
bgr,Bulgaria,2007,20341.2392,99.54246,9.92040559203386,99.56858
bgr,Bulgaria,2008,21773.76281,99.5169,9.988460983114594,99.54246
bgr,Bulgaria,2009,21212.03036,99.49189,9.962323769521317,99.5169
bgr,Bulgaria,2010,21715.87944,99.46744,9.985799043342958,99.49189
bgr,Bulgaria,2011,22312.39518,99.44354,10.012897640695835,99.46744
bgr,Bulgaria,2012,22610.05728,99.42022,10.02615009866111,99.44354
bgr,Bulgaria,2013,22945.5138,99.39748,10.040877719256365,99.42022
bgr,Bulgaria,2014,23446.40631,99.37531,10.06247251309008,99.39748
bgr,Bulgaria,2015,24553.14368,99.35373,10.108595177163185,99.37531
bgr,Bulgaria,2016,25626.82372,99.33272,10.151394883469251,99.35373
bgr,Bulgaria,2017,26681.42883,99.31231,10.191723052943404,99.33272
bgr,Bulgaria,2018,27739.50195,99.29245,10.230612739489908,99.31231
bgr,Bulgaria,2019,29199.83359,99.27317,10.281918289267532,99.29245
bgr,Bulgaria,2020,28545.70853,99.25446,10.259261889600207,99.27317
bgr,Bulgaria,2021,30971.91319,99.23632,10.340836046648496,99.25446
bgr,Bulgaria,2022,32433.14955,99.21874,10.386936312994557,99.23632
bhr,Bahrain,2000,50712.61814,99.95867,10.833930037115143,
bhr,Bahrain,2001,51285.60742,99.95673,10.845165434680341,99.95867
bhr,Bahrain,2002,50570.68669,99.95479,10.831127372981241,99.95673
bhr,Bahrain,2003,51033.55385,99.95285,10.840238614000334,99.95479
bhr,Bahrain,2004,51564.13976,99.95091,10.850581743977443,99.95285
bhr,Bahrain,2005,51742.52452,99.94897,10.854035246973366,99.95091
bhr,Bahrain,2006,51544.47812,99.94704,10.850200366733862,99.94897
bhr,Bahrain,2007,52029.9827,99.9451,10.859575421783813,99.94704
bhr,Bahrain,2008,52382.05924,99.94316,10.866319430767374,99.9451
bhr,Bahrain,2009,50536.55832,99.94122,10.830452280483314,99.94316
bhr,Bahrain,2010,50704.84797,99.93928,10.833776805717966,99.94122
bhr,Bahrain,2011,53132.32842,99.93734,10.880540843442354,99.93928
bhr,Bahrain,2012,54516.84066,99.93541,10.90626493585554,99.93734
bhr,Bahrain,2013,55376.40051,99.93347,10.92190879840459,99.93541
bhr,Bahrain,2014,55065.81895,99.93153,10.916284456911951,99.93347
bhr,Bahrain,2015,54149.91315,99.92959,10.899511648549733,99.93153
bhr,Bahrain,2016,54107.07522,99.92765,10.898720236690215,99.92959
bhr,Bahrain,2017,53859.77496,99.92571,10.89413918811698,99.92765
bhr,Bahrain,2018,54893.07244,99.92378,10.913142434471865,99.92571
bhr,Bahrain,2019,56749.96284,99.92184,10.946410280541672,99.92378
bhr,Bahrain,2020,53814.24526,99.9199,10.893293492885752,99.92184
bhr,Bahrain,2021,54954.67579,99.9199,10.914264047931418,99.9199
bhr,Bahrain,2022,57572.99798,99.9199,10.960808951700466,99.9199
bhs,Bahamas,2000,35809.90008,98.07059,10.485979672706542,
bhs,Bahamas,2001,36163.258,98.1289,10.495798910004913,98.07059
bhs,Bahamas,2002,36572.30382,98.18722,10.507046506698131,98.1289
bhs,Bahamas,2003,35540.32688,98.24553,10.478423299190261,98.18722
bhs,Bahamas,2004,35281.75243,98.30384,10.471121180939265,98.24553
bhs,Bahamas,2005,35913.06617,98.36215,10.488856468426066,98.30384
bhs,Bahamas,2006,36219.61497,98.42046,10.49735610106616,98.36215
bhs,Bahamas,2007,36111.97019,98.47877,10.494379673569604,98.42046
bhs,Bahamas,2008,34695.01929,98.53708,10.45435141932139,98.47877
bhs,Bahamas,2009,32721.33578,98.59539,10.395782614455511,98.53708
bhs,Bahamas,2010,32711.37709,98.65371,10.39547821961568,98.59539
bhs,Bahamas,2011,32535.5808,98.71202,10.390089563314238,98.65371
bhs,Bahamas,2012,33667.49761,98.77033,10.424288188335852,98.71202
bhs,Bahamas,2013,32402.83497,98.82864,10.386001197026674,98.77033
bhs,Bahamas,2014,32712.66137,98.88695,10.395517479802924,98.82864
bhs,Bahamas,2015,32777.39561,98.94526,10.397494398561834,98.88695
bhs,Bahamas,2016,32172.22915,98.94526,10.378858910651832,98.94526
bhs,Bahamas,2017,33049.8728,98.94526,10.405772996558357,98.94526
bhs,Bahamas,2018,33650.23692,98.94526,10.423775375761313,98.94526
bhs,Bahamas,2019,33202.35458,98.94526,10.410376073474136,98.94526
bih,Bosnia and Herzegovina,2000,8042.28229,97.40483,8.992468188805844,
bih,Bosnia and Herzegovina,2001,8163.04151,97.3195,9.007372112578693,97.40483
bih,Bosnia and Herzegovina,2002,8523.8492,97.23201,9.05062330183724,97.3195
bih,Bosnia and Herzegovina,2003,8835.83828,97.1423,9.08657126197324,97.23201
bih,Bosnia and Herzegovina,2004,9435.22034,97.0504,9.15220481100108,97.1423
bih,Bosnia and Herzegovina,2005,9876.18345,96.95627,9.197881425626694,97.0504
bih,Bosnia and Herzegovina,2006,10471.38047,96.85992,9.256401145220885,96.95627
bih,Bosnia and Herzegovina,2007,11199.55834,96.76135,9.323629622577077,96.85992
bih,Bosnia and Herzegovina,2008,11988.35044,96.66055,9.39169066057519,96.76135
bih,Bosnia and Herzegovina,2009,11825.86114,96.55753,9.378044034387266,96.66055
bih,Bosnia and Herzegovina,2010,12138.82997,96.45228,9.40416468187986,96.55753
bih,Bosnia and Herzegovina,2011,12483.50279,96.3448,9.432163274817965,96.45228
bih,Bosnia and Herzegovina,2012,12622.73391,96.23507,9.443254745755667,96.3448
bih,Bosnia and Herzegovina,2013,13131.3559,96.12312,9.482758229291871,96.23507
bih,Bosnia and Herzegovina,2014,13454.3841,96.00892,9.507060287308402,96.12312
bih,Bosnia and Herzegovina,2015,14219.54278,96.06944,9.5623725495351,96.00892
bih,Bosnia and Herzegovina,2016,14873.0683,96.07241,9.607307359796133,96.06944
bih,Bosnia and Herzegovina,2017,15554.06001,96.1569,9.652076977418977,96.07241
bih,Bosnia and Herzegovina,2018,16348.13346,96.14784,9.701869008340593,96.1569
bih,Bosnia and Herzegovina,2019,17028.64166,96.13847,9.742652008878427,96.14784
bih,Bosnia and Herzegovina,2020,16746.39041,96.12879,9.725938016119754,96.13847
bih,Bosnia and Herzegovina,2021,18285.67112,96.11884,9.813873033218655,96.12879
bih,Bosnia and Herzegovina,2022,19297.07149,96.10862,9.867708627110435,96.11884
blr,Belarus,2000,11318.10471,97.85231,9.334158909294237,
blr,Belarus,2001,11878.88622,97.84886,9.38251783599634,97.85231
blr,Belarus,2002,12526.02397,97.84556,9.435563676703199,97.84886
blr,Belarus,2003,13472.64907,97.84224,9.50841691450799,97.84556
blr,Belarus,2004,15091.04364,97.92124,9.621856710404177,97.84224
blr,Belarus,2005,16600.19864,98.00093,9.7171699405381,97.92124
blr,Belarus,2006,18353.86259,98.08116,9.817595326699522,98.00093
blr,Belarus,2007,20011.91277,98.16161,9.904083013713926,98.08116
blr,Belarus,2008,22124.33048,98.24236,10.004433208627303,98.16161
blr,Belarus,2009,22225.93024,98.32409,10.00901491507424,98.24236
blr,Belarus,2010,24012.6133,98.40673,10.086334525441526,98.32409
blr,Belarus,2011,25404.7566,98.48988,10.142691703190753,98.40673
blr,Belarus,2012,25879.13194,98.57378,10.161192206321234,98.48988
blr,Belarus,2013,26147.62536,98.65837,10.171513656956733,98.57378
blr,Belarus,2014,26564.43472,98.74354,10.18732855953197,98.65837
blr,Belarus,2015,25513.21329,98.82923,10.14695176517901,98.74354
blr,Belarus,2016,24846.83015,98.91525,10.120485464032251,98.82923
blr,Belarus,2017,25503.98099,99.00151,10.146589836216389,98.91525
blr,Belarus,2018,26363.46298,99.08804,10.17973435252197,99.00151
blr,Belarus,2019,26798.82064,99.17501,10.196113159560507,99.08804
blr,Belarus,2020,26731.49538,99.26235,10.193597751451442,99.17501
blr,Belarus,2021,27611.18011,99.39322,10.225976046133201,99.26235
blr,Belarus,2022,26537.50831,99.85841,10.186314419153243,99.39322
blz,Belize,2000,11031.56911,89.4208,9.308516360516004,
blz,Belize,2001,11261.79789,89.66722,9.329171559462798,89.4208
blz,Belize,2002,11548.02347,89.91358,9.35426957316732,89.66722
blz,Belize,2003,12326.98025,90.15989,9.419545655376147,89.91358
blz,Belize,2004,12578.82112,90.40614,9.439769815211486,90.15989
blz,Belize,2005,12529.80251,90.65232,9.435865286393197,90.40614
blz,Belize,2006,12761.70199,90.89846,9.454203932800057,90.65232
blz,Belize,2007,12847.1043,91.14454,9.460873718625571,90.89846
blz,Belize,2008,12342.61143,91.39055,9.420812898247014,91.14454
blz,Belize,2009,11999.14883,91.63651,9.392590995421093,91.39055
blz,Belize,2010,11868.43824,91.88016,9.381637906917026,91.63651
blz,Belize,2011,11584.28516,92.12487,9.357404731035219,91.88016
blz,Belize,2012,11761.56391,92.37076,9.372592198155042,92.12487
blz,Belize,2013,12026.0711,92.61788,9.394832163772291,92.37076
blz,Belize,2014,12249.22142,92.86621,9.413217656401986,92.61788
blz,Belize,2015,12339.48074,93.11588,9.420559217157484,92.86621
blz,Belize,2016,12062.79817,93.36693,9.397881464098214,93.11588
blz,Belize,2017,11574.45245,93.61935,9.356555573299904,93.36693
blz,Belize,2018,11486.80294,93.87317,9.348954084953421,93.61935
blz,Belize,2019,11803.088,94.13162,9.37611647113287,93.87317
blz,Belize,2020,10032.5445,94.39188,9.213589537715585,94.13162
blz,Belize,2021,11677.46101,94.61482,9.365415853471095,94.39188
blz,Belize,2022,12569.81794,94.72204,9.439053817788075,94.61482
bol,Bolivia,2000,6060.87479,81.2239,8.70960942343069,
bol,Bolivia,2001,6066.93577,81.83862,8.710608941105312,81.2239
bol,Bolivia,2002,6122.5081,82.43119,8.719727111814423,81.83862
bol,Bolivia,2003,6192.03689,83.01306,8.731019372939155,82.43119
bol,Bolivia,2004,6351.81087,83.58796,8.756495227609635,83.01306
bol,Bolivia,2005,6531.13931,84.15524,8.78433668025241,83.58796
bol,Bolivia,2006,6738.86198,84.71596,8.815646343952984,84.15524
bol,Bolivia,2007,6937.27474,85.26917,8.84466428761762,84.71596
bol,Bolivia,2008,7251.28026,85.81588,8.888933319845174,85.26917
bol,Bolivia,2009,7381.66073,86.35518,8.906753923444114,85.81588
bol,Bolivia,2010,7571.67809,86.88744,8.932169998218951,86.35518
bol,Bolivia,2011,7837.49319,87.41302,8.966674316041278,86.88744
bol,Bolivia,2012,8108.20519,87.93166,9.000631814355765,87.41302
bol,Bolivia,2013,8524.03213,88.42817,9.050644762568513,87.93166
bol,Bolivia,2014,8851.71163,88.90956,9.088366123821507,88.42817
bol,Bolivia,2015,9141.92841,89.38568,9.120626627970632,88.90956
bol,Bolivia,2016,9390.79064,89.85683,9.147484768870662,89.38568
bol,Bolivia,2017,9642.81396,90.32252,9.173968249573058,89.85683
bol,Bolivia,2018,9907.06257,90.78428,9.201003172689434,90.32252
bol,Bolivia,2019,9985.23049,91.22905,9.20886232920893,90.78428
bol,Bolivia,2020,9000.97565,91.66951,9.105088255998455,91.22905
bol,Bolivia,2021,9454.19815,92.10561,9.154214170515809,91.66951
bol,Bolivia,2022,9681.70743,92.53752,9.17799355211289,92.10561
bra,Brazil,2000,13877.23439,93.54167,9.538004962766667,
bra,Brazil,2001,13920.8243,93.87118,9.54114114908918,93.54167
bra,Brazil,2002,14197.89149,94.18643,9.560848745944405,93.87118
bra,Brazil,2003,14215.68904,94.49491,9.562101495650397,94.18643
bra,Brazil,2004,14886.34538,94.79651,9.608199654316696,94.49491
bra,Brazil,2005,15212.23538,95.09138,9.629855342238985,94.79651
bra,Brazil,2006,15660.71617,95.37982,9.658910700938433,95.09138
bra,Brazil,2007,16451.32711,95.66196,9.708161428319373,95.37982
bra,Brazil,2008,17126.52233,95.93789,9.748383554361965,95.66196
bra,Brazil,2009,16948.73547,96.20741,9.737948506485791,95.93789
bra,Brazil,2010,18062.15811,96.47098,9.801574316509559,96.20741
bra,Brazil,2011,18627.81045,96.73003,9.832410928508303,96.47098
bra,Brazil,2012,18832.21955,96.98319,9.843324487779594,96.73003
bra,Brazil,2013,19241.50598,97.23031,9.86482499454527,96.98319
bra,Brazil,2014,19183.17274,97.47191,9.861788753943838,97.23031
bra,Brazil,2015,18357.06906,97.70785,9.817770014176197,97.47191
bra,Brazil,2016,17620.92724,97.92176,9.77684252239614,97.70785
bra,Brazil,2017,17724.47996,98.19788,9.782702011618722,97.92176
bra,Brazil,2018,17917.74921,98.55801,9.79354707651978,98.19788
bra,Brazil,2019,18018.62092,98.77313,9.799160997712077,98.55801
bra,Brazil,2020,17327.51572,99.07207,9.760051021020123,98.77313
bra,Brazil,2021,18075.706,99.42726,9.802324105738576,99.07207
bra,Brazil,2022,18554.04618,99.61494,9.82844316716129,99.42726
brb,Barbados,2000,18548.02361,98.06857,9.828118518424063,
brb,Barbados,2001,18080.68091,98.11614,9.802599294188338,98.06857
brb,Barbados,2002,18119.64226,98.1637,9.804751836576472,98.11614
brb,Barbados,2003,18418.65422,98.21127,9.821119246336753,98.1637
brb,Barbados,2004,18595.68699,98.25884,9.83068495055438,98.21127
brb,Barbados,2005,19260.31628,98.30641,9.865802106816453,98.25884
brb,Barbados,2006,20363.39007,98.35398,9.921493963188878,98.30641
brb,Barbados,2007,20728.77509,98.40154,9.939278114923765,98.35398
brb,Barbados,2008,20801.28824,98.44911,9.942770198386924,98.40154
brb,Barbados,2009,19713.49606,98.49668,9.889058759354272,98.44911
brb,Barbados,2010,19253.40887,98.54425,9.865443408194226,98.49668
brb,Barbados,2011,19050.56737,98.59182,9.854852163313437,98.54425
brb,Barbados,2012,18936.08881,98.63939,9.848824841191272,98.59182
brb,Barbados,2013,18695.68329,98.68695,9.836047936088047,98.63939
brb,Barbados,2014,18665.17698,98.73452,9.834414873221759,98.68695
brb,Barbados,2015,18464.66309,98.78209,9.823614081249639,98.73452
brb,Barbados,2016,18754.66514,98.82966,9.83919780791778,98.78209
brb,Barbados,2017,18740.34883,98.87723,9.838434169813407,98.82966
brb,Barbados,2018,18484.69764,98.92479,9.8246985141907,98.87723
brb,Barbados,2019,18572.50954,98.97236,9.829437784688503,98.92479
brb,Barbados,2020,15749.03802,99.01993,9.664534564293199,98.97236
brb,Barbados,2021,15683.88471,99.0675,9.660389012581838,99.01993
brb,Barbados,2022,18469.57659,99.11507,9.823880148729115,99.0675
brn,Brunei,2000,101598.6423,99.56102,11.528785450848254,
brn,Brunei,2001,100990.246,99.58358,11.522779216902377,99.56102
brn,Brunei,2002,102751.4651,99.60614,11.540068391137602,99.58358
brn,Brunei,2003,104211.3871,99.62869,11.55417668352067,99.60614
brn,Brunei,2004,102368.0208,99.65125,11.53632964593772,99.62869
brn,Brunei,2005,100544.8503,99.67381,11.518359178573485,99.65125
brn,Brunei,2006,102890.0897,99.69636,11.541416607174316,99.67381
brn,Brunei,2007,97391.78044,99.71892,11.486497096336553,99.69636
brn,Brunei,2008,91747.44947,99.74148,11.426794966838328,99.71892
brn,Brunei,2009,88113.30075,99.76403,11.38637877385471,99.74148
brn,Brunei,2010,88586.51319,99.78659,11.391734903674502,99.76403
brn,Brunei,2011,90279.66334,99.80915,11.410667501859388,99.78659
brn,Brunei,2012,89718.46366,99.8317,11.404431864769297,99.80915
brn,Brunei,2013,86606.65172,99.85426,11.369131901300582,99.8317
brn,Brunei,2014,83310.61506,99.87682,11.330331251728882,99.85426
brn,Brunei,2015,81910.1884,99.89937,11.313378662592463,99.87682
brn,Brunei,2016,78880.62291,99.90002,11.275690886177385,99.89937
brn,Brunei,2017,78966.8643,99.90004,11.276783604219409,99.90002
brn,Brunei,2018,78099.05077,99.90007,11.265733181720625,99.90004
brn,Brunei,2019,80228.15966,99.90009,11.292629850182234,99.90007
brn,Brunei,2020,80280.89795,100.0,11.293286988074426,99.90009
brn,Brunei,2021,78248.79711,100.0,11.267648735888077,100.0
brn,Brunei,2022,76357.8291,100.0,11.243185847629368,100.0
btn,Bhutan,2000,5180.90553,83.75012,8.552735132716874,
btn,Bhutan,2001,5451.89782,84.65358,8.603719050894647,83.75012
btn,Bhutan,2002,5904.19659,85.61518,8.683418663490178,84.65358
btn,Bhutan,2003,6243.53003,86.56286,8.739301011345827,85.61518
btn,Bhutan,2004,6452.59428,87.49598,8.772237542876958,86.56286
btn,Bhutan,2005,6795.21887,88.40843,8.823974536515358,87.49598
btn,Bhutan,2006,7099.1339,89.26131,8.867728069673026,88.40843
btn,Bhutan,2007,8164.68035,90.10327,9.007572855832352,89.26131
btn,Bhutan,2008,8449.9188,90.93403,9.041912110837593,90.10327
btn,Bhutan,2009,9007.33496,91.75305,9.105794519945368,90.93403
btn,Bhutan,2010,9985.28456,92.56029,9.208867744191956,91.75305
btn,Bhutan,2011,10714.68657,93.35547,9.279370655963278,92.56029
btn,Bhutan,2012,11143.94454,94.1375,9.318651538778198,93.35547
btn,Bhutan,2013,11212.47943,94.90641,9.324782671805725,94.1375
btn,Bhutan,2014,11744.51891,95.66236,9.371141934993966,94.90641
btn,Bhutan,2015,12400.29832,96.40554,9.425475809368253,95.66236
btn,Bhutan,2016,13320.9759,97.13614,9.49709520717634,96.40554
btn,Bhutan,2017,13482.34253,97.85439,9.509136147558529,97.13614
btn,Bhutan,2018,13854.8544,98.42662,9.536390948400287,97.85439
btn,Bhutan,2019,14555.1884,98.96338,9.585702800101448,98.42662
btn,Bhutan,2020,12979.93695,99.07752,9.471160132773248,98.96338
btn,Bhutan,2021,13458.81267,99.19335,9.50738938756935,99.07752
btn,Bhutan,2022,14061.31203,99.31081,9.551182477511654,99.19335
bwa,Botswana,2000,12805.35493,75.45957,9.457618716328362,
bwa,Botswana,2001,12650.07463,75.75495,9.445418393743006,75.45957
bwa,Botswana,2002,13235.91825,75.91391,9.490689492685167,75.75495
bwa,Botswana,2003,13667.95523,76.05198,9.522809337695724,75.91391
bwa,Botswana,2004,13847.1077,76.18888,9.535831659482486,76.05198
bwa,Botswana,2005,14266.72898,76.32341,9.565685460649249,76.18888
bwa,Botswana,2006,15214.66543,77.37937,9.630015072605238,76.32341
bwa,Botswana,2007,15834.79471,78.81764,9.669964994569158,77.37937
bwa,Botswana,2008,16054.36712,80.20836,9.683736186251162,78.81764
bwa,Botswana,2009,13514.87906,81.5482,9.511546510094853,80.20836
bwa,Botswana,2010,14545.01981,82.83969,9.585003932908437,81.5482
bwa,Botswana,2011,15236.71888,84.08224,9.631463509473074,82.83969
bwa,Botswana,2012,14957.61891,85.11982,9.612976075090518,84.08224
bwa,Botswana,2013,16369.42529,86.10353,9.703170562235153,85.11982
bwa,Botswana,2014,17052.1924,87.06201,9.74403406095539,86.10353
bwa,Botswana,2015,15994.9643,87.99527,9.680029220433644,87.06201
bwa,Botswana,2016,16905.58874,88.90367,9.735399540918289,87.99527
bwa,Botswana,2017,17352.89584,89.78708,9.761514678652158,88.90367
bwa,Botswana,2018,17825.01857,90.64382,9.788358287077186,89.78708
bwa,Botswana,2019,18106.01054,91.47495,9.803999236162687,90.64382
bwa,Botswana,2020,16289.39136,91.54614,9.69826933809882,91.47495
bwa,Botswana,2021,17960.62544,91.61103,9.7959371653033,91.54614
bwa,Botswana,2022,18647.37346,91.6703,9.833460581910062,91.61103
caf,Central African Republic,2000,1251.66767,59.01049,7.132232077127673,
caf,Central African Republic,2001,1272.83459,57.82858,7.149001652958519,59.01049
caf,Central African Republic,2002,1284.59771,56.65333,7.158200882166024,57.82858
caf,Central African Republic,2003,1185.51422,55.48438,7.0779319003723655,56.65333
caf,Central African Republic,2004,1227.64332,54.3217,7.112851610490508,55.48438
caf,Central African Republic,2005,1214.27096,53.17255,7.10189914276104,54.3217
caf,Central African Republic,2006,1247.43849,52.03639,7.128847519796836,53.17255
caf,Central African Republic,2007,1280.71356,50.91299,7.155172670335683,52.03639
caf,Central African Republic,2008,1280.95449,49.80146,7.155360774333554,50.91299
caf,Central African Republic,2009,1399.56732,48.70128,7.243918410692491,49.80146
caf,Central African Republic,2010,1479.41368,47.61218,7.299401126103038,48.70128
caf,Central African Republic,2011,1517.14839,46.53332,7.324587792626622,47.61218
caf,Central African Republic,2012,1577.98053,45.46443,7.363901162926659,46.53332
caf,Central African Republic,2013,996.89636,44.40493,6.904646812702903,45.46443
caf,Central African Republic,2014,1001.85598,43.354,6.909609538779369,44.40493
caf,Central African Republic,2015,1043.92172,42.31135,6.950739784788468,43.354
caf,Central African Republic,2016,1073.94478,41.27664,6.979093858476981,42.31135
caf,Central African Republic,2017,1103.86609,40.24881,7.006573924190317,41.27664
caf,Central African Republic,2018,1125.70092,39.22755,7.026161160629679,40.24881
caf,Central African Republic,2019,1145.09564,38.21227,7.043243440884318,39.22755
caf,Central African Republic,2020,1136.57053,37.2024,7.035770700319946,38.21227
caf,Central African Republic,2021,1128.55238,36.19738,7.028691010776344,37.2024
caf,Central African Republic,2022,1136.80171,36.29504,7.035974081004138,36.19738
can,Canada,2000,48531.94581,99.55481,10.789977536588268,
can,Canada,2001,48907.58879,99.55944,10.797687853401793,99.55481
can,Canada,2002,49832.67542,99.56053,10.81642618078337,99.55944
can,Canada,2003,50273.67479,99.56164,10.825236855069175,99.56053
can,Canada,2004,51339.96742,99.56273,10.84622481983202,99.56164
can,Canada,2005,52476.82097,99.49697,10.868126845754206,99.56273
can,Canada,2006,53301.87205,99.43126,10.883726732426448,99.49697
can,Canada,2007,53848.94902,99.36645,10.893938165588137,99.43126
can,Canada,2008,53774.36923,99.30132,10.892552224267043,99.36645
can,Canada,2009,51584.35178,99.23586,10.850973645399499,99.30132
can,Canada,2010,52558.44081,99.17009,10.869680987764141,99.23586
can,Canada,2011,53681.12967,99.10386,10.89081681594723,99.17009
can,Canada,2012,54034.80348,99.0365,10.897383626828644,99.10386
can,Canada,2013,54712.17842,98.96908,10.909841603848795,99.0365
can,Canada,2014,55723.48354,98.90159,10.928156944604284,98.96908
can,Canada,2015,55660.86753,98.83403,10.927032621196291,98.90159
can,Canada,2016,55606.15492,98.7664,10.926049174111881,98.83403
can,Canada,2017,56612.32854,98.69873,10.943982059200135,98.7664
can,Canada,2018,57337.49091,98.631,10.956709980370425,98.69873
can,Canada,2019,57583.8458,98.56318,10.960997352488052,98.631
can,Canada,2020,54092.87903,98.49524,10.898457830108256,98.56318
can,Canada,2021,56995.11768,98.42717,10.950720888411269,98.49524
can,Canada,2022,58321.06118,98.35893,10.973718562333184,98.42717
che,Switzerland,2000,65911.90228,100.0,11.096074315411489,
che,Switzerland,2001,66819.6546,100.0,11.109752546786343,100.0
che,Switzerland,2002,66551.52824,100.0,11.10573178734622,100.0
che,Switzerland,2003,66274.24755,100.0,11.101556677641248,100.0
che,Switzerland,2004,67806.4892,100.0,11.124413180262945,100.0
che,Switzerland,2005,69407.28865,100.0,11.1477471647555,100.0
che,Switzerland,2006,71913.81445,100.0,11.18322365946791,100.0
che,Switzerland,2007,74172.04891,100.0,11.214142658860311,100.0
che,Switzerland,2008,75340.96646,100.0,11.229779309143579,100.0
che,Switzerland,2009,72723.57395,100.0,11.194420874370872,100.0
che,Switzerland,2010,74290.26196,100.0,11.215735158320816,100.0
che,Switzerland,2011,74800.88864,100.0,11.222585044105903,100.0
che,Switzerland,2012,74883.61589,100.0,11.223690399114865,100.0
che,Switzerland,2013,75354.15505,100.0,11.229954345865425,100.0
che,Switzerland,2014,76189.60184,100.0,11.240980273570738,100.0
che,Switzerland,2015,76566.07725,100.0,11.245909401894991,100.0
che,Switzerland,2016,77301.21243,100.0,11.25546491918731,100.0
che,Switzerland,2017,77626.90274,100.0,11.259669330883836,100.0
che,Switzerland,2018,79261.35636,100.0,11.280505979391343,100.0
che,Switzerland,2019,79596.70295,100.0,11.284727950748502,100.0
che,Switzerland,2020,77324.88709,100.0,11.255771137351752,100.0
che,Switzerland,2021,81001.41112,100.0,11.302221854737397,100.0
che,Switzerland,2022,82777.29358,100.0,11.323909070639242,100.0
chl,Chile,2000,17899.00288,96.33915,9.79250028524933,
chl,Chile,2001,18203.3168,96.50724,9.809359098219117,96.33915
chl,Chile,2002,18507.13745,96.66259,9.825911744769712,96.50724
chl,Chile,2003,19112.96786,96.78,9.8581223292052,96.66259
chl,Chile,2004,20129.54922,96.89689,9.909944124940477,96.78
chl,Chile,2005,21053.24367,97.01269,9.954809920826028,96.89689
chl,Chile,2006,22076.29454,97.12795,10.002259666561345,97.01269
chl,Chile,2007,22953.69623,97.24234,10.041234258294024,97.12795
chl,Chile,2008,23554.10232,97.35617,10.067055280452514,97.24234
chl,Chile,2009,23031.25128,97.46914,10.044607323948409,97.35617
chl,Chile,2010,24116.76947,97.58125,10.090662706132953,97.46914
chl,Chile,2011,25366.26902,97.6928,10.141175579106104,97.58125
chl,Chile,2012,26670.49713,97.80352,10.19131325704733,97.6928
chl,Chile,2013,27291.35765,97.91354,10.214325361457249,97.80352
chl,Chile,2014,27505.04955,98.02287,10.222124886798573,97.91354
chl,Chile,2015,27811.37452,98.13151,10.233200371393169,98.02287
chl,Chile,2016,27958.7285,98.24001,10.238484719634155,98.13151
chl,Chile,2017,27892.99469,98.34838,10.236130849902066,98.24001
chl,Chile,2018,28492.66115,98.45652,10.257401829588249,98.34838
chl,Chile,2019,28218.53439,98.56422,10.247734288905754,98.45652
chl,Chile,2020,26248.56164,98.67139,10.17536647185182,98.56422
chl,Chile,2021,29089.85046,98.77802,10.278144610877892,98.67139
chl,Chile,2022,29569.47755,98.88393,10.294497944445595,98.77802
chn,China,2000,4330.14292,80.59349,8.373355827380225,
chn,China,2001,4616.19699,80.92796,8.437326482753967,80.59349
chn,China,2002,4970.91269,81.86507,8.511358742069977,80.92796
chn,China,2003,5389.66196,82.77916,8.592237945795302,81.86507
chn,China,2004,5859.59286,83.66929,8.675835402341663,82.77916
chn,China,2005,6453.21746,84.53339,8.772334116422742,83.66929
chn,China,2006,7186.97235,85.36178,8.880025270236887,84.53339
chn,China,2007,8108.53713,86.15917,9.000672752294285,85.36178
chn,China,2008,8799.84465,86.93105,9.082489346901383,86.15917
chn,China,2009,9546.11114,87.67566,9.163889140070873,86.93105
chn,China,2010,10476.31236,88.39381,9.256872021907034,87.67566
chn,China,2011,11405.01728,89.07379,9.341808649842285,88.39381
chn,China,2012,12217.85432,89.72248,9.41065362974691,89.07379
chn,China,2013,13080.82882,90.34479,9.47890298844711,89.72248
chn,China,2014,13968.58149,90.94159,9.544565907367511,90.34479
chn,China,2015,14856.78076,91.51259,9.606211656848119,90.94159
chn,China,2016,15772.76476,92.05803,9.666039982282554,91.51259
chn,China,2017,16757.97363,92.57731,9.726629461595195,92.05803
chn,China,2018,17806.79023,93.06866,9.787335137133129,92.57731
chn,China,2019,18820.5131,93.5327,9.842702676317142,93.06866
chn,China,2020,19215.15417,93.97053,9.863454526385961,93.5327
chn,China,2021,20843.29783,94.63297,9.944787728549388,93.97053
chn,China,2022,21499.38228,95.43858,9.975779482540215,94.63297
civ,Cote d'Ivoire,2000,4549.02362,68.79461,8.422667899906491,
civ,Cote d'Ivoire,2001,4385.22538,69.17999,8.385996301433003,68.79461
civ,Cote d'Ivoire,2002,4196.07952,69.56308,8.341905920718881,69.17999
civ,Cote d'Ivoire,2003,3941.89109,69.9435,8.279415859223443,69.56308
civ,Cote d'Ivoire,2004,3987.0524,70.32156,8.29080749000881,69.9435
civ,Cote d'Ivoire,2005,3956.21195,70.69616,8.283042268152712,70.32156
civ,Cote d'Ivoire,2006,3990.13542,71.06799,8.291580449157589,70.69616
civ,Cote d'Ivoire,2007,3960.4846,71.43701,8.284121670498845,71.06799
civ,Cote d'Ivoire,2008,4069.77716,71.80317,8.311343525094951,71.43701
civ,Cote d'Ivoire,2009,4138.37014,72.1658,8.328057303314347,71.80317
civ,Cote d'Ivoire,2010,4338.65248,72.52553,8.37531909040366,72.1658
civ,Cote d'Ivoire,2011,4017.40782,72.88231,8.298392152731136,72.52553
civ,Cote d'Ivoire,2012,4234.18056,73.23581,8.350945096038243,72.88231
civ,Cote d'Ivoire,2013,4597.18635,73.58601,8.433199732291554,73.23581
civ,Cote d'Ivoire,2014,4907.5745,73.93287,8.498535106881032,73.58601
civ,Cote d'Ivoire,2015,5110.86241,74.279,8.539123438038086,73.93287
civ,Cote d'Ivoire,2016,5320.84646,74.62368,8.579387678701748,74.279
civ,Cote d'Ivoire,2017,5556.11366,74.96705,8.622654160828416,74.62368
civ,Cote d'Ivoire,2018,5670.20005,75.30897,8.642979678286345,74.96705
civ,Cote d'Ivoire,2019,5894.87875,75.64902,8.68183924448174,75.30897
civ,Cote d'Ivoire,2020,5787.81533,75.98707,8.66351018157548,75.64902
civ,Cote d'Ivoire,2021,6045.20481,76.32298,8.70702064336825,75.98707
civ,Cote d'Ivoire,2022,6272.26396,76.65663,8.74389264660386,76.32298
cmr,Cameroon,2000,3621.82516,55.82137,8.194733365605135,
cmr,Cameroon,2001,3709.02314,56.66764,8.218523816348533,55.82137
cmr,Cameroon,2002,3796.465,57.49556,8.241825649593277,56.66764
cmr,Cameroon,2003,3916.11892,58.30478,8.272856370911477,57.49556
cmr,Cameroon,2004,4093.34117,59.09587,8.317116827526306,58.30478
cmr,Cameroon,2005,4096.94001,59.86765,8.317995635018386,59.09587
cmr,Cameroon,2006,4160.88698,60.62115,8.333483546874088,59.86765
cmr,Cameroon,2007,4242.1752,61.35653,8.352831435544738,60.62115
cmr,Cameroon,2008,4261.89362,62.07391,8.35746885223443,61.35653
cmr,Cameroon,2009,4268.0423,62.77306,8.358910523337855,62.07391
cmr,Cameroon,2010,4286.58303,63.45451,8.363245198046691,62.77306
cmr,Cameroon,2011,4307.85196,64.11805,8.368194673711823,63.45451
cmr,Cameroon,2012,4382.11121,64.76384,8.38528589865583,64.11805
cmr,Cameroon,2013,4473.57232,65.39169,8.405942545169708,64.76384
cmr,Cameroon,2014,4588.4865,66.00181,8.431305510116786,65.39169
cmr,Cameroon,2015,4698.66678,66.59441,8.455034083628169,66.00181
cmr,Cameroon,2016,4767.13186,67.16967,8.469500115824994,66.59441
cmr,Cameroon,2017,4797.97544,67.72717,8.47594932458704,67.16967
cmr,Cameroon,2018,4851.48004,68.26777,8.487039100265404,67.72717
cmr,Cameroon,2019,4882.3556,68.79108,8.493383087300684,68.26777
cmr,Cameroon,2020,4763.48194,69.29765,8.468734179809742,68.79108
cmr,Cameroon,2021,4793.55628,69.78712,8.475027853347262,69.29765
cmr,Cameroon,2022,4843.65038,70.26006,8.485423926180482,69.78712
cod,"Congo, Dem. Rep.",2000,828.85463,37.54954,6.7200447839082385,
cod,"Congo, Dem. Rep.",2001,794.37406,37.52163,6.677554458622798,37.54954
cod,"Congo, Dem. Rep.",2002,800.59337,37.48461,6.68535316523515,37.52163
cod,"Congo, Dem. Rep.",2003,828.0398,37.43844,6.719061220862899,37.48461
cod,"Congo, Dem. Rep.",2004,864.96169,37.38308,6.76268521693375,37.43844
cod,"Congo, Dem. Rep.",2005,896.68398,37.32047,6.798703492291553,37.38308
cod,"Congo, Dem. Rep.",2006,921.55178,37.25155,6.82605896652417,37.32047
cod,"Congo, Dem. Rep.",2007,955.42186,37.17623,6.862152981163021,37.25155
cod,"Congo, Dem. Rep.",2008,989.53891,37.09343,6.897239087159845,37.17623
cod,"Congo, Dem. Rep.",2009,990.8234,37.00407,6.898536314615288,37.09343
cod,"Congo, Dem. Rep.",2010,1031.25015,36.90708,6.938527083103426,37.00407
cod,"Congo, Dem. Rep.",2011,1066.57951,36.80336,6.972212087406316,36.90708
cod,"Congo, Dem. Rep.",2012,1104.66401,36.69185,7.0072965043668045,36.80336
cod,"Congo, Dem. Rep.",2013,1158.28193,36.57248,7.054693091367678,36.69185
cod,"Congo, Dem. Rep.",2014,1225.70219,36.44566,7.111269175079634,36.57248
cod,"Congo, Dem. Rep.",2015,1267.90549,36.31081,7.145121597519007,36.44566
cod,"Congo, Dem. Rep.",2016,1253.15816,36.16788,7.133422171990212,36.31081
cod,"Congo, Dem. Rep.",2017,1253.18735,36.01631,7.133445464868137,36.16788
cod,"Congo, Dem. Rep.",2018,1282.48228,35.85649,7.15655276018534,36.01631
cod,"Congo, Dem. Rep.",2019,1296.94757,35.68789,7.167768759443857,35.85649
cod,"Congo, Dem. Rep.",2020,1277.63286,35.51045,7.152764316670234,35.68789
cod,"Congo, Dem. Rep.",2021,1313.61822,35.32362,7.180540608882119,35.51045
cod,"Congo, Dem. Rep.",2022,1385.46473,35.12735,7.233790907465116,35.32362
cog,"Congo, Rep.",2000,7242.9104,58.39881,8.887778393554127,
cog,"Congo, Rep.",2001,7294.20583,58.69239,8.894835590054653,58.39881
cog,"Congo, Rep.",2002,7502.37544,59.18422,8.922974974710854,58.69239
cog,"Congo, Rep.",2003,7398.52442,59.67369,8.909035856606197,59.18422
cog,"Congo, Rep.",2004,7436.93638,60.61816,8.914214266142036,59.67369
cog,"Congo, Rep.",2005,7763.52189,61.56096,8.95719136202181,60.61816
cog,"Congo, Rep.",2006,8098.86813,62.50179,8.999479593859364,61.56096
cog,"Congo, Rep.",2007,7334.53258,63.44091,8.900348963938539,62.50179
cog,"Congo, Rep.",2008,7563.11272,64.37912,8.931038119883533,63.44091
cog,"Congo, Rep.",2009,8123.95003,65.31598,9.002571771770477,64.37912
cog,"Congo, Rep.",2010,8583.6618,66.2516,9.057615884652737,65.31598
cog,"Congo, Rep.",2011,8492.42098,67.18444,9.04692939531085,66.2516
cog,"Congo, Rep.",2012,9079.68656,68.11463,9.113794951175727,67.18444
cog,"Congo, Rep.",2013,8798.49382,69.04172,9.082335828999117,68.11463
cog,"Congo, Rep.",2014,9159.25664,69.96481,9.122520301536678,69.04172
cog,"Congo, Rep.",2015,8977.70682,70.88348,9.102499763428861,69.96481
cog,"Congo, Rep.",2016,8001.82552,71.79735,8.987424984630595,70.88348
cog,"Congo, Rep.",2017,7372.77047,72.70603,8.905548826350856,71.79735
cog,"Congo, Rep.",2018,7029.33652,72.90205,8.857847601972413,72.70603
cog,"Congo, Rep.",2019,6939.36913,73.09808,8.844966145910668,72.90205
cog,"Congo, Rep.",2020,6350.50913,73.29368,8.756290266625413,73.09808
cog,"Congo, Rep.",2021,6263.21161,73.48842,8.742448369277003,73.29368
col,Colombia,2000,10888.18673,90.91903,9.295433694257717,
col,Colombia,2001,10894.52373,91.23702,9.296015531875254,90.91903
col,Colombia,2002,10992.22787,91.54972,9.304943744778551,91.23702
col,Colombia,2003,11245.90019,91.85719,9.327758913657151,91.54972
col,Colombia,2004,11665.76625,92.15923,9.364413870253593,91.85719
col,Colombia,2005,12049.36378,92.4559,9.396767139184671,92.15923
col,Colombia,2006,12679.47727,92.74729,9.447740002378046,92.4559
col,Colombia,2007,13353.26412,93.03321,9.499516137313105,92.74729
col,Colombia,2008,13615.83592,93.31401,9.518988800211757,93.03321
col,Colombia,2009,13600.03139,93.58976,9.517827379809715,93.31401
col,Colombia,2010,14037.06427,93.8603,9.549456558137509,93.58976
col,Colombia,2011,14852.36995,94.12571,9.605914724089896,93.8603
col,Colombia,2012,15279.479,94.38632,9.634265965280562,94.12571
col,Colombia,2013,15912.24713,94.64197,9.674844351458955,94.38632
col,Colombia,2014,16480.36315,94.89275,9.70992483902165,94.64197
col,Colombia,2015,16821.38014,95.13898,9.730405983668463,94.89275
col,Colombia,2016,17003.24437,95.38072,9.741159450123824,95.13898
col,Colombia,2017,16986.03342,95.61783,9.740146721840668,95.38072
col,Colombia,2018,17104.13135,95.85043,9.747075312725517,95.61783
col,Colombia,2019,17336.7716,96.07858,9.760585050762868,95.85043
col,Colombia,2020,15861.49993,96.30258,9.671650063857056,96.07858
col,Colombia,2021,17383.09017,96.52231,9.76325318336,96.30258
col,Colombia,2022,18458.72095,96.73804,9.823292218007373,96.52231
com,Comoros,2000,2273.33458,87.33876,7.729003010556345,
com,Comoros,2001,2294.63481,87.52881,7.738328985650043,87.33876
com,Comoros,2002,2314.18283,87.42648,7.746811915004118,87.52881
com,Comoros,2003,2332.14917,87.32269,7.754545511976926,87.42648
com,Comoros,2004,2346.10974,87.2175,7.760513805612994,87.32269
com,Comoros,2005,2377.91779,87.11132,7.773980505585009,87.2175
com,Comoros,2006,2416.55885,87.00425,7.790099844392282,87.11132
com,Comoros,2007,2398.29711,86.89642,7.782514226995171,87.00425
com,Comoros,2008,2454.34737,86.7879,7.8056161678204745,86.89642
com,Comoros,2009,2571.20352,86.67883,7.85212936399289,86.7879
com,Comoros,2010,2652.35554,86.56936,7.883203407176575,86.67883
com,Comoros,2011,2752.95296,86.45953,7.920429418182242,86.56936
com,Comoros,2012,2868.39987,86.34948,7.961509616686985,86.45953
com,Comoros,2013,3059.11624,86.23936,8.025881342775138,86.34948
com,Comoros,2014,3109.89566,86.12919,8.042344454771243,86.23936
com,Comoros,2015,3105.59296,86.01918,8.04095994553943,86.12919
com,Comoros,2016,3127.13212,85.90943,8.047871607924408,86.01918
com,Comoros,2017,3236.986,85.8,8.082397928924614,85.90943
com,Comoros,2018,3303.25689,85.691,8.102664197116718,85.8
com,Comoros,2019,3357.89791,85.58265,8.11907043515032,85.691
com,Comoros,2020,3424.53969,85.47501,8.138722344583936,85.58265
com,Comoros,2021,3449.04358,85.36818,8.145852248403548,85.47501
com,Comoros,2022,3478.17347,85.26234,8.15426257003617,85.36818
cpv,Cape Verde,2000,4548.5827,79.36776,8.42257096891501,
cpv,Cape Verde,2001,4606.10486,79.66278,8.435137846078938,79.36776
cpv,Cape Verde,2002,4778.18896,79.95277,8.47181687503176,79.66278
cpv,Cape Verde,2003,4911.28625,80.2372,8.49929115185841,79.95277
cpv,Cape Verde,2004,5314.50301,80.66026,8.578194779348488,80.2372
cpv,Cape Verde,2005,5610.24679,81.08172,8.632349988636507,80.66026
cpv,Cape Verde,2006,5990.66899,81.50212,8.697958369347372,81.08172
cpv,Cape Verde,2007,6796.34351,81.92093,8.82414002742378,81.50212
cpv,Cape Verde,2008,7191.44707,82.33869,8.88064769193899,81.92093
cpv,Cape Verde,2009,7006.94046,82.75431,8.854656431117364,82.33869
cpv,Cape Verde,2010,7072.1215,83.16633,8.863915784599762,82.75431
cpv,Cape Verde,2011,7325.78442,83.52224,8.89915551620636,83.16633
cpv,Cape Verde,2012,7397.82221,83.87749,8.908940939932766,83.52224
cpv,Cape Verde,2013,7440.66243,84.2319,8.914715160153966,83.87749
cpv,Cape Verde,2014,7491.02198,84.58546,8.92146051313127,84.2319
cpv,Cape Verde,2015,7560.13649,84.9382,8.930644523243407,84.58546
cpv,Cape Verde,2016,7881.30336,85.58132,8.972248570189914,84.9382
cpv,Cape Verde,2017,8234.56,86.33307,9.016095210704622,85.58132
cpv,Cape Verde,2018,8531.12962,87.07555,9.051477060791626,86.33307
cpv,Cape Verde,2019,9111.62993,87.80857,9.117306890825535,87.07555
cpv,Cape Verde,2020,7207.86854,88.53257,8.882928561053046,87.80857
cpv,Cape Verde,2021,7685.41921,89.24751,8.947080203606612,88.53257
cpv,Cape Verde,2022,8850.10669,90.00893,9.088184793296541,89.24751
cri,Costa Rica,2000,13782.50564,94.65029,9.531155359678339,
cri,Costa Rica,2001,14029.94754,95.06242,9.54894943395908,94.65029
cri,Costa Rica,2002,14292.54159,95.45748,9.567493113051682,95.06242
cri,Costa Rica,2003,14704.92674,95.83566,9.595937868996767,95.45748
cri,Costa Rica,2004,15154.97314,96.19697,9.626084017137973,95.83566
cri,Costa Rica,2005,15556.8969,96.54132,9.652259349823405,96.19697
cri,Costa Rica,2006,16492.96127,96.86935,9.710688979176432,96.54132
cri,Costa Rica,2007,17639.71114,97.18121,9.77790795414326,96.86935
cri,Costa Rica,2008,18260.81572,97.47738,9.812512825659388,97.18121
cri,Costa Rica,2009,17895.99829,97.75779,9.792332407617883,97.47738
cri,Costa Rica,2010,18660.91982,98.00094,9.834186766862754,97.75779
cri,Costa Rica,2011,19254.91422,98.22837,9.86552159129232,98.00094
cri,Costa Rica,2012,19960.79333,98.47449,9.901525295067588,98.22837
cri,Costa Rica,2013,20232.26708,98.70639,9.91503398913258,98.47449
cri,Costa Rica,2014,20724.92177,98.92502,9.939092205328096,98.70639
cri,Costa Rica,2015,21254.78409,99.13136,9.964337282660845,98.92502
cri,Costa Rica,2016,21925.60008,99.3263,9.99541018653517,99.13136
cri,Costa Rica,2017,22622.55345,99.51067,10.026702627914508,99.3263
cri,Costa Rica,2018,23005.31215,99.68531,10.043480431286907,99.51067
cri,Costa Rica,2019,23364.78313,99.79753,10.05898517325965,99.68531
cri,Costa Rica,2020,22211.86139,99.81054,10.008381722021479,99.79753
cri,Costa Rica,2021,23852.9253,99.81187,10.07966214288314,99.81054
cri,Costa Rica,2022,24831.71935,99.81312,10.11987712096998,99.81187
cub,Cuba,2000,7647.73734,91.76107,8.942165110522234,
cub,Cuba,2001,8119.34692,91.91702,9.002005001349744,91.76107
cub,Cuba,2002,8434.14926,92.07048,9.040044131565132,91.91702
cub,Cuba,2003,8752.4162,92.21158,9.077085078375674,92.07048
cub,Cuba,2004,8910.08077,92.34125,9.094938585519166,92.21158
cub,Cuba,2005,9263.86702,92.46859,9.133876845219248,92.34125
cub,Cuba,2006,10706.87063,92.59504,9.278640929335669,92.46859
cub,Cuba,2007,11208.20457,92.72063,9.324401339991603,92.59504
cub,Cuba,2008,12013.21478,92.84532,9.393762554526004,92.72063
cub,Cuba,2009,12573.85408,92.96901,9.43937486397667,92.84532
cub,Cuba,2010,13316.87827,93.09183,9.496787552512705,92.96901
cub,Cuba,2011,14025.43823,93.21378,9.548627976248552,93.09183
cub,Cuba,2012,14450.5742,93.33486,9.578489429775304,93.21378
cub,Cuba,2013,14938.46834,93.45013,9.611694932681532,93.33486
cub,Cuba,2014,15442.55814,93.56367,9.6448824924974,93.45013
cub,Cuba,2015,15970.94142,93.67694,9.678526188751517,93.56367
cub,Cuba,2016,16049.89524,93.78972,9.683457601434057,93.67694
cub,Cuba,2017,16347.49043,93.90331,9.701829674024646,93.78972
cub,Cuba,2018,16728.08835,94.01754,9.724844522658367,93.90331
cub,Cuba,2019,16736.99081,94.13217,9.725376567430617,94.01754
cub,Cuba,2020,14939.77245,94.3125,9.611782227647122,94.13217
cub,Cuba,2021,15200.76885,94.77641,9.629101287791972,94.3125
cub,Cuba,2022,15557.80294,94.90022,9.652317588534041,94.77641
cyp,Cyprus,2000,35146.08645,99.88084,10.46726855249114,
cyp,Cyprus,2001,36270.17002,99.88071,10.498750919886584,99.88084
cyp,Cyprus,2002,37316.81467,99.88079,10.527199299496527,99.88071
cyp,Cyprus,2003,37960.10239,99.87715,10.544290950033188,99.88079
cyp,Cyprus,2004,39451.72924,99.87352,10.582833159026913,99.87715
cyp,Cyprus,2005,40867.72119,99.86653,10.618095817479958,99.87352
cyp,Cyprus,2006,42205.32005,99.85863,10.650301559613805,99.86653
cyp,Cyprus,2007,43535.21052,99.85069,10.681325326900502,99.85863
cyp,Cyprus,2008,44115.7042,99.84274,10.694571102353237,99.85069
cyp,Cyprus,2009,42175.14639,99.83475,10.649586378421779,99.84274
cyp,Cyprus,2010,42103.49219,99.82675,10.647885966111557,99.83475
cyp,Cyprus,2011,41213.87109,99.81873,10.626530155616402,99.82675
cyp,Cyprus,2012,39191.34766,99.81068,10.576211278456473,99.81873
cyp,Cyprus,2013,36694.82813,99.8026,10.510391101223815,99.81068
cyp,Cyprus,2014,36442.01172,99.79449,10.50347755621671,99.8026
cyp,Cyprus,2015,37903.125,99.78637,10.542788841497245,99.79449
cyp,Cyprus,2016,40209.86328,99.77822,10.601867599736323,99.78637
cyp,Cyprus,2017,42128.56641,99.77006,10.64848132662292,99.77822
cyp,Cyprus,2018,44227.91016,99.76188,10.697111320367835,99.77006
cyp,Cyprus,2019,46195.59375,99.75371,10.740639699144877,99.76188
cyp,Cyprus,2020,44203.89063,99.74554,10.696568087495134,99.75371
cyp,Cyprus,2021,48781.27734,99.73737,10.795101857158928,99.74554
cyp,Cyprus,2022,51588.44531,99.72922,10.851052998293238,99.73737
cze,Czech Republic,2000,28370.00746,97.97225,10.253087790756688,
cze,Czech Republic,2001,29468.17141,97.97062,10.29106602460403,97.97225
cze,Czech Republic,2002,30123.97847,98.00883,10.313076760508466,97.97062
cze,Czech Republic,2003,31277.53326,98.04704,10.350655331575211,98.00883
cze,Czech Republic,2004,32890.10004,98.08525,10.400926980832475,98.04704
cze,Czech Republic,2005,35070.80206,98.12347,10.465124213132185,98.08525
cze,Czech Republic,2006,37423.03942,98.16169,10.530041821008439,98.12347
cze,Czech Republic,2007,39364.57918,98.19991,10.58062168535439,98.16169
cze,Czech Republic,2008,40164.41046,98.23815,10.600736570546749,98.19991
cze,Czech Republic,2009,38104.15407,98.27638,10.548078585880038,98.23815
cze,Czech Republic,2010,39097.38862,98.31463,10.573810956530815,98.27638
cze,Czech Republic,2011,39708.16263,98.35288,10.589312053349458,98.31463
cze,Czech Republic,2012,39347.0493,98.39229,10.580176265011085,98.35288
cze,Czech Republic,2013,39317.55357,98.53396,10.579426353861567,98.39229
cze,Czech Republic,2014,40158.01643,98.73021,10.600577361462534,98.53396
cze,Czech Republic,2015,42066.57598,98.73048,10.647008784634348,98.73021
cze,Czech Republic,2016,43069.46597,98.73075,10.670569578853572,98.73048
cze,Czech Republic,2017,45177.52261,98.73106,10.71835495474256,98.73075
cze,Czech Republic,2018,46301.08204,98.73139,10.74292060999563,98.73106
cze,Czech Republic,2019,47763.61655,98.73177,10.774019468608321,98.73139
cze,Czech Republic,2020,45119.93873,98.73218,10.71707952823662,98.73177
cze,Czech Republic,2021,47796.03374,98.73262,10.774697938886208,98.73218
cze,Czech Republic,2022,48390.66168,98.7331,10.787062133593443,98.73262
deu,Germany,2000,49166.3611,100.0,10.802964951159336,
deu,Germany,2001,50045.1131,100.0,10.820680139616597,100.0
deu,Germany,2002,49997.86247,100.0,10.81973553289645,100.0
deu,Germany,2003,49816.02816,100.0,10.816092061832359,100.0
deu,Germany,2004,50512.77605,100.0,10.829981574355712,100.0
deu,Germany,2005,51073.62335,100.0,10.841023465822815,100.0
deu,Germany,2006,53177.1987,100.0,10.881384987591614,100.0
deu,Germany,2007,54860.79382,100.0,10.912554234310347,100.0
deu,Germany,2008,55513.4028,100.0,10.924379762471945,100.0
deu,Germany,2009,52592.0867,100.0,10.870320944442344,100.0
deu,Germany,2010,54865.43053,100.0,10.912638748473306,100.0
deu,Germany,2011,57992.36674,100.0,10.968066672936438,100.0
deu,Germany,2012,58158.13797,100.0,10.970921096048396,100.0
deu,Germany,2013,58223.64953,100.0,10.972046900494721,100.0
deu,Germany,2014,59239.3401,100.0,10.989341128886876,100.0
deu,Germany,2015,59699.33812,100.0,10.997076212552066,100.0
deu,Germany,2016,60578.28707,100.0,11.011691808678002,100.0
deu,Germany,2017,61991.49731,100.0,11.034752514461367,100.0
deu,Germany,2018,62495.49895,100.0,11.04284981633116,100.0
deu,Germany,2019,62970.71609,100.0,11.050425073341266,100.0
deu,Germany,2020,60342.6627,100.0,11.007794640012548,100.0
deu,Germany,2021,62530.76532,100.0,11.043413959731607,100.0
deu,Germany,2022,62931.96841,100.0,11.049809555389807,100.0
dji,Djibouti,2000,2521.51529,74.30963,7.832615305349277,
dji,Djibouti,2001,2557.02477,74.52757,7.846599662377626,74.30963
dji,Djibouti,2002,2620.20795,74.74509,7.8710089638345,74.52757
dji,Djibouti,2003,2722.54103,74.96217,7.909320925400624,74.74509
dji,Djibouti,2004,2839.82841,75.17883,7.951498910315865,74.96217
dji,Djibouti,2005,2968.8721,75.39476,7.995937395358253,75.17883
dji,Djibouti,2006,3170.59332,75.61057,8.061674016550162,75.39476
dji,Djibouti,2007,3368.59384,75.82596,8.122250678109761,75.61057
dji,Djibouti,2008,3583.51384,76.04091,8.184099117572462,75.82596
dji,Djibouti,2009,3618.53052,76.25516,8.19382328870477,76.04091
dji,Djibouti,2010,3762.14345,76.47182,8.232744140447126,76.25516
dji,Djibouti,2011,4054.74759,76.69075,8.307643718002987,76.47182
dji,Djibouti,2012,4258.08707,76.91154,8.356575293811758,76.69075
dji,Djibouti,2013,4469.0741,77.13434,8.40493652968657,76.91154
dji,Djibouti,2014,4705.04927,77.35848,8.45639152380312,77.13434
dji,Djibouti,2015,4961.86819,77.58462,8.50953760001339,77.35848
dji,Djibouti,2016,5226.50026,77.81184,8.561497166719246,77.58462
dji,Djibouti,2017,5421.95649,78.0403,8.598212005312284,77.81184
dji,Djibouti,2018,5590.50427,78.26985,8.628824771382856,78.0403
dji,Djibouti,2019,5809.30455,78.50038,8.667216143886304,78.26985
dji,Djibouti,2020,5791.47768,78.73175,8.66414275044112,78.50038
dji,Djibouti,2021,5960.10807,78.96363,8.692843892445339,78.73175
dji,Djibouti,2022,6180.67999,79.19589,8.729183575143134,78.96363
dma,Dominica,2000,12874.84616,94.26687,9.463030776722686,
dma,Dominica,2001,13047.95775,94.38364,9.476386906251463,94.26687
dma,Dominica,2002,12779.05165,94.50723,9.455562519387843,94.38364
dma,Dominica,2003,13649.60702,94.62985,9.521466010455084,94.50723
dma,Dominica,2004,14299.28551,94.75156,9.567964850664076,94.62985
dma,Dominica,2005,14528.24573,94.87227,9.583850014932612,94.75156
dma,Dominica,2006,15283.57887,94.99208,9.634534254536305,94.87227
dma,Dominica,2007,16225.64409,95.11093,9.694348238164956,94.99208
dma,Dominica,2008,17510.53683,95.22886,9.770558083290805,95.11093
dma,Dominica,2009,17425.80862,95.34586,9.765707640290893,95.22886
dma,Dominica,2010,17516.78796,95.46192,9.770915012065915,95.34586
dma,Dominica,2011,17475.04111,95.5771,9.76852891960282,95.46192
dma,Dominica,2012,17431.1288,95.69143,9.766012898321867,95.5771
dma,Dominica,2013,17282.6368,95.80491,9.757457623309573,95.69143
dma,Dominica,2014,17520.85463,95.91752,9.771147143551806,95.80491
dma,Dominica,2015,16920.91266,96.02927,9.736305571421832,95.91752
dma,Dominica,2016,17364.0773,96.14016,9.762158828148806,96.02927
dma,Dominica,2017,16314.22956,96.25017,9.699792985111285,96.14016
dma,Dominica,2018,16877.12449,96.35929,9.733714403520235,96.25017
dma,Dominica,2019,17619.43354,96.46754,9.776757750278724,96.35929
dma,Dominica,2020,14919.53077,96.57489,9.610426423531296,96.46754
dma,Dominica,2021,15808.97435,96.68135,9.668333054601355,96.57489
dma,Dominica,2022,17550.80099,96.7869,9.77285486830836,96.68135
dnk,Denmark,2000,56639.72033,100.0,10.944465790678857,
dnk,Denmark,2001,57085.17502,100.0,10.952299730060007,100.0
dnk,Denmark,2002,57276.5858,100.0,10.955647194411124,100.0
dnk,Denmark,2003,57474.14866,100.0,10.959090537168482,100.0
dnk,Denmark,2004,59009.8913,100.0,10.98546035798885,100.0
dnk,Denmark,2005,60326.06387,100.0,11.007519525978008,100.0
dnk,Denmark,2006,62510.52475,100.0,11.043090217547478,100.0
dnk,Denmark,2007,62919.9468,100.0,11.049618511653739,100.0
dnk,Denmark,2008,62352.38563,100.0,11.040557212284796,100.0
dnk,Denmark,2009,58986.51834,100.0,10.98506419406527,100.0
dnk,Denmark,2010,59696.35452,100.0,10.997026234199671,100.0
dnk,Denmark,2011,60230.35418,100.0,11.005931726478721,100.0
dnk,Denmark,2012,60000.89031,100.0,11.002114679594149,100.0
dnk,Denmark,2013,60583.4065,100.0,11.011776314429815,100.0
dnk,Denmark,2014,61047.33372,100.0,11.019404804875053,100.0
dnk,Denmark,2015,61893.24606,100.0,11.033166342218896,100.0
dnk,Denmark,2016,63299.33777,100.0,11.055630146308191,100.0
dnk,Denmark,2017,64815.73078,100.0,11.079303611829797,100.0
dnk,Denmark,2018,65694.75913,100.0,11.092774431580123,100.0
dnk,Denmark,2019,66580.18814,100.0,11.10616233689853,100.0
dnk,Denmark,2020,65204.54932,100.0,11.08528452032722,100.0
dnk,Denmark,2021,69715.18097,100.0,11.152173377480302,100.0
dnk,Denmark,2022,70233.64023,100.0,11.159582680787144,100.0
dom,Dominican Republic,2000,10613.62976,91.01932,9.269894280548426,
dom,Dominican Republic,2001,10748.1998,91.38156,9.282493559067623,91.01932
dom,Dominican Republic,2002,11126.98037,91.73506,9.317128101978918,91.38156
dom,Dominican Republic,2003,10872.45789,92.13836,9.293988071390023,91.73506
dom,Dominican Republic,2004,11023.51759,92.55038,9.307786232317715,92.13836
dom,Dominican Republic,2005,11937.99638,92.94425,9.387481565495177,92.55038
dom,Dominican Republic,2006,12911.00071,93.32084,9.465834995166585,92.94425
dom,Dominican Republic,2007,13729.57546,93.68018,9.527307577672167,93.32084
dom,Dominican Republic,2008,14019.31898,94.02268,9.548191584515774,93.68018
dom,Dominican Republic,2009,13990.26825,94.34795,9.546117241885993,94.02268
dom,Dominican Republic,2010,14975.00101,94.65719,9.61413749042939,94.34795
dom,Dominican Republic,2011,15258.08581,94.94116,9.632864858569345,94.65719
dom,Dominican Republic,2012,15487.27764,95.2053,9.647774168449342,94.94116
dom,Dominican Republic,2013,16054.76773,95.45692,9.683761139274772,95.2053
dom,Dominican Republic,2014,16993.58744,95.69657,9.740591342465223,95.45692
dom,Dominican Republic,2015,17973.18703,95.92469,9.796636316862694,95.69657
dom,Dominican Republic,2016,18968.97524,96.14158,9.850560041438296,95.92469
dom,Dominican Republic,2017,19501.87431,96.34747,9.878265858394293,96.14158
dom,Dominican Republic,2018,20662.84859,96.54199,9.936092612646378,96.34747
dom,Dominican Republic,2019,21451.28644,96.72589,9.973539896450575,96.54199
dom,Dominican Republic,2020,19545.40996,96.8999,9.880495753192548,96.72589
dom,Dominican Republic,2021,22053.45899,97.30547,10.001224738866918,96.8999
dom,Dominican Republic,2022,22986.95808,97.36033,10.042682294083306,97.30547
dza,Algeria,2000,11174.92144,88.99381,9.32142738947943,
dza,Algeria,2001,11448.35008,89.1698,9.345600900782705,88.99381
dza,Algeria,2002,11995.66873,89.34364,9.392300924449252,89.1698
dza,Algeria,2003,12691.81772,89.51511,9.448712790797243,89.34364
dza,Algeria,2004,13141.18565,89.68422,9.483506520083607,89.51511
dza,Algeria,2005,13707.76136,89.85077,9.525717474030593,89.68422
dza,Algeria,2006,13917.79015,90.01502,9.540923167693771,89.85077
dza,Algeria,2007,14137.48114,90.17674,9.556584786382814,90.01502
dza,Algeria,2008,14237.54472,90.3362,9.563637748751383,90.17674
dza,Algeria,2009,14128.60865,90.49186,9.555957003031292,90.3362
dza,Algeria,2010,14496.42113,90.64434,9.581657079323248,90.49186
dza,Algeria,2011,14641.96409,90.79335,9.591646937669774,90.64434
dza,Algeria,2012,14697.53961,90.95471,9.595435385288937,90.79335
dza,Algeria,2013,14778.19143,91.11286,9.600907820979677,90.95471
dza,Algeria,2014,15073.76294,91.26806,9.620710957863407,91.11286
dza,Algeria,2015,15239.51715,91.42015,9.631647145667852,91.26806
dza,Algeria,2016,15511.68588,91.5694,9.64934894658852,91.42015
dza,Algeria,2017,15427.66419,91.71564,9.643917552822108,91.5694
dza,Algeria,2018,15343.42612,91.85912,9.63844239548531,91.71564
dza,Algeria,2019,15199.199,91.9998,9.628998008077392,91.85912
dza,Algeria,2020,14194.15575,92.13782,9.56058559197104,91.9998
dza,Algeria,2021,14496.86547,92.27323,9.581687730556835,92.13782
dza,Algeria,2022,14782.2003,92.32367,9.601179053516862,92.27323
ecu,Ecuador,2000,9189.07161,84.75696,9.125770188483905,
ecu,Ecuador,2001,9420.20124,85.33272,9.150611730399547,84.75696
ecu,Ecuador,2002,9712.47644,85.86812,9.181166568932936,85.33272
ecu,Ecuador,2003,9819.84503,86.37706,9.192160620164927,85.86812
ecu,Ecuador,2004,10319.22268,86.79136,9.241763714493306,86.37706
ecu,Ecuador,2005,10685.98054,87.16572,9.276687931441757,86.79136
ecu,Ecuador,2006,10958.56386,87.48048,9.301876517244681,87.16572
ecu,Ecuador,2007,10976.96621,87.79221,9.303554375428046,87.48048
ecu,Ecuador,2008,11493.50756,88.10053,9.34953759492734,87.79221
ecu,Ecuador,2009,11413.55564,88.40548,9.342557019201617,88.10053
ecu,Ecuador,2010,11665.69786,88.70729,9.364408007783954,88.40548
ecu,Ecuador,2011,12449.07855,88.99957,9.429401887105634,88.70729
ecu,Ecuador,2012,12961.02674,89.28438,9.469702190533662,88.99957
ecu,Ecuador,2013,13689.15205,89.56629,9.524358976992369,89.28438
ecu,Ecuador,2014,14064.79922,89.84513,9.551430445670983,89.56629
ecu,Ecuador,2015,13881.57007,90.12129,9.53831734509866,89.84513
ecu,Ecuador,2016,13586.51608,90.39442,9.516833115192018,90.12129
ecu,Ecuador,2017,14179.15375,90.66471,9.55952811917972,90.39442
ecu,Ecuador,2018,14083.507,90.93488,9.552759675402127,90.66471
ecu,Ecuador,2019,13870.48951,91.20469,9.5375188054042,90.93488
ecu,Ecuador,2020,12440.32637,91.4743,9.42869860147957,91.20469
ecu,Ecuador,2021,13507.44456,91.66797,9.510996261323346,91.4743
ecu,Ecuador,2022,14186.63885,91.72648,9.560055874584215,91.66797
egy,Egypt,2000,9804.51932,98.99336,9.19059871346137,
egy,Egypt,2001,9999.27693,98.92261,9.210268062361905,98.99336
egy,Egypt,2002,10072.53787,98.85193,9.217567976800305,98.92261
egy,Egypt,2003,10208.25965,98.78132,9.230952441193685,98.85193
egy,Egypt,2004,10432.81398,98.71077,9.252711308346395,98.78132
egy,Egypt,2005,10701.49106,98.64028,9.278138362143363,98.71077
egy,Egypt,2006,11220.50957,98.56986,9.325498594266437,98.64028
egy,Egypt,2007,11799.37304,98.49889,9.375801676838801,98.56986
egy,Egypt,2008,12407.23243,98.42754,9.426034842046715,98.49889
egy,Egypt,2009,12739.69042,98.35621,9.452477628987895,98.42754
egy,Egypt,2010,13128.98783,98.28486,9.482577875978086,98.35621
egy,Egypt,2011,13082.42637,98.21353,9.479025110101345,98.28486
egy,Egypt,2012,13076.80524,98.14157,9.478595347471439,98.21353
egy,Egypt,2013,13058.07482,98.0696,9.477161981550964,98.14157
egy,Egypt,2014,13136.36563,97.99758,9.483139665500948,98.0696
egy,Egypt,2015,13425.91196,97.92551,9.504941847051306,97.99758
egy,Egypt,2016,13727.32016,97.85344,9.52714329835696,97.92551
egy,Egypt,2017,14018.36059,97.78186,9.548123220085115,97.85344
egy,Egypt,2018,14488.20943,97.71081,9.581090454870147,97.78186
egy,Egypt,2019,15026.56824,97.64035,9.617575129331055,97.71081
egy,Egypt,2020,15309.23599,97.57053,9.636211584728562,97.64035
egy,Egypt,2021,15579.01609,97.50137,9.65368016531246,97.57053
egy,Egypt,2022,16360.39078,97.43289,9.702618496179532,97.50137
eri,Eritrea,2000,1470.36504,46.81422,7.293265975475465,
eri,Eritrea,2001,1552.31716,47.12042,7.347504035535492,46.81422
eri,Eritrea,2002,1531.23529,47.44092,7.333830067716282,47.12042
eri,Eritrea,2003,1428.35682,47.77522,7.264279985635814,47.44092
eri,Eritrea,2004,1401.6936,48.12342,7.245436498774305,47.77522
eri,Eritrea,2005,1406.10549,48.48441,7.248579098005619,48.12342
eri,Eritrea,2006,1371.76749,48.85949,7.2238553259944895,48.48441
eri,Eritrea,2007,1373.89436,49.24695,7.225404584819213,48.85949
eri,Eritrea,2008,1094.6138,49.6487,6.998156885975495,49.24695
eri,Eritrea,2009,1196.4888,49.81032,7.087146546669431,49.6487
eri,Eritrea,2010,1306.466,49.97738,7.175081060894528,49.81032
eri,Eritrea,2011,1653.294,50.15053,7.410524940445288,49.97738
eri,Eritrea,2012,1696.833,50.32917,7.436518851434764,50.15053
eri,Eritrea,2013,1530.668,50.70513,7.333459520411052,50.32917
eri,Eritrea,2014,2020.603,51.08356,7.611151260700042,50.70513
eri,Eritrea,2015,1603.317,51.46509,7.379829887269621,51.08356
eri,Eritrea,2016,1720.68,51.84972,7.450474840514948,51.46509
esp,Spain,2000,39364.63231,100.0,10.580623035044017,
esp,Spain,2001,40739.16636,100.0,10.614945227126666,100.0
esp,Spain,2002,41366.64971,100.0,10.630230272613144,100.0
esp,Spain,2003,41913.25931,100.0,10.643357507162722,100.0
esp,Spain,2004,42562.96373,100.0,10.658739758104174,100.0
esp,Spain,2005,43400.49882,100.0,10.678226213570833,100.0
esp,Spain,2006,44458.13989,100.0,10.702303348811203,100.0
esp,Spain,2007,45232.17425,100.0,10.71956393228711,100.0
esp,Spain,2008,44895.56756,100.0,10.71209435081731,100.0
esp,Spain,2009,42844.18943,100.0,10.665325312263972,100.0
esp,Spain,2010,42695.52742,100.0,10.661849449468358,100.0
esp,Spain,2011,42271.83468,100.0,10.651876296451421,100.0
esp,Spain,2012,41034.04816,99.98617,10.622157443986328,100.0
esp,Spain,2013,40594.91401,99.95664,10.611398067053141,99.98617
esp,Spain,2014,41339.41112,99.92694,10.629571588335075,99.95664
esp,Spain,2015,43053.76143,99.92672,10.670204879558197,99.92694
esp,Spain,2016,44274.66761,99.92651,10.698167955225903,99.92672
esp,Spain,2017,45446.25086,99.92628,10.72428560687426,99.92651
esp,Spain,2018,46325.20994,99.92606,10.743441583037518,99.92628
esp,Spain,2019,46896.41711,99.92583,10.755696557273112,99.92606
esp,Spain,2020,41553.44779,99.92561,10.634735776143048,99.92583
esp,Spain,2021,44251.66582,99.92539,10.697648295377213,99.92561
esp,Spain,2022,46649.56354,99.92515,10.750418850175988,99.92539
est,Estonia,2000,20974.85794,97.46676,9.95107975848768,
est,Estonia,2001,22290.85904,97.60826,10.011931964892568,97.46676
est,Estonia,2002,23898.59735,97.7507,10.081575047912859,97.60826
est,Estonia,2003,25814.06126,97.89405,10.158674632523176,97.7507
est,Estonia,2004,27675.34626,98.03835,10.228297269151684,97.89405
est,Estonia,2005,30444.97207,98.18361,10.323676138650235,98.03835
est,Estonia,2006,33599.05985,98.32978,10.422253364905067,98.18361
est,Estonia,2007,36298.32759,98.47692,10.499526947290773,98.32978
est,Estonia,2008,34530.8009,98.62502,10.44960698443883,98.47692
est,Estonia,2009,29553.15493,98.77408,10.293945782955822,98.62502
est,Estonia,2010,30379.10913,98.92409,10.321510451493335,98.77408
est,Estonia,2011,32789.43238,99.07506,10.397861558923383,98.92409
est,Estonia,2012,34115.36222,99.22915,10.437503066810041,99.07506
est,Estonia,2013,34838.36295,99.38479,10.45847444220462,99.22915
est,Estonia,2014,36090.49409,99.53931,10.493784788039102,99.38479
est,Estonia,2015,36729.80725,99.69272,10.511343891046064,99.53931
est,Estonia,2016,37854.84525,99.84503,10.541514262561808,99.69272
est,Estonia,2017,39939.45756,99.92571,10.595120025505521,99.84503
est,Estonia,2018,41273.19955,99.94854,10.627968647001055,99.92571
est,Estonia,2019,42652.53486,99.97148,10.66084198515135,99.94854
est,Estonia,2020,41340.76465,99.99453,10.629604329678148,99.97148
est,Estonia,2021,44251.5375,100.0,10.697645395595167,99.99453
est,Estonia,2022,43690.41423,100.0,10.684884003017496,100.0
eth,Ethiopia,2000,838.63896,18.75906,6.731780292040525,
eth,Ethiopia,2001,874.26297,20.28613,6.773381211406788,18.75906
eth,Ethiopia,2002,861.11509,21.81059,6.75822816564566,20.28613
eth,Ethiopia,2003,815.90332,23.33038,6.704295867552594,21.81059
eth,Ethiopia,2004,889.25057,24.84608,6.790379051817957,23.33038
eth,Ethiopia,2005,962.42678,26.35761,6.86945799054099,24.84608
eth,Ethiopia,2006,1032.8501,27.86551,6.940077347263737,26.35761
eth,Ethiopia,2007,1114.84014,29.37846,7.016466301418133,27.86551
eth,Ethiopia,2008,1197.23535,30.98697,7.087770302772827,29.37846
eth,Ethiopia,2009,1264.25544,32.58824,7.1422386428972455,30.98697
eth,Ethiopia,2010,1381.19045,34.18369,7.230701051214494,32.58824
eth,Ethiopia,2011,1492.53397,35.7719,7.308230605476753,34.18369
eth,Ethiopia,2012,1576.76876,37.35365,7.363132943364213,35.7719
eth,Ethiopia,2013,1696.86516,38.91893,7.436537804210459,37.35365
eth,Ethiopia,2014,1821.39162,40.47707,7.50735611426665,38.91893
eth,Ethiopia,2015,1957.41454,42.02727,7.579379769185239,40.47707
eth,Ethiopia,2016,2084.84056,43.56975,7.6424476612849395,42.02727
eth,Ethiopia,2017,2222.82825,45.10328,7.706535650520614,43.56975
eth,Ethiopia,2018,2311.16512,46.62897,7.745507057310903,45.10328
eth,Ethiopia,2019,2437.97046,48.14648,7.798921193478886,46.62897
eth,Ethiopia,2020,2516.54908,49.65505,7.830643829304591,48.14648
eth,Ethiopia,2021,2588.4131,51.15478,7.858800264211874,49.65505
eth,Ethiopia,2022,2655.59277,52.64493,7.8844231742927215,51.15478
fin,Finland,2000,46480.58365,100.0,10.746789948460723,
fin,Finland,2001,47650.01092,100.0,10.77163813825336,100.0
fin,Finland,2002,48390.8085,100.0,10.787065167645308,100.0
fin,Finland,2003,49300.35799,100.0,10.805686621464863,100.0
fin,Finland,2004,51178.8478,100.0,10.843081596760092,100.0
fin,Finland,2005,52477.08912,100.0,10.868131955616235,100.0
fin,Finland,2006,54435.98489,100.0,10.904780701106505,100.0
fin,Finland,2007,57140.60224,100.0,10.953270215456207,100.0
fin,Finland,2008,57379.21966,100.0,10.957437489930857,100.0
fin,Finland,2009,52545.32598,100.0,10.869431428105745,100.0
fin,Finland,2010,54017.94586,100.0,10.897071601077522,100.0
fin,Finland,2011,55053.39069,100.0,10.916058733169592,100.0
fin,Finland,2012,53957.6681,100.0,10.895955094043183,100.0
fin,Finland,2013,53183.42867,100.0,10.881502135640872,100.0
fin,Finland,2014,52710.73349,100.0,10.872574385328225,100.0
fin,Finland,2015,52782.48739,100.0,10.873934736457269,100.0
fin,Finland,2016,53984.63163,100.0,10.89645468559586,100.0
fin,Finland,2017,55637.22628,100.0,10.926607793608571,100.0
fin,Finland,2018,56226.33724,100.0,10.93714056027079,100.0
fin,Finland,2019,56922.48732,100.0,10.94944574977328,100.0
fin,Finland,2020,55424.8575,100.0,10.92278346343926,100.0
fin,Finland,2021,56790.37662,100.0,10.947122164650862,100.0
fin,Finland,2022,57068.30565,100.0,10.952004174111579,100.0
fji,Fiji,2000,9351.40908,94.81718,9.14328231467138,
fji,Fiji,2001,9456.52944,94.84408,9.154460727926223,94.81718
fji,Fiji,2002,9678.79793,94.87097,9.177692991774427,94.84408
fji,Fiji,2003,9696.60146,94.8927,9.179530738150882,94.87097
fji,Fiji,2004,10127.03988,94.91479,9.222964341312089,94.8927
fji,Fiji,2005,10112.25152,94.93704,9.221502989495022,94.91479
fji,Fiji,2006,10210.99365,94.95965,9.231220227676978,94.93704
fji,Fiji,2007,10041.97504,94.98255,9.214529091030917,94.95965
fji,Fiji,2008,10084.79561,95.01254,9.218784183450168,94.98255
fji,Fiji,2009,9905.77984,95.04454,9.200873687987013,95.01254
fji,Fiji,2010,10167.34962,95.07698,9.22693684740891,95.04454
fji,Fiji,2011,10412.99638,95.10974,9.250809956887466,95.07698
fji,Fiji,2012,10537.69203,95.14295,9.262713825631609,95.10974
fji,Fiji,2013,11019.29836,95.17632,9.307403410988435,95.14295
fji,Fiji,2014,11621.12949,95.21007,9.360580227919593,95.17632
fji,Fiji,2015,12131.09169,95.2442,9.403526997064011,95.21007
fji,Fiji,2016,12419.82578,95.27863,9.427049328013885,95.2442
fji,Fiji,2017,13090.50071,95.3133,9.47964210950928,95.27863
fji,Fiji,2018,13612.9521,95.34827,9.518776978810918,95.3133
fji,Fiji,2019,13567.47388,95.38332,9.515430580746836,95.34827
fji,Fiji,2020,11254.96982,95.41836,9.328565071862338,95.38332
fji,Fiji,2021,10685.19703,95.45346,9.276614607452212,95.41836
fji,Fiji,2022,12762.34664,95.48863,9.454254445946267,95.45346
fra,France,2000,45733.71556,100.0,10.730591063296835,
fra,France,2001,46304.54285,100.0,10.74299535297168,100.0
fra,France,2002,46495.2528,100.0,10.747105496041295,100.0
fra,France,2003,46636.54244,100.0,10.750139685343287,100.0
fra,France,2004,47646.61563,100.0,10.771566880956552,100.0
fra,France,2005,48195.83192,100.0,10.783027821610743,100.0
fra,France,2006,49169.89075,100.0,10.803036738520255,100.0
fra,France,2007,50116.61434,100.0,10.822107855650914,100.0
fra,France,2008,50040.18577,100.0,10.820581677004013,100.0
fra,France,2009,48391.26396,100.0,10.78707457971902,100.0
fra,France,2010,49130.42294,100.0,10.802233733715097,100.0
fra,France,2011,50085.68298,100.0,10.821490477370979,100.0
fra,France,2012,49935.62691,100.0,10.818489993119305,100.0
fra,France,2013,50066.53043,100.0,10.821108008535166,100.0
fra,France,2014,50326.56786,100.0,10.82628840471718,100.0
fra,France,2015,50682.89536,100.0,10.833343763032094,100.0
fra,France,2016,50984.0753,100.0,10.83926861392698,100.0
fra,France,2017,51895.5663,100.0,10.856988637759157,100.0
fra,France,2018,52560.95362,100.0,10.869728796449001,100.0
fra,France,2019,53448.55488,100.0,10.886474879230814,100.0
fra,France,2020,49311.33341,100.0,10.805909220223478,100.0
fra,France,2021,52517.33549,100.0,10.86889859388528,100.0
fra,France,2022,53691.61749,100.0,10.891012169429576,100.0
fsm,"Micronesia, Fed. Sts.",2000,3685.98012,91.79209,8.212291744834866,
fsm,"Micronesia, Fed. Sts.",2001,3747.83183,91.67271,8.22893277308805,91.79209
fsm,"Micronesia, Fed. Sts.",2002,3759.02757,91.55333,8.231915577934728,91.67271
fsm,"Micronesia, Fed. Sts.",2003,3816.94106,91.43394,8.247204611179848,91.55333
fsm,"Micronesia, Fed. Sts.",2004,3702.98912,91.31456,8.216895642751046,91.43394
fsm,"Micronesia, Fed. Sts.",2005,3787.95304,91.19518,8.23958105718583,91.31456
fsm,"Micronesia, Fed. Sts.",2006,3800.24146,91.07579,8.242819885801026,91.19518
fsm,"Micronesia, Fed. Sts.",2007,3751.28828,90.95641,8.229854601300978,91.07579
fsm,"Micronesia, Fed. Sts.",2008,3684.97378,90.83702,8.212018689265694,90.95641
fsm,"Micronesia, Fed. Sts.",2009,3750.78882,90.71764,8.229721448843577,90.83702
fsm,"Micronesia, Fed. Sts.",2010,3842.23613,90.59826,8.253809801616894,90.71764
fsm,"Micronesia, Fed. Sts.",2011,3958.93215,90.47887,8.283729608793067,90.59826
fsm,"Micronesia, Fed. Sts.",2012,3878.11227,90.35949,8.263103785873483,90.47887
fsm,"Micronesia, Fed. Sts.",2013,3727.42607,90.24011,8.223473212773525,90.35949
fsm,"Micronesia, Fed. Sts.",2014,3632.24157,90.12072,8.197605249073264,90.24011
fsm,"Micronesia, Fed. Sts.",2015,3788.9341,90.00134,8.239840018415515,90.12072
fsm,"Micronesia, Fed. Sts.",2016,3794.74546,89.88195,8.241372615116504,90.00134
fsm,"Micronesia, Fed. Sts.",2017,3811.78965,89.88195,8.24585408224422,89.88195
fsm,"Micronesia, Fed. Sts.",2018,3796.94605,89.88195,8.241952351545134,89.88195
fsm,"Micronesia, Fed. Sts.",2019,3938.55709,89.88195,8.27856971440458,89.88195
fsm,"Micronesia, Fed. Sts.",2020,3850.53053,89.88195,8.255966217788282,89.88195
gab,Gabon,2000,20439.64102,80.06525,9.925231481541108,
gab,Gabon,2001,20584.51941,80.56922,9.93229458731986,80.06525
gab,Gabon,2002,20173.20857,81.06,9.912110694647973,80.56922
gab,Gabon,2003,20273.43083,81.53732,9.917066481660529,81.06
gab,Gabon,2004,20020.44574,82.00138,9.90450931735662,81.53732
gab,Gabon,2005,20089.26663,82.45192,9.907940952911723,82.00138
gab,Gabon,2006,19055.90344,82.89008,9.855132224411799,82.45192
gab,Gabon,2007,19671.99521,83.31557,9.886951340402709,82.89008
gab,Gabon,2008,18472.96499,83.72952,9.824063590358444,83.31557
gab,Gabon,2009,17915.04478,84.13072,9.793396129317287,83.72952
gab,Gabon,2010,18530.57609,84.52073,9.827177408380592,84.13072
gab,Gabon,2011,19153.08782,84.89927,9.860219225474626,84.52073
gab,Gabon,2012,19450.40271,85.26739,9.875623053716568,84.89927
gab,Gabon,2013,19836.45549,85.62393,9.895276710140301,85.26739
gab,Gabon,2014,20008.98998,85.96589,9.903936950541716,85.62393
gab,Gabon,2015,20147.71162,86.29303,9.910845993679924,85.96589
gab,Gabon,2016,19988.1756,86.60647,9.902896157696668,86.29303
gab,Gabon,2017,19555.70788,86.90725,9.881022485971915,86.60647
gab,Gabon,2018,19225.59826,87.19598,9.86399791274532,86.90725
gab,Gabon,2019,19491.40676,87.47285,9.877728968449965,87.19598
gab,Gabon,2020,18681.48407,87.7393,9.835288155629229,87.47285
gab,Gabon,2021,18523.5798,87.99547,9.826799783257844,87.7393
gab,Gabon,2022,18662.0498,88.24194,9.83424731831468,87.99547
gbr,UK,2000,43163.51653,100.0,10.672750892651736,
gbr,UK,2001,44115.61785,100.0,10.694569144998455,100.0
gbr,UK,2002,44751.84782,100.0,10.708888014917546,100.0
gbr,UK,2003,45963.07531,100.0,10.73559364247435,100.0
gbr,UK,2004,46828.68704,100.0,10.754251265055958,100.0
gbr,UK,2005,47788.26355,100.0,10.774535355904748,100.0
gbr,UK,2006,48571.69291,100.0,10.790796189786928,100.0
gbr,UK,2007,49459.8415,100.0,10.808916336460486,100.0
gbr,UK,2008,48947.71347,100.0,10.798507935325249,100.0
gbr,UK,2009,46342.91858,100.0,10.743823777876203,100.0
gbr,UK,2010,47013.88241,100.0,10.75819820750447,100.0
gbr,UK,2011,47178.91992,100.0,10.761702459948458,100.0
gbr,UK,2012,47550.94285,100.0,10.769556896378424,100.0
gbr,UK,2013,48083.80343,100.0,10.78070067236155,100.0
gbr,UK,2014,49250.55999,100.0,10.804676016890923,100.0
gbr,UK,2015,49983.34859,100.0,10.819445200744077,100.0
gbr,UK,2016,50540.87977,100.0,10.830537788190757,100.0
gbr,UK,2017,51601.14044,100.0,10.851299052775806,100.0
gbr,UK,2018,52071.26966,100.0,10.860368629573898,100.0
gbr,UK,2019,52645.5442,100.0,10.871336883401455,100.0
gbr,UK,2020,47144.72215,100.0,10.76097734436242,100.0
gbr,UK,2021,51004.42717,100.0,10.839667715193833,100.0
gbr,UK,2022,52982.17492,100.0,10.877710813701091,100.0
geo,Georgia,2000,5817.64099,94.06022,8.668650130379119,
geo,Georgia,2001,6168.02458,94.16199,8.727133900319531,94.06022
geo,Georgia,2002,6546.59987,94.29153,8.786701090031471,94.16199
geo,Georgia,2003,7304.22141,94.45326,8.896207735342193,94.29153
geo,Georgia,2004,7757.61197,94.59808,8.956429829992137,94.45326
geo,Georgia,2005,8531.25642,94.74148,9.05149192389456,94.59808
geo,Georgia,2006,9368.12491,94.88358,9.145068238877816,94.74148
geo,Georgia,2007,10588.92675,95.02436,9.267564087850573,94.88358
geo,Georgia,2008,10868.556,95.16375,9.293629128604591,95.02436
geo,Georgia,2009,10556.10672,95.30174,9.26445980746222,95.16375
geo,Georgia,2010,11294.36859,95.43843,9.332059525613117,95.30174
geo,Georgia,2011,12288.68289,95.57372,9.416434027573759,95.43843
geo,Georgia,2012,13193.9597,95.70773,9.487514405359477,95.57372
geo,Georgia,2013,13913.00182,95.84029,9.540579064654777,95.70773
geo,Georgia,2014,14475.31354,95.97155,9.580199963001078,95.84029
geo,Georgia,2015,14936.84341,96.10145,9.611586151891881,95.97155
geo,Georgia,2016,15442.95644,96.23064,9.644908284523561,96.10145
geo,Georgia,2017,16237.62422,96.35888,9.695086311142049,96.23064
geo,Georgia,2018,17228.67908,96.48628,9.754330662624932,96.35888
geo,Georgia,2019,18186.88165,96.61274,9.808455824710453,96.48628
geo,Georgia,2020,17031.14403,96.73828,9.742798948734555,96.61274
geo,Georgia,2021,18915.6534,96.87791,9.847745080483188,96.73828
geo,Georgia,2022,20966.52804,97.01646,9.950682542233858,96.87791
gha,Ghana,2000,3247.06701,65.51722,8.085507409401444,
gha,Ghana,2001,3299.50233,66.27248,8.101526926990829,65.51722
gha,Ghana,2002,3364.62378,67.28702,8.121071431965012,66.27248
gha,Ghana,2003,3454.94981,68.30364,8.147563209323463,67.28702
gha,Ghana,2004,3561.94033,69.32259,8.178060711884475,68.30364
gha,Ghana,2005,3683.02601,70.34284,8.211489978597701,69.32259
gha,Ghana,2006,3826.47521,71.36516,8.249699347723828,70.34284
gha,Ghana,2007,3899.59845,72.38928,8.268628865278373,71.36516
gha,Ghana,2008,4158.47667,73.41521,8.332904101097022,72.38928
gha,Ghana,2009,4260.95433,74.44221,8.35724843530119,73.41521
gha,Ghana,2010,4495.68917,75.47127,8.41087425439713,74.44221
gha,Ghana,2011,5005.36733,76.50164,8.518266081663608,75.47127
gha,Ghana,2012,5339.71322,77.5331,8.582927226392272,76.50164
gha,Ghana,2013,5593.77482,78.56515,8.629409619108294,77.5331
gha,Ghana,2014,5619.07233,79.59784,8.633921863426574,78.56515
gha,Ghana,2015,5607.36636,80.63116,8.631836433743002,79.59784
gha,Ghana,2016,5666.07795,81.66515,8.64225243779671,80.63116
gha,Ghana,2017,5993.63085,82.69957,8.69845265939349,81.66515
gha,Ghana,2018,6234.51208,83.73447,8.737855600040024,82.69957
gha,Ghana,2019,6508.24652,84.76962,8.7808253471544,83.73447
gha,Ghana,2020,6412.68542,85.80528,8.766033404460593,84.76962
gha,Ghana,2021,6607.50297,86.84125,8.79596109596756,85.80528
gha,Ghana,2022,6728.45414,87.87755,8.81410069937476,86.84125
gin,Guinea,2000,2188.59249,49.75328,7.6910139175611105,
gin,Guinea,2001,2261.24514,50.50364,7.723670887453464,49.75328
gin,Guinea,2002,2362.78757,51.2523,7.767597374711608,50.50364
gin,Guinea,2003,2357.32725,51.99963,7.765283735046492,51.2523
gin,Guinea,2004,2379.76742,52.74523,7.774758039201272,51.99963
gin,Guinea,2005,2421.05132,53.4891,7.791957154565514,52.74523
gin,Guinea,2006,2416.21988,54.23158,7.789959564847328,53.4891
gin,Guinea,2007,2539.14707,54.9723,7.839583504406804,54.23158
gin,Guinea,2008,2597.95859,55.71124,7.862481257919527,54.9723
gin,Guinea,2009,2522.31914,56.4484,7.832934050945693,55.71124
gin,Guinea,2010,2594.8305,57.1841,7.861276475547606,56.4484
gin,Guinea,2011,2673.40873,58.36031,7.891109615036642,57.1841
gin,Guinea,2012,2762.90351,59.5459,7.924037402127593,58.36031
gin,Guinea,2013,2802.56007,60.74079,7.938288589150142,59.5459
gin,Guinea,2014,2834.96634,61.94495,7.949785343075495,60.74079
gin,Guinea,2015,2869.85157,63.16257,7.962015589646222,61.94495
gin,Guinea,2016,3099.78874,64.39355,8.039089239763934,63.16257
gin,Guinea,2017,3332.76576,65.63776,8.11155779681015,64.39355
gin,Guinea,2018,3455.64513,66.8951,8.147764442360092,65.63776
gin,Guinea,2019,3557.46234,68.16513,8.17680274382224,66.8951
gin,Guinea,2020,3630.99331,69.44837,8.197261528944999,68.16513
gin,Guinea,2021,3738.80513,70.74436,8.226521355405486,69.44837
gin,Guinea,2022,3792.01069,72.05328,8.240651682463765,70.74436
gmb,Gambia,2000,2538.65544,71.75199,7.839389865524406,
gmb,Gambia,2001,2628.79005,72.47099,7.874278962278884,71.75199
gmb,Gambia,2002,2500.01615,73.1874,7.824052470835427,72.47099
gmb,Gambia,2003,2601.61094,73.8942,7.863886124449201,73.1874
gmb,Gambia,2004,2728.61837,74.57234,7.911550668496348,73.8942
gmb,Gambia,2005,2606.00889,75.24829,7.865575169037376,74.57234
gmb,Gambia,2006,2531.6846,75.92201,7.836640209944312,75.24829
gmb,Gambia,2007,2544.14242,76.59349,7.841548905597442,75.92201
gmb,Gambia,2008,2634.21604,77.2629,7.876340898681629,76.59349
gmb,Gambia,2009,2737.72235,77.92951,7.914881594570579,77.2629
gmb,Gambia,2010,2824.21259,78.59384,7.945984875524798,77.92951
gmb,Gambia,2011,2519.83983,79.25554,7.831950618961668,78.59384
gmb,Gambia,2012,2574.9351,79.91494,7.853579608896718,79.25554
gmb,Gambia,2013,2572.44729,80.5712,7.852612977702368,79.91494
gmb,Gambia,2014,2465.10971,81.22418,7.809991592585771,80.5712
gmb,Gambia,2015,2495.95742,81.87375,7.822427670048935,81.22418
gmb,Gambia,2016,2478.46056,82.51964,7.815392904483503,81.87375
gmb,Gambia,2017,2533.18684,83.16206,7.837233409618517,82.51964
gmb,Gambia,2018,2651.43282,83.80089,7.882855459654284,83.16206
gmb,Gambia,2019,2750.82132,84.43619,7.919654807888236,83.80089
gmb,Gambia,2020,2702.3192,85.06803,7.901865646257814,84.43619
gmb,Gambia,2021,2777.79621,85.69631,7.929413162092103,85.06803
gmb,Gambia,2022,2863.1805,86.32124,7.959688348867014,85.69631
gnb,Guinea-Bissau,2000,1903.68346,55.17973,7.551545951530247,
gnb,Guinea-Bissau,2001,1951.61367,55.63551,7.576411832426271,55.17973
gnb,Guinea-Bissau,2002,1974.42194,56.07668,7.588030945885957,55.63551
gnb,Guinea-Bissau,2003,1933.98218,56.50251,7.567336461906674,56.07668
gnb,Guinea-Bissau,2004,1921.90486,56.91331,7.561072087784756,56.50251
gnb,Guinea-Bissau,2005,2004.37282,57.30839,7.603086482825998,56.91331
gnb,Guinea-Bissau,2006,2015.43233,57.68868,7.608589007198239,57.30839
gnb,Guinea-Bissau,2007,2023.64221,58.05351,7.612654241065626,57.68868
gnb,Guinea-Bissau,2008,2068.09149,58.40316,7.634381475462103,58.05351
gnb,Guinea-Bissau,2009,2072.05371,58.73699,7.636295524858081,58.40316
gnb,Guinea-Bissau,2010,2138.02686,59.05613,7.667638654649199,58.73699
gnb,Guinea-Bissau,2011,2250.92052,59.35994,7.719094531531698,59.05613
gnb,Guinea-Bissau,2012,2154.30225,59.64864,7.675222168206618,59.35994
gnb,Guinea-Bissau,2013,2166.00798,59.92192,7.680641111764675,59.64864
gnb,Guinea-Bissau,2014,2130.19123,60.17997,7.663967034016269,59.92192
gnb,Guinea-Bissau,2015,2203.48514,60.42273,7.697795540442646,60.17997
gnb,Guinea-Bissau,2016,2265.5718,60.64989,7.725582456388038,60.42273
gnb,Guinea-Bissau,2017,2314.15796,60.86142,7.746801168172314,60.64989
gnb,Guinea-Bissau,2018,2344.86927,61.0575,7.759984930925527,60.86142
gnb,Guinea-Bissau,2019,2418.1041,61.23783,7.790739082357204,61.0575
gnb,Guinea-Bissau,2020,2413.67908,61.40237,7.788907451643545,61.23783
gnb,Guinea-Bissau,2021,2483.85063,61.55108,7.817565308395076,61.40237
gnb,Guinea-Bissau,2022,2564.42407,61.63635,7.849489198280252,61.55108
gnq,Equatorial Guinea,2000,12428.04693,51.09814,9.427711046656436,
gnq,Equatorial Guinea,2001,19105.05954,51.79044,9.857708476337804,51.09814
gnq,Equatorial Guinea,2002,21418.4856,52.542,9.972009641222245,51.79044
gnq,Equatorial Guinea,2003,22887.27786,53.35042,10.038336483201094,52.542
gnq,Equatorial Guinea,2004,29356.54335,54.21503,10.287270742486715,53.35042
gnq,Equatorial Guinea,2005,32249.49451,55.13172,10.381257647992552,54.21503
gnq,Equatorial Guinea,2006,33027.962,56.10058,10.40510981499772,55.13172
gnq,Equatorial Guinea,2007,36215.3295,57.11857,10.497237775027909,56.10058
gnq,Equatorial Guinea,2008,40526.68854,58.1838,10.609716012361387,57.11857
gnq,Equatorial Guinea,2009,38976.73346,59.29179,10.570720169139634,58.1838
gnq,Equatorial Guinea,2010,33668.87407,60.44136,10.424329071441546,59.29179
gnq,Equatorial Guinea,2011,34341.93426,61.62961,10.44412245959785,60.44136
gnq,Equatorial Guinea,2012,35711.49193,62.85389,10.48322781876926,61.62961
gnq,Equatorial Guinea,2013,32894.36932,63.67152,10.401056776817683,62.85389
gnq,Equatorial Guinea,2014,31765.89971,63.92648,10.366148657240963,63.67152
gnq,Equatorial Guinea,2015,27797.79428,64.1786,10.232711954084907,63.92648
gnq,Equatorial Guinea,2016,24435.06456,64.42552,10.10377445181249,64.1786
gnq,Equatorial Guinea,2017,22250.43892,64.66581,10.01011701414139,64.42552
grc,Greece,2000,30878.47385,99.75781,10.33781458096145,
grc,Greece,2001,32216.03115,99.77438,10.380219469441675,99.75781
grc,Greece,2002,33660.65195,99.79199,10.424084836244095,99.77438
grc,Greece,2003,35613.94532,99.80923,10.480492562608815,99.79199
grc,Greece,2004,37508.87544,99.8261,10.532332862354588,99.80923
grc,Greece,2005,37901.02852,99.8426,10.542733528433168,99.8261
grc,Greece,2006,40277.6367,99.85874,10.603551673313824,99.8426
grc,Greece,2007,41648.95477,99.87451,10.637031551721867,99.85874
grc,Greece,2008,41617.32244,99.88995,10.636271764384626,99.87451
grc,Greece,2009,39846.18215,99.90502,10.592781874108017,99.88995
grc,Greece,2010,37566.74837,99.91976,10.53387458624648,99.90502
grc,Greece,2011,33906.49174,99.93416,10.43136177179054,99.91976
grc,Greece,2012,31250.22686,99.94824,10.349781914658198,99.93416
grc,Greece,2013,30762.44322,99.96199,10.334049848943849,99.94824
grc,Greece,2014,31213.37651,99.97542,10.348602016212158,99.96199
grc,Greece,2015,31347.97657,99.98852,10.352905000756373,99.97542
grc,Greece,2016,31468.61985,100.0,10.356746133043364,99.98852
grc,Greece,2017,31995.41088,100.0,10.373347761497666,100.0
grc,Greece,2018,32722.33104,100.0,10.395813030232878,100.0
grc,Greece,2019,33502.75065,100.0,10.419382823397626,100.0
grc,Greece,2020,30487.11293,100.0,10.32505934642062,100.0
grc,Greece,2021,33531.15511,100.0,10.420230288911622,100.0
grc,Greece,2022,35906.61277,100.0,10.488676757235133,100.0
grd,Grenada,2000,11784.00236,93.30764,9.374498158414001,
grd,Grenada,2001,11474.64677,93.53995,9.347895251884147,93.30764
grd,Grenada,2002,11808.09279,93.77227,9.376540405041085,93.53995
grd,Grenada,2003,12852.81801,94.00458,9.461318366669655,93.77227
grd,Grenada,2004,12702.39748,94.2369,9.449546032583124,94.00458
grd,Grenada,2005,14316.43725,94.46921,9.569163614168868,94.2369
grd,Grenada,2006,13676.87097,94.70153,9.523461434750628,94.46921
grd,Grenada,2007,14444.55033,94.93384,9.578072482613093,94.70153
grd,Grenada,2008,14512.62241,95.16616,9.582774060768163,94.93384
grd,Grenada,2009,13490.53871,95.39847,9.509743882429664,95.16616
grd,Grenada,2010,13363.09203,95.63079,9.500251859683935,95.39847
grd,Grenada,2011,13406.05988,95.8631,9.503462113564648,95.63079
grd,Grenada,2012,13169.46048,95.97139,9.485655828066768,95.8631
grd,Grenada,2013,13394.52168,95.62865,9.50260107249455,95.97139
grd,Grenada,2014,14296.70914,95.62865,9.56778465969408,95.62865
grd,Grenada,2015,15145.97202,95.62865,9.625489902319625,95.62865
grd,Grenada,2016,15650.41172,95.62865,9.658252503609472,95.62865
grd,Grenada,2017,16301.47244,95.62865,9.699010716457337,95.62865
gtm,Guatemala,2000,8628.76971,87.50895,9.062857214239326,
gtm,Guatemala,2001,8647.82894,87.77526,9.06506357882739,87.50895
gtm,Guatemala,2002,8791.80193,88.03902,9.081574967394747,87.77526
gtm,Guatemala,2003,8830.89407,88.29666,9.086011542152832,88.03902
gtm,Guatemala,2004,8923.16468,88.54967,9.09640594740619,88.29666
gtm,Guatemala,2005,9031.22567,88.80014,9.108443370311974,88.54967
gtm,Guatemala,2006,9328.01386,89.0482,9.140777394438226,88.80014
gtm,Guatemala,2007,9726.22375,89.294,9.182580996045607,89.0482
gtm,Guatemala,2008,9857.30345,89.53753,9.195967926420355,89.294
gtm,Guatemala,2009,9724.45031,89.77842,9.182398643495823,89.53753
gtm,Guatemala,2010,9825.0174,90.01717,9.19268720772826,89.77842
gtm,Guatemala,2011,10032.08835,90.25342,9.213544069652103,90.01717
gtm,Guatemala,2012,10126.82807,90.48743,9.222943425800985,90.25342
gtm,Guatemala,2013,10297.83929,90.72038,9.239689374541411,90.48743
gtm,Guatemala,2014,10553.56393,90.95219,9.264218895128298,90.72038
gtm,Guatemala,2015,10785.95815,91.18294,9.286000395859977,90.95219
gtm,Guatemala,2016,10872.59368,91.41221,9.294000560668291,91.18294
gtm,Guatemala,2017,11005.45908,91.64009,9.306146708674317,91.41221
gtm,Guatemala,2018,11192.37173,91.86647,9.322987729696536,91.64009
gtm,Guatemala,2019,11466.37626,92.09105,9.347174228209877,91.86647
gtm,Guatemala,2020,11097.15007,92.31382,9.314443603883936,92.09105
gtm,Guatemala,2021,11825.14092,92.53467,9.377983130413861,92.31382
gtm,Guatemala,2022,12147.9306,92.7535,9.404914113274774,92.53467
guy,Guyana,2000,7728.71826,89.32113,8.952698314120047,
guy,Guyana,2001,7940.0353,89.5993,8.979673000075127,89.32113
guy,Guyana,2002,8068.25115,89.87835,8.995692027741807,89.5993
guy,Guyana,2003,8052.1375,90.14739,8.993692863116612,89.87835
guy,Guyana,2004,8215.14184,90.41579,9.013734296299186,90.14739
guy,Guyana,2005,8099.96146,90.68663,8.999614582624519,90.41579
guy,Guyana,2006,8568.65446,90.95997,9.055865993430814,90.68663
guy,Guyana,2007,9244.30508,91.23571,9.131762973878676,90.95997
guy,Guyana,2008,9471.54647,91.51386,9.15604747485414,91.23571
guy,Guyana,2009,9884.66399,91.79444,9.198739743120049,91.51386
guy,Guyana,2010,10374.39476,92.07738,9.247096007011724,91.79444
guy,Guyana,2011,10958.85988,92.36266,9.301903529543528,92.07738
guy,Guyana,2012,11534.99856,92.66093,9.353141045770395,92.36266
guy,Guyana,2013,11896.90699,92.95924,9.38403372850867,92.66093
guy,Guyana,2014,12030.05293,93.25812,9.395163208792795,92.95924
guy,Guyana,2015,12040.08253,93.55731,9.395996573490482,93.25812
guy,Guyana,2016,12420.47247,93.85667,9.427101395826728,93.55731
guy,Guyana,2017,12801.64085,94.15601,9.457328633098143,93.85667
guy,Guyana,2018,12980.3576,94.45507,9.471192539955625,94.15601
guy,Guyana,2019,13402.42195,94.75371,9.503190712144352,94.45507
guy,Guyana,2020,19234.1302,95.0517,9.864441594512279,94.75371
guy,Guyana,2021,22865.9271,95.34884,10.037403181957238,95.0517
guy,Guyana,2022,37068.19938,95.64494,10.52051472145547,95.34884
hnd,Honduras,2000,4561.67337,85.70096,8.425444802297735,
hnd,Honduras,2001,4567.90827,86.20428,8.426810670135971,85.70096
hnd,Honduras,2002,4621.84604,86.72889,8.438549480024227,86.20428
hnd,Honduras,2003,4714.39261,87.20315,8.458375365984718,86.72889
hnd,Honduras,2004,4888.62686,87.67181,8.494666737309636,87.20315
hnd,Honduras,2005,5062.7798,88.13396,8.529670979023315,87.67181
hnd,Honduras,2006,5270.98125,88.59033,8.569971819649108,88.13396
hnd,Honduras,2007,5470.17678,89.04057,8.607066212992528,88.59033
hnd,Honduras,2008,5573.82136,89.48488,8.62583615873033,89.04057
hnd,Honduras,2009,5317.86049,89.92277,8.578826337912414,89.48488
hnd,Honduras,2010,5396.07228,90.35474,8.59342661234542,89.92277
hnd,Honduras,2011,5488.43372,90.78036,8.610398196895211,90.35474
hnd,Honduras,2012,5600.60776,91.2001,8.63063039940587,90.78036
hnd,Honduras,2013,5644.13385,91.61341,8.638372028141534,91.2001
hnd,Honduras,2014,5705.16246,92.02073,8.64912673866548,91.61341
hnd,Honduras,2015,5812.53489,92.42145,8.667772052458242,92.02073
hnd,Honduras,2016,5926.49025,92.81589,8.687187453365077,92.42145
hnd,Honduras,2017,6099.60735,93.20397,8.71597967923718,92.81589
hnd,Honduras,2018,6219.27974,93.58565,8.735409381600533,93.20397
hnd,Honduras,2019,6264.01884,93.961,8.74257724532895,93.58565
hnd,Honduras,2020,5603.26398,94.33011,8.6311045605015,93.961
hnd,Honduras,2021,6202.98079,94.69295,8.73278522807972,94.33011
hnd,Honduras,2022,6352.5871,95.0904,8.75661742623767,94.69295
hrv,Croatia,2000,20744.13228,98.64513,9.940018703981817,
hrv,Croatia,2001,22211.13259,98.65136,10.00834891018532,98.64513
hrv,Croatia,2002,23571.12738,98.76254,10.067777825927585,98.65136
hrv,Croatia,2003,24989.31837,98.87296,10.126203747346555,98.76254
hrv,Croatia,2004,26127.9304,98.97927,10.170760151397758,98.87296
hrv,Croatia,2005,27321.1578,99.08479,10.215416691996124,98.97927
hrv,Croatia,2006,28790.69754,99.18951,10.267807611864296,99.08479
hrv,Croatia,2007,30337.54416,99.29344,10.320141305658025,99.18951
hrv,Croatia,2008,31012.22676,99.39657,10.342136817320371,99.29344
hrv,Croatia,2009,28981.8043,99.49892,10.274423474116023,99.39657
hrv,Croatia,2010,28704.52721,99.60046,10.264810131816382,99.49892
hrv,Croatia,2011,28775.64882,99.70121,10.267284781381058,99.60046
hrv,Croatia,2012,28260.83662,99.80122,10.249232260188144,99.70121
hrv,Croatia,2013,28401.68535,99.90038,10.254203765698412,99.80122
hrv,Croatia,2014,28460.72957,99.90057,10.256280506241486,99.90038
hrv,Croatia,2015,29471.75209,99.90077,10.291187527306842,99.90057
hrv,Croatia,2016,30824.85989,99.90098,10.336076782685637,99.90077
hrv,Croatia,2017,32351.87222,99.90121,10.384427172133861,99.90098
hrv,Croatia,2018,33730.87456,99.90145,10.426168855973344,99.90121
hrv,Croatia,2019,35123.48766,99.90171,10.466625349766053,99.90145
hrv,Croatia,2020,32493.62543,99.90198,10.388799208464357,99.90171
hrv,Croatia,2021,36930.47013,99.90226,10.516792238066149,99.90198
hrv,Croatia,2022,39861.78946,99.90256,10.593173486386794,99.90226
hti,Haiti,2000,3044.25409,54.39128,8.02101118790268,
hti,Haiti,2001,3002.41933,55.63707,8.007173685982874,54.39128
hti,Haiti,2002,3001.23422,56.86898,8.006778889712395,55.63707
hti,Haiti,2003,3067.16904,58.08342,8.028510278343722,56.86898
hti,Haiti,2004,2993.79455,58.97001,8.004296942050592,58.08342
hti,Haiti,2005,3055.95983,59.80483,8.024849005566512,58.97001
hti,Haiti,2006,3082.35804,60.62475,8.033450180450023,59.80483
hti,Haiti,2007,3194.91253,61.42852,8.069314989285074,60.62475
hti,Haiti,2008,3246.74698,62.21747,8.085408844828837,61.42852
hti,Haiti,2009,3403.47309,62.98881,8.132551686289979,62.21747
hti,Haiti,2010,3195.24821,63.74429,8.06942005080511,62.98881
hti,Haiti,2011,3320.34681,64.48323,8.107824517298253,63.74429
hti,Haiti,2012,3285.70755,65.20578,8.097337295853873,64.48323
hti,Haiti,2013,3376.63982,65.91056,8.124636357901354,65.20578
hti,Haiti,2014,3423.65318,66.5989,8.138463441243514,65.91056
hti,Haiti,2015,3422.09749,67.27022,8.13800894323394,66.5989
hti,Haiti,2016,3435.73122,67.92007,8.141985055364575,67.27022
hti,Haiti,2017,3474.34693,68.54712,8.15316180652417,67.92007
hti,Haiti,2018,3485.69688,69.15226,8.15642326877089,68.54712
hti,Haiti,2019,3381.58479,69.73601,8.126099751371635,69.15226
hti,Haiti,2020,3229.47554,70.48808,8.080075031515992,69.73601
hti,Haiti,2021,3134.95015,71.22169,8.05036855182417,70.48808
hti,Haiti,2022,3047.65179,71.93723,8.022126668154424,71.22169
hun,Hungary,2000,21395.97367,93.89585,9.970958037046532,
hun,Hungary,2001,22440.53385,94.1936,10.018624149460605,93.89585
hun,Hungary,2002,23689.88094,94.51336,10.07280327139094,94.1936
hun,Hungary,2003,24810.57948,94.82986,10.119025433124087,94.51336
hun,Hungary,2004,26212.32986,95.14326,10.173985184392734,94.82986
hun,Hungary,2005,27496.65624,95.45739,10.221819684989118,95.14326
hun,Hungary,2006,28710.4327,95.77152,10.26501584440523,95.45739
hun,Hungary,2007,28925.20692,96.0815,10.272468705709583,95.77152
hun,Hungary,2008,29319.78459,96.38735,10.286017809111389,96.0815
hun,Hungary,2009,27424.58359,96.68911,10.219195101436545,96.38735
hun,Hungary,2010,27801.83382,96.98423,10.232857262251352,96.68911
hun,Hungary,2011,28415.11734,97.27586,10.254676583231758,96.98423
hun,Hungary,2012,28179.65646,97.55974,10.246355594462818,97.27586
hun,Hungary,2013,28891.02175,97.83985,10.271286159743852,97.55974
hun,Hungary,2014,30264.94923,98.1179,10.317745530809098,97.83985
hun,Hungary,2015,31485.56754,98.39388,10.357284546486918,98.1179
hun,Hungary,2016,32378.9675,98.66795,10.385264339755961,98.39388
hun,Hungary,2017,33828.71494,98.94001,10.429065275241864,98.66795
hun,Hungary,2018,35798.04128,99.21004,10.485648458042826,98.94001
hun,Hungary,2019,37662.67681,99.47795,10.536424878017646,99.21004
hun,Hungary,2020,36119.52117,99.74372,10.494588750798533,99.47795
hun,Hungary,2021,38887.19095,99.97225,10.56842019389048,99.74372
hun,Hungary,2022,40656.96868,100.0,10.612925531525613,99.97225
idn,Indonesia,2000,6206.67205,75.77555,8.733380129509511,
idn,Indonesia,2001,6331.96468,76.77505,8.753365842968922,75.77555
idn,Indonesia,2002,6514.41786,77.76483,8.781773131767732,76.77505
idn,Indonesia,2003,6721.55555,78.74458,8.813074887384444,77.76483
idn,Indonesia,2004,6954.3854,79.71467,8.847127732372337,78.74458
idn,Indonesia,2005,7239.70057,80.67395,8.8873351267897,79.71467
idn,Indonesia,2006,7518.89093,81.62304,8.925173923354475,80.67395
idn,Indonesia,2007,7870.61403,82.56148,8.970891359968938,81.62304
idn,Indonesia,2008,8216.98862,83.48963,9.013959072996554,82.56148
idn,Indonesia,2009,8463.00413,84.39133,9.043459487676603,83.48963
idn,Indonesia,2010,8848.22474,85.16619,9.087972123529955,84.39133
idn,Indonesia,2011,9274.96955,85.63781,9.135074604451379,85.16619
idn,Indonesia,2012,9708.61182,86.07459,9.180768587110364,85.63781
idn,Indonesia,2013,10121.81415,86.49724,9.222448190609608,86.07459
idn,Indonesia,2014,10504.38694,86.90656,9.25954825269943,86.49724
idn,Indonesia,2015,10893.66211,87.30237,9.295936441306926,86.90656
idn,Indonesia,2016,11319.66343,87.68499,9.334296618983004,87.30237
idn,Indonesia,2017,11772.57433,88.05413,9.373527895964841,87.68499
idn,Indonesia,2018,12262.23103,88.41042,9.414279169280356,88.05413
idn,Indonesia,2019,12757.78509,88.75389,9.453896959543231,88.41042
idn,Indonesia,2020,12388.54493,89.08516,9.42452752866292,88.75389
idn,Indonesia,2021,12757.07464,89.40411,9.453841270426558,89.08516
idn,Indonesia,2022,13334.26539,89.71135,9.498092346234776,89.40411
ind,India,2000,3176.02294,79.49189,8.063385045262855,
ind,India,2001,3260.4152,80.06599,8.089609828214098,79.49189
ind,India,2002,3312.59814,80.76849,8.105488097025413,80.06599
ind,India,2003,3502.41996,81.46934,8.161209425701651,80.76849
ind,India,2004,3706.63429,82.16863,8.217879544386086,81.46934
ind,India,2005,3925.41317,82.866,8.275226890918445,82.16863
ind,India,2006,4167.70953,83.56155,8.335121890505667,82.866
ind,India,2007,4410.92781,84.25534,8.391840334067593,83.56155
ind,India,2008,4474.6522,84.94731,8.406183907018157,84.25534
ind,India,2009,4744.01134,85.63715,8.464638331062563,84.94731
ind,India,2010,5059.28271,86.32492,8.528979995316053,85.63715
ind,India,2011,5249.54926,87.01067,8.565897496661803,86.32492
ind,India,2012,5460.43769,87.69519,8.605284228529731,87.01067
ind,India,2013,5732.24189,88.37814,8.653861987987886,87.69519
ind,India,2014,6079.84393,89.0594,8.712734305222853,88.37814
ind,India,2015,6488.14603,89.73871,8.77773210324849,89.0594
ind,India,2016,6940.62589,90.41583,8.845147235313311,89.73871
ind,India,2017,7326.60694,91.09058,8.899267787299951,90.41583
ind,India,2018,7714.33975,91.76265,8.950836181096195,91.09058
ind,India,2019,7930.09113,92.43178,8.978419806366142,91.76265
ind,India,2020,7399.53068,93.09773,8.909171855559403,92.43178
ind,India,2021,8050.01858,93.76028,8.99342967848448,93.09773
ind,India,2022,8594.39191,94.41913,9.058865166041269,93.76028
irl,Ireland,2000,53465.98999,96.64322,10.886801029618972,
irl,Ireland,2001,55573.33959,96.66367,10.925458861462996,96.64322
irl,Ireland,2002,57938.15556,96.68394,10.967131437195654,96.66367
irl,Ireland,2003,58832.30607,96.70387,10.98244640596837,96.68394
irl,Ireland,2004,61737.45623,96.72363,11.030646095879202,96.70387
irl,Ireland,2005,63909.85596,96.74324,11.06522886884739,96.72363
irl,Ireland,2006,65357.44119,96.76281,11.08762657928772,96.74324
irl,Ireland,2007,66810.4223,96.78273,11.10961436980959,96.76281
irl,Ireland,2008,62507.26896,96.80254,11.043038132321781,96.78273
irl,Ireland,2009,58687.01334,96.82224,10.97997374352007,96.80254
irl,Ireland,2010,59285.80833,96.84183,10.99012523644542,96.82224
irl,Ireland,2011,60001.07784,96.86129,11.002117805042888,96.84183
irl,Ireland,2012,59508.99655,96.88064,10.99388278262478,96.86129
irl,Ireland,2013,60494.16275,96.89989,11.01030215589303,96.88064
irl,Ireland,2014,65660.18276,96.91901,11.0922479744815,96.89989
irl,Ireland,2015,81053.35278,96.93804,11.30286289311885,96.91901
irl,Ireland,2016,80997.58278,96.95693,11.302174590987066,96.93804
irl,Ireland,2017,87942.44526,96.97558,11.384437848352315,96.95693
irl,Ireland,2018,93214.33538,96.99395,11.44265680193579,96.97558
irl,Ireland,2019,96369.64458,97.01205,11.47594654076133,96.99395
irl,Ireland,2020,101970.8126,97.02985,11.532441900337012,97.01205
irl,Ireland,2021,116903.6124,97.04737,11.669105048608035,97.02985
irl,Ireland,2022,124489.3785,97.06457,11.731975677994505,97.04737
irn,Iran,2000,11078.79502,94.20872,9.31278820167969,
irn,Iran,2001,11220.21075,94.41274,9.325471962322741,94.20872
irn,Iran,2002,12020.63785,94.61211,9.394380272405057,94.41274
irn,Iran,2003,12912.95251,94.80689,9.465986157150738,94.61211
irn,Iran,2004,13212.9011,94.99703,9.488948987333604,94.80689
irn,Iran,2005,13332.7353,95.1825,9.49797759092206,94.99703
irn,Iran,2006,13683.97852,95.36336,9.523980976379805,95.1825
irn,Iran,2007,14503.56106,95.53549,9.582149488601122,95.36336
irn,Iran,2008,14299.90427,95.70147,9.568008121819997,95.53549
irn,Iran,2009,14196.07393,95.86354,9.560720721557843,95.70147
irn,Iran,2010,14737.15585,96.02183,9.59812719257975,95.86354
irn,Iran,2011,14941.25949,96.1763,9.611881758346344,96.02183
irn,Iran,2012,14202.55076,96.32616,9.561176858443554,96.1763
irn,Iran,2013,13804.7913,96.47182,9.532771006539006,96.32616
irn,Iran,2014,14299.57177,96.61411,9.567984869645757,96.47182
irn,Iran,2015,13905.19212,96.75292,9.540017583185346,96.61411
irn,Iran,2016,14915.59412,96.88838,9.610162529879945,96.75292
irn,Iran,2017,15108.10941,97.02044,9.622986925664744,96.88838
irn,Iran,2018,14642.49757,97.14902,9.591683372008657,97.02044
irn,Iran,2019,14040.66465,97.27418,9.549713016202901,97.14902
irn,Iran,2020,14397.15357,97.39606,9.57478579727505,97.27418
irn,Iran,2021,14951.89487,97.51463,9.612593317944281,97.39606
irn,Iran,2022,15331.33294,97.63014,9.637653917857637,97.51463
irq,Iraq,2000,11077.40844,80.84652,9.312663037636643,
irq,Iraq,2001,11281.38854,81.73641,9.330909614993903,80.84652
irq,Iraq,2002,10419.00416,82.62604,9.251386740682667,81.73641
irq,Iraq,2003,6643.82597,83.5154,8.80144327683203,82.62604
irq,Iraq,2004,10009.42461,84.40449,9.21128238913866,83.5154
irq,Iraq,2005,9965.0217,85.29329,9.2068364102662,84.40449
irq,Iraq,2006,10505.07578,86.18151,9.259613826960841,85.29329
irq,Iraq,2007,10821.91478,87.06975,9.289328503471989,86.18151
irq,Iraq,2008,11510.66647,87.95768,9.351029403601702,87.06975
irq,Iraq,2009,11483.00489,88.84505,9.348623385623002,87.95768
irq,Iraq,2010,11816.84102,89.74768,9.37728099804932,88.84505
irq,Iraq,2011,12267.58489,90.65622,9.414715687850448,89.74768
irq,Iraq,2012,13357.01439,91.56041,9.49979694831425,90.65622
irq,Iraq,2013,13712.93171,92.46028,9.526094587041417,91.56041
irq,Iraq,2014,13536.82277,93.35602,9.513168863834439,92.46028
irq,Iraq,2015,13516.0272,94.24759,9.511631460261869,93.35602
irq,Iraq,2016,15016.09206,95.13617,9.616877709041372,94.24759
irq,Iraq,2017,14417.63069,96.02131,9.576207090126825,95.13617
irq,Iraq,2018,14456.23571,96.9024,9.578881137479478,96.02131
irq,Iraq,2019,14910.22503,97.77878,9.609802500200225,96.9024
irq,Iraq,2020,12827.63454,98.3599,9.459357071164936,97.77878
irq,Iraq,2021,12731.75358,98.37116,9.451854433832027,98.3599
irq,Iraq,2022,13433.39772,98.38285,9.505499252307287,98.37116
isl,Iceland,2000,47246.03444,100.0,10.763124002204037,
isl,Iceland,2001,48512.34196,100.0,10.789573517954771,100.0
isl,Iceland,2002,48372.8176,100.0,10.78669331510252,100.0
isl,Iceland,2003,49126.5233,100.0,10.802154357342204,100.0
isl,Iceland,2004,52559.42353,100.0,10.869699685252074,100.0
isl,Iceland,2005,54980.31234,100.0,10.914730442678,100.0
isl,Iceland,2006,57117.16946,100.0,10.952860041513905,100.0
isl,Iceland,2007,60501.51448,100.0,11.010423676432891,100.0
isl,Iceland,2008,60768.62733,100.0,11.014828936919706,100.0
isl,Iceland,2009,56013.04234,100.0,10.933339841529113,100.0
isl,Iceland,2010,54588.97093,100.0,10.907587143709682,100.0
isl,Iceland,2011,55426.99198,100.0,10.922821973937916,100.0
isl,Iceland,2012,55719.26096,100.0,10.928081164345624,100.0
isl,Iceland,2013,57707.42212,100.0,10.963141077152628,100.0
isl,Iceland,2014,58031.85868,100.0,10.968747426311557,100.0
isl,Iceland,2015,59978.33157,100.0,11.001738635477302,100.0
isl,Iceland,2016,62880.26272,100.0,11.048987605211408,100.0
isl,Iceland,2017,63999.16047,100.0,11.066625244599521,100.0
isl,Iceland,2018,65354.26157,100.0,11.087577928402856,100.0
isl,Iceland,2019,65122.75495,100.0,11.084029305524803,100.0
isl,Iceland,2020,59627.24234,100.0,10.995867834862958,100.0
isl,Iceland,2021,61610.21327,100.0,11.028582935615999,100.0
isl,Iceland,2022,65475.41129,100.0,11.089429950990395,100.0
isr,Israel,2000,33488.81062,100.0,10.418966650675662,
isr,Israel,2001,32762.75697,100.0,10.397047691019445,100.0
isr,Israel,2002,32038.41724,100.0,10.374691000461477,100.0
isr,Israel,2003,31879.17651,100.0,10.369708301642046,100.0
isr,Israel,2004,32759.1433,100.0,10.396937386831416,100.0
isr,Israel,2005,33568.67104,100.0,10.421348501463328,100.0
isr,Israel,2006,34810.44561,100.0,10.4576727819301,100.0
isr,Israel,2007,36342.26407,100.0,10.50073664243102,100.0
isr,Israel,2008,36838.58616,100.0,10.514301111782633,100.0
isr,Israel,2009,36410.47315,100.0,10.502611736141347,100.0
isr,Israel,2010,37722.40999,100.0,10.538009626275874,100.0
isr,Israel,2011,39075.37538,100.0,10.573247761897404,100.0
isr,Israel,2012,39299.35155,100.0,10.578963297721225,100.0
isr,Israel,2013,40148.77745,100.0,10.600347269347177,100.0
isr,Israel,2014,40872.58084,100.0,10.618214722105584,100.0
isr,Israel,2015,40967.37076,100.0,10.620531193719607,100.0
isr,Israel,2016,41963.6758,100.0,10.644559661151911,100.0
isr,Israel,2017,42947.05867,100.0,10.667723442413108,100.0
isr,Israel,2018,43814.295,100.0,10.687715412980493,100.0
isr,Israel,2019,44580.80788,100.0,10.705058728803474,100.0
isr,Israel,2020,42915.94169,100.0,10.666998637054997,100.0
isr,Israel,2021,46162.08227,100.0,10.739914009999918,100.0
isr,Israel,2022,48098.18724,100.0,10.78099976806558,100.0
ita,Italy,2000,49342.92612,99.55706,10.806549693553885,
ita,Italy,2001,50434.86202,99.58277,10.82843792168664,99.55706
ita,Italy,2002,50612.1286,99.60848,10.831946522205318,99.58277
ita,Italy,2003,50510.92632,99.6342,10.82994495463268,99.60848
ita,Italy,2004,51002.70778,99.65991,10.839634004022532,99.6342
ita,Italy,2005,51210.1026,99.68562,10.843692107969527,99.65991
ita,Italy,2006,52029.1946,99.71133,10.8595602746335,99.68562
ita,Italy,2007,52557.3651,99.73705,10.86966052062334,99.71133
ita,Italy,2008,51693.55748,99.76276,10.853088439191957,99.73705
ita,Italy,2009,48725.66832,99.78847,10.79396124044383,99.76276
ita,Italy,2010,49301.69591,99.81418,10.805713759236282,99.78847
ita,Italy,2011,49473.01492,99.8399,10.809182646775474,99.81418
ita,Italy,2012,47795.95794,99.86561,10.7746963529793,99.8399
ita,Italy,2013,46833.36153,99.89132,10.754351081151704,99.86561
ita,Italy,2014,46825.65112,99.91703,10.754186432608028,99.89132
ita,Italy,2015,47311.82553,99.91703,10.764515554437505,99.91703
ita,Italy,2016,47987.83796,99.91703,10.778702881951615,99.91703
ita,Italy,2017,48849.21835,99.91703,10.79649365631937,99.91703
ita,Italy,2018,49133.14353,99.91703,10.802289107036023,99.91703
ita,Italy,2019,49690.62985,99.91703,10.813571660104682,99.91703
ita,Italy,2020,45505.06887,99.91703,10.72557900247037,99.91703
ita,Italy,2021,49825.39341,99.91703,10.816280040885248,99.91703
ita,Italy,2022,52333.32743,99.91703,10.86538868285978,99.91703
jam,Jamaica,2000,9400.15259,93.04477,9.148481201105065,
jam,Jamaica,2001,9485.24573,93.23146,9.157492789255457,93.04477
jam,Jamaica,2002,9619.29863,93.4127,9.171526633517464,93.23146
jam,Jamaica,2003,9930.79875,93.59166,9.203396191870716,93.4127
jam,Jamaica,2004,10020.77669,93.54427,9.212415885606859,93.59166
jam,Jamaica,2005,10069.94372,93.4959,9.217310396819135,93.54427
jam,Jamaica,2006,10322.36829,93.35517,9.242068498172909,93.4959
jam,Jamaica,2007,10432.74762,93.05019,9.252704947626155,93.35517
jam,Jamaica,2008,10313.15241,92.74263,9.241175292641854,93.05019
jam,Jamaica,2009,9833.36045,92.43233,9.193536011283118,92.74263
jam,Jamaica,2010,9654.07238,92.1194,9.175135113602732,92.43233
jam,Jamaica,2011,9778.69454,91.80394,9.18796127150168,92.1194
jam,Jamaica,2012,9676.84757,91.4872,9.177491462974304,91.80394
jam,Jamaica,2013,9687.6083,91.16916,9.178602852953953,91.4872
jam,Jamaica,2014,9719.3039,90.84973,9.181869279663655,91.16916
jam,Jamaica,2015,9778.11854,90.52873,9.18790236619867,90.84973
jam,Jamaica,2016,9886.55139,90.20614,9.198930667144644,90.52873
jam,Jamaica,2017,9964.39102,89.88181,9.206773118887867,90.20614
jam,Jamaica,2018,10137.11105,89.55572,9.223958330240023,89.88181
jam,Jamaica,2019,10216.06554,89.22772,9.231716813118577,89.55572
jam,Jamaica,2020,9178.32078,88.89773,9.124599545313718,89.22772
jam,Jamaica,2021,9577.16421,88.56567,9.167136815662605,88.89773
jam,Jamaica,2022,10072.04853,88.23149,9.217519394020757,88.56567
jor,Jordan,2000,8357.11725,98.37543,9.030868820057377,
jor,Jordan,2001,8607.27196,98.40483,9.060362701687172,98.37543
jor,Jordan,2002,8899.22011,98.43422,9.093718923790778,98.40483
jor,Jordan,2003,9045.26045,98.46358,9.109996192329147,98.43422
jor,Jordan,2004,9557.49136,98.49294,9.165080561568066,98.46358
jor,Jordan,2005,10046.66254,98.54943,9.214995772762459,98.49294
jor,Jordan,2006,10168.39047,98.61204,9.227039213980897,98.54943
jor,Jordan,2007,10320.72267,98.67116,9.241909062746627,98.61204
jor,Jordan,2008,10750.43681,98.72701,9.282701666218664,98.67116
jor,Jordan,2009,10993.70439,98.7796,9.305078059756399,98.72701
jor,Jordan,2010,10953.53763,98.82927,9.30141775430125,98.7796
jor,Jordan,2011,10977.48205,98.87614,9.303601367271703,98.82927
jor,Jordan,2012,11086.02994,98.92042,9.313441030679693,98.87614
jor,Jordan,2013,10799.35381,98.9622,9.287241578914873,98.92042
jor,Jordan,2014,10148.9981,99.00175,9.225130270238239,98.9622
jor,Jordan,2015,9581.68923,99.02912,9.16760918423083,99.00175
jor,Jordan,2016,9321.90451,99.0561,9.140122233370246,99.02912
jor,Jordan,2017,9339.8104,99.08263,9.142041231230978,99.0561
jor,Jordan,2018,9311.53116,99.11244,9.139008820765575,99.08263
jor,Jordan,2019,9288.52709,99.142,9.136535271336868,99.11244
jor,Jordan,2020,9022.6393,99.17127,9.107492175577589,99.142
jor,Jordan,2021,9182.49616,99.20032,9.125054359506967,99.17127
jor,Jordan,2022,9266.57538,99.22914,9.13416915988296,99.20032
jpn,Japan,2000,39728.19279,98.51961,10.589816360484864,
jpn,Japan,2001,39710.67857,98.51961,10.589375412118304,98.51961
jpn,Japan,2002,39564.31383,98.51961,10.585682825039372,98.51961
jpn,Japan,2003,40010.84597,98.51961,10.59690584559176,98.51961
jpn,Japan,2004,40794.08013,98.51961,10.616292255012036,98.51961
jpn,Japan,2005,41444.59908,98.55454,10.632112852435588,98.51961
jpn,Japan,2006,41913.04913,98.58946,10.643352492507923,98.55454
jpn,Japan,2007,42413.86819,98.62439,10.655230667693893,98.58946
jpn,Japan,2008,41799.93643,98.65931,10.640650097698295,98.62439
jpn,Japan,2009,39354.08421,98.69423,10.5803550403274,98.65931
jpn,Japan,2010,40881.79724,98.72916,10.618440187707684,98.69423
jpn,Japan,2011,40967.34314,98.76408,10.620530519524296,98.72916
jpn,Japan,2012,41596.9238,98.79901,10.635781496399748,98.76408
jpn,Japan,2013,42492.24396,98.83393,10.657076843199436,98.79901
jpn,Japan,2014,42674.69763,98.86885,10.661361462224534,98.83393
jpn,Japan,2015,43386.71007,98.90378,10.677908453608453,98.86885
jpn,Japan,2016,43736.13051,98.9387,10.68592982461099,98.90378
jpn,Japan,2017,44505.27926,98.97362,10.703363096173929,98.9387
jpn,Japan,2018,44848.48994,99.00855,10.711045197800837,98.97362
jpn,Japan,2019,44730.91028,99.04347,10.708420046767555,99.00855
jpn,Japan,2020,42992.47964,99.0784,10.66878048728727,99.04347
jpn,Japan,2021,44355.34872,99.11332,10.699988582946101,99.0784
jpn,Japan,2022,44972.34384,99.14824,10.713802998486603,99.11332
kaz,Kazakhstan,2000,12862.60587,90.03074,9.462079611012221,
kaz,Kazakhstan,2001,14550.60782,90.45431,9.585388046297552,90.03074
kaz,Kazakhstan,2002,15912.74277,90.82035,9.674875499308591,90.45431
kaz,Kazakhstan,2003,17309.4469,91.1853,9.75900769503122,90.82035
kaz,Kazakhstan,2004,18862.0876,91.54914,9.844909239351342,91.1853
kaz,Kazakhstan,2005,20549.64174,91.91189,9.930598786195771,91.54914
kaz,Kazakhstan,2006,22565.38931,92.27355,10.024172564937444,91.91189
kaz,Kazakhstan,2007,24348.27497,92.63409,10.100216282880094,92.27355
kaz,Kazakhstan,2008,24896.57281,92.99354,10.122485434827189,92.63409
kaz,Kazakhstan,2009,24903.34199,93.35189,10.122757289912439,92.99354
kaz,Kazakhstan,2010,26374.84077,93.70903,10.180165833603747,93.35189
kaz,Kazakhstan,2011,27946.16034,94.06517,10.238035093117672,93.70903
kaz,Kazakhstan,2012,28881.24176,94.4202,10.270947589312325,94.06517
kaz,Kazakhstan,2013,30177.48872,94.77413,10.314851518786794,94.4202
kaz,Kazakhstan,2014,30986.43792,95.12687,10.341304901290552,94.77413
kaz,Kazakhstan,2015,30893.75949,95.47858,10.338309484237096,95.12687
kaz,Kazakhstan,2016,30758.32273,95.74658,10.333915894499604,95.47858
kaz,Kazakhstan,2017,31524.44163,95.99702,10.358518448701638,95.74658
kaz,Kazakhstan,2018,32330.22745,96.30608,10.383757905956099,95.99702
kaz,Kazakhstan,2019,33298.21237,96.61448,10.413258991944991,96.30608
kaz,Kazakhstan,2020,32011.54915,96.92177,10.373852027606677,96.61448
kaz,Kazakhstan,2021,32945.85157,97.22752,10.402620631245762,96.92177
kaz,Kazakhstan,2022,33506.26149,97.53134,10.419487610496885,97.22752
ken,Kenya,2000,3555.83431,45.36002,8.17634500106005,
ken,Kenya,2001,3606.92492,46.23005,8.190610865605116,45.36002
ken,Kenya,2002,3540.94796,47.09799,8.172149755590468,46.23005
ken,Kenya,2003,3558.41524,47.96372,8.177070567430778,47.09799
ken,Kenya,2004,3646.91912,48.82715,8.201638013430875,47.96372
ken,Kenya,2005,3766.38292,49.68723,8.233870382221351,48.82715
ken,Kenya,2006,3908.48133,50.54483,8.270904170880396,49.68723
ken,Kenya,2007,4071.14989,51.39982,8.311680766788577,50.54483
ken,Kenya,2008,3975.48846,52.25212,8.2879029025578,51.39982
ken,Kenya,2009,3999.46025,53.10073,8.293914693497145,52.25212
ken,Kenya,2010,4211.52463,53.94644,8.345580006010904,53.10073
ken,Kenya,2011,4307.10612,54.79128,8.368021523710409,53.94644
ken,Kenya,2012,4387.9379,55.63461,8.386614669061613,54.79128
ken,Kenya,2013,4443.37122,56.47706,8.39916865109995,55.63461
ken,Kenya,2014,4558.55155,57.3176,8.424760209505493,56.47706
ken,Kenya,2015,4679.62183,58.15643,8.450972580091191,57.3176
ken,Kenya,2016,4770.31046,58.99333,8.470166667718267,58.15643
ken,Kenya,2017,4846.86211,59.8281,8.486086786915848,58.99333
ken,Kenya,2018,5017.66785,60.6609,8.520720533025756,59.8281
ken,Kenya,2019,5171.71264,61.49076,8.55095917763667,60.6609
ken,Kenya,2020,5057.40115,62.31821,8.528608023621034,61.49076
ken,Kenya,2021,5338.85243,63.14267,8.582766008110703,62.31821
ken,Kenya,2022,5491.69378,63.96426,8.610992007867953,63.14267
kgz,Kyrgyz Republic,2000,3730.63998,80.94251,8.22433507432782,
kgz,Kyrgyz Republic,2001,3878.12216,80.94207,8.263106336080053,80.94251
kgz,Kyrgyz Republic,2002,3829.19618,81.58481,8.25041018547429,80.94207
kgz,Kyrgyz Republic,2003,4043.10627,82.22735,8.304768554232256,81.58481
kgz,Kyrgyz Republic,2004,4262.81316,82.87012,8.357684587514786,82.22735
kgz,Kyrgyz Republic,2005,4196.50495,83.47695,8.342007303076578,82.87012
kgz,Kyrgyz Republic,2006,4270.37212,84.08328,8.359456249966527,83.47695
kgz,Kyrgyz Republic,2007,4581.30527,84.68874,8.429739229955093,84.08328
kgz,Kyrgyz Republic,2008,4908.8137,85.29352,8.498787582635115,84.68874
kgz,Kyrgyz Republic,2009,4976.42441,85.89779,8.512466922180625,85.29352
kgz,Kyrgyz Republic,2010,4876.47965,86.50508,8.492178855328412,85.89779
kgz,Kyrgyz Republic,2011,5092.85166,87.11514,8.535593200208709,86.50508
kgz,Kyrgyz Republic,2012,4993.39432,87.72767,8.515871181946673,87.11514
kgz,Kyrgyz Republic,2013,5418.54062,88.34194,8.597581799874584,87.72767
kgz,Kyrgyz Republic,2014,5513.75447,88.95767,8.615001062119342,88.34194
kgz,Kyrgyz Republic,2015,5600.21433,89.57443,8.630560149205126,88.95767
kgz,Kyrgyz Republic,2016,5715.01041,90.19192,8.650851397749562,89.57443
kgz,Kyrgyz Republic,2017,5861.222,90.80958,8.676113393254402,90.19192
kgz,Kyrgyz Republic,2018,5951.82877,91.42709,8.691453807617924,90.80958
kgz,Kyrgyz Republic,2019,6087.60194,92.0439,8.71400951304119,91.42709
kgz,Kyrgyz Republic,2020,5537.79547,92.58732,8.619351770943448,92.0439
kgz,Kyrgyz Republic,2021,5736.47883,93.25025,8.654600856828832,92.58732
kgz,Kyrgyz Republic,2022,6139.77789,93.77708,8.722543846219782,93.25025
khm,Cambodia,2000,1961.44747,52.30823,7.581437984765894,
khm,Cambodia,2001,2065.2722,53.98117,7.6330173126888,52.30823
khm,Cambodia,2002,2152.3577,55.51061,7.6743191249412,53.98117
khm,Cambodia,2003,2325.43103,56.91747,7.751660690086306,55.51061
khm,Cambodia,2004,2502.53676,58.30611,7.825060200392178,56.91747
khm,Cambodia,2005,2787.71365,59.67656,7.93297705857115,58.30611
khm,Cambodia,2006,3041.77375,61.02855,8.020196094642337,59.67656
khm,Cambodia,2007,3305.02309,62.36242,8.103198738645649,61.02855
khm,Cambodia,2008,3496.42884,63.68842,8.15949739515647,62.36242
khm,Cambodia,2009,3582.53377,65.04926,8.183825586036127,63.68842
khm,Cambodia,2010,3711.53751,66.38911,8.219201492932505,65.04926
khm,Cambodia,2011,3921.97912,67.708,8.27435168292774,66.38911
khm,Cambodia,2012,4159.16354,69.00598,8.333069260922215,67.708
khm,Cambodia,2013,4419.39887,70.28287,8.393758963560154,69.00598
khm,Cambodia,2014,4702.73062,71.5392,8.455898601971603,70.28287
khm,Cambodia,2015,4968.57277,72.7748,8.510887908835674,71.5392
khm,Cambodia,2016,5283.72965,73.98971,8.572387500442307,72.7748
khm,Cambodia,2017,5632.03126,75.18382,8.636225448248611,73.98971
khm,Cambodia,2018,6050.59088,76.3584,8.707911212371565,75.18382
khm,Cambodia,2019,6448.88456,77.51322,8.771662458400481,76.3584
khm,Cambodia,2020,6128.78244,78.64849,8.7207513860373,77.51322
khm,Cambodia,2021,6225.53265,79.764,8.736414283937384,78.64849
khm,Cambodia,2022,6458.36815,80.85995,8.77313195650665,79.764
kir,Kiribati,2000,2505.66286,56.16539,7.826308593285111,
kir,Kiribati,2001,2384.28348,57.32463,7.776653930512052,56.16539
kir,Kiribati,2002,2372.64843,58.33211,7.771762091224695,57.32463
kir,Kiribati,2003,2293.03555,59.33991,7.737631786444657,58.33211
kir,Kiribati,2004,2227.16408,60.34773,7.708484342136482,59.33991
kir,Kiribati,2005,2212.14122,61.35525,7.70171620328068,60.34773
kir,Kiribati,2006,2280.04051,62.50457,7.731948489334505,61.35525
kir,Kiribati,2007,2297.18898,63.76441,7.739441471834286,62.50457
kir,Kiribati,2008,2179.61155,64.99398,7.686901951832359,63.76441
kir,Kiribati,2009,2141.59941,66.14693,7.669308216711148,64.99398
kir,Kiribati,2010,2119.64018,67.17284,7.659001626845805,66.14693
kir,Kiribati,2011,2150.38302,68.18757,7.6734012540922985,67.17284
kir,Kiribati,2012,2242.01379,69.19089,7.715129754371441,68.18757
kir,Kiribati,2013,2382.37034,70.18139,7.775851212221623,69.19089
kir,Kiribati,2014,2381.34837,71.15976,7.775422148257987,70.18139
kir,Kiribati,2015,2615.84119,72.1255,7.869341003547789,71.15976
kir,Kiribati,2016,2761.93353,73.07414,7.92368626778537,72.1255
kir,Kiribati,2017,2822.66919,74.00452,7.945438237539955,73.07414
kir,Kiribati,2018,2877.60161,74.91721,7.964712451875281,74.00452
kir,Kiribati,2019,2927.48488,75.81223,7.981898930642139,74.91721
kir,Kiribati,2020,2834.68581,76.68905,7.949686384623439,75.81223
kir,Kiribati,2021,3020.494,77.54798,8.013175673150734,76.68905
kir,Kiribati,2022,3107.77605,78.70165,8.041662652906824,77.54798
kna,St. Kitts and Nevis,2000,20983.72711,98.44989,9.951502516791923,
kna,St. Kitts and Nevis,2001,21721.90173,98.46235,9.986076326844849,98.44989
kna,St. Kitts and Nevis,2002,21781.74987,98.47481,9.988827736234834,98.46235
kna,St. Kitts and Nevis,2003,20727.10175,98.48727,9.939197386200677,98.47481
kna,St. Kitts and Nevis,2004,21353.81277,98.49973,9.968985586787474,98.48727
kna,St. Kitts and Nevis,2005,23227.34239,98.51219,10.05308541500111,98.49973
kna,St. Kitts and Nevis,2006,23750.28261,98.52464,10.075349708760411,98.51219
kna,St. Kitts and Nevis,2007,23685.70446,98.5371,10.07262695779078,98.52464
kna,St. Kitts and Nevis,2008,26123.91089,98.54956,10.170606299977074,98.5371
kna,St. Kitts and Nevis,2009,25079.80936,98.56202,10.12981839344205,98.54956
kna,St. Kitts and Nevis,2010,24997.56725,98.57448,10.126533789115413,98.56202
kna,St. Kitts and Nevis,2011,25380.00873,98.58694,10.14171708523995,98.57448
kna,St. Kitts and Nevis,2012,25114.05726,98.5994,10.131183018549496,98.58694
kna,St. Kitts and Nevis,2013,26532.10166,98.61185,10.186110662237684,98.5994
kna,St. Kitts and Nevis,2014,28530.30722,98.61185,10.258722212463622,98.61185
kna,St. Kitts and Nevis,2015,28729.56645,98.61185,10.265682061361735,98.61185
kna,St. Kitts and Nevis,2016,29867.02656,98.61185,10.304510360222311,98.61185
kna,St. Kitts and Nevis,2017,29948.92001,98.61185,10.30724854312715,98.61185
kor,South Korea,2002,28587.43844,98.76561,10.26072268494,
kor,South Korea,2003,29230.37327,98.76561,10.282963628122967,98.76561
kor,South Korea,2004,30525.00934,98.76561,10.326301604957564,98.76561
kor,South Korea,2005,31672.64627,98.76561,10.363208693667454,98.76561
kor,South Korea,2006,33076.42929,98.76561,10.406576201654918,98.76561
kor,South Korea,2007,34729.10397,98.83705,10.45533334552047,98.76561
kor,South Korea,2008,35425.44575,98.90848,10.475185647401382,98.83705
kor,South Korea,2009,35452.77854,98.97991,10.47595690801432,98.90848
kor,South Korea,2010,37610.97291,99.05134,10.535051119515868,98.97991
kor,South Korea,2011,38698.4611,99.12278,10.563555113369349,99.05134
kor,South Korea,2012,39420.41939,99.19421,10.582039219665845,99.12278
kor,South Korea,2013,40483.25341,99.26564,10.608643671532183,99.19421
kor,South Korea,2014,41518.09423,99.33708,10.633884616738161,99.26564
kor,South Korea,2015,42459.90289,99.40851,10.656315448160896,99.33708
kor,South Korea,2016,43538.02127,99.47994,10.68138988749951,99.40851
kor,South Korea,2017,44787.64824,99.55137,10.709687671459811,99.47994
kor,South Korea,2018,45890.43041,99.62281,10.73401188651247,99.55137
kor,South Korea,2019,46757.26145,99.69424,10.752724847788823,99.62281
kor,South Korea,2020,46361.59578,99.76567,10.74422671834532,99.69424
kor,South Korea,2021,48419.64325,99.83711,10.787660862641694,99.76567
kor,South Korea,2022,49777.9293,99.90854,10.815326978029484,99.83711
kwt,Kuwait,2000,58580.26386,100.0,10.978153124639249,
kwt,Kuwait,2001,57799.99596,100.0,10.964743984764272,100.0
kwt,Kuwait,2002,58629.24067,100.0,10.97898883865488,100.0
kwt,Kuwait,2003,67698.87165,100.0,11.122824791848622,100.0
kwt,Kuwait,2004,73414.45772,100.0,11.203876166868362,100.0
kwt,Kuwait,2005,78600.30407,100.0,11.27213084698488,100.0
kwt,Kuwait,2006,80163.48958,100.0,11.291823448055803,100.0
kwt,Kuwait,2007,80178.19205,100.0,11.292006837301715,100.0
kwt,Kuwait,2008,77620.47674,100.0,11.259586546877754,100.0
kwt,Kuwait,2009,68208.16378,100.0,11.13031954018672,100.0
kwt,Kuwait,2010,62956.21532,100.0,11.050194768832108,100.0
kwt,Kuwait,2011,64844.50189,100.0,11.07974740419203,100.0
kwt,Kuwait,2012,64908.26275,100.0,11.080730209688456,100.0
kwt,Kuwait,2013,62458.80891,100.0,11.04226256101067,100.0
kwt,Kuwait,2014,60065.65444,100.0,11.003193483625962,100.0
kwt,Kuwait,2015,57763.51744,100.0,10.964112669219455,100.0
kwt,Kuwait,2016,56936.62084,100.0,10.949694013092763,100.0
kwt,Kuwait,2017,52285.58712,100.0,10.864476031194085,100.0
kwt,Kuwait,2018,51623.80791,100.0,10.851738238665005,100.0
kwt,Kuwait,2019,51380.6455,100.0,10.847016833839142,100.0
kwt,Kuwait,2020,49372.57295,100.0,10.807150345552216,100.0
kwt,Kuwait,2021,50651.95758,100.0,10.832733158090878,100.0
kwt,Kuwait,2022,51379.88333,100.0,10.847001999933386,100.0
lao,Lao,2000,2916.10923,48.34133,7.9780055512747206,
lao,Lao,2001,3033.61249,50.53526,8.01750942927269,48.34133
lao,Lao,2002,3163.07732,52.71074,8.059300668153883,50.53526
lao,Lao,2003,3304.59077,54.86538,8.103067923136672,52.71074
lao,Lao,2004,3464.16562,56.99941,8.15022708031767,54.86538
lao,Lao,2005,3651.7154,59.04275,8.202952308776743,56.99941
lao,Lao,2006,3880.73142,60.93345,8.263778925160763,59.04275
lao,Lao,2007,4129.17689,62.80628,8.325833365850015,60.93345
lao,Lao,2008,4379.65438,64.66209,8.38472509158124,62.80628
lao,Lao,2009,4631.96746,66.49958,8.440736994184977,64.66209
lao,Lao,2010,4946.10564,68.31927,8.506355806526944,66.49958
lao,Lao,2011,5266.87867,70.12111,8.569193183334255,68.31927
lao,Lao,2012,5608.96956,71.90526,8.632122302501276,70.12111
lao,Lao,2013,5974.47369,73.67065,8.69525128756432,71.90526
lao,Lao,2014,6341.2123,75.418,8.754825243663149,73.67065
lao,Lao,2015,6703.74124,77.14704,8.810421043564974,75.418
lao,Lao,2016,7063.25545,78.85795,8.862661336105884,77.14704
lao,Lao,2017,7432.45963,80.55005,8.91361212330688,78.85795
lao,Lao,2018,7775.08575,82.2234,8.958679765925524,80.55005
lao,Lao,2019,8075.27502,83.87821,8.996562205715223,82.2234
lao,Lao,2020,7995.59502,85.88563,8.986646046513734,83.87821
lao,Lao,2021,8080.43553,87.52424,8.99720105229019,85.88563
lao,Lao,2022,8183.03287,89.14502,9.009818127383545,87.52424
lbn,Lebanon,2000,11315.07118,84.31718,9.333890848812324,
lbn,Lebanon,2001,11634.75954,84.77524,9.36175240856967,84.31718
lbn,Lebanon,2002,11930.2893,85.2333,9.386835764588385,84.77524
lbn,Lebanon,2003,12201.25174,85.69136,9.409293827097503,85.2333
lbn,Lebanon,2004,12864.28796,86.14941,9.462210376118458,85.69136
lbn,Lebanon,2005,13041.6867,86.60747,9.475906175275401,86.14941
lbn,Lebanon,2006,13040.91933,87.06553,9.475847333762452,86.60747
lbn,Lebanon,2007,13987.73909,87.52359,9.54593644559295,87.06553
lbn,Lebanon,2008,15001.4709,87.98165,9.615903535276779,87.52359
lbn,Lebanon,2009,16297.40785,88.43971,9.69876134654126,87.98165
lbn,Lebanon,2010,17390.7584,88.89777,9.76369421766823,88.43971
lbn,Lebanon,2011,17353.19608,89.35582,9.761531980513785,88.89777
lbn,Lebanon,2012,17323.30138,89.81388,9.759807774806989,89.35582
lbn,Lebanon,2013,16396.49693,90.27194,9.704822989166901,89.81388
lbn,Lebanon,2014,15205.87327,90.73,9.629437031543471,90.27194
lbn,Lebanon,2015,14980.02052,91.18806,9.614472626896708,90.73
lbn,Lebanon,2016,15572.36117,91.64612,9.65325290201391,91.18806
lbn,Lebanon,2017,16128.58382,92.10418,9.688348369372667,91.64612
lbn,Lebanon,2018,16290.05165,92.46548,9.69830987224791,92.10418
lbn,Lebanon,2019,15659.5661,92.6,9.658837261625813,92.46548
lbn,Lebanon,2020,12507.43664,92.6,9.434078677588985,92.6
lbn,Lebanon,2021,11599.77551,92.6,9.358741024320985,92.6
lbn,Lebanon,2022,11474.75058,92.6,9.347904298744805,92.6
lbr,Liberia,2000,1773.49234,61.02784,7.480705955061412,
lbr,Liberia,2001,1809.79138,61.9197,7.500966857948457,61.02784
lbr,Liberia,2002,1876.64189,62.80782,7.537239229891794,61.9197
lbr,Liberia,2003,1290.02676,63.69158,7.162418241326606,62.80782
lbr,Liberia,2004,1296.5855,64.57127,7.1674895495841175,63.69158
lbr,Liberia,2005,1309.06143,65.4466,7.17706569376217,64.57127
lbr,Liberia,2006,1342.61658,66.20321,7.202375660601647,65.4466
lbr,Liberia,2007,1402.31948,66.95272,7.245882916100143,66.20321
lbr,Liberia,2008,1450.60369,67.69488,7.279735086701066,66.95272
lbr,Liberia,2009,1486.86272,68.43245,7.304423622090792,67.69488
lbr,Liberia,2010,1538.85083,69.16526,7.338791202565496,68.43245
lbr,Liberia,2011,1601.03374,69.89337,7.378404787103199,69.16526
lbr,Liberia,2012,1668.9729,70.61615,7.419963686262184,69.89337
lbr,Liberia,2013,1774.52058,71.33389,7.481285569652435,70.61615
lbr,Liberia,2014,1750.14385,72.04597,7.4674532635393245,71.33389
lbr,Liberia,2015,1714.09048,72.75248,7.446637886562579,72.04597
lbr,Liberia,2016,1653.3105,73.45326,7.410534920471627,72.75248
lbr,Liberia,2017,1661.30291,74.14774,7.41535745903118,73.45326
lbr,Liberia,2018,1647.97444,74.83621,7.407302200640403,74.14774
lbr,Liberia,2019,1575.76665,75.51833,7.362497194734349,74.83621
lbr,Liberia,2020,1497.37692,76.19395,7.3114701362945995,75.51833
lbr,Liberia,2021,1539.20892,76.86297,7.339023875112945,76.19395
lbr,Liberia,2022,1578.99837,77.52491,7.364545981956186,76.86297
lby,Libya,2008,22178.26602,93.07925,10.006868080210817,
lby,Libya,2009,20672.92354,93.07925,9.936580081474483,93.07925
lby,Libya,2010,21109.96793,93.07925,9.957500621655992,93.07925
lby,Libya,2011,10739.09317,93.07925,9.281645929674944,93.07925
lby,Libya,2012,20595.58004,93.07925,9.932831770591084,93.07925
lby,Libya,2013,16553.14265,93.35219,9.714331250996246,93.07925
lby,Libya,2014,12495.79297,93.62513,9.433147304240556,93.35219
lby,Libya,2015,12192.13862,93.89807,9.408546647612448,93.62513
lby,Libya,2016,11828.71138,94.17101,9.378285022890557,93.89807
lby,Libya,2017,15424.05543,94.44396,9.64368361059387,94.17101
lby,Libya,2018,16380.85155,94.7169,9.70386834323526,94.44396
lby,Libya,2019,14333.42244,94.98984,9.570349322732453,94.7169
lby,Libya,2020,9976.0374,95.26278,9.20794123635044,94.98984
lby,Libya,2021,12641.50977,95.53572,9.444741104397115,95.26278
lby,Libya,2022,11456.07681,95.80866,9.346275593961469,95.53572
lca,St. Lucia,2000,17094.41493,90.62743,9.746507076860642,
lca,St. Lucia,2001,16544.95503,90.61051,9.713836502310315,90.62743
lca,St. Lucia,2002,16666.96197,90.54621,9.721183713785209,90.61051
lca,St. Lucia,2003,17441.56304,90.85729,9.766611317300205,90.54621
lca,St. Lucia,2004,18770.48958,91.17701,9.840041212351744,90.85729
lca,St. Lucia,2005,18740.06188,91.50531,9.838418857814709,91.17701
lca,St. Lucia,2006,19947.63643,91.84169,9.900865940612613,91.50531
lca,St. Lucia,2007,20314.52634,92.18592,9.919091492373491,91.84169
lca,St. Lucia,2008,21350.20787,92.53761,9.968816754909138,92.18592
lca,St. Lucia,2009,20775.71543,92.89661,9.941540056194485,92.53761
lca,St. Lucia,2010,20849.05512,93.26623,9.945063908214445,92.89661
lca,St. Lucia,2011,21637.86869,93.66159,9.982200238738487,93.26623
lca,St. Lucia,2012,21515.89963,94.05696,9.976547458481713,93.66159
lca,St. Lucia,2013,21029.28889,94.45254,9.953671454049905,94.05696
lca,St. Lucia,2014,21214.47733,94.84824,9.962439120519358,94.45254
lca,St. Lucia,2015,21142.97333,95.24398,9.959062899013677,94.84824
lca,St. Lucia,2016,21775.47377,95.63962,9.988539559004105,95.24398
lca,St. Lucia,2017,22422.59704,96.03507,10.017824525778535,95.63962
lca,St. Lucia,2018,22981.91793,96.43023,10.042463008755593,96.03507
lca,St. Lucia,2019,22738.24711,96.82498,10.03180368034044,96.43023
lca,St. Lucia,2020,17142.04406,97.21923,9.749289441750706,96.82498
lca,St. Lucia,2021,19101.1653,97.61286,9.857504622644862,97.21923
lca,St. Lucia,2022,22962.28181,97.87395,10.041608227464083,97.61286
lka,Sri Lanka,2000,6608.71259,83.67507,8.796144146856506,
lka,Sri Lanka,2001,6381.1372,83.92037,8.761101604969276,83.67507
lka,Sri Lanka,2002,6539.77854,84.19811,8.78565858149258,83.92037
lka,Sri Lanka,2003,6854.39425,84.47623,8.832645221935806,84.19811
lka,Sri Lanka,2004,7156.22946,84.75458,8.875738509514191,84.47623
lka,Sri Lanka,2005,7533.6151,85.03303,8.927130298547674,84.75458
lka,Sri Lanka,2006,8037.25742,85.31184,8.99184318706398,85.03303
lka,Sri Lanka,2007,8505.18757,85.59076,9.048431558672606,85.31184
lka,Sri Lanka,2008,8932.08535,85.87003,9.097405168445071,85.59076
lka,Sri Lanka,2009,9173.15096,86.14955,9.12403612236759,85.87003
lka,Sri Lanka,2010,9832.18622,86.42916,9.193416591261789,86.14955
lka,Sri Lanka,2011,10618.4926,86.70912,9.270352344985186,86.42916
lka,Sri Lanka,2012,11447.69377,86.98932,9.345543571227914,86.70912
lka,Sri Lanka,2013,12249.72234,87.27174,9.413258549593543,86.98932
lka,Sri Lanka,2014,12909.96631,87.55636,9.465754874232326,87.27174
lka,Sri Lanka,2015,13329.77934,87.84305,9.497755859397332,87.55636
lka,Sri Lanka,2016,13845.61468,88.13156,9.53572383187486,87.84305
lka,Sri Lanka,2017,14572.48582,88.42187,9.586890496853526,88.13156
lka,Sri Lanka,2018,14759.82489,88.71396,9.59966423426295,88.42187
lka,Sri Lanka,2019,14637.44429,89.00747,9.591338201920934,88.71396
lka,Sri Lanka,2020,13886.65137,89.30248,9.53868332461,89.00747
lka,Sri Lanka,2021,14316.13522,89.59884,9.569142517217113,89.30248
lka,Sri Lanka,2022,13249.06506,89.8964,9.491682267415355,89.59884
lso,Lesotho,2000,2018.82258,64.40586,7.610269739265852,
lso,Lesotho,2001,2079.02974,64.96082,7.639656592710003,64.40586
lso,Lesotho,2002,2084.95818,65.52019,7.642504076477789,64.96082
lso,Lesotho,2003,2176.65739,66.08383,7.685545671724985,65.52019
lso,Lesotho,2004,2217.41832,66.65221,7.7040988792325065,66.08383
lso,Lesotho,2005,2302.38253,67.22455,7.741699748369778,66.65221
lso,Lesotho,2006,2400.48772,67.80155,7.783427212356994,67.22455
lso,Lesotho,2007,2484.13606,68.36218,7.817680216110464,67.80155
lso,Lesotho,2008,2597.78691,68.92667,7.862415173081437,68.36218
lso,Lesotho,2009,2543.48624,69.49442,7.841290954379895,68.92667
lso,Lesotho,2010,2651.37805,70.06613,7.882834802685237,69.49442
lso,Lesotho,2011,2749.31958,70.64161,7.919108734591344,70.06613
lso,Lesotho,2012,2894.22705,71.19314,7.970473359538981,70.64161
lso,Lesotho,2013,2914.37516,71.74728,7.977410722462863,71.19314
lso,Lesotho,2014,2930.61724,72.30429,7.982968341941006,71.74728
lso,Lesotho,2015,2986.95867,72.86443,8.002010981495006,72.30429
lso,Lesotho,2016,3057.26092,73.42728,8.025274669900536,72.86443
lso,Lesotho,2017,2924.68096,73.99309,7.980940680212736,73.42728
lso,Lesotho,2018,2846.41828,74.56329,7.953816739038222,73.99309
lso,Lesotho,2019,2773.2864,75.13769,7.927788321927024,74.56329
lso,Lesotho,2020,2517.11042,75.71684,7.830866863859203,75.13769
lso,Lesotho,2021,2544.7825,76.30032,7.8418004636429774,75.71684
lso,Lesotho,2022,2577.54544,76.88866,7.854592845221654,76.30032
ltu,Lithuania,2000,15572.75456,89.64572,9.653278163759824,
ltu,Lithuania,2001,16741.67663,90.09776,9.7256564961368,89.64572
ltu,Lithuania,2002,18034.14359,90.54624,9.800022106210697,90.09776
ltu,Lithuania,2003,20124.46223,90.99636,9.909691380439055,90.54624
ltu,Lithuania,2004,21703.07383,91.44812,9.985209180649047,90.99636
ltu,Lithuania,2005,23794.49118,91.91519,10.077209369842656,91.44812
ltu,Lithuania,2006,25998.13053,92.39575,10.165779911726188,91.91519
ltu,Lithuania,2007,29260.05645,92.87504,10.28397860382721,92.39575
ltu,Lithuania,2008,30369.42416,93.35306,10.321191597043441,92.87504
ltu,Lithuania,2009,26184.70551,93.81939,10.172930760135165,93.35306
ltu,Lithuania,2010,26887.49131,94.27586,10.199416450377422,93.81939
ltu,Lithuania,2011,29240.74879,94.74195,10.283318521948958,94.27586
ltu,Lithuania,2012,30920.3304,95.22336,10.339169188284629,94.74195
ltu,Lithuania,2013,32474.64135,95.70245,10.388214797597909,95.22336
ltu,Lithuania,2014,33975.08438,96.17936,10.433382722607137,95.70245
ltu,Lithuania,2015,35251.29869,96.65407,10.47025764983126,96.17936
ltu,Lithuania,2016,36618.14684,97.12761,10.508299211814212,96.65407
ltu,Lithuania,2017,38774.4892,97.59958,10.565517814521476,97.12761
ltu,Lithuania,2018,41019.79016,98.06957,10.621809916059899,97.59958
ltu,Lithuania,2019,43062.32284,98.53721,10.670403713727232,98.06957
ltu,Lithuania,2020,43091.79737,98.89222,10.671087941738106,98.53721
ltu,Lithuania,2021,45873.52732,99.2383,10.733643482825242,98.89222
ltu,Lithuania,2022,46651.21458,99.58022,10.75045424194942,99.2383
lux,Luxembourg,2000,105744.8971,100.0,11.568784841370721,
lux,Luxembourg,2001,108404.5395,100.0,11.593625244417126,100.0
lux,Luxembourg,2002,111622.4333,100.0,11.622877323961468,100.0
lux,Luxembourg,2003,113887.9356,100.0,11.642970222841932,100.0
lux,Luxembourg,2004,117865.5346,100.0,11.677299716393382,100.0
lux,Luxembourg,2005,119947.1266,100.0,11.694806312999674,100.0
lux,Luxembourg,2006,126076.8982,100.0,11.744647302948975,100.0
lux,Luxembourg,2007,135296.0133,100.0,11.81522034809283,100.0
lux,Luxembourg,2008,133542.6202,100.0,11.802175958306684,100.0
lux,Luxembourg,2009,127891.4399,100.0,11.758937057258347,100.0
lux,Luxembourg,2010,131432.0596,100.0,11.786245340052501,100.0
lux,Luxembourg,2011,129885.3698,100.0,11.774407569679962,100.0
lux,Luxembourg,2012,128895.4051,100.0,11.76675654127872,100.0
lux,Luxembourg,2013,129945.4538,100.0,11.774870055232972,100.0
lux,Luxembourg,2014,130247.6617,100.0,11.777193007055235,100.0
lux,Luxembourg,2015,130097.2562,100.0,11.776037574347379,100.0
lux,Luxembourg,2016,133661.6497,100.0,11.803066883499742,100.0
lux,Luxembourg,2017,132169.834,100.0,11.791842995792829,100.0
lux,Luxembourg,2018,131733.8846,100.0,11.788539140895583,100.0
lux,Luxembourg,2019,132724.7527,100.0,11.796032734199054,100.0
lux,Luxembourg,2020,129865.63,100.0,11.774255579504345,100.0
lux,Luxembourg,2021,136772.4438,100.0,11.826073829669465,100.0
lux,Luxembourg,2022,132573.9944,100.0,11.794896216836078,100.0
lva,Latvia,2000,14631.5001,97.95743,9.590932024642893,
lva,Latvia,2001,15755.35528,97.95449,9.664935604238613,97.95743
lva,Latvia,2002,17128.81367,97.98752,9.748517334395734,97.95449
lva,Latvia,2003,18734.42372,98.0219,9.838117951213738,97.98752
lva,Latvia,2004,20570.08999,98.05972,9.93159335745513,98.0219
lva,Latvia,2005,23183.29827,98.09734,10.05118739624524,98.05972
lva,Latvia,2006,26380.36588,98.13208,10.180375295773304,98.09734
lva,Latvia,2007,29365.76926,98.1662,10.287584964105921,98.13208
lva,Latvia,2008,28681.14263,98.20048,10.263995134575447,98.1662
lva,Latvia,2009,24505.49003,98.23569,10.106652454287147,98.20048
lva,Latvia,2010,24119.73078,98.27171,10.090785489087287,98.23569
lva,Latvia,2011,25308.73221,98.3077,10.138904761806527,98.27171
lva,Latvia,2012,27496.54546,98.34364,10.221815656127491,98.3077
lva,Latvia,2013,28375.18429,98.37952,10.253270249564375,98.34364
lva,Latvia,2014,29243.74125,98.41534,10.283420855405248,98.37952
lva,Latvia,2015,30599.61331,98.45111,10.32874265093252,98.41534
lva,Latvia,2016,31668.51484,98.48698,10.363078243579913,98.45111
lva,Latvia,2017,33036.39159,98.52289,10.405365008292975,98.48698
lva,Latvia,2018,34729.70628,98.55882,10.45535068846078,98.52289
lva,Latvia,2019,35208.19346,98.59473,10.469034103249745,98.55882
lva,Latvia,2020,34225.8976,98.63057,10.440737876255401,98.59473
lva,Latvia,2021,36912.01306,98.66632,10.51629233422795,98.63057
lva,Latvia,2022,37681.04524,98.70194,10.53691246822063,98.66632
mar,Morocco,2000,5262.19116,62.144,8.568302789332625,
mar,Morocco,2001,5571.15868,63.45711,8.625358332831834,62.144
mar,Morocco,2002,5681.19619,64.76395,8.644917086373782,63.45711
mar,Morocco,2003,5935.52988,66.06315,8.688711583597673,64.76395
mar,Morocco,2004,6109.49798,67.35523,8.717599885123901,66.06315
mar,Morocco,2005,6201.10325,68.7555,8.732482498751494,67.35523
mar,Morocco,2006,6572.15745,70.16348,8.790597436569508,68.7555
mar,Morocco,2007,6685.63947,71.55373,8.807717142403197,70.16348
mar,Morocco,2008,6948.25428,72.92561,8.84624572427336,71.55373
mar,Morocco,2009,7088.24049,74.27852,8.866192420885408,72.92561
mar,Morocco,2010,7210.63672,75.61386,8.883312537059448,74.27852
mar,Morocco,2011,7503.79297,76.93008,8.923163901019755,75.61386
mar,Morocco,2012,7628.64404,78.22759,8.939665394199734,76.93008
mar,Morocco,2013,7839.03223,79.50588,8.966870665674083,78.22759
mar,Morocco,2014,7951.79834,80.76534,8.981153388356901,79.50588
mar,Morocco,2015,8198.80859,82.00553,9.011744128793724,80.76534
mar,Morocco,2016,8141.94043,83.22677,9.00478381265198,82.00553
mar,Morocco,2017,8450.00879,84.42866,9.041922760587365,83.22677
mar,Morocco,2018,8611.75,85.6112,9.0608828288014,84.42866
mar,Morocco,2019,8768.17578,86.7741,9.0788840568883,85.6112
mar,Morocco,2020,8054.56299,87.91768,8.993994040880468,86.7741
mar,Morocco,2021,8623.26562,89.04146,9.06221913414252,87.91768
mar,Morocco,2022,8666.0791,90.14621,9.0671717298834,89.04146
mco,Monaco,2000,238547.0417,100.0,12.3823218096936,
mco,Monaco,2001,246826.2616,100.0,12.416439973780271,100.0
mco,Monaco,2002,253119.6762,100.0,12.441617684325463,100.0
mco,Monaco,2003,259620.0048,100.0,12.466974320935545,100.0
mco,Monaco,2004,269933.6927,100.0,12.505931625227577,100.0
mco,Monaco,2005,278689.2909,100.0,12.537852787543398,100.0
mco,Monaco,2006,294763.3933,100.0,12.593928256892294,100.0
mco,Monaco,2007,335747.8329,100.0,12.724115659859814,100.0
mco,Monaco,2008,336887.0953,100.0,12.727503124416435,100.0
mco,Monaco,2009,308897.2706,100.0,12.640764042998423,100.0
mco,Monaco,2010,317914.6823,100.0,12.669538331110777,100.0
mco,Monaco,2011,341018.7763,100.0,12.739692817213115,100.0
mco,Monaco,2012,341018.7763,100.0,12.739692817213115,100.0
mco,Monaco,2013,339873.8466,100.0,12.736329788328424,100.0
mco,Monaco,2014,342110.8631,100.0,12.742890124626992,100.0
mco,Monaco,2015,345111.166,100.0,12.751621864401542,100.0
mco,Monaco,2016,349538.2275,100.0,12.764368212357104,100.0
mco,Monaco,2017,352820.3593,100.0,12.773714309216183,100.0
mco,Monaco,2018,356466.52,100.0,12.783995601382903,100.0
mco,Monaco,2019,382300.98,100.0,12.853963483113079,100.0
mco,Monaco,2020,332201.78,100.0,12.713497834364917,100.0
mco,Monaco,2021,401030.5,100.0,12.901792763246677,100.0
mco,Monaco,2022,440710.22,100.0,12.996142840940129,100.0
mda,Moldova,2000,5439.47218,83.00022,8.601437309407393,
mda,Moldova,2001,5807.35467,83.32349,8.666880439794209,83.00022
mda,Moldova,2002,6301.55086,83.65124,8.74855105033916,83.32349
mda,Moldova,2003,6766.93984,83.98348,8.819804245990253,83.65124
mda,Moldova,2004,7320.24172,84.32042,8.89839862826807,83.98348
mda,Moldova,2005,7928.45439,84.69709,8.978213388948637,84.32042
mda,Moldova,2006,8376.23856,85.11053,9.033154233520145,84.69709
mda,Moldova,2007,8695.70584,85.52447,9.070584601181979,85.11053
mda,Moldova,2008,9446.53942,85.93891,9.153403754478783,85.52447
mda,Moldova,2009,8944.8927,86.35385,9.098838000342644,85.93891
mda,Moldova,2010,9649.95099,86.7693,9.174708115563657,86.35385
mda,Moldova,2011,10217.30878,87.18525,9.231838500313465,86.7693
mda,Moldova,2012,10158.38547,87.60171,9.226054798071802,87.18525
mda,Moldova,2013,11080.06346,88.01867,9.312902687721696,87.60171
mda,Moldova,2014,11641.12084,88.43613,9.362299008745863,88.01867
mda,Moldova,2015,11691.07975,88.85235,9.366581415470167,88.43613
mda,Moldova,2016,12377.36668,89.27221,9.423624816020228,88.85235
mda,Moldova,2017,13118.82194,89.69503,9.481803267308075,89.27221
mda,Moldova,2018,13895.50437,90.12057,9.539320640186409,89.69503
mda,Moldova,2019,14621.24014,90.54832,9.590230554603743,90.12057
mda,Moldova,2020,13559.26002,90.978,9.514824989208886,90.54832
mda,Moldova,2021,15682.07033,91.40921,9.660273321540409,90.978
mda,Moldova,2022,15358.01536,91.84156,9.639392790020214,91.40921
mdg,Madagascar,2000,1694.67393,36.44276,7.435245629627329,
mdg,Madagascar,2001,1745.16802,37.13655,7.464606116534228,36.44276
mdg,Madagascar,2002,1486.11958,37.82855,7.303923693103339,37.13655
mdg,Madagascar,2003,1586.25455,38.51823,7.369130887424799,37.82855
mdg,Madagascar,2004,1623.16057,39.20603,7.392130496693643,38.51823
mdg,Madagascar,2005,1652.10454,40.04291,7.409805232950444,39.20603
mdg,Madagascar,2006,1691.25894,40.87812,7.433228465502069,40.04291
mdg,Madagascar,2007,1736.46208,41.71105,7.459605034917192,40.87812
mdg,Madagascar,2008,1798.6291,42.54249,7.494780042600061,41.71105
mdg,Madagascar,2009,1675.25797,43.37005,7.423722444340844,42.54249
mdg,Madagascar,2010,1635.24511,44.19454,7.399547986468406,43.37005
mdg,Madagascar,2011,1614.55138,45.01538,7.386812413786101,44.19454
mdg,Madagascar,2012,1617.79083,45.83249,7.388816812376417,45.01538
mdg,Madagascar,2013,1610.60231,46.64531,7.3843634936085225,45.83249
mdg,Madagascar,2014,1620.35789,47.45419,7.390402323580341,46.64531
mdg,Madagascar,2015,1627.58061,48.25817,7.394849902810074,47.45419
mdg,Madagascar,2016,1648.91227,49.05759,7.407871119203755,48.25817
mdg,Madagascar,2017,1669.72764,49.85194,7.420415802289851,49.05759
mdg,Madagascar,2018,1678.78623,50.64112,7.425826329138449,49.85194
mdg,Madagascar,2019,1707.83154,51.42426,7.442979739507678,50.64112
mdg,Madagascar,2020,1545.72714,52.20207,7.3432497193919115,51.42426
mdg,Madagascar,2021,1577.43246,52.9733,7.363553778918766,52.20207
mdg,Madagascar,2022,1602.71368,53.73867,7.379453521559284,52.9733
mdv,Maldives,2000,13643.94781,93.97544,9.521051318406624,
mdv,Maldives,2001,12884.92356,94.32992,9.46381319058924,93.97544
mdv,Maldives,2002,13586.38972,94.6785,9.516823814751282,94.32992
mdv,Maldives,2003,15196.64198,95.02078,9.628829760059006,94.6785
mdv,Maldives,2004,15837.69504,95.35655,9.670148139628544,95.02078
mdv,Maldives,2005,13823.02455,95.68532,9.534090926488245,95.35655
mdv,Maldives,2006,16732.71966,95.99909,9.725121342634035,95.68532
mdv,Maldives,2007,17375.84649,96.28742,9.76283638809519,95.99909
mdv,Maldives,2008,18307.67501,96.59121,9.815075650359695,96.28742
mdv,Maldives,2009,16218.08905,96.89249,9.693882506302105,96.59121
mdv,Maldives,2010,16730.01442,97.19127,9.724959655905185,96.89249
mdv,Maldives,2011,17581.76767,97.48752,9.774617716241233,97.19127
mdv,Maldives,2012,17390.14752,97.78124,9.763659090348575,97.48752
mdv,Maldives,2013,17986.89076,98.07237,9.797398480434385,97.78124
mdv,Maldives,2014,18765.35922,98.36091,9.839767854471425,98.07237
mdv,Maldives,2015,18829.44816,98.64686,9.84317731479584,98.36091
mdv,Maldives,2016,19345.17923,98.93016,9.870198532018032,98.64686
mdv,Maldives,2017,20036.71655,99.21082,9.905321696964394,98.93016
mdv,Maldives,2018,21072.58054,99.48388,9.95572797390728,99.21082
mdv,Maldives,2019,21855.50123,99.62315,9.992207941374396,99.48388
mdv,Maldives,2020,14242.97508,99.64899,9.564019087301658,99.62315
mdv,Maldives,2021,19052.62249,99.67544,9.854960034597156,99.64899
mdv,Maldives,2022,21357.81125,99.70251,9.969172818254478,99.67544
mex,Mexico,2000,19908.14321,91.56233,9.898884133543087,
mex,Mexico,2001,19620.26506,92.04474,9.884318242712094,91.56233
mex,Mexico,2002,19395.26617,92.52266,9.872784303420012,92.04474
mex,Mexico,2003,19422.80593,92.99606,9.874203218019872,92.52266
mex,Mexico,2004,19911.1135,93.46513,9.899033322164419,92.99606
mex,Mexico,2005,20124.2296,93.92957,9.909679820808696,93.46513
mex,Mexico,2006,20853.26453,94.38955,9.945265787153057,93.92957
mex,Mexico,2007,21036.09314,94.84497,9.953994962347275,94.38955
mex,Mexico,2008,20956.7633,95.27918,9.95021670380064,94.84497
mex,Mexico,2009,19376.05357,95.58505,9.87179323054958,95.27918
mex,Mexico,2010,20058.38548,95.8875,9.90640257373051,95.58505
mex,Mexico,2011,20457.60017,96.18696,9.926109738882278,95.8875
mex,Mexico,2012,20898.93572,96.48315,9.94745351416827,96.18696
mex,Mexico,2013,20805.34804,96.77626,9.942965349948112,96.48315
mex,Mexico,2014,21069.76616,97.06631,9.9555944084927,96.77626
mex,Mexico,2015,21408.92832,97.35314,9.971563325216497,97.06631
mex,Mexico,2016,21578.26336,97.63691,9.97944176106044,97.35314
mex,Mexico,2017,21777.52251,97.9175,9.988633639328146,97.63691
mex,Mexico,2018,21997.77301,98.19501,9.998696500398491,97.9175
mex,Mexico,2019,21704.18595,98.46943,9.985260421847219,98.19501
mex,Mexico,2020,19728.48178,98.74081,9.889818646233266,98.46943
mex,Mexico,2021,20782.58774,99.00909,9.941870787217574,98.74081
mex,Mexico,2022,21392.11146,99.2738,9.970777509687164,99.00909
mhl,Marshall Islands,2000,3800.07744,88.77857,8.242776724454197,
mhl,Marshall Islands,2001,4017.18911,88.73611,8.298337710672136,88.77857
mhl,Marshall Islands,2002,4126.32541,88.69398,8.325142558674443,88.73611
mhl,Marshall Islands,2003,4044.94902,88.65226,8.305224226199327,88.69398
mhl,Marshall Islands,2004,4012.28804,88.61094,8.297116941120867,88.65226
mhl,Marshall Islands,2005,4074.82182,88.54551,8.312582299565616,88.61094
mhl,Marshall Islands,2006,4076.50248,88.4804,8.3129946644678,88.54551
mhl,Marshall Islands,2007,4222.31016,88.41578,8.348137688523838,88.4804
mhl,Marshall Islands,2008,3909.90973,88.35148,8.271269565756382,88.41578
mhl,Marshall Islands,2009,4047.51962,88.28776,8.305859532976731,88.35148
mhl,Marshall Islands,2010,4269.35843,88.22443,8.35921884434844,88.28776
mhl,Marshall Islands,2011,4259.11602,88.16152,8.356816910688597,88.22443
mhl,Marshall Islands,2012,4244.04434,88.09943,8.353271947370155,88.16152
mhl,Marshall Islands,2013,4469.85358,88.03831,8.405110930918994,88.09943
mhl,Marshall Islands,2014,4491.99194,87.978,8.410051521555744,88.03831
mhl,Marshall Islands,2015,4670.10918,87.91859,8.448937729404648,87.978
mhl,Marshall Islands,2016,4896.52196,87.85999,8.4962804279869,87.91859
mhl,Marshall Islands,2017,5199.34448,87.8023,8.556287835084634,87.85999
mhl,Marshall Islands,2018,5635.3075,87.74533,8.636806994638956,87.8023
mhl,Marshall Islands,2019,6405.07565,87.68926,8.764846025346174,87.74533
mhl,Marshall Islands,2020,6417.18441,87.63393,8.766734735065505,87.68926
mhl,Marshall Islands,2021,6705.87529,87.57932,8.810739330074247,87.63393
mhl,Marshall Islands,2022,6844.33468,87.52553,8.831176535043811,87.57932
mkd,North Macedonia,2000,11809.58873,96.76133,9.376667084706973,
mkd,North Macedonia,2001,11422.40041,96.76498,9.34333165464258,96.76133
mkd,North Macedonia,2002,11686.62394,96.76863,9.366200213782179,96.76498
mkd,North Macedonia,2003,11953.65794,96.77229,9.388792614285148,96.76863
mkd,North Macedonia,2004,12570.3932,96.77596,9.439099581922425,96.77229
mkd,North Macedonia,2005,13252.08051,96.85864,9.491909838710718,96.77596
mkd,North Macedonia,2006,14028.64075,96.94041,9.548856286721064,96.85864
mkd,North Macedonia,2007,15043.63907,97.02137,9.618710527677855,96.94041
mkd,North Macedonia,2008,15983.2583,97.10164,9.679297097159045,97.02137
mkd,North Macedonia,2009,16055.28825,97.1813,9.683793560270885,97.10164
mkd,North Macedonia,2010,16730.16875,97.26048,9.72496888060065,97.1813
mkd,North Macedonia,2011,17200.28883,97.33928,9.752681455102413,97.26048
mkd,North Macedonia,2012,17189.04892,97.41782,9.752027769330274,97.33928
mkd,North Macedonia,2013,17757.24956,97.49619,9.784549137435894,97.41782
mkd,North Macedonia,2014,18451.19,97.57452,9.822884146033712,97.49619
mkd,North Macedonia,2015,19214.0158,97.65293,9.863395281286406,97.57452
mkd,North Macedonia,2016,19824.6806,97.7315,9.894682935402269,97.65293
mkd,North Macedonia,2017,20119.94289,97.81036,9.909466785740461,97.7315
mkd,North Macedonia,2018,20804.77627,97.88962,9.942937867694235,97.81036
mkd,North Macedonia,2019,21765.68543,97.96938,9.988089945794684,97.88962
mkd,North Macedonia,2020,20970.28714,98.04975,9.95086181669683,97.96938
mkd,North Macedonia,2021,22142.97287,98.13085,10.005275473219509,98.04975
mkd,North Macedonia,2022,22820.9765,98.15896,10.035435413911584,98.13085
mli,Mali,2000,1854.02231,49.40743,7.5251127794946076,
mli,Mali,2001,2085.90553,51.00435,7.642958346903371,49.40743
mli,Mali,2002,2093.25341,52.66529,7.6464747901289565,51.00435
mli,Mali,2003,2217.92891,54.32012,7.704329115999,52.66529
mli,Mali,2004,2186.81189,55.96906,7.690200004174528,54.32012
mli,Mali,2005,2280.77116,57.60967,7.732268892832442,55.96906
mli,Mali,2006,2358.76971,59.24328,7.7658954527686745,57.60967
mli,Mali,2007,2378.00868,60.86789,7.774018727370222,59.24328
mli,Mali,2008,2458.1025,62.48401,7.807144989826105,60.86789
mli,Mali,2009,2498.01449,64.08943,7.823251491309212,62.48401
mli,Mali,2010,2594.41565,65.68251,7.861116587198165,64.08943
mli,Mali,2011,2612.84826,67.26265,7.868196192651867,65.68251
mli,Mali,2012,2523.17698,68.82932,7.833274092831709,67.26265
mli,Mali,2013,2508.92142,70.38202,7.827608226625267,68.82932
mli,Mali,2014,2615.67031,71.92057,7.869275676347396,70.38202
mli,Mali,2015,2686.55974,73.44428,7.896016747033118,71.92057
mli,Mali,2016,2759.10958,74.95305,7.922663290717448,73.44428
mli,Mali,2017,2816.19329,76.44676,7.943141354837095,74.95305
mli,Mali,2018,2862.40632,77.92487,7.959417920689412,76.44676
mli,Mali,2019,2916.17069,79.38758,7.978026627080698,77.92487
mli,Mali,2020,2796.41038,80.83424,7.936091866546261,79.38758
mli,Mali,2021,2796.22794,82.26525,7.936026623635983,80.83424
mli,Mali,2022,2808.52247,83.68012,7.940413812652606,82.26525
mlt,Malta,2000,30472.6794,100.0,10.324585803788073,
mlt,Malta,2001,30125.32912,100.0,10.313121595878505,100.0
mlt,Malta,2002,30781.2392,100.0,10.334660666491494,100.0
mlt,Malta,2003,31725.70052,100.0,10.364882373347475,100.0
mlt,Malta,2004,31699.24739,100.0,10.364048217943155,100.0
mlt,Malta,2005,32482.84961,100.0,10.388467524725215,100.0
mlt,Malta,2006,33165.59803,100.0,10.409268413758488,100.0
mlt,Malta,2007,34758.54591,100.0,10.456180746225852,100.0
mlt,Malta,2008,36111.44129,100.0,10.49436502734924,100.0
mlt,Malta,2009,35403.97747,100.0,10.474579450719792,100.0
mlt,Malta,2010,37492.67548,100.0,10.531900872347629,100.0
mlt,Malta,2011,37704.496,100.0,10.537534623619946,100.0
mlt,Malta,2012,38899.98733,100.0,10.568749203899543,100.0
mlt,Malta,2013,40882.02394,100.0,10.61844573294754,100.0
mlt,Malta,2014,43121.60831,100.0,10.671779503356696,100.0
mlt,Malta,2015,46127.62084,100.0,10.739167200108016,100.0
mlt,Malta,2016,46922.18901,100.0,10.756245955771215,100.0
mlt,Malta,2017,51578.98126,100.0,10.85086952856173,100.0
mlt,Malta,2018,53367.94767,100.0,10.884965613838729,100.0
mlt,Malta,2019,53342.21379,100.0,10.884483300249343,100.0
mlt,Malta,2020,50392.95912,100.0,10.827606744300507,100.0
mlt,Malta,2021,56802.01025,100.0,10.947326995808323,100.0
mlt,Malta,2022,57781.49999,100.0,10.96442393405017,100.0
mmr,Myanmar,2000,1480.20467,47.01436,7.299935647737446,
mmr,Myanmar,2001,1613.49953,48.6071,7.386160720199753,47.01436
mmr,Myanmar,2002,1771.33976,50.22574,7.4794914657971185,48.6071
mmr,Myanmar,2003,1978.38482,51.87043,7.590036043310807,50.22574
mmr,Myanmar,2004,2206.92628,53.54102,7.699356002889607,51.87043
mmr,Myanmar,2005,2465.03768,55.23737,7.8099623723640175,53.54102
mmr,Myanmar,2006,2744.36713,56.95906,7.917305773627971,55.23737
mmr,Myanmar,2007,3028.21296,58.70623,8.015727942335275,56.95906
mmr,Myanmar,2008,3290.85083,60.47873,8.098901421267621,58.70623
mmr,Myanmar,2009,3594.33403,62.27615,8.187114004037555,60.47873
mmr,Myanmar,2010,3893.79031,64.09885,8.267138334970138,62.27615
mmr,Myanmar,2011,4078.61221,65.94619,8.313512064928066,64.09885
mmr,Myanmar,2012,4340.99945,67.81825,8.375859888600669,65.94619
mmr,Myanmar,2013,4666.95376,69.71466,8.44826183803701,67.81825
mmr,Myanmar,2014,5006.50667,71.63573,8.518493679415021,69.71466
mmr,Myanmar,2015,5313.88616,73.58403,8.578078703433158,71.63573
mmr,Myanmar,2016,5580.98977,75.55927,8.627121417781916,73.58403
mmr,Myanmar,2017,5877.87466,77.56094,8.678950523172063,75.55927
mmr,Myanmar,2018,6201.26341,79.58866,8.732508326080165,77.56094
mmr,Myanmar,2019,6562.98898,81.64163,8.78920141536215,79.58866
mmr,Myanmar,2020,5926.8345,83.69546,8.687245538334038,81.64163
mmr,Myanmar,2021,5178.44718,85.53104,8.552260518112089,83.69546
mmr,Myanmar,2022,5350.47667,85.58038,8.584940933117394,85.53104
mne,Montenegro,2006,17449.70872,95.17714,9.767078235227645,
mne,Montenegro,2007,18751.30328,95.46031,9.839018537249636,95.17714
mne,Montenegro,2008,20145.93819,95.74321,9.910757968395071,95.46031
mne,Montenegro,2009,18982.64833,96.02579,9.851280595096107,95.74321
mne,Montenegro,2010,19481.40719,96.30807,9.877215812267183,96.02579
mne,Montenegro,2011,20080.62756,96.59009,9.90751082630535,96.30807
mne,Montenegro,2012,19499.94456,96.87183,9.878166901470873,96.59009
mne,Montenegro,2013,20154.0802,97.15331,9.911162038191366,96.87183
mne,Montenegro,2014,20475.51705,97.43453,9.926985161149677,97.15331
mne,Montenegro,2015,21138.97652,97.71547,9.958873843871894,97.43453
mne,Montenegro,2016,21737.99444,97.9838,9.9868169043498,97.71547
mne,Montenegro,2017,22740.38639,98.22817,10.031897758804849,97.9838
mne,Montenegro,2018,23877.72407,98.87892,10.080701256013118,98.22817
mne,Montenegro,2019,24835.37457,99.08157,10.12002430977118,98.87892
mne,Montenegro,2020,21039.32187,99.28398,9.954148435818924,99.08157
mne,Montenegro,2021,23842.06192,99.28301,10.079206607372134,99.28398
mne,Montenegro,2022,25429.02514,99.28206,10.143646522644001,99.28301
mng,Mongolia,2000,5499.26802,62.41533,8.612370275090939,
mng,Mongolia,2001,5659.42226,63.82369,8.641077091782355,62.41533
mng,Mongolia,2002,5913.39851,65.2097,8.684975989118936,63.82369
mng,Mongolia,2003,6305.11321,66.57277,8.74911620382862,65.2097
mng,Mongolia,2004,6950.37134,67.91238,8.846550367347321,66.57277
mng,Mongolia,2005,7418.6352,69.22586,8.91175038393328,67.91238
mng,Mongolia,2006,7996.2096,70.51554,8.986722908383287,69.22586
mng,Mongolia,2007,8729.25736,71.78046,9.07443557763215,70.51554
mng,Mongolia,2008,9378.25723,73.02079,9.146149228362718,71.78046
mng,Mongolia,2009,9101.86854,74.2337,9.11623500549272,73.02079
mng,Mongolia,2010,9507.11882,75.42246,9.159796146440181,74.2337
mng,Mongolia,2011,10960.09593,76.31298,9.302016313200928,75.42246
mng,Mongolia,2012,12078.91853,77.04563,9.399216941818892,76.31298
mng,Mongolia,2013,13210.09457,77.77983,9.488736556461223,77.04563
mng,Mongolia,2014,13943.42771,78.5151,9.542763544332367,77.77983
mng,Mongolia,2015,13974.59673,79.25231,9.544996441077425,78.5151
mng,Mongolia,2016,13898.1457,79.99103,9.53951070734213,79.25231
mng,Mongolia,2017,14401.53751,80.7308,9.575090251392195,79.99103
mng,Mongolia,2018,15230.24088,81.47838,9.631038261916464,80.7308
mng,Mongolia,2019,15790.69611,82.23322,9.6671761917751,81.47838
mng,Mongolia,2020,14801.34208,82.99473,9.602473136722006,82.23322
mng,Mongolia,2021,14792.25091,83.76163,9.60185873547042,82.99473
mng,Mongolia,2022,15310.43495,84.53443,9.636289897784437,83.76163
moz,Mozambique,2000,719.34845,23.44104,6.578345871757707,
moz,Mozambique,2001,792.39659,24.4483,6.675062011433006,23.44104
moz,Mozambique,2002,847.42533,25.89206,6.742202729178336,24.4483
moz,Mozambique,2003,886.47313,27.36371,6.787250814846213,25.89206
moz,Mozambique,2004,936.22742,28.86359,6.841858417050611,27.36371
moz,Mozambique,2005,973.32303,30.39102,6.880716020921751,28.86359
moz,Mozambique,2006,1043.9713,31.94683,6.9507872776432595,30.39102
moz,Mozambique,2007,1096.58921,33.52931,6.999959923417618,31.94683
moz,Mozambique,2008,1142.8423,35.28152,7.041273684022322,33.52931
moz,Mozambique,2009,1179.2234,37.07133,7.072611365200191,35.28152
moz,Mozambique,2010,1224.23021,38.88708,7.110067525452792,37.07133
moz,Mozambique,2011,1275.5296,40.72723,7.151116743898251,38.88708
moz,Mozambique,2012,1338.51595,42.59123,7.199316779213652,40.72723
moz,Mozambique,2013,1385.83255,44.47851,7.234056357155278,42.59123
moz,Mozambique,2014,1449.92927,46.38851,7.279270054914526,44.47851
moz,Mozambique,2015,1512.59975,48.32064,7.321585138143587,46.38851
moz,Mozambique,2016,1537.90853,50.27433,7.338178674954977,48.32064
moz,Mozambique,2017,1532.00736,52.24854,7.334334154466542,50.27433
moz,Mozambique,2018,1538.83512,54.24314,7.338780993596645,52.24854
moz,Mozambique,2019,1528.88988,56.25877,7.332297182406719,54.24314
moz,Mozambique,2020,1466.12477,58.29434,7.290377987965538,56.25877
moz,Mozambique,2021,1457.23541,60.34999,7.284296364866618,58.29434
moz,Mozambique,2022,1476.6656,62.42375,7.297541852023181,60.34999
mrt,Mauritania,2000,4556.78573,41.41342,8.42437277018913,
mrt,Mauritania,2001,4479.34501,42.32803,8.407232111595311,41.41342
mrt,Mauritania,2002,4486.13711,43.82345,8.408747278589901,42.32803
mrt,Mauritania,2003,4733.72513,45.32826,8.46246772543933,43.82345
mrt,Mauritania,2004,4896.03471,46.84217,8.496180913627816,45.32826
mrt,Mauritania,2005,5238.92547,48.36375,8.563871693309702,46.84217
mrt,Mauritania,2006,6101.8421,49.89309,8.716345988180088,48.36375
mrt,Mauritania,2007,5888.90125,51.4299,8.68082471425244,49.89309
mrt,Mauritania,2008,5746.05454,52.97428,8.656268731314585,51.4299
mrt,Mauritania,2009,5608.36041,54.52367,8.632013693767785,52.97428
mrt,Mauritania,2010,5605.76389,56.07931,8.63155061346353,54.52367
mrt,Mauritania,2011,5653.2172,57.64054,8.639980078013956,56.07931
mrt,Mauritania,2012,5716.25196,59.20671,8.65106861785434,57.64054
mrt,Mauritania,2013,5769.72871,60.77645,8.660380341065773,59.20671
mrt,Mauritania,2014,5837.85204,62.34667,8.672118206796895,60.77645
mrt,Mauritania,2015,5969.5424,63.91647,8.694425553532644,62.34667
mrt,Mauritania,2016,5866.28145,65.48501,8.676976228270476,63.91647
mrt,Mauritania,2017,6050.62181,67.05285,8.707916324255935,65.48501
mrt,Mauritania,2018,6153.63791,68.61882,8.72479871599691,67.05285
mrt,Mauritania,2019,6162.21045,70.18317,8.72619083144586,68.61882
mrt,Mauritania,2020,5963.2355,71.74513,8.693368481886775,70.18317
mrt,Mauritania,2021,5836.56581,73.30495,8.6718978566224,71.74513
mrt,Mauritania,2022,6053.26179,74.8619,8.708352544584733,73.30495
mus,Mauritius,2000,14021.36627,99.35767,9.548337607338352,
mus,Mauritius,2001,14267.12388,99.38072,9.565713140051814,99.35767
mus,Mauritius,2002,14295.52068,99.4038,9.567701528017526,99.38072
mus,Mauritius,2003,14934.18232,99.42694,9.61140797990468,99.4038
mus,Mauritius,2004,15390.75057,99.45014,9.641521995624215,99.42694
mus,Mauritius,2005,15487.53309,99.4734,9.64779066249686,99.45014
mus,Mauritius,2006,16086.48209,99.49671,9.685734576553665,99.4734
mus,Mauritius,2007,16859.11109,99.52007,9.732646507152891,99.49671
mus,Mauritius,2008,17638.14144,99.54349,9.777818963465753,99.52007
mus,Mauritius,2009,18117.4412,99.56696,9.804630355497281,99.54349
mus,Mauritius,2010,18819.99841,99.59049,9.842675328654776,99.56696
mus,Mauritius,2011,19556.04878,99.61407,9.881039918070552,99.59049
mus,Mauritius,2012,20183.70007,99.6377,9.912630630420553,99.61407
mus,Mauritius,2013,20811.49499,99.6614,9.94326075678809,99.6377
mus,Mauritius,2014,21568.86485,99.68515,9.979006111665518,99.6614
mus,Mauritius,2015,22335.28362,99.70895,10.013922932160934,99.68515
mus,Mauritius,2016,23182.04341,99.73287,10.051133267020486,99.70895
mus,Mauritius,2017,24073.23256,99.75689,10.088855820056544,99.73287
mus,Mauritius,2018,25024.13379,99.781,10.127595989798136,99.75689
mus,Mauritius,2019,25739.3549,99.8052,10.155776418675995,99.781
mus,Mauritius,2020,21994.66598,99.82945,9.998555247488833,99.8052
mus,Mauritius,2021,22737.57294,99.85375,10.03177403073767,99.82945
mus,Mauritius,2022,24788.7665,99.87807,10.118145865824346,99.85375
mwi,Malawi,2000,1246.68825,54.13083,7.128245914424827,
mwi,Malawi,2001,1156.01263,54.93477,7.052731974778175,54.13083
mwi,Malawi,2002,1145.60656,55.7358,7.04368952244697,54.93477
mwi,Malawi,2003,1179.46015,56.53426,7.072812112774655,55.7358
mwi,Malawi,2004,1210.29196,57.3298,7.098616898741414,56.53426
mwi,Malawi,2005,1215.72811,58.12274,7.103098443775303,57.3298
mwi,Malawi,2006,1237.46547,58.91274,7.120820591023246,58.12274
mwi,Malawi,2007,1318.03456,59.70012,7.183896936266473,58.91274
mwi,Malawi,2008,1377.884,60.48455,7.228304268059299,59.70012
mwi,Malawi,2009,1449.27141,61.26952,7.278816233269251,60.48455
mwi,Malawi,2010,1504.37514,62.05472,7.316132901599235,61.26952
mwi,Malawi,2011,1533.2289,62.84009,7.335131182793922,62.05472
mwi,Malawi,2012,1518.14804,63.62504,7.325246476257164,62.84009
mwi,Malawi,2013,1555.50607,64.40976,7.349556218612302,63.62504
mwi,Malawi,2014,1597.56484,65.19339,7.376235773847408,64.40976
mwi,Malawi,2015,1597.69145,65.97633,7.376315022576508,65.19339
mwi,Malawi,2016,1593.59549,66.75751,7.373748056756048,65.97633
mwi,Malawi,2017,1613.05936,67.53727,7.385887878440009,66.75751
mwi,Malawi,2018,1638.91666,68.31522,7.401790729372926,67.53727
mwi,Malawi,2019,1687.28945,69.09077,7.430878644591845,68.31522
mwi,Malawi,2020,1656.43985,69.86395,7.412425909580521,69.09077
mwi,Malawi,2021,1687.59358,70.63417,7.431058876023938,69.86395
mwi,Malawi,2022,1659.95934,71.40138,7.414548387074703,70.63417
mys,Malaysia,2000,18455.11576,96.10582,9.82309688799929,
mys,Malaysia,2001,18132.46258,96.21352,9.805459123537657,96.10582
mys,Malaysia,2002,18678.23787,96.31855,9.835114374892136,96.21352
mys,Malaysia,2003,19314.02394,96.42101,9.868586740041472,96.31855
mys,Malaysia,2004,20166.7395,96.52093,9.911789966914549,96.42101
mys,Malaysia,2005,20777.09389,96.61811,9.941606403573788,96.52093
mys,Malaysia,2006,21466.88772,96.71277,9.974266920886844,96.61811
mys,Malaysia,2007,22333.7585,96.8049,10.013854646837219,96.71277
mys,Malaysia,2008,22924.91822,96.89452,10.039979729833679,96.8049
mys,Malaysia,2009,22122.93767,96.98153,10.004370252876193,96.89452
mys,Malaysia,2010,23307.96985,97.06607,10.056550634714847,96.98153
mys,Malaysia,2011,24115.81812,97.14202,10.090623257699948,97.06607
mys,Malaysia,2012,25006.35878,97.215,10.126885422708556,97.14202
mys,Malaysia,2013,25736.35256,97.28604,10.15565976792357,97.215
mys,Malaysia,2014,26818.43173,97.35532,10.19684468122593,97.28604
mys,Malaysia,2015,27699.62789,97.42271,10.229174258511192,97.35532
mys,Malaysia,2016,28425.37076,97.48836,10.25503736198134,97.42271
mys,Malaysia,2017,29551.54576,97.55182,10.293891331449204,97.48836
mys,Malaysia,2018,30459.96553,97.61324,10.32416849480045,97.55182
mys,Malaysia,2019,31300.50866,97.67268,10.351389627514408,97.61324
mys,Malaysia,2020,29200.45263,97.73019,10.28193948916363,97.67268
mys,Malaysia,2021,29822.84918,97.78587,10.303030129696827,97.73019
mys,Malaysia,2022,32079.15152,97.83975,10.375961612752867,97.78587
nam,Namibia,2000,7874.98348,76.23625,8.971446365913856,
nam,Namibia,2001,7796.34528,76.60734,8.961410349025874,76.23625
nam,Namibia,2002,8027.2393,77.08108,8.9905959495721,76.60734
nam,Namibia,2003,8225.77575,77.56987,9.01502788729551,77.08108
nam,Namibia,2004,9116.47953,78.0541,9.11783899209748,77.56987
nam,Namibia,2005,9234.0936,78.53209,9.130657739467802,78.0541
nam,Namibia,2006,9764.89304,79.0046,9.186548889845772,78.53209
nam,Namibia,2007,10156.50296,79.47089,9.225869465032748,79.0046
nam,Namibia,2008,10283.26448,79.93111,9.238273045019021,79.47089
nam,Namibia,2009,10165.05149,80.38343,9.226710791470179,79.93111
nam,Namibia,2010,10614.62016,80.82945,9.269987590171635,80.38343
nam,Namibia,2011,10965.27298,81.26765,9.302488556118934,80.82945
nam,Namibia,2012,11266.60895,81.70573,9.329598670008814,81.26765
nam,Namibia,2013,11593.57538,82.13585,9.358206377113078,81.70573
nam,Namibia,2014,11982.69636,82.5579,9.391218918130896,82.13585
nam,Namibia,2015,12166.56584,82.97104,9.406446963744846,82.5579
nam,Namibia,2016,11846.78808,83.37098,9.379812061721836,82.97104
nam,Namibia,2017,11408.72531,83.75692,9.342133719700335,83.37098
nam,Namibia,2018,11214.38604,84.12911,9.324952700917207,83.75692
nam,Namibia,2019,10813.30447,84.5549,9.288532550322165,84.12911
nam,Namibia,2020,9652.24827,84.96892,9.174946148544242,84.5549
nam,Namibia,2021,9709.09931,85.37136,9.180818797971659,84.96892
nam,Namibia,2022,9953.09752,85.762,9.205639090248901,85.37136
ner,Niger,2000,1148.48705,36.54791,7.0462007464887435,
ner,Niger,2001,1194.89312,37.35881,7.085812021035132,36.54791
ner,Niger,2002,1214.9214,38.11154,7.102434662324048,37.35881
ner,Niger,2003,1207.39718,38.85821,7.096222230762447,38.11154
ner,Niger,2004,1171.01571,39.59819,7.065626779391585,38.85821
ner,Niger,2005,1216.43613,40.33089,7.103680657762628,39.59819
ner,Niger,2006,1245.65818,41.0575,7.127419327842601,40.33089
ner,Niger,2007,1241.91548,41.77742,7.1244102086480225,41.0575
ner,Niger,2008,1293.68022,42.49009,7.165246319327184,41.77742
ner,Niger,2009,1273.85258,43.19663,7.1498011151509795,42.49009
ner,Niger,2010,1336.5641,43.89648,7.197857495521283,43.19663
ner,Niger,2011,1318.10131,44.5891,7.183947578572718,43.89648
ner,Niger,2012,1403.18971,45.27557,7.246503288352718,44.5891
ner,Niger,2013,1423.26169,45.95534,7.260706481393104,45.27557
ner,Niger,2014,1462.82123,46.636,7.288122199432147,45.95534
ner,Niger,2015,1471.66135,47.31809,7.294147211679394,46.636
ner,Niger,2016,1500.00859,48.00013,7.313226113740571,47.31809
ner,Niger,2017,1520.00154,48.68264,7.3264666269977035,48.00013
ner,Niger,2018,1574.33838,49.3642,7.361590386812537,48.68264
ner,Niger,2019,1612.63735,50.04531,7.385626223337036,49.3642
ner,Niger,2020,1615.69272,50.72547,7.387519072485668,50.04531
ner,Niger,2021,1585.59922,51.40379,7.368717671648256,50.72547
ner,Niger,2022,1717.51892,52.08068,7.448636040047473,51.40379
nga,Nigeria,2000,3226.14641,44.48031,8.079043642032252,
nga,Nigeria,2001,3345.83079,45.76546,8.115470309437178,44.48031
nga,Nigeria,2002,3767.95512,47.32367,8.234287724797294,45.76546
nga,Nigeria,2003,3957.28466,48.88988,8.28331337713511,47.32367
nga,Nigeria,2004,4220.82992,50.46356,8.347787051201434,48.88988
nga,Nigeria,2005,4379.91111,52.04386,8.384783708644008,50.46356
nga,Nigeria,2006,4525.52325,53.631,8.41748848480789,52.04386
nga,Nigeria,2007,4694.80547,55.22483,8.454211957344144,53.631
nga,Nigeria,2008,4872.93098,56.82523,8.491450878983708,55.22483
nga,Nigeria,2009,5113.47496,58.43067,8.539634483392383,56.82523
nga,Nigeria,2010,5359.51848,60.04206,8.586629414208472,58.43067
nga,Nigeria,2011,5488.00482,61.65527,8.610320047685219,60.04206
nga,Nigeria,2012,5563.64168,63.27026,8.624008151257145,61.65527
nga,Nigeria,2013,5775.86635,64.88638,8.66144354145454,63.27026
nga,Nigeria,2014,5980.19182,66.50363,8.6962079233533,64.88638
nga,Nigeria,2015,5985.09435,68.122,8.697027382278844,66.50363
nga,Nigeria,2016,5744.55788,69.74057,8.656008229967266,68.122
nga,Nigeria,2017,5651.73413,71.35998,8.639717702712158,69.74057
nga,Nigeria,2018,5628.74079,72.97966,8.635641035371938,71.35998
nga,Nigeria,2019,5628.17765,74.59932,8.635540983123452,72.97966
nga,Nigeria,2020,5410.69355,76.21904,8.59613256140578,74.59932
nga,Nigeria,2021,5491.70034,77.83855,8.610993202398518,76.21904
nga,Nigeria,2022,5552.83765,79.45795,8.622064364365448,77.83855
nld,Netherlands,2000,55211.00112,100.0,10.91891750806062,
nld,Netherlands,2001,56177.87032,100.0,10.936278191787336,100.0
nld,Netherlands,2002,56063.70601,100.0,10.934243930453833,100.0
nld,Netherlands,2003,55971.60417,100.0,10.932599772721776,100.0
nld,Netherlands,2004,57000.49232,100.0,10.950815183972368,100.0
nld,Netherlands,2005,58119.36479,100.0,10.970254188340254,100.0
nld,Netherlands,2006,60160.42039,100.0,11.004769946464998,100.0
nld,Netherlands,2007,62432.47586,100.0,11.041840865446584,100.0
nld,Netherlands,2008,63566.68986,100.0,11.059844867786616,100.0
nld,Netherlands,2009,60980.28095,100.0,11.01830582777991,100.0
nld,Netherlands,2010,61518.55401,100.0,11.027094099514477,100.0
nld,Netherlands,2011,62318.14162,100.0,11.040007860138516,100.0
nld,Netherlands,2012,61480.8126,100.0,11.026480414871626,100.0
nld,Netherlands,2013,61281.28881,100.0,11.023229835688092,100.0
nld,Netherlands,2014,62045.85638,100.0,11.035629009676121,100.0
nld,Netherlands,2015,63081.39414,100.0,11.052181141974156,100.0
nld,Netherlands,2016,64267.73636,100.0,11.070813016957763,100.0
nld,Netherlands,2017,65666.00366,100.0,11.092336622452821,100.0
nld,Netherlands,2018,66758.26401,100.0,11.1088333739925,100.0
nld,Netherlands,2019,67847.85429,100.0,11.125023040444606,100.0
nld,Netherlands,2020,64862.19225,100.0,11.08002017901259,100.0
nld,Netherlands,2021,68573.56488,100.0,11.13566238784347,100.0
nld,Netherlands,2022,71324.03603,100.0,11.174988660813364,100.0
nor,Norway,2000,76788.74651,100.0,11.248813378581513,
nor,Norway,2001,78367.82866,100.0,11.269168773397933,100.0
nor,Norway,2002,79347.25467,100.0,11.281589127624471,100.0
nor,Norway,2003,79881.05934,100.0,11.28829404908428,100.0
nor,Norway,2004,82786.9453,100.0,11.324025662483908,100.0
nor,Norway,2005,84553.41831,100.0,11.345138782959507,100.0
nor,Norway,2006,85988.98405,100.0,11.361974474589246,100.0
nor,Norway,2007,87562.62169,100.0,11.380109492828575,100.0
nor,Norway,2008,86795.5118,100.0,11.371310191938298,100.0
nor,Norway,2009,83883.37384,100.0,11.337182706429187,100.0
nor,Norway,2010,83256.78807,100.0,11.329684942896996,100.0
nor,Norway,2011,83092.43422,100.0,11.327708932414762,100.0
nor,Norway,2012,84237.14957,100.0,11.341391309222077,100.0
nor,Norway,2013,84070.45839,100.0,11.339410516594555,100.0
nor,Norway,2014,84830.2558,100.0,11.348407548239884,100.0
nor,Norway,2015,85550.29426,100.0,11.356859718940374,100.0
nor,Norway,2016,85787.61744,100.0,11.359629956179964,100.0
nor,Norway,2017,87194.11154,100.0,11.37589207940593,100.0
nor,Norway,2018,87338.4708,100.0,11.377546318299144,100.0
nor,Norway,2019,87725.72833,100.0,11.381970502839293,100.0
nor,Norway,2020,86096.05089,100.0,11.363218822813398,100.0
nor,Norway,2021,88984.13867,100.0,11.396213415640695,100.0
nor,Norway,2022,91051.0832,100.0,11.41917598184501,100.0
npl,Nepal,2000,2326.07294,79.4884,7.751936691142401,
npl,Nepal,2001,2401.67725,80.16709,7.783922626417843,79.4884
npl,Nepal,2002,2368.99727,80.80652,7.770222051773149,80.16709
npl,Nepal,2003,2428.772,81.44169,7.795141058808113,80.80652
npl,Nepal,2004,2511.46651,82.07251,7.828622128440631,81.44169
npl,Nepal,2005,2570.84456,82.69891,7.851989746472789,82.07251
npl,Nepal,2006,2634.01895,83.32079,7.876266076658516,82.69891
npl,Nepal,2007,2702.77225,83.93816,7.902033284494929,83.32079
npl,Nepal,2008,2848.10016,84.55084,7.954407440452794,83.93816
npl,Nepal,2009,2959.22635,85.15873,7.992683144912231,84.55084
npl,Nepal,2010,3085.31407,85.76176,8.034408736668194,85.15873
npl,Nepal,2011,3176.65041,86.3599,8.063582590443433,85.76176
npl,Nepal,2012,3316.50074,86.95328,8.106665512092375,86.3599
npl,Nepal,2013,3426.55796,87.54158,8.13931152610243,86.95328
npl,Nepal,2014,3621.73169,88.12481,8.194707557841921,87.54158
npl,Nepal,2015,3745.26182,88.7027,8.228246805390109,88.12481
npl,Nepal,2016,3743.74458,89.27519,8.227841614116468,88.7027
npl,Nepal,2017,4071.70432,89.84208,8.311816942627308,89.27519
npl,Nepal,2018,4371.38572,90.40323,8.382835336222733,89.84208
npl,Nepal,2019,4607.52455,90.95846,8.43544601779891,90.40323
npl,Nepal,2020,4412.54204,91.50762,8.392206228674919,90.95846
npl,Nepal,2021,4546.2297,92.05053,8.422053531072644,91.50762
npl,Nepal,2022,4763.38751,92.58703,8.468714355879017,92.05053
nru,Nauru,2000,9045.88119,98.3154,9.110064815969666,
nru,Nauru,2001,8453.49239,98.31872,9.042334935557772,98.3154
nru,Nauru,2002,7634.92083,98.32204,8.940487848247301,98.31872
nru,Nauru,2003,7665.34369,98.32535,8.944464629178698,98.32204
nru,Nauru,2004,7328.33621,98.32867,8.899503785487092,98.32535
nru,Nauru,2005,7240.16555,98.33199,8.887399351140438,98.32867
nru,Nauru,2006,7730.48873,98.3353,8.95292736467987,98.33199
nru,Nauru,2007,6123.69092,98.33862,8.719920285223045,98.3353
nru,Nauru,2008,7415.60076,98.30948,8.911341270845082,98.33862
nru,Nauru,2009,7007.89149,98.28034,8.854792148763476,98.30948
nru,Nauru,2010,6966.78567,98.2512,8.848909230957082,98.28034
nru,Nauru,2011,7926.22136,98.22205,8.97793170169751,98.2512
nru,Nauru,2012,9766.46483,98.1929,9.186709840253199,98.22205
nru,Nauru,2013,9882.09256,98.16375,9.198479565886824,98.1929
nru,Nauru,2014,11264.07883,98.1346,9.329374076775323,98.16375
nru,Nauru,2015,11344.10275,98.10545,9.336453306382511,98.1346
nru,Nauru,2016,11630.96039,98.07629,9.361425820779118,98.10545
nru,Nauru,2017,10763.82305,98.04713,9.28394607265556,98.07629
nru,Nauru,2018,10490.85563,98.01797,9.258259264317571,98.04713
nru,Nauru,2019,11273.14078,97.98881,9.330178253212805,98.01797
nru,Nauru,2020,11441.25845,97.95964,9.34498126325438,97.98881
nru,Nauru,2021,12196.64515,97.93048,9.408916205200379,97.95964
nru,Nauru,2022,12458.74051,97.90131,9.43017770456772,97.93048
nzl,New Zealand,2000,35871.34674,100.0,10.487694114845228,
nzl,New Zealand,2001,36807.22838,100.0,10.513449528238043,100.0
nzl,New Zealand,2002,37904.08537,100.0,10.542814178664921,100.0
nzl,New Zealand,2003,38935.26133,100.0,10.569655579944385,100.0
nzl,New Zealand,2004,39957.50869,100.0,10.595571885723858,100.0
nzl,New Zealand,2005,40817.84481,100.0,10.61687463756677,100.0
nzl,New Zealand,2006,41455.34941,100.0,10.63237220917238,100.0
nzl,New Zealand,2007,42350.36139,100.0,10.653732233455834,100.0
nzl,New Zealand,2008,41573.46249,100.0,10.635217321777773,100.0
nzl,New Zealand,2009,41140.53326,100.0,10.62474912520364,100.0
nzl,New Zealand,2010,41270.92851,100.0,10.627913620918548,100.0
nzl,New Zealand,2011,41814.88518,100.0,10.641007659907276,100.0
nzl,New Zealand,2012,42570.33328,100.0,10.6589128877791,100.0
nzl,New Zealand,2013,43338.43738,100.0,10.676795219525728,100.0
nzl,New Zealand,2014,44255.50466,100.0,10.697735041795195,100.0
nzl,New Zealand,2015,44963.83392,100.0,10.713613754953302,100.0
nzl,New Zealand,2016,45626.68184,100.0,10.728247952451971,100.0
nzl,New Zealand,2017,46193.28848,100.0,10.740589795521306,100.0
nzl,New Zealand,2018,46947.93725,100.0,10.756794548633962,100.0
nzl,New Zealand,2019,47277.66283,100.0,10.76379321832854,100.0
nzl,New Zealand,2020,46104.60579,100.0,10.73866813267099,100.0
nzl,New Zealand,2021,47996.67988,100.0,10.778887118331065,100.0
nzl,New Zealand,2022,49618.52533,100.0,10.812119537537741,100.0
omn,Oman,2000,40524.4461,85.63808,10.60966067840436,
omn,Oman,2001,42340.35105,85.63377,10.653495835868465,85.63808
omn,Oman,2002,41867.99254,85.62946,10.642276912795719,85.63377
omn,Oman,2003,40743.64932,85.62515,10.615055261615954,85.62946
omn,Oman,2004,41072.01082,85.69365,10.6230821665507,85.62515
omn,Oman,2005,41481.61379,86.06028,10.633005566842218,85.69365
omn,Oman,2006,42653.91573,86.42352,10.660874359490936,86.06028
omn,Oman,2007,43898.2691,86.7832,10.689630170039935,86.42352
omn,Oman,2008,46798.95737,87.13936,10.753616203238767,86.7832
omn,Oman,2009,48443.3598,87.49162,10.788150555294763,87.13936
omn,Oman,2010,48191.61451,87.84044,10.782940312082088,87.49162
omn,Oman,2011,44440.30926,88.28549,10.701902202775257,87.84044
omn,Oman,2012,41964.08286,88.7988,10.644569361399041,88.28549
omn,Oman,2013,40854.48535,89.29448,10.617771894750113,88.7988
omn,Oman,2014,39639.98705,89.77447,10.58759366175366,89.29448
omn,Oman,2015,39813.78871,90.23849,10.591968581272585,89.77447
omn,Oman,2016,39860.98939,90.68742,10.593153415084425,90.23849
omn,Oman,2017,38691.10771,91.11489,10.563365077680167,90.68742
omn,Oman,2018,38673.60454,91.52309,10.562912593083778,91.11489
omn,Oman,2019,38292.38597,91.88826,10.553006355666547,91.52309
omn,Oman,2020,37560.59987,92.16803,10.53371090417443,91.88826
omn,Oman,2021,38719.45877,92.30972,10.5640975632453,92.16803
omn,Oman,2022,39780.21228,92.43997,10.59112488874365,92.30972
pak,Pakistan,2000,3621.88037,87.34433,8.194748609184481,
pak,Pakistan,2001,3640.97303,87.58608,8.200006240842313,87.34433
pak,Pakistan,2002,3646.92199,87.82481,8.201638800396195,87.58608
pak,Pakistan,2003,3751.99908,88.06254,8.230044064923527,87.82481
pak,Pakistan,2004,3939.02923,88.29937,8.278689583608516,88.06254
pak,Pakistan,2005,4114.79452,87.98582,8.322344177478016,88.29937
pak,Pakistan,2006,4248.39333,88.14226,8.354296150443327,87.98582
pak,Pakistan,2007,4306.74362,88.31304,8.367937356929897,88.14226
pak,Pakistan,2008,4268.21132,88.48203,8.35895012384823,88.31304
pak,Pakistan,2009,4288.37383,88.64923,8.36366287945437,88.48203
pak,Pakistan,2010,4228.78177,88.81473,8.349669232925107,88.64923
pak,Pakistan,2011,4246.06711,88.97852,8.353748447602262,88.81473
pak,Pakistan,2012,4292.0211,89.14057,8.364513019861525,88.97852
pak,Pakistan,2013,4407.14706,89.30073,8.390982833924443,89.14057
pak,Pakistan,2014,4520.23463,89.45915,8.416319180771072,89.30073
pak,Pakistan,2015,4645.28631,89.61582,8.44360828766915,89.45915
pak,Pakistan,2016,4886.61212,89.77072,8.494254524363711,89.61582
pak,Pakistan,2017,5031.56061,89.92378,8.523485475410345,89.77072
pak,Pakistan,2018,5255.06351,90.07585,8.566947368870752,89.92378
pak,Pakistan,2019,5295.95295,90.22677,8.574698213513937,90.07585
pak,Pakistan,2020,5135.01459,90.37633,8.543837963643918,90.22677
pak,Pakistan,2021,5367.27365,90.52431,8.588075358393313,90.37633
pak,Pakistan,2022,5526.27928,90.67046,8.617270043475207,90.52431
pan,Panama,2000,14371.4668,89.62015,9.573000047628685,
pan,Panama,2001,14249.01225,89.97598,9.564442867504873,89.62015
pan,Panama,2002,14350.55017,90.32899,9.571543559825654,89.97598
pan,Panama,2003,14811.56391,90.6584,9.603163499931172,90.32899
pan,Panama,2004,15741.34696,90.86602,9.66404609391357,90.6584
pan,Panama,2005,16743.71687,91.0628,9.725778354642213,90.86602
pan,Panama,2006,18075.76479,91.25622,9.802327358165032,91.0628
pan,Panama,2007,20109.67673,91.44614,9.908956407550471,91.25622
pan,Panama,2008,21790.55657,91.63294,9.989231970063129,91.44614
pan,Panama,2009,21786.09268,91.81649,9.989027094741486,91.63294
pan,Panama,2010,22739.11062,91.99663,10.031841655721736,91.81649
pan,Panama,2011,24999.46059,92.17503,10.126609527217564,91.99663
pan,Panama,2012,26926.88528,92.35146,10.200880519257634,92.17503
pan,Panama,2013,28135.3279,92.52587,10.244781286322302,92.35146
pan,Panama,2014,28931.80445,92.69838,10.272696768994305,92.52587
pan,Panama,2015,29933.15557,92.86864,10.306722026963122,92.69838
pan,Panama,2016,30765.23716,93.18882,10.334140667904833,92.86864
pan,Panama,2017,31979.81227,93.50739,10.372860116139321,93.18882
pan,Panama,2018,32681.44636,93.82413,10.394562806256506,93.50739
pan,Panama,2019,33163.72691,94.13897,10.409211994670786,93.82413
pan,Panama,2020,26881.79871,94.43065,10.199204708692934,94.13897
pan,Panama,2021,30932.76278,94.64367,10.33957118532401,94.43065
pan,Panama,2022,33833.02651,94.85343,10.429192720084798,94.64367
per,Peru,2000,7724.22627,80.40771,8.952116937526375,
per,Peru,2001,7663.7208,81.1652,8.944252888924476,80.40771
per,Peru,2002,7981.43617,81.91209,8.98487364542893,81.1652
per,Peru,2003,8220.07656,82.64887,9.014334801875465,81.91209
per,Peru,2004,8537.15543,83.37525,9.052183143474531,82.64887
per,Peru,2005,8986.11141,84.09101,9.103435487728188,83.37525
per,Peru,2006,9578.48689,84.79697,9.167274913813923,84.09101
per,Peru,2007,10310.62675,85.49258,9.240930365658004,84.79697
per,Peru,2008,11168.72285,86.13887,9.320872548015025,85.49258
per,Peru,2009,11212.67064,86.76216,9.324799724980345,86.13887
per,Peru,2010,12059.01802,87.38151,9.397568042422071,86.76216
per,Peru,2011,12726.59998,87.99636,9.451449568681713,87.38151
per,Peru,2012,13395.39938,88.6073,9.50266659713707,87.99636
per,Peru,2013,14052.13762,89.2138,9.550529806961444,88.6073
per,Peru,2014,14244.56602,89.81618,9.564130781041463,89.2138
per,Peru,2015,14542.79309,90.41467,9.584850829613114,89.81618
per,Peru,2016,14917.44895,91.00885,9.610286877235195,90.41467
per,Peru,2017,15069.52211,91.59897,9.62042957977068,91.00885
per,Peru,2018,15386.26016,92.18632,9.641230192754128,91.59897
per,Peru,2019,15463.54324,92.77049,9.646240483462805,92.18632
per,Peru,2020,13609.59996,93.35144,9.518530702120213,92.77049
per,Peru,2021,15280.55121,93.92878,9.63433613602274,93.35144
per,Peru,2022,15559.82164,94.5023,9.65244733494175,93.92878
phl,Philippines,2000,4827.84656,86.51498,8.482155800436496,
phl,Philippines,2001,4861.25528,86.86711,8.489051971609763,86.51498
phl,Philippines,2002,4934.5461,87.24125,8.504015971953669,86.86711
phl,Philippines,2003,5076.67025,87.61607,8.532410863064579,87.24125
phl,Philippines,2004,5298.45613,87.9916,8.57517076087881,87.61607
phl,Philippines,2005,5447.69536,88.36783,8.602947928497903,87.9916
phl,Philippines,2006,5630.26197,88.74475,8.63591125113468,88.36783
phl,Philippines,2007,5882.26257,89.12237,8.679696757695998,88.74475
phl,Philippines,2008,6016.67532,89.5007,8.70229011331903,89.12237
phl,Philippines,2009,5980.50897,89.87981,8.696260955362987,89.5007
phl,Philippines,2010,6273.03928,90.26401,8.744016249833873,89.87981
phl,Philippines,2011,6388.31297,90.67011,8.762225501559936,90.26401
phl,Philippines,2012,6697.55621,91.07489,8.809497994067383,90.67011
phl,Philippines,2013,7016.53846,91.47845,8.856025278541521,91.07489
phl,Philippines,2014,7340.36159,91.88061,8.901143383337962,91.47845
phl,Philippines,2015,7691.76309,92.28154,8.947905306702374,91.88061
phl,Philippines,2016,8131.82538,92.68115,9.003540701325358,92.28154
phl,Philippines,2017,8584.13623,93.0806,9.057671154408276,92.68115
phl,Philippines,2018,9016.2866,93.47985,9.10678784314695,93.0806
phl,Philippines,2019,9452.29397,93.87864,9.154012739177372,93.47985
phl,Philippines,2020,8455.18457,94.27679,9.042535090780992,93.87864
phl,Philippines,2021,8857.78995,94.6741,9.089052571174214,94.27679
phl,Philippines,2022,9457.10395,95.07041,9.154521478812985,94.6741
plw,Palau,2000,15586.24569,99.34108,9.654144117784973,
plw,Palau,2001,16425.81813,99.34429,9.706609652157994,99.34108
plw,Palau,2002,17071.35331,99.3476,9.745157092669425,99.34429
plw,Palau,2003,16377.65552,99.35102,9.703673216515762,99.3476
plw,Palau,2004,16893.73505,99.36425,9.73469812508171,99.35102
plw,Palau,2005,17474.70511,99.37698,9.768509691995392,99.36425
plw,Palau,2006,17615.35108,99.38927,9.776526021317569,99.37698
plw,Palau,2007,18177.88694,99.4011,9.807961131053256,99.38927
plw,Palau,2008,17436.43087,99.41249,9.766317024569362,99.4011
plw,Palau,2009,16420.39584,99.42343,9.706279489902204,99.41249
plw,Palau,2010,16530.84558,99.43393,9.712983343771707,99.42343
plw,Palau,2011,17682.60864,99.44402,9.780336872818884,99.43393
plw,Palau,2012,18219.69799,99.45369,9.810258594935625,99.44402
plw,Palau,2013,17783.62931,99.46294,9.7860336114097,99.45369
plw,Palau,2014,18561.44049,99.4718,9.828841615936248,99.46294
plw,Palau,2015,20021.31442,99.48026,9.904552706058649,99.4718
plw,Palau,2016,19902.9819,99.48826,9.898624843708165,99.48026
plw,Palau,2017,19237.92655,99.4958,9.864638950740828,99.48826
plw,Palau,2018,19256.92763,99.50292,9.865626151858894,99.4958
plw,Palau,2019,19312.79055,99.50964,9.868522878187125,99.50292
plw,Palau,2020,18160.25457,99.51598,9.806990670228837,99.50964
plw,Palau,2021,15663.17159,99.52195,9.65906747713581,99.51598
plw,Palau,2022,15477.55264,99.52758,9.647146036453668,99.52195
png,Papua New Guinea,2000,3350.12137,29.77242,8.116751854013573,
png,Papua New Guinea,2001,3237.16538,29.75864,8.082453343137079,29.77242
png,Papua New Guinea,2002,3127.237,29.74737,8.047905146079255,29.75864
png,Papua New Guinea,2003,3091.31069,29.7361,8.036350451477519,29.74737
png,Papua New Guinea,2004,3072.34331,29.72421,8.03019584258078,29.7361
png,Papua New Guinea,2005,3161.25688,31.19758,8.058724974336096,29.72421
png,Papua New Guinea,2006,3218.72622,32.67151,8.07674097642359,31.19758
png,Papua New Guinea,2007,3363.92381,34.146,8.120863372203774,32.67151
png,Papua New Guinea,2008,3246.19449,35.62104,8.085238663100299,34.146
png,Papua New Guinea,2009,3356.31321,36.87046,8.11859839159938,35.62104
png,Papua New Guinea,2010,3579.17141,38.09732,8.182886602885455,36.87046
png,Papua New Guinea,2011,3514.83277,39.30109,8.164747227010569,38.09732
png,Papua New Guinea,2012,3577.45177,40.48281,8.182406029858248,39.30109
png,Papua New Guinea,2013,3615.28324,41.64884,8.19292548283753,40.48281
png,Papua New Guinea,2014,3998.61805,42.79861,8.293704092907472,41.64884
png,Papua New Guinea,2015,4154.52333,43.93157,8.331952978686813,42.79861
png,Papua New Guinea,2016,4275.74859,45.04717,8.360714474813038,43.93157
png,Papua New Guinea,2017,4322.22282,46.14492,8.37152509057365,45.04717
png,Papua New Guinea,2018,4211.14547,47.22473,8.345489972803916,46.14492
png,Papua New Guinea,2019,4301.61139,48.28571,8.366744973343925,47.22473
png,Papua New Guinea,2020,4077.63132,49.3274,8.31327153998515,48.28571
png,Papua New Guinea,2021,3976.9038,50.35015,8.288258855827879,49.3274
png,Papua New Guinea,2022,4125.49303,51.35313,8.324940814050787,50.35015
pol,Poland,2005,21513.65483,98.23908,9.976443120891878,
pol,Poland,2006,22886.21627,98.23582,10.038290098715034,98.23908
pol,Poland,2007,24468.67846,98.23253,10.105149148439693,98.23582
pol,Poland,2008,25549.19487,98.22921,10.148361083197962,98.23253
pol,Poland,2009,26206.23389,98.22592,10.173752596180034,98.22921
pol,Poland,2010,27112.13338,97.68796,10.207736632867586,98.22592
pol,Poland,2011,28521.66126,97.14836,10.258419121779935,97.68796
pol,Poland,2012,28952.91573,96.60641,10.273426193991796,97.14836
pol,Poland,2013,29168.62421,96.06268,10.280848897196861,96.60641
pol,Poland,2014,30334.87866,95.51704,10.320053440368397,96.06268
pol,Poland,2015,31700.36824,94.96964,10.364083576201688,95.51704
pol,Poland,2016,32675.30523,94.42243,10.394374879841294,94.96964
pol,Poland,2017,34354.59876,93.87613,10.44449116816542,94.42243
pol,Poland,2018,36500.41143,93.33123,10.505078811561848,93.87613
pol,Poland,2019,38181.62303,92.78831,10.550109606329071,93.33123
pol,Poland,2020,37852.80213,92.24806,10.541460288622023,92.78831
pol,Poland,2021,41059.58478,91.71093,10.622779578003527,92.24806
pol,Poland,2022,43405.02158,91.17763,10.67833041800353,91.71093
prk,North Korea,2000,1672.45101,99.30294,7.422045500093559,
prk,North Korea,2001,1711.88224,99.30254,7.445348769289159,99.30294
prk,North Korea,2002,1710.91213,99.30215,7.444781916641229,99.30254
prk,North Korea,2003,1721.85746,99.30176,7.451158905719523,99.30215
prk,North Korea,2004,1737.6171,99.2395,7.460269970851414,99.30176
prk,North Korea,2005,1782.7741,98.86547,7.485925913257651,99.2395
prk,North Korea,2006,1745.03059,98.49234,7.464527364568838,98.86547
prk,North Korea,2007,1706.62299,98.1201,7.442271837241093,98.49234
prk,North Korea,2008,1745.35003,97.74875,7.464710404778871,98.1201
prk,North Korea,2009,1712.06133,97.38018,7.445453379658169,97.74875
prk,North Korea,2010,1686.7512,97.01419,7.430559590934583,97.38018
prk,North Korea,2011,1692.53105,96.6502,7.433980350260692,97.01419
prk,North Korea,2012,1706.01735,96.28833,7.441916897988187,96.6502
prk,North Korea,2013,1715.65043,95.92847,7.447547547174563,96.28833
prk,North Korea,2014,1725.2835,95.57068,7.453146663787923,95.92847
prk,North Korea,2015,1698.31089,95.21488,7.437389441984813,95.57068
prk,North Korea,2016,1754.18272,94.8621,7.469758340824595,95.21488
prk,North Korea,2017,1684.82459,94.51245,7.42941673647738,94.8621
prk,North Korea,2018,1607.76,94.16624,7.382597184868122,94.51245
prk,North Korea,2019,1494.08,93.82369,7.309265911782572,94.16624
prk,North Korea,2020,1445.36,93.84384,7.276113704465672,93.82369
prk,North Korea,2021,1521.92,93.86514,7.327727974622308,93.84384
prk,North Korea,2022,1373.44,93.8875,7.2250738205622245,93.86514
prt,Portugal,2000,34490.82,99.22967,10.448448480655514,
prt,Portugal,2001,34989.77279,99.21639,10.462811091771059,99.22967
prt,Portugal,2002,35139.00933,99.20468,10.467067169254896,99.21639
prt,Portugal,2003,34749.20143,99.19442,10.45591187029723,99.20468
prt,Portugal,2004,35351.62552,99.18561,10.473099653860151,99.19442
prt,Portugal,2005,35622.73481,99.17825,10.480739331268683,99.18561
prt,Portugal,2006,36193.11836,99.17232,10.496624279189977,99.17825
prt,Portugal,2007,37083.19514,99.16782,10.520919184791635,99.17232
prt,Portugal,2008,37198.64961,99.16474,10.524027738795896,99.16782
prt,Portugal,2009,36050.61782,99.16305,10.492679280430321,99.16474
prt,Portugal,2010,36703.11402,99.16277,10.510616881124244,99.16305
prt,Portugal,2011,36127.29481,99.16387,10.494803947549409,99.16277
prt,Portugal,2012,34804.63319,99.16633,10.457505794544215,99.16387
prt,Portugal,2013,34651.7718,99.17011,10.453104137509875,99.16633
prt,Portugal,2014,35097.40968,99.17522,10.46588260844013,99.17011
prt,Portugal,2015,35803.35741,99.18161,10.485796950393732,99.17522
prt,Portugal,2016,36636.29768,99.18927,10.508794767831063,99.18161
prt,Portugal,2017,37943.11506,99.19817,10.54384334502106,99.18927
prt,Portugal,2018,39123.61476,99.20828,10.574481521720458,99.19817
prt,Portugal,2019,40188.28668,99.21959,10.60133085602944,99.20828
prt,Portugal,2020,36852.22839,99.23207,10.514671367702292,99.21959
prt,Portugal,2021,38657.66772,99.24568,10.562500422954932,99.23207
prt,Portugal,2022,41070.86131,99.26041,10.623054178486239,99.24568
pry,Paraguay,2000,9409.92057,76.39116,9.149519791523609,
pry,Paraguay,2001,9266.47124,77.77323,9.134157921579606,76.39116
pry,Paraguay,2002,9333.5949,79.11788,9.141375525096539,77.77323
pry,Paraguay,2003,9650.79944,80.35479,9.174796034425013,79.11788
pry,Paraguay,2004,9961.97786,81.55759,9.206530911185467,80.35479
pry,Paraguay,2005,10098.54606,82.74705,9.220146738011469,81.55759
pry,Paraguay,2006,10512.34007,83.9229,9.260305090848,82.74705
pry,Paraguay,2007,11014.72226,85.08525,9.30698804421133,83.9229
pry,Paraguay,2008,11660.62392,86.23439,9.363972967906866,85.08525
pry,Paraguay,2009,11550.16197,87.37013,9.354454739228236,86.23439
pry,Paraguay,2010,12738.57656,88.49255,9.452390192899593,87.37013
pry,Paraguay,2011,13109.46657,89.60173,9.48108988714275,88.49255
pry,Paraguay,2012,12834.80159,90.6979,9.459915634673875,89.60173
pry,Paraguay,2013,13700.70305,91.77663,9.525202428017765,90.6979
pry,Paraguay,2014,14219.35442,92.84213,9.562359302889234,91.77663
pry,Paraguay,2015,14427.60023,93.89629,9.576898333710531,92.84213
pry,Paraguay,2016,14826.66369,94.93927,9.604182439491945,93.89629
pry,Paraguay,2017,15320.33665,95.97097,9.636936417596226,94.93927
pry,Paraguay,2018,15592.98414,96.99205,9.6545763574613,95.97097
pry,Paraguay,2019,15321.32455,98.02471,9.637000898434513,96.99205
pry,Paraguay,2020,14991.66062,99.04623,9.615249366815357,98.02471
pry,Paraguay,2021,15406.16706,99.33051,9.642523166681197,99.04623
pry,Paraguay,2022,15259.14563,99.518,9.632934315721938,99.33051
pse,Palestine,2000,4829.81047,92.39327,8.482562505711071,
pse,Palestine,2001,4226.68901,92.88285,8.349174225586738,92.39327
pse,Palestine,2002,3572.22475,93.37112,8.180943859949824,92.88285
pse,Palestine,2003,3936.54946,93.85799,8.278059847006405,93.37112
pse,Palestine,2004,4603.27791,94.34356,8.434523917836536,93.85799
pse,Palestine,2005,4964.9129,94.82775,8.5101510335258,94.34356
pse,Palestine,2006,4760.95564,95.31062,8.468203691780811,94.82775
pse,Palestine,2007,4805.25922,95.79222,8.477466267920118,95.31062
pse,Palestine,2008,5004.56469,96.27246,8.518105712941798,95.79222
pse,Palestine,2009,5279.29973,96.75166,8.571548741010643,96.27246
pse,Palestine,2010,5432.24363,97.22978,8.600107519116413,96.75166
pse,Palestine,2011,5805.32115,97.70673,8.666530215599147,97.22978
pse,Palestine,2012,6009.10926,98.18247,8.701031806894536,97.70673
pse,Palestine,2013,6142.20204,98.57939,8.722938595282278,98.18247
pse,Palestine,2014,5990.42662,98.96806,8.697917910610053,98.57939
pse,Palestine,2015,6072.65032,99.20375,8.71155041478979,98.96806
pse,Palestine,2016,6464.13353,99.3095,8.774024257475192,99.20375
pse,Palestine,2017,6426.79522,99.22418,8.7682312824084,99.3095
pse,Palestine,2018,6342.93748,99.13726,8.755097265050559,99.22418
pse,Palestine,2019,6269.89135,99.04867,8.743514304928182,99.13726
pse,Palestine,2020,5423.68255,98.95841,8.59853030099006,99.04867
pse,Palestine,2021,5663.12161,98.8664,8.641730540366721,98.95841
pse,Palestine,2022,5753.08396,98.78094,8.657491330881605,98.8664
qat,Qatar,2000,87743.72295,99.90292,11.382175605436148,
qat,Qatar,2001,88501.85563,99.90292,11.390778798346826,99.90292
qat,Qatar,2002,91956.39756,99.90292,11.429069804121106,99.90292
qat,Qatar,2003,92159.9721,99.90292,11.431281173195297,99.90292
qat,Qatar,2004,106340.7024,99.90292,11.574403392265028,99.90292
qat,Qatar,2005,107403.6527,99.90292,11.584349470720651,99.90292
qat,Qatar,2006,115662.0324,99.90292,11.658427703752183,99.90292
qat,Qatar,2007,110412.7366,99.90292,11.611980773924408,99.90292
qat,Qatar,2008,110060.3064,99.90292,11.60878373454591,99.90292
qat,Qatar,2009,108980.1659,99.90907,11.5989211804336,99.90292
qat,Qatar,2010,129045.0056,99.91522,11.767916503119272,99.90907
qat,Qatar,2011,145591.0194,99.92136,11.888556732897381,99.91522
qat,Qatar,2012,143830.7109,99.92751,11.876392268226338,99.92136
qat,Qatar,2013,136453.9974,99.93366,11.823742821420089,99.92751
qat,Qatar,2014,128013.9871,99.9398,11.759894811150511,99.93366
qat,Qatar,2015,123070.8879,99.94595,11.720515792733678,99.9398
qat,Qatar,2016,120054.4087,99.95209,11.695700324840152,99.94595
qat,Qatar,2017,115064.9437,99.95824,11.653251975772724,99.95209
qat,Qatar,2018,114909.9455,99.96439,11.651904017967345,99.95824
qat,Qatar,2019,113160.9738,99.97053,11.636566630892792,99.96439
qat,Qatar,2020,103061.9134,99.97668,11.543085187593823,99.97053
qat,Qatar,2021,116832.5703,99.98283,11.668497165811567,99.97668
qat,Qatar,2022,114740.1236,99.98897,11.65042505537334,99.98283
rou,Romania,2000,13926.91126,100.0,9.541578309237,
rou,Romania,2001,15029.22008,100.0,9.617751590515745,100.0
rou,Romania,2002,16321.47101,100.0,9.700236759872812,100.0
rou,Romania,2003,16997.02513,100.0,9.740793615372464,100.0
rou,Romania,2004,18988.32604,100.0,9.851579650368535,100.0
rou,Romania,2005,20120.47984,100.0,9.909493472835855,100.0
rou,Romania,2006,22014.45635,100.0,9.99945462335848,100.0
rou,Romania,2007,24083.33279,100.0,10.089275294746015,100.0
rou,Romania,2008,26871.97991,100.0,10.19883938367351,100.0
rou,Romania,2009,25687.0848,100.0,10.15374360760431,100.0
rou,Romania,2010,24900.23033,100.0,10.12263233261082,100.0
rou,Romania,2011,26147.93946,100.0,10.1715256694477,100.0
rou,Romania,2012,26764.58126,100.0,10.19483469764625,100.0
rou,Romania,2013,26939.03876,100.0,10.201331768555695,100.0
rou,Romania,2014,28153.10728,100.0,10.245413010424578,100.0
rou,Romania,2015,29178.74452,100.0,10.281195795791323,100.0
rou,Romania,2016,30185.9059,100.0,10.31513040237535,100.0
rou,Romania,2017,32849.10773,100.0,10.399679861595615,100.0
rou,Romania,2018,35065.18026,100.0,10.464963901696425,100.0
rou,Romania,2019,36633.36233,100.0,10.508714643261051,100.0
rou,Romania,2020,35482.19631,100.0,10.476786337269738,100.0
rou,Romania,2021,37730.37084,100.0,10.538220641693515,100.0
rou,Romania,2022,39377.97174,100.0,10.580961846041914,100.0
rus,Russia,2000,19109.81254,96.41184,9.857957227662395,
rus,Russia,2001,20330.95747,96.41155,9.919900001922638,96.41184
rus,Russia,2002,21542.91112,96.42406,9.977802091067833,96.41155
rus,Russia,2003,23377.38743,96.43925,10.059524484984138,96.42406
rus,Russia,2004,25313.33615,96.45545,10.139086656389734,96.43925
rus,Russia,2005,27180.8808,96.47171,10.210269093361081,96.45545
rus,Russia,2006,29644.43878,96.48803,10.297029824607907,96.47171
rus,Russia,2007,32352.78407,96.50441,10.384455357122466,96.48803
rus,Russia,2008,34169.8408,96.52086,10.43909868604083,96.50441
rus,Russia,2009,31584.80031,96.53729,10.360431281007923,96.52086
rus,Russia,2010,33063.58594,96.55386,10.406187833127431,96.53729
rus,Russia,2011,34444.64453,96.5705,10.44710880804372,96.55386
rus,Russia,2012,35740.69922,96.58831,10.484045352595912,96.5705
rus,Russia,2013,36260.06641,96.60723,10.498472315801925,96.58831
rus,Russia,2014,35853.24609,96.62747,10.4871893883722,96.60723
rus,Russia,2015,35037.15234,96.64889,10.464164272912221,96.62747
rus,Russia,2016,35005.44922,96.67159,10.46325902035281,96.64889
rus,Russia,2017,35570.39063,96.6956,10.479268846889509,96.67159
rus,Russia,2018,36536.69531,96.72089,10.50607238550267,96.6956
rus,Russia,2019,37319.32031,96.74746,10.527266442308829,96.72089
rus,Russia,2020,36376.33594,96.77534,10.50167373067223,96.74746
rus,Russia,2021,38638.42969,96.80458,10.562002648007894,96.77534
rus,Russia,2022,38214.49609,96.83509,10.55097020140661,96.80458
rwa,Rwanda,2000,1060.64365,47.57058,6.96663121980561,
rwa,Rwanda,2001,1131.0756,48.37034,7.030924317383519,47.57058
rwa,Rwanda,2002,1253.68904,49.18572,7.133845715960452,48.37034
rwa,Rwanda,2003,1246.67796,49.75616,7.1282376605229665,49.18572
rwa,Rwanda,2004,1298.40345,50.2902,7.168890673313302,49.75616
rwa,Rwanda,2005,1377.21062,50.82476,7.227815442732923,50.2902
rwa,Rwanda,2006,1459.38743,51.36014,7.285772058165744,50.82476
rwa,Rwanda,2007,1524.63641,51.89574,7.329511240942892,51.36014
rwa,Rwanda,2008,1646.69354,52.43185,7.406524641218748,51.89574
rwa,Rwanda,2009,1701.97716,52.96879,7.439545889536814,52.43185
rwa,Rwanda,2010,1779.15851,53.50595,7.483895784314936,52.96879
rwa,Rwanda,2011,1874.21498,54.04362,7.535945173401352,53.50595
rwa,Rwanda,2012,1988.0122,54.58212,7.594890524018615,54.04362
rwa,Rwanda,2013,2032.4048,55.12083,7.616975001456603,54.58212
rwa,Rwanda,2014,2106.21454,55.66506,7.652647558350643,55.12083
rwa,Rwanda,2015,2238.53942,56.21518,7.713578887532667,55.66506
rwa,Rwanda,2016,2316.63732,56.77061,7.747871982184594,56.21518
rwa,Rwanda,2017,2351.59687,57.33205,7.762849895518539,56.77061
rwa,Rwanda,2018,2493.44002,57.89954,7.821418570155053,57.33205
rwa,Rwanda,2019,2667.46458,58.47285,7.888883704737235,57.89954
rwa,Rwanda,2020,2520.31739,59.05236,7.832140120987332,58.47285
rwa,Rwanda,2021,2733.43567,59.63812,7.913314584127269,59.05236
rwa,Rwanda,2022,2892.45965,60.23022,7.969862509100177,59.63812
sau,Saudi Arabia,2000,51649.9186,99.07876,10.852243898554287,
sau,Saudi Arabia,2001,49984.6681,99.07712,10.819471599387239,99.07876
sau,Saudi Arabia,2002,47847.63417,99.0755,10.775776953025543,99.07712
sau,Saudi Arabia,2003,50402.0537,99.07389,10.827787201245155,99.0755
sau,Saudi Arabia,2004,52846.12676,99.07229,10.875139701195511,99.07389
sau,Saudi Arabia,2005,54038.83725,99.07069,10.89745827537337,99.07229
sau,Saudi Arabia,2006,53859.94698,99.06909,10.894142381961094,99.07069
sau,Saudi Arabia,2007,53086.86599,99.06749,10.879684831814162,99.06909
sau,Saudi Arabia,2008,54355.42282,99.06591,10.903299663469037,99.06749
sau,Saudi Arabia,2009,51777.98146,99.06435,10.85472026954065,99.06591
sau,Saudi Arabia,2010,54911.54752,99.0628,10.913478942720443,99.06435
sau,Saudi Arabia,2011,58645.46489,99.06125,10.979265526113204,99.0628
sau,Saudi Arabia,2012,59471.68202,99.05969,10.993255545804956,99.06125
sau,Saudi Arabia,2013,57998.48168,99.05813,10.968172111254875,99.05969
sau,Saudi Arabia,2014,58872.26714,99.05655,10.983125412237124,99.05813
sau,Saudi Arabia,2015,58498.5399,99.05499,10.976757073934108,99.05655
sau,Saudi Arabia,2016,57308.46378,99.05341,10.956203601742434,99.05499
sau,Saudi Arabia,2017,57942.5485,99.05183,10.967207255513081,99.05341
sau,Saudi Arabia,2018,61359.46537,99.05025,11.024504722997964,99.05183
sau,Saudi Arabia,2019,62647.71413,99.04867,11.045282473305818,99.05025
sau,Saudi Arabia,2020,57420.73357,99.04709,10.958160729107208,99.04867
sau,Saudi Arabia,2021,62690.49666,99.04551,11.045965146712305,99.04709
sau,Saudi Arabia,2022,67178.59023,99.04394,11.115109877980332,99.04551
sdn,Sudan,2000,3417.72691,45.74312,8.136730962882616,
sdn,Sudan,2001,3566.51472,45.75674,8.179344129005244,45.74312
sdn,Sudan,2002,3703.35497,45.77037,8.216994436432747,45.75674
sdn,Sudan,2003,3861.226,45.78399,8.258740028609719,45.77037
sdn,Sudan,2004,3970.10127,45.79762,8.286546882172013,45.78399
sdn,Sudan,2005,4104.40877,46.74026,8.319816984717084,45.79762
sdn,Sudan,2006,4274.67822,47.6823,8.36046410836248,46.74026
sdn,Sudan,2007,4411.58603,48.62374,8.391989547775424,47.6823
sdn,Sudan,2008,4451.99211,49.56459,8.401106940156668,48.62374
sdn,Sudan,2009,4195.98319,50.50966,8.341882963311786,49.56459
sdn,Sudan,2010,4219.83691,51.45881,8.347551759363816,50.50966
sdn,Sudan,2011,4467.62598,52.41168,8.404612445852557,51.45881
sdn,Sudan,2012,4145.93164,53.36768,8.329882804678414,52.41168
sdn,Sudan,2013,4130.48584,54.32667,8.326150315840286,53.36768
sdn,Sudan,2014,4207.50049,55.28808,8.344624042523659,54.32667
sdn,Sudan,2015,4159.19434,56.25193,8.333076666229957,55.28808
sdn,Sudan,2016,4174.56103,57.21767,8.336764489242125,56.25193
sdn,Sudan,2017,4061.01831,58.18491,8.309189036417823,57.21767
sdn,Sudan,2018,3816.65991,59.15346,8.247130950007032,58.18491
sdn,Sudan,2019,3625.52319,60.12277,8.195753885150314,59.15346
sdn,Sudan,2020,3401.24976,61.09264,8.13189821953516,60.12277
sdn,Sudan,2021,3248.97559,62.06266,8.08609502255993,61.09264
sdn,Sudan,2022,3132.07715,63.03247,8.04945168962979,62.06266
sen,Senegal,2000,3025.6101,59.79974,8.014868036079479,
sen,Senegal,2001,3085.2906,60.90665,8.034401129634118,59.79974
sen,Senegal,2002,3019.10643,62.01613,8.012716182480617,60.90665
sen,Senegal,2003,3120.05929,63.19425,8.045607283828097,62.01613
sen,Senegal,2004,3197.14275,64.42185,8.070012799298539,63.19425
sen,Senegal,2005,3265.85849,65.6454,8.091277944361465,64.42185
sen,Senegal,2006,3270.7774,66.86561,8.092782972639395,65.6454
sen,Senegal,2007,3295.20445,68.08185,8.100223493570097,66.86561
sen,Senegal,2008,3344.52397,69.29395,8.115079651523361,68.08185
sen,Senegal,2009,3363.26324,70.50139,8.120666984026304,69.29395
sen,Senegal,2010,3403.56707,71.70473,8.132579298878651,70.50139
sen,Senegal,2011,3362.87941,72.90342,8.12055285323236,71.70473
sen,Senegal,2012,3405.10864,74.09696,8.133032124095184,72.90342
sen,Senegal,2013,3385.42591,75.28554,8.127235000178773,74.09696
sen,Senegal,2014,3484.0122,76.46897,8.15593983968842,75.28554
sen,Senegal,2015,3593.79477,77.64932,8.186963962207194,76.46897
sen,Senegal,2016,3710.05532,78.82581,8.218802066541524,77.64932
sen,Senegal,2017,3871.45147,79.99847,8.261384772555134,78.82581
sen,Senegal,2018,3998.28635,81.16624,8.293621135807173,79.99847
sen,Senegal,2019,4070.61227,82.32886,8.311548702011882,81.16624
sen,Senegal,2020,4018.04129,83.48557,8.298549821578924,82.32886
sen,Senegal,2021,4173.67741,84.63607,8.336552799073079,83.48557
sen,Senegal,2022,4228.73383,85.77963,8.3496578962626,84.63607
sgp,Singapore,2000,65418.14388,100.0,11.08855492832668,
sgp,Singapore,2001,63377.94302,100.0,11.05687117800067,100.0
sgp,Singapore,2002,65510.59032,100.0,11.089967092828658,100.0
sgp,Singapore,2003,69590.25317,100.0,11.150379795854983,100.0
sgp,Singapore,2004,75877.95335,100.0,11.236881451492257,100.0
sgp,Singapore,2005,80017.08023,100.0,11.289995393742524,100.0
sgp,Singapore,2006,85005.30868,100.0,11.35046898858104,100.0
sgp,Singapore,2007,89389.31469,100.0,11.400756431535003,100.0
sgp,Singapore,2008,86768.19679,100.0,11.370995437080298,100.0
sgp,Singapore,2009,84585.75269,100.0,11.345521123492487,100.0
sgp,Singapore,2010,95456.18931,100.0,11.466422670529907,100.0
sgp,Singapore,2011,99296.75611,100.0,11.505868181926656,100.0
sgp,Singapore,2012,101187.8253,100.0,11.52473372523879,100.0
sgp,Singapore,2013,104359.0307,100.0,11.555592451166136,100.0
sgp,Singapore,2014,107066.8586,100.0,11.58120876503758,100.0
sgp,Singapore,2015,108953.7243,100.0,11.598678523358966,100.0
sgp,Singapore,2016,111579.7427,100.0,11.622494795428048,100.0
sgp,Singapore,2017,116471.8208,100.0,11.665404641184768,100.0
sgp,Singapore,2018,119927.7691,100.0,11.694644916368437,100.0
sgp,Singapore,2019,120114.1339,100.0,11.696197685573448,100.0
sgp,Singapore,2020,115893.0424,100.0,11.660422996464646,100.0
sgp,Singapore,2021,132617.354,100.0,11.795223222982,100.0
sgp,Singapore,2022,133571.9624,100.0,11.802395655785064,100.0
slb,Solomon Islands,2000,2297.6439,76.74769,7.7396394855655215,
slb,Solomon Islands,2001,2070.03378,76.80667,7.635320204966844,76.74769
slb,Solomon Islands,2002,1971.19788,76.86685,7.586396697851609,76.80667
slb,Solomon Islands,2003,2058.41971,76.92826,7.629693836320058,76.86685
slb,Solomon Islands,2004,2169.68067,76.99088,7.682335279023871,76.92826
slb,Solomon Islands,2005,2284.10999,76.71515,7.733731726358959,76.99088
slb,Solomon Islands,2006,2340.83468,76.2782,7.758262845603823,76.71515
slb,Solomon Islands,2007,2387.51606,75.85081,7.778008799033832,76.2782
slb,Solomon Islands,2008,2492.18037,75.43332,7.820913256902833,75.85081
slb,Solomon Islands,2009,2513.16372,75.02551,7.829297684645509,75.43332
slb,Solomon Islands,2010,2682.28529,74.62768,7.894424430294878,75.02551
slb,Solomon Islands,2011,2777.47103,74.23858,7.929296091216365,74.62768
slb,Solomon Islands,2012,2743.45333,73.85841,7.916972745237153,74.23858
slb,Solomon Islands,2013,2783.59442,73.48695,7.931498328370324,73.85841
slb,Solomon Islands,2014,2716.41807,73.12396,7.907069405404228,73.48695
slb,Solomon Islands,2015,2664.73036,72.76965,7.887858153244684,73.12396
slb,Solomon Islands,2016,2715.23386,72.42353,7.906633364938446,72.76965
slb,Solomon Islands,2017,2703.66071,72.08579,7.902361952218943,72.42353
slb,Solomon Islands,2018,2686.12001,71.76151,7.895853055906365,72.08579
slb,Solomon Islands,2019,2661.59973,71.58489,7.88668262326152,71.76151
slb,Solomon Islands,2020,2515.12833,71.41298,7.830079107076996,71.58489
slb,Solomon Islands,2021,2518.42162,71.24549,7.831387643001991,71.41298
slb,Solomon Islands,2022,2517.92542,71.36738,7.831190595420613,71.24549
sle,Sierra Leone,2000,1824.79416,40.88312,7.509222470614334,
sle,Sierra Leone,2001,1673.66366,41.22371,7.422770310910093,40.88312
sle,Sierra Leone,2002,2008.84405,42.3564,7.605314736117485,41.22371
sle,Sierra Leone,2003,2122.10412,43.48953,7.660163384888189,42.3564
sle,Sierra Leone,2004,2196.45543,44.62304,7.694600171837323,43.48953
sle,Sierra Leone,2005,2243.41579,45.78672,7.715754889610174,44.62304
sle,Sierra Leone,2006,2299.45302,46.97215,7.740426556242896,45.78672
sle,Sierra Leone,2007,2349.59932,48.15631,7.762000090473405,46.97215
sle,Sierra Leone,2008,2387.68198,49.33913,7.778078291439666,48.15631
sle,Sierra Leone,2009,2370.01474,50.5202,7.770651453519119,49.33913
sle,Sierra Leone,2010,2461.98105,51.69944,7.808721609720463,50.5202
sle,Sierra Leone,2011,2592.85894,52.87717,7.860516383750391,51.69944
sle,Sierra Leone,2012,2795.43889,54.0533,7.935744400095408,52.87717
sle,Sierra Leone,2013,3127.53945,55.22712,8.048001856170384,54.0533
sle,Sierra Leone,2014,2815.05858,56.39924,7.942738350303981,55.22712
sle,Sierra Leone,2015,2630.53499,57.56926,7.874942522736074,56.39924
sle,Sierra Leone,2016,2734.71899,58.73745,7.913783963690707,57.56926
sle,Sierra Leone,2017,2755.90429,59.90581,7.921500903664049,58.73745
sle,Sierra Leone,2018,2769.86968,61.07471,7.926555551143235,59.90581
sle,Sierra Leone,2019,2855.22907,62.24359,7.956907353547488,61.07471
sle,Sierra Leone,2020,2755.10252,63.41221,7.9212099332358505,62.24359
sle,Sierra Leone,2021,2851.95208,64.58032,7.955758979148988,63.41221
sle,Sierra Leone,2022,2937.37347,65.74765,7.985271083482148,64.58032
slv,El Salvador,2000,7497.59169,85.74345,8.92233713995819,
slv,El Salvador,2001,7558.43492,85.88765,8.930419426577718,85.74345
slv,El Salvador,2002,7676.18413,86.63776,8.945877844593927,85.88765
slv,El Salvador,2003,7797.59635,87.37487,8.961570804930144,86.63776
slv,El Salvador,2004,7872.2645,87.85739,8.971101038269245,87.37487
slv,El Salvador,2005,8088.6992,87.48598,8.99822320602414,87.85739
slv,El Salvador,2006,8440.24662,87.09647,9.040766807542242,87.48598
slv,El Salvador,2007,8588.87985,84.84124,9.058223604845468,87.09647
slv,El Salvador,2008,8733.46566,82.71172,9.074917552874686,84.84124
slv,El Salvador,2009,8508.9752,82.39209,9.048876791284258,82.71172
slv,El Salvador,2010,8648.92983,82.26386,9.065190873196943,82.39209
slv,El Salvador,2011,8943.06192,83.1303,9.098633306173268,82.26386
slv,El Salvador,2012,9165.42035,83.97767,9.123193023924726,83.1303
slv,El Salvador,2013,9327.56424,84.80554,9.140729192233215,83.97767
slv,El Salvador,2014,9451.74461,85.61455,9.153954618263386,84.80554
slv,El Salvador,2015,9646.15432,86.40457,9.174314598842226,85.61455
slv,El Salvador,2016,9863.76121,87.1729,9.196622836319202,86.40457
slv,El Salvador,2017,10064.79349,87.91978,9.216798820228032,87.1729
slv,El Salvador,2018,10297.20361,88.64611,9.239627643181754,87.91978
slv,El Salvador,2019,10543.93833,89.35278,9.263306407901208,88.64611
slv,El Salvador,2020,9692.44932,89.99236,9.17910244074627,89.35278
slv,El Salvador,2021,10809.7134,90.42139,9.288200397793355,89.99236
slv,El Salvador,2022,11085.61781,90.79484,9.313403854371943,90.42139
smr,San Marino,2000,80165.10474,100.0,11.291843596177314,
smr,San Marino,2001,83242.7805,100.0,11.32951668336151,100.0
smr,San Marino,2002,82129.89427,100.0,11.316057349384085,100.0
smr,San Marino,2003,83902.87492,100.0,11.337415157899219,100.0
smr,San Marino,2004,82905.94827,100.0,11.32546209090154,100.0
smr,San Marino,2005,83461.24027,100.0,11.332137614686934,100.0
smr,San Marino,2006,85275.61041,100.0,11.35364376539667,100.0
smr,San Marino,2007,88024.25407,100.0,11.385367669917482,100.0
smr,San Marino,2008,85986.32619,100.0,11.36194356480346,100.0
smr,San Marino,2009,73467.45202,100.0,11.204597757463054,100.0
smr,San Marino,2010,68669.25265,100.0,11.137056818345947,100.0
smr,San Marino,2011,64214.11876,100.0,11.069978383879613,100.0
smr,San Marino,2012,58176.3778,100.0,10.971234671602973,100.0
smr,San Marino,2013,58467.97696,100.0,10.976234480947397,100.0
smr,San Marino,2014,58743.58442,100.0,10.980937224681801,100.0
smr,San Marino,2015,59647.65946,100.0,10.996210188868558,100.0
smr,San Marino,2016,60669.81862,100.0,11.01320163131592,100.0
smr,San Marino,2017,59524.55979,100.0,10.994144275947626,100.0
smr,San Marino,2018,59194.04429,100.0,10.988576212601796,100.0
smr,San Marino,2019,60171.04713,100.0,11.004946570921536,100.0
smr,San Marino,2020,55998.0711,100.0,10.933072524481199,100.0
smr,San Marino,2021,64745.13168,100.0,11.078213790325877,100.0
smr,San Marino,2022,70887.5739,100.0,11.168850434818655,100.0
som,Somalia,2000,716.42269,26.55483,6.574270341935141,
som,Somalia,2001,733.19436,27.71097,6.597410823628271,26.55483
som,Somalia,2002,756.37389,28.86289,6.62853581741538,27.71097
som,Somalia,2003,781.35822,30.22458,6.66103371305738,28.86289
som,Somalia,2004,804.23113,31.57894,6.689886702990289,30.22458
som,Somalia,2005,829.94429,33.43143,6.721358578056035,31.57894
som,Somalia,2006,855.56388,35.33958,6.7517607603283505,33.43143
som,Somalia,2007,884.12801,35.52331,6.78460185984633,35.33958
som,Somalia,2008,915.86207,37.97607,6.819865774733414,35.52331
som,Somalia,2009,953.8074,40.46678,6.860461764273952,37.97607
som,Somalia,2010,994.86846,42.99143,6.902610527414245,40.46678
som,Somalia,2011,1053.98384,45.54109,6.960332396915459,42.99143
som,Somalia,2012,1114.40415,47.60567,7.01607514643569,45.54109
som,Somalia,2013,1197.29192,49.71346,7.087817552182528,47.60567
som,Somalia,2014,1258.82249,51.86357,7.1379320312524515,49.71346
som,Somalia,2015,1343.44297,54.05459,7.20299097832688,51.86357
som,Somalia,2016,1383.65853,56.28498,7.232486378856918,54.05459
som,Somalia,2017,1527.11216,58.55242,7.33113375373275,56.28498
som,Somalia,2018,1504.43909,60.85529,7.316175410039518,58.55242
som,Somalia,2019,1491.1076,63.19097,7.307274478492196,60.85529
som,Somalia,2020,1396.05343,65.55783,7.241404556228869,63.19097
som,Somalia,2021,1392.46426,67.9536,7.238830305403837,65.55783
som,Somalia,2022,1387.81374,70.37633,7.2354849389784786,67.9536
srb,Serbia,2000,10614.4698,89.41924,9.269973424703377,
srb,Serbia,2001,11418.6831,89.39539,9.343006161324261,89.41924
srb,Serbia,2002,12260.62781,89.37172,9.414148416172592,89.39539
srb,Serbia,2003,12927.99991,89.34828,9.467150773799244,89.37172
srb,Serbia,2004,13925.98811,89.32491,9.541512021703477,89.34828
srb,Serbia,2005,14857.66651,89.67201,9.60627127431246,89.32491
srb,Serbia,2006,15571.51567,90.02058,9.653198605626562,89.67201
srb,Serbia,2007,16904.35045,90.37057,9.735326290860453,90.02058
srb,Serbia,2008,17908.02822,90.72209,9.793004395191645,90.37057
srb,Serbia,2009,17456.40097,91.07507,9.767461678134428,90.72209
srb,Serbia,2010,17840.4348,91.42956,9.789222778034313,91.07507
srb,Serbia,2011,17985.57946,91.78549,9.79732557468215,91.42956
srb,Serbia,2012,17992.80975,92.1453,9.797727498740235,91.78549
srb,Serbia,2013,18162.1903,92.50678,9.807097256115814,92.1453
srb,Serbia,2014,17921.43481,92.86898,9.79375275084601,92.50678
srb,Serbia,2015,18246.78995,93.23195,9.811744450388938,92.86898
srb,Serbia,2016,18888.3266,93.59565,9.846299370017803,93.23195
srb,Serbia,2017,19437.90421,93.95988,9.874980264075145,93.59565
srb,Serbia,2018,20453.08158,94.32481,9.925888838627133,93.95988
srb,Serbia,2019,21539.92129,94.69063,9.977663296571855,94.32481
srb,Serbia,2020,21477.87722,95.05753,9.974778717854658,94.69063
srb,Serbia,2021,23404.99711,95.42568,10.060704830256274,95.05753
srb,Serbia,2022,24633.06978,95.41636,10.111845119158174,95.42568
ssd,South Sudan,2011,665.518,40.29792,6.500565684802226,
ssd,South Sudan,2012,325.292,40.31822,5.784723240493224,40.29792
ssd,South Sudan,2013,407.52,40.317,6.010090011231147,40.31822
ssd,South Sudan,2014,408.16,40.2951,6.011659254393502,40.317
ssd,South Sudan,2015,398.849,40.25382,5.988582899145772,40.2951
ssd,South Sudan,2016,339.143,40.19393,5.826421847344203,40.25382
ssd,South Sudan,2017,316.051,40.11642,5.755903592969622,40.19393
ssd,South Sudan,2018,492.682,40.02261,6.1998639354951,40.11642
ssd,South Sudan,2019,582.824,39.91362,6.367885253981049,40.02261
ssd,South Sudan,2020,625.73,39.79093,6.4389189681550745,39.91362
ssd,South Sudan,2021,1022.662,39.65549,6.930164310575249,39.79093
ssd,South Sudan,2022,1009.485,39.50923,6.917195578801488,39.65549
stp,Sao Tome and Principe,2000,3711.08247,69.18871,8.21907888393412,
stp,Sao Tome and Principe,2001,3776.45593,69.64653,8.236541264150128,69.18871
stp,Sao Tome and Principe,2002,3822.2203,70.12288,8.248586763118167,69.64653
stp,Sao Tome and Principe,2003,4048.06029,70.59286,8.305993104631094,70.12288
stp,Sao Tome and Principe,2004,4107.39949,71.05183,8.320545379739846,70.59286
stp,Sao Tome and Principe,2005,4292.15451,71.49903,8.364544102636637,71.05183
stp,Sao Tome and Principe,2006,4578.84967,71.935,8.429203081805873,71.49903
stp,Sao Tome and Principe,2007,4648.90078,72.35981,8.444386079238702,71.935
stp,Sao Tome and Principe,2008,4842.5292,72.77356,8.485192425206183,72.35981
stp,Sao Tome and Principe,2009,4903.61402,73.17593,8.497727767340661,72.77356
stp,Sao Tome and Principe,2010,4882.04796,73.56744,8.49332007474734,73.17593
stp,Sao Tome and Principe,2011,4876.47316,73.94801,8.492177524449419,73.56744
stp,Sao Tome and Principe,2012,4919.55294,74.31797,8.500972939504143,73.94801
stp,Sao Tome and Principe,2013,5072.112,74.6745,8.531512577892185,74.31797
stp,Sao Tome and Principe,2014,5223.09573,75.01849,8.560845556815146,74.6745
stp,Sao Tome and Principe,2015,5210.20378,75.35027,8.558374247226272,75.01849
stp,Sao Tome and Principe,2016,5388.50913,75.67031,8.592024026384529,75.35027
stp,Sao Tome and Principe,2017,5521.2025,75.97909,8.616350959749436,75.67031
stp,Sao Tome and Principe,2018,5674.72379,76.27706,8.643777169799476,75.97909
stp,Sao Tome and Principe,2019,5702.08347,76.56466,8.648586908088728,76.27706
stp,Sao Tome and Principe,2020,5742.94725,76.8423,8.655727815727214,76.56466
stp,Sao Tome and Principe,2021,5732.69456,77.11048,8.65394095397295,76.8423
stp,Sao Tome and Principe,2022,5632.13891,77.55741,8.63624456195133,77.11048
sur,Suriname,2000,15730.67361,89.06166,9.663367818403074,
sur,Suriname,2001,16124.6014,89.52978,9.6881014219786,89.06166
sur,Suriname,2002,16306.29235,89.99603,9.699306346045331,89.52978
sur,Suriname,2003,17057.51916,90.45994,9.744346391948511,89.99603
sur,Suriname,2004,18291.02133,90.92175,9.81416558072253,90.45994
sur,Suriname,2005,18964.50522,91.35679,9.85032436467115,90.92175
sur,Suriname,2006,19898.56044,91.7905,9.898402668397448,91.35679
sur,Suriname,2007,20733.97283,92.22517,9.939528833474172,91.7905
sur,Suriname,2008,21400.36492,92.66098,9.971163253201002,92.22517
sur,Suriname,2009,21847.62245,93.09808,9.991847382246263,92.66098
sur,Suriname,2010,22772.47545,93.53617,10.033307868563712,93.09808
sur,Suriname,2011,23829.53329,93.97539,10.07868098492408,93.53617
sur,Suriname,2012,24193.84124,94.41576,10.093853385540754,93.97539
sur,Suriname,2013,24624.02199,94.85725,10.11147774910945,94.41576
sur,Suriname,2014,24414.35548,95.30139,10.102926577621817,94.85725
sur,Suriname,2015,23327.52525,95.74769,10.057389283521053,95.30139
sur,Suriname,2016,21950.41221,96.19546,9.996541197825845,95.74769
sur,Suriname,2017,22070.51376,96.64411,10.001997777638651,96.19546
sur,Suriname,2018,22938.53537,97.09311,10.040573542524797,96.64411
sur,Suriname,2019,22966.7406,97.54177,10.041802387486658,97.09311
sur,Suriname,2020,19091.36172,97.98963,9.856991245763036,97.54177
sur,Suriname,2021,18458.235,97.99113,9.823265891351367,97.98963
sur,Suriname,2022,18742.58738,97.99301,9.838553613497869,97.99113
svk,Slovak Republic,2000,18368.86038,97.98089,9.81841213926792,
svk,Slovak Republic,2001,18941.46331,97.97942,9.849108624051317,97.98089
svk,Slovak Republic,2002,19778.75141,97.97627,9.892363479321821,97.97942
svk,Slovak Republic,2003,20755.65526,97.97312,9.940574031176446,97.97627
svk,Slovak Republic,2004,21867.34973,97.96997,9.992749923428624,97.97312
svk,Slovak Republic,2005,23279.38612,97.96682,10.055323532081887,97.96997
svk,Slovak Republic,2006,25341.72937,97.96365,10.140207698192054,97.96682
svk,Slovak Republic,2007,28069.62684,97.96048,10.242443375359477,97.96365
svk,Slovak Republic,2008,29548.18415,97.95733,10.293777570861508,97.96048
svk,Slovak Republic,2009,27881.80086,98.25165,10.23572945604522,97.95733
svk,Slovak Republic,2010,29745.86139,98.62234,10.300445288355496,98.25165
svk,Slovak Republic,2011,30468.76602,98.99754,10.324457372964735,98.62234
svk,Slovak Republic,2012,30894.25128,99.37583,10.338325402859297,98.99754
svk,Slovak Republic,2013,31078.12394,99.52017,10.344259440368845,99.37583
svk,Slovak Republic,2014,31888.74288,99.78675,10.3700083387191,99.52017
svk,Slovak Republic,2015,33507.72572,99.78719,10.41953130973226,99.78675
svk,Slovak Republic,2016,34116.38337,99.78751,10.437532998625247,99.78719
svk,Slovak Republic,2017,35042.71724,99.78773,10.464323088847383,99.78751
svk,Slovak Republic,2018,36415.72072,99.78784,10.502755848300179,99.78773
svk,Slovak Republic,2019,37194.13759,99.78782,10.5239064361757,99.78784
svk,Slovak Republic,2020,36201.41546,99.7877,10.496853498154406,99.78782
svk,Slovak Republic,2021,38346.09358,99.78746,10.554407939286353,99.7877
svk,Slovak Republic,2022,38623.67106,99.78711,10.561620607394547,99.78746
svn,Slovenia,2000,29866.49515,99.68923,10.304492567532886,
svn,Slovenia,2001,30671.05794,99.68425,10.331074750807481,99.68923
svn,Slovenia,2002,31664.56603,99.67926,10.36295354381951,99.68425
svn,Slovenia,2003,32653.76114,99.67428,10.393715323782159,99.67926
svn,Slovenia,2004,34125.64025,99.66929,10.43780429421602,99.67428
svn,Slovenia,2005,35403.55285,99.66431,10.474567457080187,99.66929
svn,Slovenia,2006,37396.28215,99.65932,10.529326570707335,99.66431
svn,Slovenia,2007,39879.39188,99.65434,10.593614975213272,99.65932
svn,Slovenia,2008,41191.95491,99.64936,10.625998247095353,99.65434
svn,Slovenia,2009,37763.60268,99.64437,10.539101025665824,99.64936
svn,Slovenia,2010,38065.73615,99.63939,10.54706984284137,99.64437
svn,Slovenia,2011,38235.72284,99.6344,10.551525510491203,99.63939
svn,Slovenia,2012,37043.06469,99.62942,10.51983642534815,99.6344
svn,Slovenia,2013,36688.0835,99.62444,10.510207281043634,99.62942
svn,Slovenia,2014,37664.65194,99.61945,10.536477319277234,99.62444
svn,Slovenia,2015,38537.09519,99.61447,10.559376567825256,99.61945
svn,Slovenia,2016,39677.41715,99.60948,10.588537467294346,99.61447
svn,Slovenia,2017,41703.30395,99.6045,10.638335636063118,99.60948
svn,Slovenia,2018,43371.98096,99.59951,10.677568911599078,99.6045
svn,Slovenia,2019,44580.77777,99.59453,10.705058053400501,99.59951
svn,Slovenia,2020,42474.22471,99.58955,10.656652693518927,99.59453
svn,Slovenia,2021,45914.05724,99.58456,10.734526607113313,99.58955
svn,Slovenia,2022,47064.15179,99.57958,10.759266881721821,99.58456
swe,Sweden,2000,47554.61213,99.48437,10.769634058643081,
swe,Sweden,2001,48121.13764,99.49638,10.781476811538164,99.48437
swe,Sweden,2002,49124.55863,99.50853,10.802114364500158,99.49638
swe,Sweden,2003,49935.32894,99.52065,10.81848402601911,99.50853
swe,Sweden,2004,51863.66652,99.53271,10.856373756940592,99.52065
swe,Sweden,2005,53149.96078,99.54471,10.88087264585825,99.53271
swe,Sweden,2006,55344.698,99.55711,10.921336143124016,99.54471
swe,Sweden,2007,56739.80248,99.56984,10.946231227214732,99.55711
swe,Sweden,2008,55800.78651,99.58244,10.929543243431358,99.56984
swe,Sweden,2009,52966.61982,99.5949,10.877417179400673,99.58244
swe,Sweden,2010,55527.93981,99.60722,10.924641593061189,99.5949
swe,Sweden,2011,56853.83716,99.62004,10.948238993119032,99.60722
swe,Sweden,2012,56200.90226,99.63321,10.93668809020131,99.62004
swe,Sweden,2013,56360.70842,99.64609,10.939527535486494,99.63321
swe,Sweden,2014,57085.38536,99.65868,10.95230341472266,99.64609
swe,Sweden,2015,58975.97789,99.67101,10.984885485571215,99.65868
swe,Sweden,2016,59608.08746,99.68305,10.995546539485204,99.67101
swe,Sweden,2017,59883.66776,99.69483,11.000159088494755,99.68305
swe,Sweden,2018,60318.46072,99.70635,11.007393483788594,99.69483
swe,Sweden,2019,61232.48485,99.7176,11.022433125879497,99.70635
swe,Sweden,2020,59572.47476,99.72861,10.994948913489882,99.7176
swe,Sweden,2021,62731.70062,99.73937,11.046622190877946,99.72861
swe,Sweden,2022,63215.4363,99.74991,11.054303795565097,99.73937
swz,Eswatini,2000,6238.11593,52.38273,8.738433481477266,
swz,Eswatini,2001,6253.49065,53.42584,8.740895090825134,52.38273
swz,Eswatini,2002,6466.889,54.47528,8.774450437235581,53.42584
swz,Eswatini,2003,6675.4961,55.53105,8.806198802604078,54.47528
swz,Eswatini,2004,6869.88342,56.59229,8.834902415640098,55.53105
swz,Eswatini,2005,7234.23245,57.66027,8.886579544978925,56.59229
swz,Eswatini,2006,7620.11392,58.73417,8.938546598700173,57.66027
swz,Eswatini,2007,7904.88179,59.83257,8.975235795705071,58.73417
swz,Eswatini,2008,7916.44946,61.05081,8.976698083786708,59.83257
swz,Eswatini,2009,7975.60776,62.26917,8.984143132899822,61.05081
swz,Eswatini,2010,8210.69699,63.48759,9.013193094092772,62.26917
swz,Eswatini,2011,8348.7743,64.70639,9.029870016650971,63.48759
swz,Eswatini,2012,8752.11471,65.89992,9.077050631294334,64.70639
swz,Eswatini,2013,9040.76475,67.09466,9.1094990460471,65.89992
swz,Eswatini,2014,9119.66363,68.29024,9.118188199712757,67.09466
swz,Eswatini,2015,9253.29094,69.48694,9.132734544530033,68.29024
swz,Eswatini,2016,9629.55566,70.68692,9.172592362502295,69.48694
swz,Eswatini,2017,9696.5516,71.88963,9.179525596129897,70.68692
swz,Eswatini,2018,9632.16197,73.09515,9.172862983229477,71.88963
swz,Eswatini,2019,10123.31602,74.30323,9.222596559129853,73.09515
swz,Eswatini,2020,9727.5139,75.51362,9.182713633796263,74.30323
swz,Eswatini,2021,9946.04055,76.72607,9.20492981628226,75.51362
swz,Eswatini,2022,9955.70905,77.94058,9.205901439476698,76.72607
syc,Seychelles,2000,20423.05769,93.56641,9.92441982046957,
syc,Seychelles,2001,19994.93405,93.73978,9.903234222950898,93.56641
syc,Seychelles,2002,19742.58721,93.91315,9.890533368735666,93.73978
syc,Seychelles,2003,18790.13164,94.08652,9.841087098237148,93.91315
syc,Seychelles,2004,18355.37732,94.25989,9.81767785251616,94.08652
syc,Seychelles,2005,19941.61082,94.43327,9.90056382360308,94.25989
syc,Seychelles,2006,21404.71221,94.60664,9.971366373499173,94.43327
syc,Seychelles,2007,23201.50044,94.78001,10.05197222970105,94.60664
syc,Seychelles,2008,22069.98573,94.95338,10.001973852671506,94.78001
syc,Seychelles,2009,21409.57396,95.12675,9.971593482273175,94.95338
syc,Seychelles,2010,21708.75545,95.30012,9.985470935112136,95.12675
syc,Seychelles,2011,24406.41298,95.4735,10.102601203797496,95.30012
syc,Seychelles,2012,24919.95521,95.64687,10.12342417554825,95.4735
syc,Seychelles,2013,24770.65146,95.82024,10.1174148225009,95.64687
syc,Seychelles,2014,25379.41807,95.99361,10.14169381232151,95.82024
syc,Seychelles,2015,27032.20839,96.16698,10.204784337375953,95.99361
syc,Seychelles,2016,29905.13474,96.23174,10.305785475069577,96.16698
syc,Seychelles,2017,31595.66806,96.23825,10.360775303468902,96.23174
syc,Seychelles,2018,32841.42425,96.24475,10.399445931992567,96.23825
syc,Seychelles,2019,34346.07089,96.86047,10.444242906537484,96.24475
syc,Seychelles,2020,30056.19943,97.03384,10.3108242225126,96.86047
syc,Seychelles,2021,29979.82727,97.20721,10.30828001013232,97.03384
syc,Seychelles,2022,27978.17706,97.38059,10.239180094560206,97.20721
syr,Syria,2000,8116.3478,91.61585,9.001635553649988,
syr,Syria,2001,7964.55343,91.75862,8.982756154231245,91.61585
syr,Syria,2002,8040.54924,91.89977,8.992252673272592,91.75862
syr,Syria,2003,8286.14301,92.03915,9.022339881720848,91.89977
syr,Syria,2004,8601.33902,92.1769,9.059673170121613,92.03915
syr,Syria,2005,8868.48394,92.31275,9.09025914074024,92.1769
syr,Syria,2006,8904.42055,92.44684,9.094303123421316,92.31275
syr,Syria,2007,8838.83743,92.57933,9.08691063453973,92.44684
syr,Syria,2008,8901.19344,92.71006,9.093940641112406,92.57933
syr,Syria,2009,9276.9505,92.839,9.135288161862384,92.71006
syr,Syria,2010,9546.56049,92.96631,9.163936210487082,92.839
syr,Syria,2011,9648.82427,93.01424,9.174591349604565,92.96631
syr,Syria,2012,7144.37245,93.06661,8.874080255855825,93.01424
syr,Syria,2013,5530.97473,93.12366,8.618119341190171,93.06661
syr,Syria,2014,5301.62535,93.18529,8.575768722337958,93.12366
syr,Syria,2015,5302.07414,93.33137,8.575853370153693,93.18529
syr,Syria,2016,5022.11272,93.47432,8.52160598470658,93.33137
syr,Syria,2017,4977.7921,93.61411,8.51274171829486,93.47432
syr,Syria,2018,4956.09296,93.75071,8.508372999635268,93.61411
syr,Syria,2019,4825.40602,93.88414,8.481650159455537,93.75071
syr,Syria,2020,4633.34952,94.01435,8.441035323969752,93.88414
syr,Syria,2021,4592.8386,94.05369,8.432253543277263,94.01435
syr,Syria,2022,4454.85373,94.07794,8.401749506593736,94.05369
tcd,Chad,2000,1407.47073,38.63259,7.249549564060488,
tcd,Chad,2001,1531.79032,39.21389,7.334192474092685,38.63259
tcd,Chad,2002,1617.6377,39.79751,7.388722154127166,39.21389
tcd,Chad,2003,1795.65899,40.38434,7.4931273588965475,39.79751
tcd,Chad,2004,2311.35318,40.97391,7.745588424214352,40.38434
tcd,Chad,2005,2607.45074,41.56622,7.866128295037801,40.97391
tcd,Chad,2006,2520.23726,42.16124,7.832108326867212,41.56622
tcd,Chad,2007,2573.03387,42.75939,7.852840975817335,42.16124
tcd,Chad,2008,2573.74658,43.35981,7.853117929540728,42.75939
tcd,Chad,2009,2465.52669,43.96291,7.810160730995974,43.35981
tcd,Chad,2010,2717.50763,44.57603,7.907470426719113,43.96291
tcd,Chad,2011,2742.69965,45.19885,7.916697988041177,44.57603
tcd,Chad,2012,2887.74825,45.83146,7.968232325160468,45.19885
tcd,Chad,2013,2864.7152,46.4731,7.96022421757591,45.83146
tcd,Chad,2014,2821.27515,47.12342,7.94494424258027,46.4731
tcd,Chad,2015,2823.36071,47.78243,7.94568319550713,47.12342
tcd,Chad,2016,2623.1207,48.44975,7.872119994820369,47.78243
tcd,Chad,2017,2496.49275,49.12497,7.822642125870755,48.44975
tcd,Chad,2018,2552.60616,49.80801,7.844870139771409,49.12497
tcd,Chad,2019,2604.91637,50.49806,7.865155850025301,49.80801
tcd,Chad,2020,2513.01578,51.19538,7.829238816871271,50.49806
tcd,Chad,2021,2435.07275,51.8991,7.7977319118671025,51.19538
tcd,Chad,2022,2655.71004,51.99515,7.8844673329499155,51.8991
tgo,Togo,2000,2005.61984,45.84011,7.603708439096711,
tgo,Togo,2001,1975.28003,47.20666,7.588465454626119,45.84011
tgo,Togo,2002,1998.77466,48.54864,7.600289601783125,47.20666
tgo,Togo,2003,2088.43982,49.86571,7.64417256858312,48.54864
tgo,Togo,2004,2033.905,51.0023,7.617712869519713,49.86571
tgo,Togo,2005,1908.64738,51.94533,7.554150092153707,51.0023
tgo,Togo,2006,1914.8838,52.85337,7.557412220922536,51.94533
tgo,Togo,2007,1847.634,53.72648,7.5216611806387,52.85337
tgo,Togo,2008,1872.596,54.56516,7.535080982435008,53.72648
tgo,Togo,2009,1924.85687,55.36774,7.562606890710792,54.56516
tgo,Togo,2010,1988.95211,56.13607,7.595363201138264,55.36774
tgo,Togo,2011,2048.81549,56.8779,7.625017095379968,56.13607
tgo,Togo,2012,2121.42903,57.58879,7.659845211337125,56.8779
tgo,Togo,2013,2188.07011,58.26329,7.690775205990116,57.58879
tgo,Togo,2014,2253.48526,58.90228,7.72023330117299,58.26329
tgo,Togo,2015,2317.54781,59.50587,7.748264927216427,58.90228
tgo,Togo,2016,2355.26827,60.07531,7.764409915036999,59.50587
tgo,Togo,2017,2389.21245,60.61025,7.778719071793845,60.07531
tgo,Togo,2018,2442.64694,61.11062,7.800837541779884,60.61025
tgo,Togo,2019,2501.03087,61.57639,7.824458273864219,61.11062
tgo,Togo,2020,2490.05294,62.00752,7.820059250276917,61.57639
tgo,Togo,2021,2577.20196,62.404,7.854459577779486,62.00752
tgo,Togo,2022,2662.25917,62.76561,7.8869303533444395,62.404
tha,Thailand,2000,11791.25763,93.77659,9.375113657053857,
tha,Thailand,2001,12050.57636,94.14054,9.396867768480343,93.77659
tha,Thailand,2002,12644.97588,94.4999,9.445015251628936,94.14054
tha,Thailand,2003,13405.24847,94.85433,9.503401586119313,94.4999
tha,Thailand,2004,14099.036,95.20367,9.55386170523468,94.85433
tha,Thailand,2005,14542.32913,95.5388,9.58481892601673,95.20367
tha,Thailand,2006,15118.03226,95.86825,9.623643499729988,95.5388
tha,Thailand,2007,15792.72969,96.19166,9.667304966912775,95.86825
tha,Thailand,2008,15923.78276,96.50891,9.675569041726222,96.19166
tha,Thailand,2009,15680.89203,96.81969,9.66019818195461,96.50891
tha,Thailand,2010,16730.36979,97.12402,9.724980897143647,96.81969
tha,Thailand,2011,16766.34771,97.40829,9.727129043978339,97.12402
tha,Thailand,2012,17869.63766,97.68573,9.790858331506941,97.40829
tha,Thailand,2013,18242.42567,97.95925,9.811505241080289,97.68573
tha,Thailand,2014,18324.61447,98.22888,9.816000488061508,97.95925
tha,Thailand,2015,18811.99751,98.49457,9.842250110702608,98.22888
tha,Thailand,2016,19370.60878,98.75637,9.8715121849211,98.49457
tha,Thailand,2017,20094.67788,99.01417,9.908210276896648,98.75637
tha,Thailand,2018,20879.90278,99.24534,9.946542385855468,99.01417
tha,Thailand,2019,21277.83927,99.42877,9.965421400236332,99.24534
tha,Thailand,2020,19957.25714,99.48757,9.901348122587088,99.42877
tha,Thailand,2021,20242.77,99.95124,9.91555297174475,99.48757
tha,Thailand,2022,20762.79526,100.0,9.94091797465126,99.95124
tjk,Tajikistan,2000,1470.93456,55.47301,7.293653232868161,
tjk,Tajikistan,2001,1568.5068,56.94821,7.357879362973582,55.47301
tjk,Tajikistan,2002,1690.09226,58.43077,7.432538398143022,56.94821
tjk,Tajikistan,2003,1824.99523,59.92069,7.509332652314546,58.43077
tjk,Tajikistan,2004,1959.233,61.41755,7.580308349105742,59.92069
tjk,Tajikistan,2005,2036.19774,62.92219,7.618839494761862,61.41755
tjk,Tajikistan,2006,2122.02333,64.43418,7.660125313458448,62.92219
tjk,Tajikistan,2007,2227.48611,65.95352,7.7086289236352865,64.43418
tjk,Tajikistan,2008,2340.1787,67.48022,7.757982572957264,65.95352
tjk,Tajikistan,2009,2365.79447,69.01426,7.7688691726332095,67.48022
tjk,Tajikistan,2010,2449.27359,70.55566,7.803546765698222,69.01426
tjk,Tajikistan,2011,2572.48075,72.10412,7.85262598468701,70.55566
tjk,Tajikistan,2012,2700.09546,73.66607,7.901042406922983,72.10412
tjk,Tajikistan,2013,2828.38542,75.23948,7.947461304858929,73.66607
tjk,Tajikistan,2014,2943.08868,76.82371,7.987214880297336,75.23948
tjk,Tajikistan,2015,3041.4448,78.41729,8.020087944656398,76.82371
tjk,Tajikistan,2016,3169.96678,80.01921,8.061476387321148,78.41729
tjk,Tajikistan,2017,3312.71202,81.6282,8.105522474283914,80.01921
tjk,Tajikistan,2018,3479.69236,83.24283,8.154699166561956,81.6282
tjk,Tajikistan,2019,3649.88375,84.86213,8.202450596754268,83.24283
tjk,Tajikistan,2020,3724.74896,86.29581,8.222754735254039,84.86213
tjk,Tajikistan,2021,3985.91248,87.72462,8.290521543682713,86.29581
tjk,Tajikistan,2022,4213.75618,89.14724,8.346109733174309,87.72462
tkm,Turkmenistan,2000,5175.88159,90.08511,8.551764959180266,
tkm,Turkmenistan,2001,5397.7409,90.44687,8.593735793166964,90.08511
tkm,Turkmenistan,2002,5385.14927,90.81088,8.591400308797766,90.44687
tkm,Turkmenistan,2003,5500.60305,91.17706,8.612613010664484,90.81088
tkm,Turkmenistan,2004,5673.20976,91.54547,8.643510331788429,91.17706
tkm,Turkmenistan,2005,6242.06214,92.03738,8.739065877923755,91.54547
tkm,Turkmenistan,2006,6740.57784,92.53065,8.81590093316918,92.03738
tkm,Turkmenistan,2007,7280.47327,93.02512,8.892951148693083,92.53065
tkm,Turkmenistan,2008,8113.97502,93.52026,9.001343165132125,93.02512
tkm,Turkmenistan,2009,8354.67656,94.01605,9.030576728131745,93.52026
tkm,Turkmenistan,2010,8842.33284,94.41387,9.087306016744884,94.01605
tkm,Turkmenistan,2011,9929.68935,94.91648,9.203284472561949,94.41387
tkm,Turkmenistan,2012,10794.23352,95.41894,9.286767337185816,94.91648
tkm,Turkmenistan,2013,11633.2906,95.92095,9.361626146163227,95.41894
tkm,Turkmenistan,2014,12544.39835,96.42214,9.437029498304083,95.92095
tkm,Turkmenistan,2015,13057.83033,96.92232,9.477143258095,96.42214
tkm,Turkmenistan,2016,13552.84771,97.42116,9.514351967326308,96.92232
tkm,Turkmenistan,2017,14107.66712,97.91834,9.55447369595424,97.42116
tkm,Turkmenistan,2018,14648.13535,98.31091,9.592068326480963,97.91834
tkm,Turkmenistan,2019,15231.30562,98.97444,9.631108169069762,98.31091
tkm,Turkmenistan,2020,15791.17759,99.39665,9.66720668268293,98.97444
tkm,Turkmenistan,2021,16434.13991,99.61085,9.707116151902625,99.39665
tkm,Turkmenistan,2022,17119.57449,99.82057,9.74797779483078,99.61085
tls,Timor-Leste,2002,3562.75861,49.61794,8.178290414222916,
tls,Timor-Leste,2003,3340.92603,51.31086,8.11400330203384,49.61794
tls,Timor-Leste,2004,3437.77695,53.00072,8.142580306002186,51.31086
tls,Timor-Leste,2005,3501.73256,54.67541,8.161013142139794,53.00072
tls,Timor-Leste,2006,3289.19065,56.34706,8.098396810456192,54.67541
tls,Timor-Leste,2007,3450.57971,58.01565,8.146297527793688,56.34706
tls,Timor-Leste,2008,3669.87492,59.68173,8.207912858723951,58.01565
tls,Timor-Leste,2009,3858.85057,61.43825,8.258124638320924,59.68173
tls,Timor-Leste,2010,4049.18501,63.19667,8.306270907751925,61.43825
tls,Timor-Leste,2011,4191.80292,64.95742,8.340886211536937,63.19667
tls,Timor-Leste,2012,4299.96964,66.71977,8.366363241191612,64.95742
tls,Timor-Leste,2013,4342.35347,68.48361,8.37617175431048,66.71977
tls,Timor-Leste,2014,4447.48458,70.24905,8.400093952417622,68.48361
tls,Timor-Leste,2015,4469.93611,72.01593,8.405129394440591,70.24905
tls,Timor-Leste,2016,4517.58127,73.78409,8.415732012343303,72.01593
tls,Timor-Leste,2017,4292.07814,75.55316,8.364526309549447,73.78409
tls,Timor-Leste,2018,4210.4905,77.32342,8.3453344282034,75.55316
tls,Timor-Leste,2019,5096.45171,79.09449,8.536299833433587,77.32342
tls,Timor-Leste,2020,6598.0346,80.86641,8.794527095788114,79.09449
tls,Timor-Leste,2021,6824.79234,82.63858,8.828317193216643,80.86641
tls,Timor-Leste,2022,5347.00759,84.41125,8.584292354435288,82.63858
ton,Tonga,2000,5856.22403,98.54105,8.675260311398457,
ton,Tonga,2001,5919.77403,98.54076,8.686053556541427,98.54105
ton,Tonga,2002,6133.559,98.54048,8.721530447730364,98.54076
ton,Tonga,2003,6108.34797,98.54018,8.717411634263954,98.54048
ton,Tonga,2004,5954.06195,98.53989,8.691828946291496,98.54018
ton,Tonga,2005,5881.36707,98.58558,8.679544508767881,98.53989
ton,Tonga,2006,5715.82213,98.6313,8.650993420650959,98.58558
ton,Tonga,2007,5534.16673,98.67695,8.618696288190819,98.6313
ton,Tonga,2008,5774.08679,98.72256,8.661135391284143,98.67695
ton,Tonga,2009,5466.85025,98.76824,8.60645790689738,98.72256
ton,Tonga,2010,5488.7504,98.81399,8.610455894752263,98.76824
ton,Tonga,2011,5847.44389,98.80974,8.673759902858642,98.81399
ton,Tonga,2012,5907.26712,98.80582,8.683938587209127,98.80974
ton,Tonga,2013,5951.69432,98.80192,8.691431217667203,98.80582
ton,Tonga,2014,6096.86923,98.79783,8.71553067742456,98.80192
ton,Tonga,2015,6194.63932,98.79355,8.731439571222241,98.79783
ton,Tonga,2016,6639.13653,98.78907,8.800737193351809,98.79355
ton,Tonga,2017,6862.66866,98.7844,8.833851662564955,98.78907
ton,Tonga,2018,6896.04176,98.77964,8.838702868009648,98.7844
ton,Tonga,2019,6875.02538,98.77483,8.835650614164322,98.77964
ton,Tonga,2020,6995.31729,98.77008,8.852996245613399,98.77483
ton,Tonga,2021,7034.92497,98.76543,8.858642304246413,98.77008
ton,Tonga,2022,6901.73837,98.81148,8.839528596535542,98.76543
tto,Trinidad and Tobago,2005,29968.21168,97.30942,10.30789248819336,
tto,Trinidad and Tobago,2006,33727.52144,97.30974,10.426069442995818,97.30942
tto,Trinidad and Tobago,2007,35087.40934,97.31006,10.46559763684065,97.30974
tto,Trinidad and Tobago,2008,36032.79313,97.31038,10.49218472307993,97.31006
tto,Trinidad and Tobago,2009,34327.2438,97.3107,10.443694597764079,97.31038
tto,Trinidad and Tobago,2010,35190.21666,97.44027,10.468523387159422,97.3107
tto,Trinidad and Tobago,2011,34814.37173,97.5697,10.457785561256614,97.44027
tto,Trinidad and Tobago,2012,36950.80796,97.69898,10.517342792443102,97.5697
tto,Trinidad and Tobago,2013,38033.89842,97.82815,10.546233104740395,97.69898
tto,Trinidad and Tobago,2014,39299.08591,97.95723,10.57895653829932,97.82815
tto,Trinidad and Tobago,2015,38951.92457,98.08626,10.57008346137473,97.95723
tto,Trinidad and Tobago,2016,35955.50195,98.21526,10.490037395945336,98.08626
tto,Trinidad and Tobago,2017,34153.88426,98.34428,10.438631599672924,98.21526
tto,Trinidad and Tobago,2018,33753.5953,98.47333,10.426842218034443,98.34428
tto,Trinidad and Tobago,2019,33793.70547,98.60246,10.428029835430168,98.47333
tto,Trinidad and Tobago,2020,30723.40355,98.7317,10.332779973767787,98.60246
tto,Trinidad and Tobago,2021,30424.66489,98.86107,10.323008903497618,98.7317
tto,Trinidad and Tobago,2022,30793.39983,98.99061,10.335055654764252,98.86107
tun,Tunisia,2000,9263.8496,87.53645,9.133874964793252,
tun,Tunisia,2001,9515.24818,87.84724,9.160650862416894,87.53645
tun,Tunisia,2002,9533.92966,88.13898,9.162612257931807,87.84724
tun,Tunisia,2003,9875.5455,88.4265,9.197816828749952,88.13898
tun,Tunisia,2004,10373.9473,88.70511,9.24705287489073,88.4265
tun,Tunisia,2005,10627.71843,88.95885,9.27122081330331,88.70511
tun,Tunisia,2006,11069.39488,89.20965,9.311939361155305,88.95885
tun,Tunisia,2007,11680.26312,89.45698,9.36565578352574,89.20965
tun,Tunisia,2008,12037.15196,89.88683,9.395753142708122,89.45698
tun,Tunisia,2009,12254.22964,90.34339,9.413626433113272,89.88683
tun,Tunisia,2010,12458.25735,90.79592,9.430138923009624,90.34339
tun,Tunisia,2011,12068.70037,91.24482,9.398370633894936,90.79592
tun,Tunisia,2012,12436.38215,91.68983,9.428381500040699,91.24482
tun,Tunisia,2013,12587.98124,92.13052,9.440497767874957,91.68983
tun,Tunisia,2014,12823.98881,92.56746,9.45907282170635,92.13052
tun,Tunisia,2015,12802.76104,93.00175,9.45741613289646,92.56746
tun,Tunisia,2016,12803.87361,93.4329,9.457503029907013,93.00175
tun,Tunisia,2017,12953.52321,93.86062,9.469123092673643,93.4329
tun,Tunisia,2018,13163.59059,94.28474,9.48521000885033,93.86062
tun,Tunisia,2019,13249.22409,94.70479,9.491694270454426,94.28474
tun,Tunisia,2020,11955.56592,95.12037,9.388952216287723,94.70479
tun,Tunisia,2021,12444.3264,95.5313,9.429020087181737,95.12037
tun,Tunisia,2022,12702.45358,95.93726,9.44955044906247,95.5313
tur,Turkey,2000,14897.78792,92.52077,9.60896801916705,
tur,Turkey,2001,13831.56944,92.60699,9.534708899059098,92.52077
tur,Turkey,2002,14567.44418,92.81759,9.586544467192486,92.60699
tur,Turkey,2003,15222.1931,93.02409,9.630509714333526,92.81759
tur,Turkey,2004,16504.40556,93.2266,9.711382627885909,93.02409
tur,Turkey,2005,17775.43114,93.42498,9.785572509792193,93.2266
tur,Turkey,2006,18797.86982,93.61948,9.841498834951459,93.42498
tur,Turkey,2007,19682.39627,93.81003,9.887479924880884,93.61948
tur,Turkey,2008,19573.32978,93.99679,9.88192319308076,93.81003
tur,Turkey,2009,18347.09957,94.17966,9.817226779409287,93.99679
tur,Turkey,2010,19564.7889,94.35881,9.881486744910863,94.17966
tur,Turkey,2011,21439.06906,94.53425,9.972970193533078,94.35881
tur,Turkey,2012,22181.12078,94.70611,10.006996790736812,94.53425
tur,Turkey,2013,23756.27304,94.87404,10.075601902587128,94.70611
tur,Turkey,2014,24595.69906,95.03833,10.110326871675692,94.87404
tur,Turkey,2015,25746.43245,95.19904,10.156051350862482,95.03833
tur,Turkey,2016,26246.49471,95.3563,10.175287724246054,95.19904
tur,Turkey,2017,27851.982,95.51015,10.23465940978907,95.3563
tur,Turkey,2018,28305.46125,95.66076,10.250810042045458,95.51015
tur,Turkey,2019,28132.05357,95.8082,10.244664901663263,95.66076
tur,Turkey,2020,28378.55208,95.95258,10.253388930385034,95.8082
tur,Turkey,2021,31338.26652,95.96141,10.35259520231898,95.95258
tur,Turkey,2022,32748.3189,95.97003,10.396606908448192,95.96141
tuv,Tuvalu,2000,3770.50836,98.94891,8.234965114852814,
tuv,Tuvalu,2001,3754.38917,98.95478,8.230680879860662,98.94891
tuv,Tuvalu,2002,4079.53425,98.96008,8.313738106470332,98.95478
tuv,Tuvalu,2003,3870.52057,98.96373,8.261144291189488,98.96008
tuv,Tuvalu,2004,3733.77015,98.96554,8.225173766234873,98.96373
tuv,Tuvalu,2005,3513.28337,98.96595,8.164306312263506,98.96554
tuv,Tuvalu,2006,3551.787,98.96493,8.175206136097799,98.96595
tuv,Tuvalu,2007,3752.45208,98.96249,8.230164793272847,98.96493
tuv,Tuvalu,2008,3945.48632,98.95863,8.280327500713918,98.96249
tuv,Tuvalu,2009,3644.94159,98.95338,8.201095619623004,98.95863
tuv,Tuvalu,2010,3506.06023,98.94675,8.162248244455126,98.95338
tuv,Tuvalu,2011,3687.43927,98.93873,8.212687531359915,98.94675
tuv,Tuvalu,2012,3558.15237,98.92933,8.176996691929405,98.93873
tuv,Tuvalu,2013,3690.24204,98.91862,8.213447328379349,98.92933
tuv,Tuvalu,2014,3695.95345,98.9068,8.214993837985292,98.91862
tuv,Tuvalu,2015,4088.7658,98.89393,8.315998443106821,98.9068
tuv,Tuvalu,2016,4333.24899,98.88009,8.374072883739988,98.89393
tuv,Tuvalu,2017,4464.25885,98.86536,8.403858488491128,98.88009
tuv,Tuvalu,2018,4575.869,98.84977,8.428551905027478,98.86536
tuv,Tuvalu,2019,5292.03026,98.83337,8.573957243283502,98.84977
tuv,Tuvalu,2020,5154.45958,98.81625,8.547617556813968,98.83337
tuv,Tuvalu,2021,5352.97862,98.79845,8.58540843636336,98.81625
tuv,Tuvalu,2022,5498.18455,98.78003,8.612173234913387,98.79845
tza,Tanzania,2000,1792.82437,28.61153,7.491547515656267,
tza,Tanzania,2001,1861.41533,29.86776,7.529092407454239,28.61153
tza,Tanzania,2002,1951.57594,31.12413,7.576392499519715,29.86776
tza,Tanzania,2003,2035.56231,32.4758,7.618527379117838,31.12413
tza,Tanzania,2004,2137.31153,33.94712,7.667304023824024,32.4758
tza,Tanzania,2005,2239.90235,35.42835,7.71418755014885,33.94712
tza,Tanzania,2006,2324.16223,36.91951,7.751114921903781,35.42835
tza,Tanzania,2007,2420.07714,38.4196,7.79155469467576,36.91951
tza,Tanzania,2008,2492.53135,39.92906,7.821054079490094,38.4196
tza,Tanzania,2009,2561.36835,41.44549,7.848296906391853,39.92906
tza,Tanzania,2010,2654.80347,42.97022,7.884125908337361,41.44549
tza,Tanzania,2011,2779.70776,44.50135,7.930101078856788,42.97022
tza,Tanzania,2012,2822.48535,46.03923,7.945373105576334,44.50135
tza,Tanzania,2013,2924.86328,47.58197,7.98100301669318,46.03923
tza,Tanzania,2014,3027.56909,49.12777,8.015515295976105,47.58197
tza,Tanzania,2015,3111.44458,50.67617,8.042842392505639,49.12777
tza,Tanzania,2016,3214.24683,52.22586,8.075348341730692,50.67617
tza,Tanzania,2017,3319.37671,53.77682,8.107532306333752,52.22586
tza,Tanzania,2018,3392.68872,55.32819,8.129378018754295,53.77682
tza,Tanzania,2019,3484.63257,56.87875,8.156117885785507,55.32819
tza,Tanzania,2020,3449.82153,58.42887,8.146077778252558,56.87875
tza,Tanzania,2021,3493.08301,59.97699,8.158540009196658,58.42887
tza,Tanzania,2022,3546.98096,61.5231,8.173852086842665,59.97699
uga,Uganda,2000,1501.54961,26.23571,7.314252927170607,
uga,Uganda,2001,1536.69035,27.52988,7.337386259351324,26.23571
uga,Uganda,2002,1613.87079,28.85045,7.386390789863179,27.52988
uga,Uganda,2003,1662.0518,30.19674,7.415808142198055,28.85045
uga,Uganda,2004,1718.80882,31.56856,7.449386783374758,30.19674
uga,Uganda,2005,1776.84593,32.9633,7.482595122088529,31.56856
uga,Uganda,2006,1904.85683,34.38262,7.552162129880891,32.9633
uga,Uganda,2007,2003.15025,35.82438,7.602476345333801,34.38262
uga,Uganda,2008,2113.76498,37.28873,7.656225987118488,35.82438
uga,Uganda,2009,2190.48073,38.774,7.6918763101369665,37.28873
uga,Uganda,2010,2244.60595,40.28026,7.716285261385022,38.774
uga,Uganda,2011,2384.46533,41.80625,7.776730197896782,40.28026
uga,Uganda,2012,2405.09456,43.35154,7.785344499854244,41.80625
uga,Uganda,2013,2420.88808,44.91408,7.791889727038412,43.35154
uga,Uganda,2014,2470.50381,46.49455,7.812177380482551,44.91408
uga,Uganda,2015,2520.0201,48.09126,7.832022156664135,46.49455
uga,Uganda,2016,2554.22769,49.70261,7.845505182971217,48.09126
uga,Uganda,2017,2543.84754,51.32773,7.841432993418901,49.70261
uga,Uganda,2018,2613.87976,52.96511,7.868590894656427,51.32773
uga,Uganda,2019,2689.41009,54.61487,7.897077151148925,52.96511
uga,Uganda,2020,2678.00907,56.27517,7.892828913101245,54.61487
uga,Uganda,2021,2684.92036,57.9452,7.895406345422992,56.27517
uga,Uganda,2022,2724.9061,59.62437,7.910189247788033,57.9452
ukr,Ukraine,2000,9778.67964,98.20391,9.187959747779745,
ukr,Ukraine,2001,10828.82636,98.2474,9.289966964778241,98.20391
ukr,Ukraine,2002,11593.84214,98.2726,9.35822938614371,98.2474
ukr,Ukraine,2003,12881.9868,98.26404,9.463585242420704,98.2726
ukr,Ukraine,2004,14596.33258,97.79284,9.588525582991458,98.26404
ukr,Ukraine,2005,15258.93136,97.3193,9.632920273552763,97.79284
ukr,Ukraine,2006,16612.22621,96.84237,9.717894221922558,97.3193
ukr,Ukraine,2007,18151.64989,96.36249,9.80651673859187,96.84237
ukr,Ukraine,2008,18740.32581,95.87966,9.838432941447044,96.36249
ukr,Ukraine,2009,16035.32827,95.3939,9.682549584010003,95.87966
ukr,Ukraine,2010,16811.79492,94.90721,9.729835997620913,95.3939
ukr,Ukraine,2011,17783.95703,94.4191,9.78605203942429,94.90721
ukr,Ukraine,2012,17848.74023,93.92956,9.789688209367087,94.4191
ukr,Ukraine,2013,17889.0918,93.75842,9.791946409423193,93.92956
ukr,Ukraine,2014,16978.8125,93.28569,9.739721522201853,93.75842
ukr,Ukraine,2015,15403.70996,93.31873,9.642363665881918,93.28569
ukr,Ukraine,2016,15856.8125,93.35138,9.671354497688808,93.31873
ukr,Ukraine,2017,16310.36035,93.38371,9.699555789178476,93.35138
ukr,Ukraine,2018,16978.98438,93.41454,9.739731645355638,93.38371
ukr,Ukraine,2019,17636.55469,93.44372,9.777728998126562,93.41454
ukr,Ukraine,2020,17092.53906,93.47121,9.74639733499815,93.44372
ukr,Ukraine,2021,17846.4082,93.49694,9.789557545671551,93.47121
ukr,Ukraine,2022,13787.12109,93.52089,9.531490181044498,93.49694
ury,Uruguay,2000,18556.85792,97.06156,9.828594698905048,
ury,Uruguay,2001,17808.48984,97.12424,9.787430579875567,97.06156
ury,Uruguay,2002,16412.79634,97.19621,9.70581657419824,97.12424
ury,Uruguay,2003,16546.88123,97.26666,9.713952917729939,97.19621
ury,Uruguay,2004,17380.4423,97.3351,9.763100847287282,97.26666
ury,Uruguay,2005,18678.61672,97.53286,9.83513465764903,97.3351
ury,Uruguay,2006,19446.19417,97.72304,9.875406657406659,97.53286
ury,Uruguay,2007,20707.35148,97.90571,9.938244060166124,97.72304
ury,Uruguay,2008,22177.22099,98.08139,10.006820959546806,97.90571
ury,Uruguay,2009,23093.63076,98.25015,10.047312133815524,98.08139
ury,Uruguay,2010,24879.83502,98.41262,10.121812915802192,98.25015
ury,Uruguay,2011,26099.32153,98.56888,10.169664597953751,98.41262
ury,Uruguay,2012,26953.28111,98.71115,10.201860316978399,98.56888
ury,Uruguay,2013,28119.48333,98.84757,10.244217972000467,98.71115
ury,Uruguay,2014,28935.09744,98.98115,10.272810581550221,98.84757
ury,Uruguay,2015,28941.62941,99.11195,10.273036301641293,98.98115
ury,Uruguay,2016,29332.56726,99.24013,10.286453688314838,99.11195
ury,Uruguay,2017,29762.43332,99.3656,10.301002250389416,99.24013
ury,Uruguay,2018,29757.93885,99.48853,10.300851227475928,99.3656
ury,Uruguay,2019,30010.57426,99.55455,10.309305073872789,99.48853
ury,Uruguay,2020,27788.1855,99.5703,10.23236622733389,99.55455
ury,Uruguay,2021,29431.88501,99.58603,10.289833889804974,99.5703
ury,Uruguay,2022,30804.70328,99.60166,10.335422661199717,99.58603
usa,USA,2005,60060.46474,98.89697,11.003107079436122,
usa,USA,2006,61043.40958,98.90381,11.01934052252415,98.89697
usa,USA,2007,61578.56309,98.91061,11.028069087169223,98.90381
usa,USA,2008,60971.05175,98.91737,11.018154469040104,98.91061
usa,USA,2009,58796.53195,98.92409,10.981838151705126,98.91737
usa,USA,2010,59789.41291,99.01065,10.998583882626207,98.92409
usa,USA,2011,60245.4844,99.09637,11.006182900826339,99.01065
usa,USA,2012,61134.53061,99.18111,11.020832134622914,99.09637
usa,USA,2013,61958.72344,99.26489,11.034223691348902,99.18111
usa,USA,2014,63018.80339,99.34764,11.051188427349338,99.26489
usa,USA,2015,64359.47259,99.42934,11.072239406386602,99.34764
usa,USA,2016,65017.65496,99.5099,11.082414126766391,99.42934
usa,USA,2017,66155.55557,99.58934,11.099764150445933,99.5099
usa,USA,2018,67719.76564,99.66758,11.123133375520469,99.58934
usa,USA,2019,69112.60269,99.74463,11.143492376483392,99.66758
usa,USA,2020,67342.07093,99.82042,11.117540445583444,99.74463
usa,USA,2021,71307.40173,99.89494,11.174755412094333,99.82042
usa,USA,2022,72679.25754,99.96411,11.193811306992878,99.89494
uzb,Uzbekistan,2000,3717.41589,87.3126,8.220784052658042,
uzb,Uzbekistan,2001,3784.66799,87.80345,8.238713444719009,87.3126
uzb,Uzbekistan,2002,3847.70134,88.29018,8.255231194428333,87.80345
uzb,Uzbekistan,2003,3923.88189,88.77255,8.27483672084388,88.29018
uzb,Uzbekistan,2004,4126.5675,89.25035,8.325201226587067,88.77255
uzb,Uzbekistan,2005,4320.94278,89.72354,8.37122889353923,89.25035
uzb,Uzbekistan,2006,4545.7087,90.19222,8.421938924048783,89.72354
uzb,Uzbekistan,2007,4868.67484,90.65618,8.49057707227269,90.19222
uzb,Uzbekistan,2008,5188.36176,91.11538,8.554173273151793,90.65618
uzb,Uzbekistan,2009,5477.39831,91.56967,8.608385506258495,91.11538
uzb,Uzbekistan,2010,5760.80512,92.01923,8.658832521699711,91.56967
uzb,Uzbekistan,2011,6100.25101,92.43568,8.716085198495126,92.01923
uzb,Uzbekistan,2012,6435.56467,92.82442,8.769594865986187,92.43568
uzb,Uzbekistan,2013,6797.77495,93.21602,8.824350624382973,92.82442
uzb,Uzbekistan,2014,7145.10981,93.61048,8.874183459035232,93.21602
uzb,Uzbekistan,2015,7529.76364,94.00782,8.926618931191065,93.61048
uzb,Uzbekistan,2016,7839.9782,94.40804,8.966991332728343,94.00782
uzb,Uzbekistan,2017,8047.05375,94.81116,8.993061309631717,94.40804
uzb,Uzbekistan,2018,8348.96058,95.21857,9.029892328659319,94.81116
uzb,Uzbekistan,2019,8755.12594,95.62744,9.077394629539391,95.21857
uzb,Uzbekistan,2020,8727.41105,95.95781,9.074224047005167,95.62744
uzb,Uzbekistan,2021,9247.64383,96.28975,9.132124076978466,95.95781
uzb,Uzbekistan,2022,9607.56167,96.62281,9.17030574136193,96.28975
vct,St. Vincent and the Grenadines,2000,10013.41602,95.44888,9.211681074832326,
vct,St. Vincent and the Grenadines,2001,10188.54185,95.60567,9.229019019804818,95.44888
vct,St. Vincent and the Grenadines,2002,10753.63244,95.76311,9.282998877875338,95.60567
vct,St. Vincent and the Grenadines,2003,11497.85129,95.92119,9.349915452545936,95.76311
vct,St. Vincent and the Grenadines,2004,11995.96585,96.07992,9.392325693082586,95.92119
vct,St. Vincent and the Grenadines,2005,12329.99452,96.23933,9.419790151713848,96.07992
vct,St. Vincent and the Grenadines,2006,13243.91913,96.3994,9.491293792487214,96.23933
vct,St. Vincent and the Grenadines,2007,13738.57139,96.56016,9.527962585843685,96.3994
vct,St. Vincent and the Grenadines,2008,13857.86634,96.7216,9.5366083171704,96.56016
vct,St. Vincent and the Grenadines,2009,13725.31295,96.88374,9.526997067574976,96.7216
vct,St. Vincent and the Grenadines,2010,13175.72302,97.04658,9.48613125008218,96.88374
vct,St. Vincent and the Grenadines,2011,13168.89643,97.21013,9.485612996997085,97.04658
vct,St. Vincent and the Grenadines,2012,13397.9633,97.3744,9.502857981849653,97.21013
vct,St. Vincent and the Grenadines,2013,13804.1838,97.53938,9.532726999110416,97.3744
vct,St. Vincent and the Grenadines,2014,14054.7557,97.70512,9.550716101474876,97.53938
vct,St. Vincent and the Grenadines,2015,14523.5812,97.71086,9.583528897086817,97.70512
vct,St. Vincent and the Grenadines,2016,15212.61976,97.71664,9.62988060973809,97.71086
vct,St. Vincent and the Grenadines,2017,15533.22128,97.72245,9.650736317685704,97.71664
vct,St. Vincent and the Grenadines,2018,16139.06611,97.72831,9.688998078315926,97.72245
ven,Venezuela,2000,12454.43236,97.2277,9.429831851386721,
ven,Venezuela,2001,12833.99055,97.0506,9.459852441984804,97.2277
ven,Venezuela,2002,11593.79182,96.87351,9.358225045899243,97.0506
ven,Venezuela,2003,10648.08192,96.69641,9.273135053508915,96.87351
ven,Venezuela,2004,12628.01445,96.51932,9.443672993959774,96.69641
ven,Venezuela,2005,14034.5749,96.34222,9.549279199772972,96.51932
ven,Venezuela,2006,15544.30445,96.16513,9.65144957720103,96.34222
ven,Venezuela,2007,16992.37514,95.98803,9.740520001246173,96.16513
ven,Venezuela,2008,17866.42605,95.81094,9.790678590949351,95.98803
ven,Venezuela,2009,17067.05407,95.63384,9.744905221515925,95.81094
ven,Venezuela,2010,16695.002,95.45675,9.722864672174094,95.63384
ven,Venezuela,2011,17493.729,95.27965,9.769597752834319,95.45675
ven,Venezuela,2012,18551.879,95.10256,9.828326356706249,95.27965
ven,Venezuela,2013,18850.906,94.92546,9.844316255381614,95.10256
ven,Venezuela,2014,18176.005,94.74837,9.807857596608867,94.92546
ven,Venezuela,2015,16970.969,94.57128,9.739259457364144,94.74837
ven,Venezuela,2016,14169.523,94.39418,9.558848669450517,94.57128
ven,Venezuela,2017,12271.362,94.21709,9.415023533989629,94.39418
ven,Venezuela,2018,10622.181,94.03999,9.270699640942604,94.21709
ven,Venezuela,2019,8116.199,93.8629,9.001617220112825,94.03999
ven,Venezuela,2020,5729.397,93.6858,8.653365568569036,93.8629
ven,Venezuela,2021,6128.168,93.50871,8.720651126188242,93.6858
ven,Venezuela,2022,7266.547,93.33161,8.891036492083565,93.50871
vnm,Vietnam,2000,4250.45395,80.64824,8.354781067979198,
vnm,Vietnam,2001,4477.15881,81.48169,8.406743930026398,80.64824
vnm,Vietnam,2002,4722.82509,82.30916,8.46016243554531,81.48169
vnm,Vietnam,2003,5008.5529,83.12973,8.518902310040565,82.30916
vnm,Vietnam,2004,5344.44392,83.94371,8.58381278062873,83.12973
vnm,Vietnam,2005,5705.39302,84.75041,8.649167150370314,83.94371
vnm,Vietnam,2006,6037.17638,85.54995,8.705691694867893,84.75041
vnm,Vietnam,2007,6370.74245,86.34211,8.759471295934427,85.54995
vnm,Vietnam,2008,6626.55947,87.12655,8.798841014852258,86.34211
vnm,Vietnam,2009,6897.38392,87.90332,8.838897476663854,87.12655
vnm,Vietnam,2010,7274.73311,88.6734,8.892162405456096,87.90332
vnm,Vietnam,2011,7652.61896,89.43496,8.942803215945393,88.6734
vnm,Vietnam,2012,7979.86829,90.1879,8.984677185295114,89.43496
vnm,Vietnam,2013,8324.19871,90.93164,9.026922059165164,90.1879
vnm,Vietnam,2014,8751.88281,91.66639,9.077024134489848,90.93164
vnm,Vietnam,2015,9248.02396,92.39186,9.132165181739252,91.66639
vnm,Vietnam,2016,9743.18822,93.10779,9.184323675723808,92.39186
vnm,Vietnam,2017,10290.54871,93.8137,9.238981151993368,93.10779
vnm,Vietnam,2018,10936.89379,94.83279,9.299897104215567,93.8137
vnm,Vietnam,2019,11628.61391,95.63426,9.361224056122749,94.83279
vnm,Vietnam,2020,11851.39657,96.29416,9.380200993627478,95.63426
vnm,Vietnam,2021,12048.90199,96.92709,9.39672881360519,96.29416
vnm,Vietnam,2022,12979.7639,97.54928,9.471146800570308,96.92709
vut,Vanuatu,2000,3400.34487,85.33176,8.13163213781328,
vut,Vanuatu,2001,3198.35345,85.3746,8.070391409488147,85.33176
vut,Vanuatu,2002,2952.50727,85.41776,7.990410010388554,85.3746
vut,Vanuatu,2003,2998.65223,85.46152,8.005918210037569,85.41776
vut,Vanuatu,2004,3037.30966,85.50559,8.018727422310887,85.46152
vut,Vanuatu,2005,3116.25682,85.74604,8.044387823363252,85.50559
vut,Vanuatu,2006,3293.3842,85.84671,8.099670947298655,85.74604
vut,Vanuatu,2007,3303.71983,85.94651,8.102804333829885,85.84671
vut,Vanuatu,2008,3396.27739,86.0456,8.130435225485366,85.94651
vut,Vanuatu,2009,3404.38083,86.14398,8.132818360638767,86.0456
vut,Vanuatu,2010,3359.84955,86.22274,8.119651475169025,86.14398
vut,Vanuatu,2011,3390.96104,86.28924,8.128868652823423,86.22274
vut,Vanuatu,2012,3350.77089,86.35506,8.1169457147643,86.28924
vut,Vanuatu,2013,3292.23425,86.42005,8.09932171661655,86.35506
vut,Vanuatu,2014,3302.29178,86.48421,8.102371985203648,86.42005
vut,Vanuatu,2015,3357.63888,86.54756,8.118993291652123,86.48421
vut,Vanuatu,2016,3397.7673,86.61022,8.130873818427233,86.54756
vut,Vanuatu,2017,3465.91969,86.67207,8.150733299205028,86.61022
vut,Vanuatu,2018,3482.02272,86.73451,8.155368645292487,86.67207
vut,Vanuatu,2019,3512.07197,86.79738,8.163961447141848,86.73451
vut,Vanuatu,2020,3259.99544,86.86095,8.089481075586768,86.79738
vut,Vanuatu,2021,3135.83665,86.92491,8.050651291465678,86.86095
vut,Vanuatu,2022,3222.83596,86.98952,8.078016983840046,86.92491
wsm,Samoa,2000,4786.98319,87.24257,8.473655677792443,
wsm,Samoa,2001,5082.10151,87.23959,8.533480138100144,87.24257
wsm,Samoa,2002,5308.03796,87.24376,8.576977546896007,87.23959
wsm,Samoa,2003,5535.14333,87.25174,8.618872740019748,87.24376
wsm,Samoa,2004,5671.08845,87.25966,8.64313634478889,87.25174
wsm,Samoa,2005,5994.51432,87.4969,8.698600050001307,87.25966
wsm,Samoa,2006,6080.80838,87.73334,8.712892923359025,87.4969
wsm,Samoa,2007,6075.11858,87.9689,8.711956787359814,87.73334
wsm,Samoa,2008,6220.72912,88.20362,8.735642400728231,87.9689
wsm,Samoa,2009,6119.03683,88.43759,8.719159982401772,88.20362
wsm,Samoa,2010,6427.31156,88.67084,8.768311620935085,88.43759
wsm,Samoa,2011,6616.7711,88.90339,8.797362780697986,88.67084
wsm,Samoa,2012,6311.9607,89.13552,8.750201636270585,88.90339
wsm,Samoa,2013,6262.32372,90.03608,8.74230659649395,89.13552
wsm,Samoa,2014,6247.90481,90.93824,8.740001456128176,90.03608
wsm,Samoa,2015,6432.35979,91.84203,8.769096746794359,90.93824
wsm,Samoa,2016,6887.30523,92.74743,8.837435174295438,91.84203
wsm,Samoa,2017,6919.01573,93.65442,8.842028802946148,92.74743
wsm,Samoa,2018,6805.04517,94.5631,8.825419552829885,93.65442
wsm,Samoa,2019,7033.52113,95.4737,8.858442731387452,94.5631
wsm,Samoa,2020,6745.3064,96.38644,8.816602193851777,95.4737
wsm,Samoa,2021,6214.01693,97.30155,8.734562814442361,96.38644
wsm,Samoa,2022,5843.77179,98.18471,8.673131721800099,97.30155
yem,Yemen,2000,2925.61188,40.09888,7.981258927532423,
yem,Yemen,2001,2972.30339,40.32279,7.997092483400102,40.09888
yem,Yemen,2002,3008.55679,40.55015,8.009215770998784,40.32279
yem,Yemen,2003,3053.03487,41.54819,8.023891414222224,40.55015
yem,Yemen,2004,3126.5557,42.5403,8.047687262297243,41.54819
yem,Yemen,2005,3262.42885,44.04032,8.090227242964023,42.5403
yem,Yemen,2006,3322.37032,45.55793,8.108433758975414,44.04032
yem,Yemen,2007,3380.10829,47.0921,8.125663026425382,45.55793
yem,Yemen,2008,3426.73172,48.64223,8.139362234596643,47.0921
yem,Yemen,2009,3439.29712,50.2077,8.143022403908732,48.64223
yem,Yemen,2010,3603.03,51.78788,8.1895304371081,50.2077
yem,Yemen,2011,3113.383,53.38178,8.043465195318324,51.78788
yem,Yemen,2012,3004.921,54.98878,8.008006557106262,53.38178
yem,Yemen,2013,3164.322,56.60857,8.059694093620843,54.98878
yem,Yemen,2014,3116.261,58.23982,8.044389164715211,56.60857
yem,Yemen,2015,2196.886,59.88223,7.6947961820988695,58.23982
yem,Yemen,2016,1950.402,61.53481,7.575790784157162,59.88223
yem,Yemen,2017,1828.716,63.19694,7.51136936022712,61.53481
yem,Yemen,2018,1829.707,64.86766,7.511911123726988,63.19694
yem,Yemen,2019,1843.465,66.54664,7.5194022318688,64.86766
yem,Yemen,2020,1660.776,68.23292,7.415040242000103,66.54664
yem,Yemen,2021,1672.7,69.92561,7.422194366317963,68.23292
yem,Yemen,2022,1767.315,71.62435,7.477216724683073,69.92561
zaf,South Africa,2000,11037.87368,85.956,9.30908769983177,
zaf,South Africa,2001,11277.16993,86.46224,9.330535600842707,85.956
zaf,South Africa,2002,11617.57225,86.97574,9.360274080005858,86.46224
zaf,South Africa,2003,11870.87162,87.48564,9.381842915404878,86.97574
zaf,South Africa,2004,12312.62672,87.98649,9.418380577407078,87.48564
zaf,South Africa,2005,12853.29549,88.47753,9.461355515809299,87.98649
zaf,South Africa,2006,13452.90444,88.95937,9.50695030521197,88.47753
zaf,South Africa,2007,14037.25886,89.43203,9.549470420626665,88.95937
zaf,South Africa,2008,14324.90593,89.89582,9.569754974720192,89.43203
zaf,South Africa,2009,13936.02189,90.34985,9.54223226984306,89.89582
zaf,South Africa,2010,14182.33428,90.7949,9.55975240430961,90.34985
zaf,South Africa,2011,14451.92918,91.2308,9.578583191895712,90.7949
zaf,South Africa,2012,14581.58896,91.65782,9.587514981791877,91.2308
zaf,South Africa,2013,14699.06681,92.07544,9.595539288438815,91.65782
zaf,South Africa,2014,14661.26243,92.48434,9.592964085648468,92.07544
zaf,South Africa,2015,14559.47438,92.27668,9.585997220824321,92.48434
zaf,South Africa,2016,14519.03086,92.06339,9.583215540972166,92.27668
zaf,South Africa,2017,14591.43668,91.84465,9.58819010685402,92.06339
zaf,South Africa,2018,14571.37563,91.62087,9.586814309969201,91.84465
zaf,South Africa,2019,14370.23804,91.3924,9.572914544001982,91.62087
zaf,South Africa,2020,13266.78581,91.15984,9.49301888321736,91.3924
zaf,South Africa,2021,13711.29357,90.9231,9.525975120403055,91.15984
zaf,South Africa,2022,13777.19275,90.68254,9.530769804655883,90.9231
zmb,Zambia,2000,2173.01609,46.2308,7.683871384738911,
zmb,Zambia,2001,2233.6768,47.32916,7.711404295931094,46.2308
zmb,Zambia,2002,2276.69859,48.56693,7.730481685760352,47.32916
zmb,Zambia,2003,2372.1238,49.79467,7.771540950998482,48.56693
zmb,Zambia,2004,2469.0897,51.01232,7.811604819183421,49.79467
zmb,Zambia,2005,2569.15938,52.21936,7.851334034889666,51.01232
zmb,Zambia,2006,2683.23992,53.41626,7.894780268716173,52.21936
zmb,Zambia,2007,2808.6142,54.60251,7.940446473421035,53.41626
zmb,Zambia,2008,2919.80288,55.77904,7.9792713861343225,54.60251
zmb,Zambia,2009,3073.64995,56.94393,8.030621043183647,55.77904
zmb,Zambia,2010,3266.50749,58.09906,8.091476647252307,56.94393
zmb,Zambia,2011,3335.6434,59.24346,8.112420863280603,58.09906
zmb,Zambia,2012,3474.55253,60.37932,8.153220981362214,59.24346
zmb,Zambia,2013,3535.22449,61.50689,8.170532081264815,60.37932
zmb,Zambia,2014,3585.57748,62.62519,8.18467482234867,61.50689
zmb,Zambia,2015,3576.92545,63.7349,8.18225889755455,62.62519
zmb,Zambia,2016,3598.17166,64.83505,8.1881811232112,63.7349
zmb,Zambia,2017,3612.50598,65.92593,8.192156987782639,64.83505
zmb,Zambia,2018,3646.95966,67.00737,8.201649129601357,65.92593
zmb,Zambia,2019,3591.56419,68.07889,8.186343094110256,67.00737
zmb,Zambia,2020,3391.59541,69.14036,8.129055712085378,68.07889
zmb,Zambia,2021,3503.03491,70.22283,8.161384988891477,69.14036
zmb,Zambia,2022,3585.12379,71.29589,8.184548282423627,70.22283
zwe,Zimbabwe,2000,3888.44839,67.92174,8.265765485576814,
zwe,Zimbabwe,2001,3928.39321,68.08873,8.275985768843066,67.92174
zwe,Zimbabwe,2002,3571.02598,68.26585,8.180608222841016,68.08873
zwe,Zimbabwe,2003,2949.25001,68.23002,7.989306183112644,68.26585
zwe,Zimbabwe,2004,2762.35658,68.16056,7.9238394277362065,68.23002
zwe,Zimbabwe,2005,2589.93892,68.08982,7.859389571403917,68.16056
zwe,Zimbabwe,2006,2482.77583,68.01738,7.817132499515473,68.08982
zwe,Zimbabwe,2007,2372.23665,67.94362,7.771588523269269,68.01738
zwe,Zimbabwe,2008,1938.0725,67.86812,7.569449201451708,67.94362
zwe,Zimbabwe,2009,2169.48008,67.79127,7.682242823357119,67.86812
zwe,Zimbabwe,2010,2563.47835,67.71264,7.849120345703403,67.79127
zwe,Zimbabwe,2011,2875.90206,67.63263,7.964121664019076,67.71264
zwe,Zimbabwe,2012,3301.16623,67.5508,8.102031088052732,67.63263
zwe,Zimbabwe,2013,3319.77209,67.46756,8.107651411963818,67.5508
zwe,Zimbabwe,2014,3352.38135,67.39436,8.117426223030659,67.46756
zwe,Zimbabwe,2015,3366.63371,67.33155,8.121668625004416,67.39436
zwe,Zimbabwe,2016,3345.31502,67.27867,8.115316144510672,67.33155
zwe,Zimbabwe,2017,3453.50574,67.23568,8.147145150609592,67.27867
zwe,Zimbabwe,2018,3572.98134,67.20293,8.181155635507674,67.23568
zwe,Zimbabwe,2019,3294.80389,67.17959,8.100101927714691,67.20293
zwe,Zimbabwe,2020,2987.26841,67.16642,8.00211467356969,67.17959
zwe,Zimbabwe,2021,3184.7846,67.16261,8.066139936205941,67.16642
zwe,Zimbabwe,2022,3323.11832,67.16891,8.10865887410048,67.16261
