geo,name,year,gdp_per_capita,poverty_rate,log_gdp,poverty_rate_lag1
afg,Afghanistan,1960,2277.64036,31.76,7.73089525621427,
afg,Afghanistan,1961,2276.91597,32.31,7.73057716156196,31.76
afg,Afghanistan,1962,2293.42252,30.54,7.737800531037985,32.31
afg,Afghanistan,1963,2315.33328,27.92,7.7473089216010695,30.54
afg,Afghanistan,1964,2332.01208,26.28,7.7544867275598826,27.92
afg,Afghanistan,1965,2359.7174,31.03,7.766297145086847,26.28
afg,Afghanistan,1966,2356.25955,33.82,7.764830704238506,31.03
afg,Afghanistan,1967,2395.48053,33.47,7.781339128550635,33.82
afg,Afghanistan,1968,2450.51402,33.9,7.804053085614607,33.47
afg,Afghanistan,1969,2458.46521,33.9,7.8072925358468455,33.9
afg,Afghanistan,1970,2477.91301,31.88,7.8151719566495705,33.9
afg,Afghanistan,1971,2440.25031,32.36,7.799855899091231,31.88
afg,Afghanistan,1972,2011.68454,43.66,7.606727729662494,32.36
afg,Afghanistan,1973,2045.25421,43.57,7.623277368819754,43.66
afg,Afghanistan,1974,2128.51845,37.02,7.663181453306749,43.57
afg,Afghanistan,1975,2228.08567,33.56,7.708898051833966,37.02
afg,Afghanistan,1976,2321.43011,28.39,7.7499387014715815,33.56
afg,Afghanistan,1977,2174.25243,35.58,7.684440174096018,28.39
afg,Afghanistan,1978,2305.19982,30.28,7.742922641478177,35.58
afg,Afghanistan,1979,2231.85597,33.63,7.710588791849187,30.28
afg,Afghanistan,1980,2251.28484,34.0,7.719256372217168,33.63
afg,Afghanistan,1981,2559.45808,25.26,7.847550827564647,34.0
afg,Afghanistan,1982,2877.34176,17.69,7.9646221469032,25.26
afg,Afghanistan,1983,3090.44526,11.92,8.036070456598182,17.69
afg,Afghanistan,1984,3106.35151,13.93,8.041204168586637,11.92
afg,Afghanistan,1985,3068.05058,15.32,8.028797648661548,13.93
afg,Afghanistan,1986,3202.21084,15.98,8.071596737734918,15.32
afg,Afghanistan,1987,2921.86758,20.0,7.979978273008586,15.98
afg,Afghanistan,1988,2690.10628,22.89,7.8973359811090935,20.0
afg,Afghanistan,1989,2471.80006,28.06,7.812701933429444,22.89
afg,Afghanistan,1990,2412.90304,29.73,7.788585882472072,28.06
afg,Afghanistan,1991,2235.39988,33.43,7.712175408269842,29.73
afg,Afghanistan,1992,2168.64015,35.15,7.681855591115519,33.43
afg,Afghanistan,1993,1503.96807,55.1,7.3158622742312325,35.15
afg,Afghanistan,1994,1127.76933,71.26,7.027996916465265,55.1
afg,Afghanistan,1995,1689.0634,48.74,7.431929453107449,71.26
afg,Afghanistan,1996,1621.28448,51.93,7.390974002944981,48.74
afg,Afghanistan,1997,1562.46326,53.52,7.354018867734108,51.93
afg,Afghanistan,1998,1510.20513,56.68,7.320000768264628,53.52
afg,Afghanistan,1999,1456.3727,58.24,7.283704171275276,56.68
afg,Afghanistan,2000,1426.50934,59.78,7.262985718125986,58.24
afg,Afghanistan,2001,1312.2368,64.29,7.179488441022948,59.78
afg,Afghanistan,2002,1673.64821,51.93,7.422761079622062,64.29
afg,Afghanistan,2003,1731.14825,50.35,7.456540195645297,51.93
afg,Afghanistan,2004,1713.2018,50.35,7.446119296406086,50.35
afg,Afghanistan,2005,1855.22812,47.17,7.525762943221879,50.35
afg,Afghanistan,2006,1895.55139,45.6,7.547265046168936,47.17
afg,Afghanistan,2007,2132.60481,39.46,7.665099427044351,45.6
afg,Afghanistan,2008,2177.91615,38.13,7.686123804129226,39.46
afg,Afghanistan,2009,2557.34077,30.31,7.846723235867995,38.13
afg,Afghanistan,2010,2848.58606,26.7,7.954578030856553,30.31
afg,Afghanistan,2011,2757.05259,28.04,7.92191748592348,26.7
afg,Afghanistan,2012,2985.31914,24.19,8.001461934684611,28.04
afg,Afghanistan,2013,3046.57993,23.16,8.0217749060094,24.19
afg,Afghanistan,2014,3017.94254,24.19,8.012330600047807,23.16
afg,Afghanistan,2015,2967.69207,24.19,7.995539848904867,24.19
afg,Afghanistan,2016,2958.7854,24.19,7.99253412526866,24.19
afg,Afghanistan,2017,2952.99892,24.19,7.990576516014089,24.19
afg,Afghanistan,2018,2902.39211,25.43,7.973290541477211,24.19
afg,Afghanistan,2019,2927.24514,25.43,7.981817034466118,25.43
afg,Afghanistan,2020,2769.68575,28.5,7.926489145092283,25.43
afg,Afghanistan,2021,2144.16657,46.56,7.670506210404229,28.5
afg,Afghanistan,2022,1981.71017,53.52,7.591715473117409,46.56
ago,Angola,1960,3299.10986,19.03,8.10140797167442,
ago,Angola,1961,3715.08124,16.11,8.220155825015045,19.03
ago,Angola,1962,3591.11662,16.73,8.186218469332289,16.11
ago,Angola,1963,3752.32246,16.22,8.230130249929987,16.73
ago,Angola,1964,4149.28388,14.08,8.330691039298577,16.22
ago,Angola,1965,4432.34698,12.66,8.396684515073831,14.08
ago,Angola,1966,4659.35789,11.8,8.44663292578003,12.66
ago,Angola,1967,4899.61582,10.98,8.496912076943325,11.8
ago,Angola,1968,4793.71948,11.46,8.475061898472092,10.98
ago,Angola,1969,4899.52253,11.07,8.496893036493711,11.46
ago,Angola,1970,5177.92272,10.28,8.552159235518765,11.07
ago,Angola,1971,5242.92733,9.92,8.564635272091202,10.28
ago,Angola,1972,5200.84498,9.96,8.556576387522295,9.92
ago,Angola,1973,5482.57967,9.22,8.609331011878206,9.96
ago,Angola,1974,5392.54527,9.65,8.59277277322112,9.22
ago,Angola,1975,4130.95715,13.6,8.326264414551876,9.65
ago,Angola,1976,3791.32805,15.18,8.240471645668563,13.6
ago,Angola,1977,3779.39869,15.23,8.237320199240013,15.18
ago,Angola,1978,3698.78903,15.82,8.215760755872331,15.23
ago,Angola,1979,3689.98974,15.87,8.213378956542902,15.82
ago,Angola,1980,3728.6418,15.36,8.223799317640587,15.87
ago,Angola,1981,3762.89756,16.79,8.232944567262482,15.36
ago,Angola,1982,3796.44411,17.22,8.241820147090955,16.79
ago,Angola,1983,3894.00671,17.31,8.267193909094502,17.22
ago,Angola,1984,4106.17906,17.28,8.320248205980187,17.31
ago,Angola,1985,4028.06224,17.15,8.301040705556215,17.28
ago,Angola,1986,4001.2767,17.36,8.294368764176523,17.15
ago,Angola,1987,4325.11914,17.39,8.372194965807383,17.36
ago,Angola,1988,4797.37025,16.85,8.47582318218001,17.39
ago,Angola,1989,4936.12458,17.31,8.504335804326692,16.85
ago,Angola,1990,4974.52806,18.5,8.512085782781421,17.31
ago,Angola,1991,5038.18813,18.57,8.524801798414638,18.5
ago,Angola,1992,4750.38909,20.18,8.465981807358155,18.57
ago,Angola,1993,3608.83245,25.8,8.191139577962426,20.18
ago,Angola,1994,3649.03251,25.88,8.202217345686977,25.8
ago,Angola,1995,4176.13396,24.02,8.33714120759203,25.88
ago,Angola,1996,4710.75499,22.04,8.457603469281347,24.02
ago,Angola,1997,5012.3417,21.33,8.519658490068752,22.04
ago,Angola,1998,5198.37712,21.15,8.556101763550886,21.33
ago,Angola,1999,5256.21105,21.31,8.567165713467881,21.15
ago,Angola,2000,5352.49132,21.3,8.585317398790407,21.31
ago,Angola,2001,5500.42866,22.2,8.612581306365358,21.3
ago,Angola,2002,6149.13438,21.09,8.72406659967467,22.2
ago,Angola,2003,6223.38333,21.99,8.736068981579363,21.09
ago,Angola,2004,6749.75485,21.06,8.817261464688524,21.99
ago,Angola,2005,7592.30709,19.09,8.934890788628726,21.06
ago,Angola,2006,8283.14745,17.86,9.021978301961006,19.09
ago,Angola,2007,9191.41108,16.07,9.126024748720662,17.86
ago,Angola,2008,9889.65518,15.15,9.199244558488214,16.07
ago,Angola,2009,9626.73739,16.42,9.172299650918315,15.15
ago,Angola,2010,9672.83922,18.37,9.177077156520578,16.42
ago,Angola,2011,9627.0206,19.51,9.17232906959078,18.37
ago,Angola,2012,10051.33991,20.83,9.215461228978427,19.51
ago,Angola,2013,10150.9161,22.09,9.225319236554727,20.83
ago,Angola,2014,10250.5924,22.38,9.235090778018431,22.09
ago,Angola,2015,9980.92988,21.49,9.208431539313747,22.38
ago,Angola,2016,9381.80973,24.74,9.14652795835873,21.49
ago,Angola,2017,9042.11713,27.76,9.109648621763128,24.74
ago,Angola,2018,8620.21466,30.77,9.061865265899879,27.76
ago,Angola,2019,8274.54256,32.29,9.020938918958974,30.77
ago,Angola,2020,7556.96793,34.4,8.930225321264196,32.29
ago,Angola,2021,7408.12659,35.37,8.91033286446295,34.4
ago,Angola,2022,7397.48643,35.66,8.908895549869168,35.37
alb,Albania,1960,2898.16273,9.93,7.971832273823113,
alb,Albania,1961,2912.67272,9.85,7.976826399119894,9.93
alb,Albania,1962,2999.27267,8.86,8.006125094922778,9.85
alb,Albania,1963,3091.49739,7.22,8.036410844747904,8.86
alb,Albania,1964,3186.81625,6.49,8.066777656652242,7.22
alb,Albania,1965,3292.5959,5.83,8.0994315599966,6.49
alb,Albania,1966,3405.04572,4.61,8.133013645806242,5.83
alb,Albania,1967,3524.09874,4.06,8.16738000595979,4.61
alb,Albania,1968,3638.69536,3.55,8.199380478801436,4.06
alb,Albania,1969,3750.09196,2.72,8.229535641330447,3.55
alb,Albania,1970,3876.52082,2.37,8.262693334468787,2.72
alb,Albania,1971,3977.04801,2.05,8.288295117048328,2.37
alb,Albania,1972,4075.70634,1.75,8.312799345623517,2.05
alb,Albania,1973,4198.31698,1.29,8.342439004914509,1.75
alb,Albania,1974,4222.11544,1.27,8.348091570526178,1.29
alb,Albania,1975,4248.82637,1.08,8.354398075547223,1.27
alb,Albania,1976,4279.93591,1.06,8.361693314164661,1.08
alb,Albania,1977,4309.12542,0.89,8.368490243713486,1.06
alb,Albania,1978,4350.74581,0.88,8.378102559961473,0.89
alb,Albania,1979,4390.06161,0.74,8.387098540139304,0.88
alb,Albania,1980,4416.59612,0.72,8.393124569788503,0.74
alb,Albania,1981,4750.70417,0.65,8.466048132357077,0.72
alb,Albania,1982,4951.07187,0.62,8.507359371515404,0.65
alb,Albania,1983,5046.26201,0.64,8.526403052149456,0.62
alb,Albania,1984,5165.69868,0.74,8.549795644428537,0.64
alb,Albania,1985,5161.52412,0.76,8.548987186954882,0.74
alb,Albania,1986,5363.81775,0.64,8.587431267314287,0.76
alb,Albania,1987,5366.35653,0.72,8.587904471193577,0.64
alb,Albania,1988,5387.4375,0.8,8.591825133416638,0.72
alb,Albania,1989,5814.51126,0.63,8.66811201326919,0.8
alb,Albania,1990,5490.45562,1.02,8.610766521952554,0.63
alb,Albania,1991,4000.61805,3.11,8.294204140666201,1.02
alb,Albania,1992,3769.75645,3.96,8.234765676233234,3.11
alb,Albania,1993,4156.23308,2.82,8.332364433418434,3.96
alb,Albania,1994,4522.78284,2.02,8.41688275594405,2.82
alb,Albania,1995,5095.58379,1.26,8.536129520054656,2.02
alb,Albania,1996,5509.0003,0.87,8.61413845192906,1.26
alb,Albania,1997,4898.67228,2.01,8.496719484116234,0.87
alb,Albania,1998,5349.76525,2.07,8.58480796042269,2.01
alb,Albania,1999,6059.11547,1.15,8.70931910636366,2.07
alb,Albania,2000,6558.42258,1.21,8.788505392657052,1.15
alb,Albania,2001,7210.04538,1.3,8.883230524295248,1.21
alb,Albania,2002,7578.61364,1.41,8.933085564811078,1.3
alb,Albania,2003,8024.27537,1.18,8.990226647348027,1.41
alb,Albania,2004,8490.54991,0.95,9.046709048703688,1.18
alb,Albania,2005,8977.57267,0.79,9.102484820748623,0.95
alb,Albania,2006,9577.48492,0.57,9.167170302049941,0.79
alb,Albania,2007,10272.64516,0.39,9.237239831589825,0.57
alb,Albania,2008,11064.87257,0.27,9.311530735925388,0.39
alb,Albania,2009,11435.59511,0.41,9.344486147953596,0.27
alb,Albania,2010,11828.37497,0.52,9.378256582363685,0.41
alb,Albania,2011,12152.41716,0.62,9.405283372191995,0.52
alb,Albania,2012,12292.29683,0.74,9.4167280711853,0.62
alb,Albania,2013,12525.08076,1.23,9.435488373836469,0.74
alb,Albania,2014,12832.21222,1.39,9.459713868311185,1.23
alb,Albania,2015,13156.33221,0.29,9.484658458586361,1.39
alb,Albania,2016,13692.47885,0.37,9.524601972015457,0.29
alb,Albania,2017,14155.03975,0.52,9.557826005737041,0.37
alb,Albania,2018,14710.98258,0.16,9.596349608101594,0.52
alb,Albania,2019,15078.50697,0.02,9.621025629365972,0.16
alb,Albania,2020,14662.79552,0.05,9.593068647575334,0.02
alb,Albania,2021,16126.77749,0.03,9.688236367526864,0.05
alb,Albania,2022,17111.95393,0.01,9.747532558495879,0.03
are,UAE,1960,3066.57278,2.97,8.028315858682975,
are,UAE,1961,3469.23164,1.65,8.151688419026984,2.97
are,UAE,1962,3924.73373,0.69,8.275053788424861,1.65
are,UAE,1963,5167.80997,0.04,8.55020427427555,0.69
arg,Argentina,1960,11545.68452,0.37,9.354067011499094,
arg,Argentina,1961,12025.27082,0.31,9.39476561613408,0.37
arg,Argentina,1962,11708.28055,0.32,9.368051609772722,0.31
arg,Argentina,1963,11186.16042,0.42,9.322432616419412,0.32
arg,Argentina,1964,12036.18609,0.32,9.395672898747064,0.42
arg,Argentina,1965,12916.76444,0.26,9.466281315633122,0.32
arg,Argentina,1966,12770.1271,0.24,9.454863901991933,0.26
arg,Argentina,1967,12906.73567,0.24,9.465504599040756,0.24
arg,Argentina,1968,13286.95326,0.21,9.49453787486103,0.24
arg,Argentina,1969,14221.65646,0.2,9.562521184618033,0.21
arg,Argentina,1970,14600.20015,0.19,9.588790516506572,0.2
arg,Argentina,1971,14961.55339,0.19,9.613239082367807,0.19
arg,Argentina,1972,15071.47425,0.19,9.62055911364404,0.19
arg,Argentina,1973,15522.37454,0.18,9.650037780745441,0.19
arg,Argentina,1974,16133.11386,0.17,9.688629200225074,0.18
arg,Argentina,1975,15710.97534,0.18,9.662114813345449,0.17
arg,Argentina,1976,15397.81769,0.19,9.641981069918572,0.18
arg,Argentina,1977,16054.2759,0.18,9.68373050429195,0.19
arg,Argentina,1978,15169.95073,0.19,9.62707182447969,0.18
arg,Argentina,1979,15951.42312,0.18,9.677303328057233,0.19
arg,Argentina,1980,15887.01022,0.18,9.673257087013075,0.18
arg,Argentina,1981,15481.38073,0.19,9.647393337610575,0.18
arg,Argentina,1982,15269.40746,0.02,9.633606593268551,0.19
arg,Argentina,1983,15966.92221,0.03,9.678274499404491,0.02
arg,Argentina,1984,16394.39671,0.05,9.70469489140745,0.03
arg,Argentina,1985,15347.53371,0.09,9.638710069748173,0.05
arg,Argentina,1986,16464.07452,0.09,9.708935984302654,0.09
arg,Argentina,1987,16972.8647,1.35,9.739371153645637,0.09
arg,Argentina,1988,16855.80118,1.33,9.732450160208007,1.35
arg,Argentina,1989,15973.72158,1.38,9.678700249752382,1.33
arg,Argentina,1990,15986.19359,1.44,9.679480728083863,1.38
arg,Argentina,1991,17332.00072,1.28,9.760309824401457,1.44
arg,Argentina,1992,18628.77055,2.17,9.832462468395992,1.28
arg,Argentina,1993,19873.299,2.45,9.897132350954275,2.17
arg,Argentina,1994,20833.55883,1.15,9.944320370837806,2.45
arg,Argentina,1995,20052.88124,2.73,9.906128125153607,1.15
arg,Argentina,1996,20973.06057,2.68,9.95099406317478,2.73
arg,Argentina,1997,22475.89726,2.76,10.02019878112358,2.68
arg,Argentina,1998,23142.27021,3.46,10.049416103541308,2.76
arg,Argentina,1999,22170.63884,3.31,10.006524117711662,3.46
arg,Argentina,2000,21810.83619,4.53,9.990162198213133,3.31
arg,Argentina,2001,20678.60893,6.92,9.936855059918871,4.53
arg,Argentina,2002,18277.79656,12.07,9.8134422994496,6.92
arg,Argentina,2003,19736.98231,5.43,9.890249429467543,12.07
arg,Argentina,2004,21350.38905,4.23,9.968825240973178,5.43
arg,Argentina,2005,23052.59,2.82,10.045533406537547,4.23
arg,Argentina,2006,24704.5175,2.48,10.114741400629708,2.82
arg,Argentina,2007,26716.74246,2.01,10.19304570629632,2.48
arg,Argentina,2008,27570.26577,1.67,10.224493143797277,2.01
arg,Argentina,2009,25707.98973,1.72,10.154557107004555,1.67
arg,Argentina,2010,28056.25702,1.02,10.241966952741839,1.72
arg,Argentina,2011,29425.75939,0.84,10.289625739442025,1.02
arg,Argentina,2012,28825.96669,0.82,10.269031881088367,0.84
arg,Argentina,2013,29227.66018,0.78,10.282870806321007,0.82
arg,Argentina,2014,28200.81526,0.73,10.2471061664374,0.78
arg,Argentina,2015,28669.20613,0.75,10.263578868574266,0.73
arg,Argentina,2016,27802.10572,0.83,10.232867042133938,0.75
arg,Argentina,2017,28334.90418,0.73,10.251849686914571,0.83
arg,Argentina,2018,27367.11509,1.19,10.21709739238725,0.73
arg,Argentina,2019,26629.55294,1.22,10.18977689083379,1.19
arg,Argentina,2020,23877.09314,1.37,10.080674832291413,1.22
arg,Argentina,2021,26300.27426,1.1,10.177334646248365,1.37
arg,Argentina,2022,27627.96348,0.8,10.22658370836059,1.1
arm,Armenia,1960,6664.54908,5.99,8.804557575410383,
arm,Armenia,1961,6881.94324,5.3,8.836656338720973,5.99
arm,Armenia,1962,6912.28309,5.28,8.841055265953075,5.3
arm,Armenia,1963,6610.8024,6.54,8.796460317308899,5.28
arm,Armenia,1964,7315.42056,4.16,8.897739804624543,6.54
arm,Armenia,1965,7585.01784,3.63,8.933930243790414,4.16
arm,Armenia,1966,7810.4057,3.14,8.963212187707365,3.63
arm,Armenia,1967,8013.62382,2.72,8.988898349739976,3.14
arm,Armenia,1968,8338.7499,1.96,9.02866859203152,2.72
arm,Armenia,1969,8315.15641,1.95,9.025835202033395,1.96
arm,Armenia,1970,8805.06468,1.35,9.083082366729561,1.95
arm,Armenia,1971,8844.19298,1.32,9.087516362182512,1.35
arm,Armenia,1972,8697.58615,1.56,9.070800812122197,1.32
arm,Armenia,1973,9222.37472,1.03,9.129387845209413,1.56
arm,Armenia,1974,9054.85032,1.01,9.111055840087019,1.03
arm,Armenia,1975,8890.36899,1.21,9.092723833833318,1.01
arm,Armenia,1976,8728.87547,1.43,9.074391828394612,1.21
arm,Armenia,1977,8570.31548,1.38,9.056059823049631,1.43
arm,Armenia,1978,8414.63573,1.65,9.037727817512069,1.38
arm,Armenia,1979,8261.7839,1.98,9.019395811720182,1.65
arm,Armenia,1980,8111.70862,1.97,9.001063805560593,1.98
arm,Armenia,1981,8247.98504,2.14,9.017724211922115,1.97
arm,Armenia,1982,8383.89366,1.79,9.034067722797179,2.14
arm,Armenia,1983,8342.64356,1.83,9.029135418748371,1.79
arm,Armenia,1984,8518.88213,1.44,9.05004040581612,1.83
arm,Armenia,1985,8680.52873,1.15,9.068837719393708,1.44
arm,Armenia,1986,8514.24276,1.18,9.049495659018959,1.15
arm,Armenia,1987,7933.90904,1.79,8.978901136425748,1.18
arm,Armenia,1988,7458.71659,2.54,8.917138639523428,1.79
arm,Armenia,1989,8351.07027,1.1,9.030144985678957,2.54
arm,Armenia,1990,7590.79331,2.04,8.934691385349405,1.1
arm,Armenia,1991,6465.12685,4.5,8.774177912049817,2.04
arm,Armenia,1992,3749.21414,20.61,8.229301534336466,4.5
arm,Armenia,1993,3441.97754,22.98,8.143801451474193,20.61
arm,Armenia,1994,3676.31367,19.76,8.209665808997384,22.98
arm,Armenia,1995,3950.03629,16.72,8.281480045194737,19.76
arm,Armenia,1996,4147.22789,14.72,8.330195411714579,16.72
arm,Armenia,1997,4264.3424,13.24,8.35804326280941,14.72
arm,Armenia,1998,4556.81793,14.05,8.424379836548653,13.24
arm,Armenia,1999,4704.32549,12.79,8.45623768148737,14.05
arm,Armenia,2000,4860.71825,14.16,8.488941494040803,12.79
arm,Armenia,2001,5288.59752,14.32,8.573308370609437,14.16
arm,Armenia,2002,5964.33327,11.11,8.693552554605075,14.32
arm,Armenia,2003,6779.7368,8.09,8.821693560121926,11.11
arm,Armenia,2004,7476.52129,5.96,8.919522894608956,8.09
arm,Armenia,2005,8511.01241,3.25,9.049116181588928,5.96
arm,Armenia,2006,9640.20116,2.3,9.173697254606791,3.25
arm,Armenia,2007,10980.46168,1.73,9.30387276153839,2.3
arm,Armenia,2008,11773.80791,1.04,9.37363267469378,1.73
arm,Armenia,2009,10157.81885,1.49,9.225999017967288,1.04
arm,Armenia,2010,10438.56419,1.31,9.253262322285067,1.49
arm,Armenia,2011,10990.1771,1.5,9.30475716191751,1.31
arm,Armenia,2012,11796.27412,1.11,9.375539008051053,1.5
arm,Armenia,2013,12194.01895,1.8,9.408700860509526,1.11
arm,Armenia,2014,12667.37573,1.7,9.446785127157876,1.8
arm,Armenia,2015,13112.76009,1.39,9.481341087779523,1.7
arm,Armenia,2016,13192.99407,1.32,9.48744121540289,1.39
arm,Armenia,2017,14243.8749,1.02,9.564082261713777,1.32
arm,Armenia,2018,15037.04524,1.57,9.618272118096634,1.02
arm,Armenia,2019,16215.3608,1.12,9.693714269496027,1.57
arm,Armenia,2020,15052.93598,0.55,9.61932833287863,1.12
arm,Armenia,2021,15921.70528,0.82,9.6754385692398,0.55
arm,Armenia,2022,17886.17839,0.88,9.791783536578853,0.82
atg,Antigua and Barbuda,1960,5000.94471,12.93,8.517382115568946,
atg,Antigua and Barbuda,1961,5130.31848,10.73,8.54292301810916,12.93
atg,Antigua and Barbuda,1962,5261.67186,9.74,8.568204099336482,10.73
atg,Antigua and Barbuda,1963,5396.03066,8.46,8.593418899298161,9.74
atg,Antigua and Barbuda,1964,5534.38572,7.79,8.618735857954077,8.46
atg,Antigua and Barbuda,1965,5675.52208,6.66,8.643917834593958,7.79
atg,Antigua and Barbuda,1966,5820.41658,5.88,8.669127115483537,6.66
atg,Antigua and Barbuda,1967,5967.87642,4.9,8.694146434564644,5.88
atg,Antigua and Barbuda,1968,6118.86462,4.31,8.719131838687638,4.9
atg,Antigua and Barbuda,1969,6274.31105,3.79,8.744218965143626,4.31
atg,Antigua and Barbuda,1970,6431.98775,3.35,8.769038906317189,3.79
atg,Antigua and Barbuda,1971,6800.35218,2.33,8.824729680999551,3.35
atg,Antigua and Barbuda,1972,7213.01892,1.28,8.883642855541963,2.33
atg,Antigua and Barbuda,1973,7754.42442,0.74,8.95601885235326,1.28
atg,Antigua and Barbuda,1974,7956.9148,0.62,8.981796615767111,0.74
atg,Antigua and Barbuda,1975,7466.27538,1.08,8.918151543337574,0.62
atg,Antigua and Barbuda,1976,6746.35909,1.78,8.816758244267184,1.08
atg,Antigua and Barbuda,1977,7183.95709,1.28,8.879605636968652,1.78
atg,Antigua and Barbuda,1978,7384.58893,1.08,8.907150530586186,1.28
atg,Antigua and Barbuda,1979,8132.66135,0.43,9.00364349829825,1.08
atg,Antigua and Barbuda,1980,8642.1755,0.3,9.064409624084798,0.43
atg,Antigua and Barbuda,1981,9513.7428,0.37,9.160492642781946,0.3
atg,Antigua and Barbuda,1982,9930.73403,0.53,9.203389674750339,0.37
atg,Antigua and Barbuda,1983,10873.73936,0.63,9.294105928317995,0.53
atg,Antigua and Barbuda,1984,12277.60399,1.17,9.415532067842914,0.63
atg,Antigua and Barbuda,1985,13664.53219,1.3,9.522558863601267,1.17
atg,Antigua and Barbuda,1986,15505.09276,1.18,9.648923814102917,1.3
atg,Antigua and Barbuda,1987,17165.30679,1.02,9.75064557872945,1.18
atg,Antigua and Barbuda,1988,18855.8291,0.72,9.844577381146808,1.02
atg,Antigua and Barbuda,1989,20528.87392,0.78,9.9295876580459,0.72
atg,Antigua and Barbuda,1990,21696.89565,0.76,9.98492447169115,0.78
atg,Antigua and Barbuda,1991,21975.59824,0.76,9.997687945846074,0.76
atg,Antigua and Barbuda,1992,21842.33061,0.76,9.991605137077512,0.76
atg,Antigua and Barbuda,1993,22541.01725,0.7,10.023091917453838,0.76
atg,Antigua and Barbuda,1994,23550.13862,0.65,10.066886985626816,0.7
atg,Antigua and Barbuda,1995,22043.3636,0.76,10.000766865052732,0.65
atg,Antigua and Barbuda,1996,22985.91459,0.65,10.042636898181785,0.76
atg,Antigua and Barbuda,1997,23718.08067,0.6,10.073992933733225,0.65
atg,Antigua and Barbuda,1998,24336.43185,0.63,10.09972975965721,0.6
atg,Antigua and Barbuda,1999,24770.44906,0.56,10.117406651507608,0.63
atg,Antigua and Barbuda,2000,25853.23485,0.45,10.160191011372302,0.56
atg,Antigua and Barbuda,2001,24259.00936,0.63,10.096543347369163,0.45
atg,Antigua and Barbuda,2002,24170.76163,0.6,10.092898984578797,0.63
atg,Antigua and Barbuda,2003,25326.21687,0.52,10.139595378110588,0.6
atg,Antigua and Barbuda,2004,26468.17333,0.46,10.183698283773044,0.52
atg,Antigua and Barbuda,2005,27830.44701,0.37,10.233885916554074,0.46
atg,Antigua and Barbuda,2006,30945.55644,0.18,10.339984695592019,0.37
atg,Antigua and Barbuda,2007,33336.85979,0.09,10.41441896440636,0.18
atg,Antigua and Barbuda,2008,32814.87869,0.09,10.398637310115983,0.09
atg,Antigua and Barbuda,2009,28430.15923,0.37,10.255205805403191,0.09
atg,Antigua and Barbuda,2010,25826.60864,0.49,10.159160582076938,0.37
atg,Antigua and Barbuda,2011,25023.91745,0.57,10.127587344506477,0.49
atg,Antigua and Barbuda,2012,25592.90661,0.52,10.150070506525486,0.57
atg,Antigua and Barbuda,2013,25206.84583,0.57,10.134870896527275,0.52
atg,Antigua and Barbuda,2014,25557.52491,0.53,10.148687069295665,0.57
atg,Antigua and Barbuda,2015,25734.15164,0.53,10.15557424632103,0.53
atg,Antigua and Barbuda,2016,26627.71454,0.43,10.189707852368704,0.53
atg,Antigua and Barbuda,2017,27199.19524,0.42,10.210942665081685,0.43
atg,Antigua and Barbuda,2018,28878.60677,0.32,10.270856349807067,0.42
atg,Antigua and Barbuda,2019,29651.86415,0.24,10.297280274287631,0.32
atg,Antigua and Barbuda,2020,23930.6715,0.66,10.08291624152,0.24
atg,Antigua and Barbuda,2021,25745.49581,0.52,10.156014970791595,0.66
atg,Antigua and Barbuda,2022,27941.78515,0.37,10.237878523039077,0.52
aus,Australia,1960,16711.75944,1.1,9.723867908685698,
aus,Australia,1961,16389.51546,1.13,9.704397108152616,1.1
aus,Australia,1962,17004.21457,1.1,9.741216508194642,1.13
aus,Australia,1963,17642.367,1.13,9.778058504232428,1.1
aus,Australia,1964,18353.84922,1.1,9.81759459824224,1.13
aus,Australia,1965,18628.36629,1.08,9.832440767318866,1.1
aus,Australia,1966,18907.88395,1.05,9.847334254280582,1.08
aus,Australia,1967,19592.00639,1.04,9.882876924785483,1.05
aus,Australia,1968,20332.845,1.02,9.919992837805498,1.04
aus,Australia,1969,21068.6152,1.0,9.95553978086045,1.02
aus,Australia,1970,21583.35614,0.98,9.979677747572653,1.0
aus,Australia,1971,21915.47038,0.97,9.994948076460119,0.98
aus,Australia,1972,21998.01538,0.98,9.998707518271287,0.97
aus,Australia,1973,22587.14444,0.97,10.025136193326668,0.98
aus,Australia,1974,22557.08136,0.95,10.023804324902246,0.97
aus,Australia,1975,22732.48554,0.96,10.031550261506167,0.95
aus,Australia,1976,23198.50571,0.95,10.051843146528325,0.96
aus,Australia,1977,23020.05156,0.95,10.04412092206485,0.95
aus,Australia,1978,23412.35103,0.94,10.061018983891739,0.95
aus,Australia,1979,23927.18628,0.93,10.08277059271047,0.94
aus,Australia,1980,24128.36428,0.93,10.091143368505383,0.93
aus,Australia,1981,25836.30877,0.93,10.159536098234378,0.93
aus,Australia,1982,26227.51997,0.91,10.174564519019897,0.93
aus,Australia,1983,26346.68034,0.91,10.179097562731238,0.91
aus,Australia,1984,28278.41254,0.91,10.24985398477159,0.91
aus,Australia,1985,29895.88309,0.87,10.305476060601077,0.91
aus,Australia,1986,30482.20523,0.85,10.32489835724906,0.87
aus,Australia,1987,31944.80359,0.84,10.371764804637515,0.85
aus,Australia,1988,33488.01588,0.8,10.418942918885381,0.84
aus,Australia,1989,35372.39585,0.77,10.473687016688078,0.8
aus,Australia,1990,36304.91547,0.77,10.499708423482206,0.77
aus,Australia,1991,35680.8378,0.8,10.482369067359977,0.77
aus,Australia,1992,35729.37179,0.83,10.483728368719031,0.8
aus,Australia,1993,36887.9858,0.85,10.515641188937433,0.83
aus,Australia,1994,38070.97216,0.44,10.54720738516818,0.85
aus,Australia,1995,39087.28166,0.38,10.57355241582149,0.44
aus,Australia,1996,40136.30978,0.47,10.600036684392226,0.38
aus,Australia,1997,41271.92453,0.87,10.62793775432231,0.47
aus,Australia,1998,42783.84906,0.84,10.663915951941071,0.87
aus,Australia,1999,44369.39423,0.82,10.700305191586494,0.84
aus,Australia,2000,45546.30419,0.4,10.72648476196489,0.82
aus,Australia,2001,45886.74826,0.31,10.733931645431728,0.4
aus,Australia,2002,47144.6969,0.87,10.760976808777404,0.31
aus,Australia,2003,48004.27426,0.49,10.779045333008906,0.87
aus,Australia,2004,49439.27404,0.57,10.80850040836681,0.49
aus,Australia,2005,50323.82948,0.53,10.826233991022391,0.57
aus,Australia,2006,50945.63779,0.48,10.83851441751738,0.53
aus,Australia,2007,51853.37495,0.41,10.856175302185463,0.48
aus,Australia,2008,52538.92042,0.35,10.869309515255297,0.41
aus,Australia,2009,52353.57082,0.38,10.86577542447866,0.35
aus,Australia,2010,52589.81821,0.38,10.87027780983659,0.38
aus,Australia,2011,53112.53287,0.41,10.880168203297904,0.38
aus,Australia,2012,54237.59191,0.45,10.901129524689177,0.41
aus,Australia,2013,54699.35162,0.48,10.909607134957737,0.45
aus,Australia,2014,55288.11534,0.46,10.920313251936035,0.48
aus,Australia,2015,55691.69885,0.47,10.927586381595178,0.46
aus,Australia,2016,56341.51816,0.44,10.939186987464192,0.47
aus,Australia,2017,56684.64733,0.48,10.945258682856972,0.44
aus,Australia,2018,57450.38104,0.49,10.95867691580495,0.48
aus,Australia,2019,57837.06069,0.5,10.965385037595313,0.49
aus,Australia,2020,57059.74364,0.48,10.951854131942817,0.5
aus,Australia,2021,58182.33695,0.48,10.97133709882586,0.48
aus,Australia,2022,59883.64704,0.49,11.000158742490504,0.48
aut,Austria,1960,13101.66148,0.93,9.480494331681282,
aut,Austria,1961,13678.76094,0.83,9.523599612513015,0.93
aut,Austria,1962,13866.40987,0.79,9.537224638419382,0.83
aut,Austria,1963,14309.78333,0.76,9.56869873127584,0.79
aut,Austria,1964,15028.78735,0.68,9.61772279752266,0.76
aut,Austria,1965,15303.73699,0.64,9.63585232526933,0.68
aut,Austria,1966,16001.8548,0.56,9.680459919503134,0.64
aut,Austria,1967,16331.50038,0.52,9.700851060494683,0.56
aut,Austria,1968,16913.06555,0.48,9.735841711683436,0.52
aut,Austria,1969,17870.74157,0.41,9.790920105333864,0.48
aut,Austria,1970,19019.11271,0.35,9.853199684643185,0.41
aut,Austria,1971,19844.53933,0.31,9.89568415154385,0.35
aut,Austria,1972,20910.73471,0.28,9.94801792858206,0.31
aut,Austria,1973,21770.22673,0.26,9.988298568965357,0.28
aut,Austria,1974,22517.33506,0.24,10.022040738661602,0.26
aut,Austria,1975,22384.13982,0.24,10.016107943311772,0.24
aut,Austria,1976,23355.67516,0.23,10.05859528110325,0.24
aut,Austria,1977,24428.34303,0.21,10.103499336736652,0.23
aut,Austria,1978,24314.25986,0.2,10.098818282728281,0.21
aut,Austria,1979,25591.73175,0.19,10.150024599783235,0.2
aut,Austria,1980,26039.61845,0.19,10.1673744437574,0.19
aut,Austria,1981,27292.67585,0.19,10.214373661295708,0.19
aut,Austria,1982,28747.97219,0.18,10.266322511216222,0.19
aut,Austria,1983,30324.34609,0.16,10.31970617018322,0.18
aut,Austria,1984,31098.96948,0.17,10.344929961927008,0.16
aut,Austria,1985,32424.94522,0.16,10.386683319746055,0.17
aut,Austria,1986,33610.12223,0.15,10.422582557427802,0.16
aut,Austria,1987,34728.93932,0.15,10.455328604528868,0.15
aut,Austria,1988,36136.26509,0.14,10.495052213205252,0.15
aut,Austria,1989,38556.89154,0.14,10.55989013188582,0.14
aut,Austria,1990,41070.5472,0.12,10.62304653045571,0.14
aut,Austria,1991,42219.38956,0.12,10.650634862747335,0.12
aut,Austria,1992,42786.2777,0.11,10.663972715676094,0.12
aut,Austria,1993,42808.8432,0.11,10.664499977050003,0.11
aut,Austria,1994,43817.65719,0.11,10.687792147320367,0.11
aut,Austria,1995,45065.66395,0.04,10.715875904045188,0.11
aut,Austria,1996,46164.60551,0.01,10.73996866895198,0.04
aut,Austria,1997,47249.87352,0.09,10.76320525609291,0.01
aut,Austria,1998,48994.13445,0.19,10.799455864825495,0.09
aut,Austria,1999,50866.81311,0.09,10.836965988124852,0.19
aut,Austria,2000,52517.46107,0.02,10.868900985092843,0.09
aut,Austria,2001,53143.62112,0.14,10.880753360010617,0.02
aut,Austria,2002,53809.15485,0.26,10.89319889617168,0.14
aut,Austria,2003,54262.66063,0.31,10.901591619843044,0.26
aut,Austria,2004,55440.73462,0.08,10.923069884497496,0.31
aut,Austria,2005,56453.61958,0.16,10.941174687628491,0.08
aut,Austria,2006,58131.01608,0.1,10.970454639985261,0.16
aut,Austria,2007,60240.1574,0.38,11.006094475352167,0.1
aut,Austria,2008,61035.70774,0.43,11.019214344678517,0.38
aut,Austria,2009,58788.94457,0.3,10.981709098692201,0.43
aut,Austria,2010,59803.37263,0.49,10.998817336843372,0.3
aut,Austria,2011,61346.95947,0.44,11.024300888519702,0.49
aut,Austria,2012,61451.5491,0.58,11.026004323789536,0.44
aut,Austria,2013,60937.25691,0.29,11.017600038563016,0.58
aut,Austria,2014,60919.84071,0.22,11.017314192265037,0.29
aut,Austria,2015,61025.99945,0.18,11.019055272841099,0.22
aut,Austria,2016,61647.77947,0.23,11.029192489614537,0.18
aut,Austria,2017,62612.13993,0.34,11.04471446688072,0.23
aut,Austria,2018,63855.78168,0.18,11.06438240834005,0.34
aut,Austria,2019,64688.14382,0.56,11.077333215165243,0.18
aut,Austria,2020,60349.90228,0.61,11.007914607303157,0.56
aut,Austria,2021,62968.94223,0.38,11.050396903342653,0.61
aut,Austria,2022,65661.45219,0.38,11.0922673076249,0.38
aze,Azerbaijan,1960,6044.16273,10.29,8.70684824725255,
aze,Azerbaijan,1961,6307.08823,9.61,8.749429395784132,10.29
aze,Azerbaijan,1962,6401.32006,8.94,8.764259507454224,9.61
aze,Azerbaijan,1963,6189.23517,10.05,8.73056679907853,8.94
aze,Azerbaijan,1964,6925.49287,7.72,8.842964501086069,10.05
aze,Azerbaijan,1965,7261.71523,6.71,8.890371337490173,7.72
aze,Azerbaijan,1966,7561.57323,5.84,8.930834546730292,6.71
aze,Azerbaijan,1967,7848.62724,5.38,8.968093921598882,5.84
aze,Azerbaijan,1968,8261.80518,4.7,9.019398387431778,5.38
aze,Azerbaijan,1969,8336.61071,4.69,9.028412023065874,4.7
aze,Azerbaijan,1970,8932.64215,3.88,9.09746750356887,4.69
aze,Azerbaijan,1971,9119.59231,3.85,9.118180379218298,3.88
aze,Azerbaijan,1972,9120.76487,3.81,9.11830894687627,3.85
aze,Azerbaijan,1973,9835.94452,3.15,9.193798762815906,3.81
aze,Azerbaijan,1974,9867.42726,3.14,9.196994435835142,3.15
aze,Azerbaijan,1975,9899.01076,3.12,9.200190107897699,3.14
aze,Azerbaijan,1976,9930.69536,3.11,9.203385780770782,3.12
aze,Azerbaijan,1977,9962.48138,3.11,9.20658145408794,3.11
aze,Azerbaijan,1978,9994.36914,3.11,9.209777127383724,3.11
aze,Azerbaijan,1979,10026.35896,3.11,9.212972800094967,3.11
aze,Azerbaijan,1980,10058.45117,3.1,9.216168472556257,3.11
aze,Azerbaijan,1981,10527.83169,2.83,9.261777666545209,3.1
aze,Azerbaijan,1982,11020.8867,2.63,9.307547542264867,2.83
aze,Azerbaijan,1983,11286.88313,2.54,9.331396545512012,2.63
aze,Azerbaijan,1984,11794.78388,2.35,9.37541266865568,2.54
aze,Azerbaijan,1985,12089.21749,2.28,9.40006921777554,2.35
aze,Azerbaijan,1986,12252.83037,2.21,9.413512239897036,2.28
aze,Azerbaijan,1987,12738.3,2.0,9.452368482231932,2.21
aze,Azerbaijan,1988,13226.38136,1.99,9.489968701933535,2.0
aze,Azerbaijan,1989,11955.24193,2.32,9.388925116408704,1.99
aze,Azerbaijan,1990,10510.32985,2.79,9.260113847774331,2.32
aze,Azerbaijan,1991,10340.09016,2.98,9.243783867560188,2.79
aze,Azerbaijan,1992,7913.26922,4.3,8.976296277525071,2.98
aze,Azerbaijan,1993,6014.37323,6.61,8.701907421815704,4.3
aze,Azerbaijan,1994,4779.6486,10.2,8.472122308138816,6.61
aze,Azerbaijan,1995,4166.54567,13.28,8.334842595000637,10.2
aze,Azerbaijan,1996,4199.58193,12.65,8.342740258840788,13.28
aze,Azerbaijan,1997,4434.00156,12.0,8.397057742002987,12.65
aze,Azerbaijan,1998,4808.12125,10.79,8.478061694283088,12.0
aze,Azerbaijan,1999,5157.74366,9.48,8.548254487649134,10.79
aze,Azerbaijan,2000,5652.91901,8.01,8.639927329666593,9.48
aze,Azerbaijan,2001,6148.07154,6.68,8.723893740895274,8.01
aze,Azerbaijan,2002,6679.78178,0.1,8.806840598332421,6.68
aze,Azerbaijan,2003,7318.7397,0.1,8.898193420000887,0.1
aze,Azerbaijan,2004,7940.9474,0.02,8.979787867022372,0.1
bdi,Burundi,1960,844.3823,90.09,6.738605354124908,
bdi,Burundi,1961,701.99906,93.44,6.5539320649935755,90.09
bdi,Burundi,1962,742.49548,92.47,6.610016783116238,93.44
bdi,Burundi,1963,759.34796,91.94,6.632460117664473,92.47
bdi,Burundi,1964,779.71348,91.37,6.658926518866889,91.94
bdi,Burundi,1965,785.82193,90.76,6.666730214599538,91.37
bdi,Burundi,1966,793.34186,90.77,6.676254225838812,90.76
bdi,Burundi,1967,854.93118,88.69,6.751020974469097,90.77
bdi,Burundi,1968,825.3111,89.43,6.715760406162864,88.69
bdi,Burundi,1969,793.18894,90.13,6.67606145302851,89.43
bdi,Burundi,1970,969.33498,84.29,6.8766102487458935,90.13
bdi,Burundi,1971,975.55778,83.25,6.8830093894725755,84.29
bdi,Burundi,1972,916.71227,85.27,6.820793649845972,83.25
bdi,Burundi,1973,965.72778,83.25,6.872881993256851,85.27
bdi,Burundi,1974,941.86094,84.29,6.8478576415984715,83.25
bdi,Burundi,1975,917.35684,85.27,6.82149653505681,84.29
bdi,Burundi,1976,986.47641,82.14,6.894139412353642,85.27
bdi,Burundi,1977,1044.95147,79.76,6.951725723129145,82.14
bdi,Burundi,1978,1060.97171,78.48,6.966940474733529,79.76
bdi,Burundi,1979,1034.03474,78.47,6.941223652182902,78.48
bdi,Burundi,1980,975.87089,80.73,6.883330292826616,78.47
bdi,Burundi,1981,1103.36664,78.89,7.006121366558549,80.73
bdi,Burundi,1982,1098.61817,80.01,7.001808460003498,78.89
bdi,Burundi,1983,1127.91475,80.07,7.028125852960842,80.01
bdi,Burundi,1984,1119.67373,80.78,7.020792609349412,80.07
bdi,Burundi,1985,1238.92647,77.47,7.122000533621111,80.78
bdi,Burundi,1986,1262.6674,77.42,7.140981746419105,77.47
bdi,Burundi,1987,1308.03219,75.96,7.176279141806064,77.42
bdi,Burundi,1988,1364.226,75.37,7.218342513828037,75.96
bdi,Burundi,1989,1380.74876,75.57,7.230381210718247,75.37
bdi,Burundi,1990,1425.29552,74.98,7.262134453658122,75.57
bdi,Burundi,1991,1462.28611,73.97,7.28775631883785,74.98
bdi,Burundi,1992,1435.73604,74.58,7.26943291655592,73.97
bdi,Burundi,1993,1383.12394,74.67,7.232099944424541,74.58
bdi,Burundi,1994,1329.26863,75.48,7.192384167708464,74.67
bdi,Burundi,1995,1155.95167,77.14,7.052679240399868,75.48
bdi,Burundi,1996,1052.81204,78.17,6.959219996675873,77.14
bdi,Burundi,1997,1032.46566,79.44,6.939705065202189,78.17
bdi,Burundi,1998,1057.25872,77.99,6.963434724131306,79.44
bdi,Burundi,1999,1019.60248,77.61,6.927168104825405,77.99
bdi,Burundi,2000,988.06467,77.17,6.89574815107134,77.61
bdi,Burundi,2001,982.29729,75.91,6.889894001845704,77.17
bdi,Burundi,2002,996.91237,74.45,6.904662872417919,75.91
bdi,Burundi,2003,954.10637,74.51,6.860775164184522,74.45
bdi,Burundi,2004,963.73197,73.27,6.870813216531333,74.51
bdi,Burundi,2005,937.35638,72.66,6.843063551442397,73.27
bdi,Burundi,2006,953.30578,71.09,6.859935712630213,72.66
bdi,Burundi,2007,950.63619,70.96,6.857131434147433,71.09
bdi,Burundi,2008,956.92423,70.46,6.86372421381483,70.96
bdi,Burundi,2009,944.66136,69.11,6.850826514064973,70.46
bdi,Burundi,2010,947.62142,69.02,6.853955076503615,69.11
bdi,Burundi,2011,951.18846,67.71,6.857712213259244,69.02
bdi,Burundi,2012,958.6574,69.33,6.86553376392305,67.71
bdi,Burundi,2013,970.37539,66.27,6.8776829966322435,69.33
bdi,Burundi,2014,977.76584,63.78,6.885270213964638,66.27
bdi,Burundi,2015,918.55719,64.55,6.822804167278608,63.78
bdi,Burundi,2016,897.45905,63.93,6.799567492580556,64.55
bdi,Burundi,2017,880.99344,62.85,6.781050179824462,63.93
bdi,Burundi,2018,868.55551,62.52,6.766831498434321,62.85
bdi,Burundi,2019,855.73272,61.41,6.751958084393095,62.52
bdi,Burundi,2020,833.92026,61.26,6.726137786276883,61.41
bdi,Burundi,2021,836.66557,61.11,6.729424432699889,61.26
bdi,Burundi,2022,829.38716,61.14,6.720687066621794,61.11
bel,Belgium,1960,13587.61433,0.55,9.51691394574549,
bel,Belgium,1961,14123.60805,0.53,9.555603006026008,0.55
bel,Belgium,1962,14710.366,0.5,9.596307694319266,0.53
bel,Belgium,1963,15184.77714,0.47,9.62804870104683,0.5
bel,Belgium,1964,16039.78761,0.43,9.682827640061019,0.47
bel,Belgium,1965,16388.84663,0.43,9.704356298913993,0.43
bel,Belgium,1966,16720.57572,0.42,9.724395319060244,0.43
bel,Belgium,1967,17207.50348,0.4,9.753100816509896,0.42
bel,Belgium,1968,17816.06211,0.39,9.787855695123314,0.4
bel,Belgium,1969,18842.56847,0.36,9.843873869517576,0.39
bel,Belgium,1970,19910.4411,0.34,9.898999551508963,0.36
bel,Belgium,1971,20500.62546,0.33,9.928210674904975,0.34
bel,Belgium,1972,21413.96738,0.32,9.971798669414543,0.33
bel,Belgium,1973,22562.7077,0.3,10.024053720573033,0.32
bel,Belgium,1974,23345.2286,0.3,10.058147899603828,0.3
bel,Belgium,1975,22878.96868,0.3,10.037973369302993,0.3
bel,Belgium,1976,24022.03352,0.28,10.086726751501024,0.3
bel,Belgium,1977,24031.13815,0.28,10.087105691320916,0.28
bel,Belgium,1978,24573.90976,0.28,10.109440580246932,0.28
bel,Belgium,1979,25009.90596,0.27,10.127027263768634,0.28
bel,Belgium,1980,25986.23388,0.27,10.165322210633073,0.27
bel,Belgium,1981,27077.86197,0.27,10.206471771545942,0.27
bel,Belgium,1982,28258.56039,0.26,10.249151713327363,0.27
bel,Belgium,1983,28922.87452,0.26,10.272388066907286,0.26
bel,Belgium,1984,30271.1572,0.27,10.317950630554948,0.26
bel,Belgium,1985,31278.09864,0.26,10.350673407645514,0.27
bel,Belgium,1986,32212.2473,0.36,10.380102010149097,0.26
bel,Belgium,1987,33481.60781,0.4,10.41875154644915,0.36
bel,Belgium,1988,35872.00957,0.36,10.487712592653741,0.4
bel,Belgium,1989,37970.03825,0.44,10.544552660599583,0.36
bel,Belgium,1990,40148.03257,0.5,10.600328716181743,0.44
bel,Belgium,1991,40822.36832,0.19,10.616985453299145,0.5
bel,Belgium,1992,41370.09007,0.03,10.63031343663462,0.19
bel,Belgium,1993,40899.4883,0.29,10.618872830950185,0.03
bel,Belgium,1994,42177.99937,0.58,10.649654022135012,0.29
bel,Belgium,1995,43182.34357,0.49,10.673186977028601,0.58
bel,Belgium,1996,43779.28736,0.48,10.686916093191972,0.49
bel,Belgium,1997,45411.82304,0.36,10.723527769509458,0.48
bel,Belgium,1998,46293.93388,0.4,10.742766213780172,0.36
bel,Belgium,1999,47915.4281,0.36,10.777192821309587,0.4
bel,Belgium,2000,49661.30813,0.3,10.812981400438941,0.36
bel,Belgium,2001,50107.04562,0.3,10.821916908323049,0.3
bel,Belgium,2002,50830.50141,0.3,10.836251874842423,0.3
bel,Belgium,2003,51220.07901,0.28,10.843886902313827,0.3
bel,Belgium,2004,52915.96859,0.06,10.876460435999814,0.28
bel,Belgium,2005,53931.0984,0.21,10.895462555266457,0.06
bel,Belgium,2006,55036.00936,0.17,10.915742965618191,0.21
bel,Belgium,2007,56730.34608,0.15,10.946064550777944,0.17
bel,Belgium,2008,56634.78441,0.12,10.944378640970907,0.15
bel,Belgium,2009,55194.46025,0.1,10.918617869439151,0.12
bel,Belgium,2010,56265.01535,0.14,10.937828224000198,0.1
bel,Belgium,2011,56610.26701,0.17,10.943945643677417,0.14
bel,Belgium,2012,56381.68884,0.16,10.939899718813301,0.17
bel,Belgium,2013,56287.99766,0.15,10.938236605965368,0.16
bel,Belgium,2014,57028.05797,0.08,10.951298670791537,0.15
bel,Belgium,2015,57534.39661,0.08,10.960138249847043,0.08
bel,Belgium,2016,57927.04288,0.06,10.966939616352404,0.08
bel,Belgium,2017,58555.15248,0.17,10.977724366520324,0.06
bel,Belgium,2018,59383.87733,0.08,10.991778043087315,0.17
bel,Belgium,2019,60506.65977,0.09,11.010508716803677,0.08
bel,Belgium,2020,57358.83703,0.07,10.957082200137698,0.09
bel,Belgium,2021,60669.21377,0.04,11.013191661729248,0.07
bel,Belgium,2022,62744.203,0.04,11.046821470256388,0.04
ben,Benin,1960,1765.88782,70.93,7.476408857062487,
ben,Benin,1961,1763.29678,70.92,7.474940506290734,70.93
ben,Benin,1962,1654.45246,73.5,7.411225393192423,70.92
ben,Benin,1963,1685.87749,72.23,7.430041472813762,73.5
ben,Benin,1964,1734.48139,70.91,7.458463737035439,72.23
ben,Benin,1965,1771.12698,69.54,7.479371334817283,70.91
ben,Benin,1966,1780.05087,68.13,7.484397221529455,69.54
ben,Benin,1967,1781.26343,68.13,7.48507818363766,68.13
ben,Benin,1968,1804.77459,66.68,7.498190982082288,68.13
ben,Benin,1969,1822.38057,66.68,7.507898930871375,66.68
ben,Benin,1970,1803.2995,66.67,7.497373321443737,66.68
ben,Benin,1971,1789.15788,66.67,7.489500330034109,66.67
ben,Benin,1972,1907.7465,62.09,7.553677981546123,66.67
ben,Benin,1973,1933.00661,62.09,7.56683189875758,62.09
ben,Benin,1974,2005.02904,58.87,7.603413823426304,62.09
ben,Benin,1975,1812.22597,63.64,7.502311186333109,58.87
ben,Benin,1976,1782.48399,65.16,7.485763170480934,63.64
ben,Benin,1977,1803.12229,63.63,7.497275046749061,65.16
ben,Benin,1978,1739.04731,65.15,7.461092719274623,63.63
ben,Benin,1979,1819.92257,62.06,7.506549235209778,65.15
ben,Benin,1980,1927.36478,58.82,7.5639089499286545,62.06
ben,Benin,1981,2026.93707,59.63,7.614281100089455,58.82
ben,Benin,1982,2137.92676,59.85,7.667591834683917,59.63
ben,Benin,1983,2052.2944,62.69,7.62671366578543,59.85
ben,Benin,1984,2092.89917,59.81,7.646305546416944,62.69
ben,Benin,1985,2173.85368,58.4,7.684256760908285,59.81
ben,Benin,1986,2181.38152,58.73,7.6877136798350305,58.4
ben,Benin,1987,2103.46995,60.88,7.651343617214248,58.73
ben,Benin,1988,2150.31694,60.69,7.673370524210828,60.88
ben,Benin,1989,2093.15404,63.36,7.646427317444463,60.69
ben,Benin,1990,2265.51561,60.67,7.7255576543946445,63.36
ben,Benin,1991,2280.34509,59.85,7.7320820657585925,60.67
ben,Benin,1992,2267.92908,59.72,7.726622394517461,59.85
ben,Benin,1993,2287.21359,60.04,7.735089582753304,59.72
ben,Benin,1994,2237.31181,60.34,7.713030339349227,60.04
ben,Benin,1995,2331.84615,59.11,7.754415571880663,60.34
ben,Benin,1996,2361.07415,58.06,7.766871942776169,59.11
ben,Benin,1997,2417.12064,56.55,7.790332292573297,58.06
ben,Benin,1998,2430.76444,56.57,7.795961071225449,56.55
ben,Benin,1999,2477.33555,55.98,7.814938886604497,56.57
ben,Benin,2000,2538.05058,55.1,7.839151577153766,55.98
ben,Benin,2001,2588.96065,53.11,7.859011780717531,55.1
ben,Benin,2002,2624.71693,53.22,7.872728333020508,53.11
ben,Benin,2003,2631.44771,53.35,7.875289433800283,53.22
ben,Benin,2004,2663.81673,51.85,7.887515234248747,53.35
ben,Benin,2005,2623.1785,53.98,7.87214202940048,51.85
ben,Benin,2006,2643.19254,54.36,7.879742760986114,53.98
ben,Benin,2007,2720.93466,52.0,7.908730725264494,54.36
ben,Benin,2008,2771.27796,52.41,7.927063850189502,52.0
ben,Benin,2009,2754.5594,53.23,7.9210127813925455,52.41
ben,Benin,2010,2733.574,53.38,7.9133651894886565,53.23
ben,Benin,2011,2732.0125,54.16,7.912793796082849,53.38
ben,Benin,2012,2779.72648,53.19,7.93010781335501,54.16
ben,Benin,2013,2893.0467,51.97,7.970065447258568,53.19
ben,Benin,2014,2987.38236,49.44,8.002152818058597,51.97
ben,Benin,2015,2952.00218,49.41,7.990238924202475,49.44
ben,Benin,2016,2962.66382,47.52,7.99384408180481,49.41
ben,Benin,2017,3041.7793,37.49,8.02019791923397,47.52
ben,Benin,2018,3155.45107,25.55,8.056886734645158,37.49
ben,Benin,2019,3281.1047,19.23,8.0959354434547,25.55
ben,Benin,2020,3317.85972,17.56,8.107075191375618,19.23
ben,Benin,2021,3464.28863,14.76,8.150262588959446,17.56
ben,Benin,2022,3588.3252,12.96,8.185440854523048,14.76
bfa,Burkina Faso,1960,1036.94726,84.64,6.944036348691266,
bfa,Burkina Faso,1961,1004.93057,85.26,6.912673733529612,84.64
bfa,Burkina Faso,1962,1042.04929,84.63,6.948944524457504,85.26
bfa,Burkina Faso,1963,1005.39721,85.25,6.913137976239705,84.63
bfa,Burkina Faso,1964,1004.88102,85.25,6.912624425425055,85.25
bfa,Burkina Faso,1965,1001.65336,84.62,6.909407273687168,85.25
bfa,Burkina Faso,1966,979.63109,85.24,6.887176062018245,84.62
bfa,Burkina Faso,1967,1038.55184,83.97,6.945582560221477,85.24
bfa,Burkina Faso,1968,1049.07612,83.31,6.955665170110629,83.97
bfa,Burkina Faso,1969,1040.70261,83.31,6.947651350568026,83.31
bfa,Burkina Faso,1970,1021.76542,83.96,6.929287214084851,83.31
bfa,Burkina Faso,1971,1011.61414,83.96,6.919302492554981,83.96
bfa,Burkina Faso,1972,1100.33007,81.26,7.0033654774127365,83.96
bfa,Burkina Faso,1973,1013.74431,83.3,6.921405992590197,81.26
bfa,Burkina Faso,1974,999.80885,83.3,6.907564110710648,83.3
bfa,Burkina Faso,1975,961.6828,84.58,6.868684666563177,83.3
bfa,Burkina Faso,1976,924.30303,85.2,6.829039972421802,84.58
bfa,Burkina Faso,1977,959.13509,83.94,6.866031930447708,85.2
bfa,Burkina Faso,1978,1036.2772,81.96,6.943389954597178,83.94
bfa,Burkina Faso,1979,1010.12163,82.63,6.917826028327282,81.96
bfa,Burkina Faso,1980,992.57328,82.61,6.900300843588917,82.63
bfa,Burkina Faso,1981,1044.21842,82.94,6.951023961119657,82.61
bfa,Burkina Faso,1982,1063.66934,81.82,6.969479850925684,82.94
bfa,Burkina Faso,1983,1039.48677,82.25,6.946482379944348,81.82
bfa,Burkina Faso,1984,1043.33889,83.14,6.950181320730501,82.25
bfa,Burkina Faso,1985,1151.05601,82.59,7.048435069570939,83.14
bfa,Burkina Faso,1986,1243.78725,81.62,7.125916237773062,82.59
bfa,Burkina Faso,1987,1209.78488,81.71,7.098197837661171,81.62
bfa,Burkina Faso,1988,1273.29308,81.61,7.149361799867378,81.71
bfa,Burkina Faso,1989,1275.81085,81.67,7.151337216239477,81.61
bfa,Burkina Faso,1990,1255.67978,81.86,7.135432362293,81.67
bfa,Burkina Faso,1991,1317.22312,80.85,7.183281102732012,81.86
bfa,Burkina Faso,1992,1271.21462,81.23,7.147728116100361,80.85
bfa,Burkina Faso,1993,1266.9269,81.01,7.144349483313368,81.23
bfa,Burkina Faso,1994,1236.8505,81.62,7.12032350817682,81.01
bfa,Burkina Faso,1995,1260.91111,81.36,7.139589841806989,81.62
bfa,Burkina Faso,1996,1351.69962,79.81,7.209118057362273,81.36
bfa,Burkina Faso,1997,1388.41119,79.8,7.235915343592144,79.81
bfa,Burkina Faso,1998,1438.63366,79.17,7.271449094907343,79.8
bfa,Burkina Faso,1999,1490.29767,72.61,7.3067311575099225,79.17
bfa,Burkina Faso,2000,1464.85074,72.67,7.2895086323016,72.61
bfa,Burkina Faso,2001,1505.71542,67.17,7.317023426360439,72.67
bfa,Burkina Faso,2002,1514.50187,61.57,7.322841865197464,67.17
bfa,Burkina Faso,2003,1575.74865,55.09,7.362485771657965,61.57
bfa,Burkina Faso,2004,1590.67361,54.79,7.371912859586272,55.09
bfa,Burkina Faso,2005,1670.88941,54.7,7.421111344478284,54.79
bfa,Burkina Faso,2006,1717.69219,52.94,7.4487369188549755,54.7
bfa,Burkina Faso,2007,1732.62043,52.31,7.457390240913705,52.94
bfa,Burkina Faso,2008,1778.65964,52.1,7.483615348394809,52.31
bfa,Burkina Faso,2009,1778.44245,52.43,7.483493232135689,52.1
bfa,Burkina Faso,2010,1873.97146,48.5,7.535815233226688,52.43
bfa,Burkina Faso,2011,1939.8666,46.03,7.5703744868065,48.5
bfa,Burkina Faso,2012,2003.66461,43.49,7.60273308791902,46.03
bfa,Burkina Faso,2013,2057.06393,41.29,7.629034968411622,43.49
bfa,Burkina Faso,2014,2083.19845,39.51,7.641659707966355,41.29
bfa,Burkina Faso,2015,2101.70266,40.01,7.650503085674665,39.51
bfa,Burkina Faso,2016,2162.72579,36.73,7.679124644916221,40.01
bfa,Burkina Faso,2017,2232.28782,34.79,7.71078226680056,36.73
bfa,Burkina Faso,2018,2316.39432,31.39,7.747767083267814,34.79
bfa,Burkina Faso,2019,2391.53627,30.41,7.7796912292190195,31.39
bfa,Burkina Faso,2020,2380.93172,29.3,7.7752471690492095,30.41
bfa,Burkina Faso,2021,2486.43093,26.85,7.818603599767771,29.3
bfa,Burkina Faso,2022,2466.05331,26.55,7.81037430149549,26.85
bgd,Bangladesh,1960,1233.99406,46.95,7.118011390839485,
bgd,Bangladesh,1961,1247.64848,46.81,7.129015842587201,46.95
bgd,Bangladesh,1962,1249.0481,46.73,7.130137020192702,46.81
bgd,Bangladesh,1963,1330.88706,39.32,7.193600961301237,46.73
bgd,Bangladesh,1964,1315.30795,39.23,7.181826099704927,39.32
bgd,Bangladesh,1965,1328.01562,39.14,7.1914410920154,39.23
bgd,Bangladesh,1966,1325.15467,39.06,7.189284463683135,39.14
bgd,Bangladesh,1967,1252.01908,43.85,7.1325127911605355,39.06
bgd,Bangladesh,1968,1321.18493,36.54,7.186284287154277,43.85
bgd,Bangladesh,1969,1322.77936,36.45,7.187490377720105,36.54
bgd,Bangladesh,1970,1371.21622,34.08,7.223453376828395,36.45
bgd,Bangladesh,1971,1274.24863,38.62,7.1501119740773325,34.08
bgd,Bangladesh,1972,1091.25542,53.81,6.995084073922691,38.62
bgd,Bangladesh,1973,1089.93658,51.13,6.993874790044226,53.81
bgd,Bangladesh,1974,1189.03048,43.3,7.080893531349595,51.13
bgd,Bangladesh,1975,1134.77014,48.38,7.034185389581806,43.3
bgd,Bangladesh,1976,1166.83192,43.15,7.062047594492874,48.38
bgd,Bangladesh,1977,1155.93461,45.64,7.052664481888476,43.15
bgd,Bangladesh,1978,1205.4338,40.47,7.094594781140303,45.64
bgd,Bangladesh,1979,1229.43025,37.93,7.114306129668816,40.47
bgd,Bangladesh,1980,1206.12303,37.8,7.0951663870093356,37.93
bgd,Bangladesh,1981,1282.71697,38.92,7.156735740123958,37.8
bgd,Bangladesh,1982,1325.03737,38.81,7.189195941796188,38.92
bgd,Bangladesh,1983,1385.49295,37.94,7.233811275874353,38.81
bgd,Bangladesh,1984,1459.86154,36.11,7.286096874588763,37.94
bgd,Bangladesh,1985,1504.68649,33.7,7.316339843190598,36.11
bgd,Bangladesh,1986,1557.47419,33.59,7.350820679095729,33.7
bgd,Bangladesh,1987,1610.52954,36.88,7.384318310732812,33.59
bgd,Bangladesh,1988,1654.24149,40.41,7.411097868553714,36.88
bgd,Bangladesh,1989,1710.01363,42.04,7.444256620225173,40.41
bgd,Bangladesh,1990,1829.34738,42.27,7.51171455927956,42.04
bgd,Bangladesh,1991,1873.55186,42.14,7.535591298661951,42.27
bgd,Bangladesh,1992,1948.11327,40.95,7.5746166293292685,42.14
bgd,Bangladesh,1993,2016.52094,38.74,7.6091289985887895,40.95
bgd,Bangladesh,1994,2076.63758,37.32,7.6385053165947525,38.74
bgd,Bangladesh,1995,2159.53526,34.58,7.677648320121127,37.32
bgd,Bangladesh,1996,2236.20935,33.75,7.712537456904777,34.58
bgd,Bangladesh,1997,2315.05622,33.46,7.747189251322649,33.75
bgd,Bangladesh,1998,2406.18874,33.63,7.785799339010717,33.46
bgd,Bangladesh,1999,2491.55771,33.48,7.820663380206568,33.63
bgd,Bangladesh,2000,2594.17073,32.96,7.861022179981152,33.48
bgd,Bangladesh,2001,2696.53287,31.99,7.899722104578751,32.96
bgd,Bangladesh,2002,2775.91996,30.38,7.928737488357995,31.99
bgd,Bangladesh,2003,2883.41361,28.67,7.966730152488742,30.38
bgd,Bangladesh,2004,3009.80039,26.76,8.009629039929326,28.67
bgd,Bangladesh,2005,3179.34961,23.71,8.064431929698868,26.76
bgd,Bangladesh,2006,3365.82922,22.79,8.121429636684038,23.71
bgd,Bangladesh,2007,3576.82402,21.42,8.18223054039711,22.79
bgd,Bangladesh,2008,3766.29471,20.54,8.233846961598742,21.42
bgd,Bangladesh,2009,3931.6318,19.64,8.276809834969868,20.54
bgd,Bangladesh,2010,4125.4639,18.42,8.324933753051623,19.64
bgd,Bangladesh,2011,4352.42643,17.79,8.378488768570136,18.42
bgd,Bangladesh,2012,4592.04841,16.8,8.43208148019122,17.79
bgd,Bangladesh,2013,4822.72621,16.25,8.481094650885582,16.8
bgd,Bangladesh,2014,5068.63966,15.42,8.530827748946141,16.25
bgd,Bangladesh,2015,5352.71133,14.72,8.585358502169246,15.42
bgd,Bangladesh,2016,5682.53553,13.87,8.645152808236848,14.72
bgd,Bangladesh,2017,6005.70719,11.84,8.70046549444106,13.87
bgd,Bangladesh,2018,6392.59334,9.84,8.762895308544858,11.84
bgd,Bangladesh,2019,6838.32612,8.74,8.830298261369697,9.84
bgd,Bangladesh,2020,7015.19793,7.87,8.855834207391547,8.74
bgd,Bangladesh,2021,7441.06914,6.77,8.914769819115953,7.87
bgd,Bangladesh,2022,7888.16389,5.79,8.973118673196447,6.77
bgr,Bulgaria,1960,4841.60394,0.28,8.485001337374275,
bgr,Bulgaria,1961,5044.83638,0.25,8.526120500150776,0.28
bgr,Bulgaria,1962,5344.09974,0.18,8.583748378964469,0.25
bgr,Bulgaria,1963,5475.4497,0.16,8.608029688297945,0.18
bgr,Bulgaria,1964,5786.41539,0.13,8.663268275216312,0.16
bgr,Bulgaria,1965,6017.33973,0.1,8.702400535318324,0.13
bgr,Bulgaria,1966,6367.6183,0.07,8.758980785401093,0.1
bgr,Bulgaria,1967,6586.90107,0.07,8.792838269551135,0.07
bgr,Bulgaria,1968,6578.74986,0.06,8.79160001538735,0.07
bgr,Bulgaria,1969,6762.0467,0.05,8.81908088948474,0.06
bgr,Bulgaria,1970,7012.66668,0.04,8.85547331853243,0.05
bgr,Bulgaria,1971,7221.82609,0.03,8.884863120960366,0.04
bgr,Bulgaria,1972,7529.72867,0.03,8.926614286944197,0.03
bgr,Bulgaria,1973,7842.32872,0.02,8.96729109985184,0.03
bgr,Bulgaria,1974,8117.35847,0.02,9.001760068654079,0.02
bgr,Bulgaria,1975,8678.3631,0.01,9.068588206921087,0.02
bgr,Bulgaria,1995,13094.85201,1.23,9.47997445561793,0.01
bgr,Bulgaria,1996,13507.02652,0.55,9.510965311985208,1.23
bgr,Bulgaria,1998,12632.06068,0.92,9.443993359597151,0.55
bgr,Bulgaria,1999,11722.56402,1.66,9.369270812241215,0.92
bgr,Bulgaria,2000,12360.28586,4.01,9.422243858575953,1.66
bgr,Bulgaria,2001,13097.34284,2.71,9.480164651973888,4.01
bgr,Bulgaria,2002,14180.77345,1.75,9.559642343732579,2.71
bgr,Bulgaria,2003,15074.91577,1.11,9.620787434183425,1.75
bgr,Bulgaria,2004,16211.61121,0.95,9.693483005842081,1.11
bgr,Bulgaria,2005,17522.70718,0.82,9.77125287195988,0.95
bgr,Bulgaria,2006,18893.69888,5.14,9.846583752867476,0.82
bgr,Bulgaria,2007,20341.2392,0.57,9.92040559203386,5.14
bgr,Bulgaria,2008,21773.76281,1.29,9.988460983114594,0.57
bgr,Bulgaria,2009,21212.03036,1.29,9.962323769521317,1.29
bgr,Bulgaria,2010,21715.87944,2.06,9.985799043342958,1.29
bgr,Bulgaria,2011,22312.39518,2.09,10.012897640695835,2.06
bgr,Bulgaria,2012,22610.05728,1.94,10.02615009866111,2.09
bgr,Bulgaria,2013,22945.5138,2.19,10.040877719256365,1.94
bgr,Bulgaria,2014,23446.40631,1.75,10.06247251309008,2.19
bgr,Bulgaria,2015,24553.14368,3.3,10.108595177163185,1.75
bgr,Bulgaria,2016,25626.82372,2.15,10.151394883469251,3.3
bgr,Bulgaria,2017,26681.42883,1.48,10.191723052943404,2.15
bgr,Bulgaria,2018,27739.50195,1.02,10.230612739489908,1.48
bgr,Bulgaria,2019,29199.83359,1.09,10.281918289267532,1.02
bgr,Bulgaria,2020,28545.70853,0.38,10.259261889600207,1.09
bgr,Bulgaria,2021,30971.91319,0.76,10.340836046648496,0.38
bgr,Bulgaria,2022,32433.14955,0.6,10.386936312994557,0.76
bhr,Bahrain,1960,8236.43416,9.51,9.016322781668448,
bhr,Bahrain,1961,8478.74235,8.67,9.045317410004243,9.51
bhr,Bahrain,1962,8756.57756,8.4,9.077560418093695,8.67
bhr,Bahrain,1963,9082.87038,7.49,9.114145542784952,8.4
bhr,Bahrain,1964,9467.44039,6.86,9.155613863479392,7.49
bhr,Bahrain,1965,9928.5023,5.96,9.203164919883402,6.86
bhr,Bahrain,1966,10431.50013,5.18,9.252585366032182,5.96
bhr,Bahrain,1967,10978.08919,4.65,9.303656673507511,5.18
bhr,Bahrain,1968,11535.02489,3.96,9.353143328386194,4.65
bhr,Bahrain,1969,12133.74853,3.35,9.403745983876743,3.96
bhr,Bahrain,1970,12801.28629,2.6,9.457300936265035,3.35
bhr,Bahrain,1971,13253.02595,2.39,9.491981178925997,2.6
bhr,Bahrain,1972,14256.46868,1.9,9.56496602515223,2.39
bhr,Bahrain,1973,15398.74485,1.62,9.642041281833396,1.9
bhr,Bahrain,1974,16237.4703,1.59,9.695076831877875,1.62
bhr,Bahrain,1975,14168.41305,1.91,9.558770332764416,1.59
bhr,Bahrain,1976,16724.88533,1.39,9.724653028769637,1.91
bhr,Bahrain,1977,17767.33903,1.21,9.785117164859813,1.39
bhr,Bahrain,1978,17756.37263,1.21,9.784499751879249,1.21
bhr,Bahrain,1979,17468.60967,1.21,9.768160816103096,1.21
bhr,Bahrain,1980,17826.64271,1.14,9.788449398680001,1.21
bhr,Bahrain,1981,18836.7112,1.14,9.843562968136315,1.14
bhr,Bahrain,1982,20377.63053,0.98,9.922193035542502,1.14
bhr,Bahrain,1983,21942.42193,0.85,9.99617711652443,0.98
bhr,Bahrain,1984,23010.33687,0.78,10.0436988230787,0.85
bhr,Bahrain,1985,22946.268,0.85,10.040910587886454,0.78
bhr,Bahrain,1986,23153.15977,0.85,10.04988654134502,0.85
bhr,Bahrain,1987,23158.10488,0.85,10.050100101050468,0.85
bhr,Bahrain,1988,24587.29695,0.78,10.109985204401903,0.85
bhr,Bahrain,1989,25277.46286,0.78,10.137668481673604,0.78
bhr,Bahrain,1990,26751.98349,0.72,10.194363898734117,0.78
bhr,Bahrain,1991,30692.87707,0.52,10.331785889391275,0.72
bhr,Bahrain,1992,33371.12659,0.41,10.415446331738925,0.52
bhr,Bahrain,1993,37821.53853,0.31,10.540634021712895,0.41
bhr,Bahrain,1994,38554.64977,0.32,10.559831988319694,0.31
bhr,Bahrain,1995,40335.86077,0.27,10.604996197666487,0.32
bhr,Bahrain,1996,42276.17941,0.26,10.65197907189921,0.27
bhr,Bahrain,1997,43775.31912,0.27,10.686825447133192,0.26
bhr,Bahrain,1998,46023.93608,0.23,10.73691688970156,0.27
bhr,Bahrain,1999,48152.28816,0.21,10.782123937592488,0.23
bhr,Bahrain,2000,50712.61814,0.2,10.833930037115143,0.21
bhr,Bahrain,2001,51285.60742,0.21,10.845165434680341,0.2
bhr,Bahrain,2002,50570.68669,0.19,10.831127372981241,0.21
bhr,Bahrain,2003,51033.55385,0.18,10.840238614000334,0.19
bhr,Bahrain,2004,51564.13976,0.16,10.850581743977443,0.18
bhr,Bahrain,2005,51742.52452,0.16,10.854035246973366,0.16
bhr,Bahrain,2006,51544.47812,0.16,10.850200366733862,0.16
bhr,Bahrain,2007,52029.9827,0.15,10.859575421783813,0.16
bhr,Bahrain,2008,52382.05924,0.15,10.866319430767374,0.15
bhr,Bahrain,2009,50536.55832,0.16,10.830452280483314,0.15
bhr,Bahrain,2010,50704.84797,0.16,10.833776805717966,0.16
bhr,Bahrain,2011,53132.32842,0.15,10.880540843442354,0.16
bhr,Bahrain,2012,54516.84066,0.14,10.90626493585554,0.15
bhr,Bahrain,2013,55376.40051,0.13,10.92190879840459,0.14
bhr,Bahrain,2014,55065.81895,0.13,10.916284456911951,0.13
bhr,Bahrain,2015,54149.91315,0.13,10.899511648549733,0.13
bhr,Bahrain,2016,54107.07522,0.13,10.898720236690215,0.13
bhr,Bahrain,2017,53859.77496,0.13,10.89413918811698,0.13
bhr,Bahrain,2018,54893.07244,0.13,10.913142434471865,0.13
bhr,Bahrain,2019,56749.96284,0.13,10.946410280541672,0.13
bhr,Bahrain,2020,53814.24526,0.14,10.893293492885752,0.13
bhr,Bahrain,2021,54954.67579,0.13,10.914264047931418,0.14
bhr,Bahrain,2022,57572.99798,0.11,10.960808951700466,0.13
bhs,Bahamas,1960,19051.14672,1.29,9.854882574018776,
bhs,Bahamas,1961,20032.48063,1.12,9.905110266723018,1.29
bhs,Bahamas,1962,21006.5085,0.96,9.95258759725905,1.12
bhs,Bahamas,1963,22046.50143,0.77,10.000909202980198,0.96
bhs,Bahamas,1964,23171.13356,0.65,10.050662539837814,0.77
bhs,Bahamas,1965,24396.25192,0.56,10.102184789646028,0.65
bhs,Bahamas,1966,25431.12822,0.46,10.143729223141827,0.56
bhs,Bahamas,1967,26704.23956,0.4,10.19257761680206,0.46
bhs,Bahamas,1968,27825.66243,0.35,10.23371398286845,0.4
bhs,Bahamas,1969,29259.21532,0.3,10.283949856716228,0.35
bhs,Bahamas,1970,26749.43601,0.38,10.19426866836357,0.3
bhs,Bahamas,1971,26261.27993,0.4,10.17585088733922,0.38
bhs,Bahamas,1972,24571.07015,0.47,10.109325019715282,0.4
bhs,Bahamas,1973,25684.72965,0.4,10.153651917247375,0.47
bhs,Bahamas,1974,20790.46344,0.71,9.942249672089899,0.4
bhs,Bahamas,1975,17213.91559,1.13,9.753473381630533,0.71
bhs,Bahamas,1976,17581.76383,1.05,9.774617497833136,1.13
bhs,Bahamas,1977,18625.43327,0.92,9.832283305795977,1.05
bhs,Bahamas,1978,20628.64519,0.67,9.934435932071677,0.92
bhs,Bahamas,1979,25237.30203,0.36,10.13607841831098,0.67
bhs,Bahamas,1980,26066.10447,0.33,10.168391069985649,0.36
bhs,Bahamas,1981,25217.21761,0.4,10.13528227869042,0.33
bhs,Bahamas,1982,27033.67651,0.36,10.204838645929419,0.4
bhs,Bahamas,1983,28415.32718,0.33,10.25468396800595,0.36
bhs,Bahamas,1984,30178.76064,0.29,10.314893665872264,0.33
bhs,Bahamas,1985,31460.90827,0.27,10.35650104682489,0.29
bhs,Bahamas,1986,31882.04786,0.27,10.369798367352995,0.27
bhs,Bahamas,1987,32809.88034,0.25,10.398484978889673,0.27
bhs,Bahamas,1988,33555.51227,0.25,10.420956429053067,0.25
bhs,Bahamas,1989,34977.21183,0.25,10.462452037848609,0.25
bhs,Bahamas,1990,35265.52856,0.25,10.470661237761915,0.25
bhs,Bahamas,1991,33096.27048,0.29,10.407175880696684,0.25
bhs,Bahamas,1992,31146.42027,0.37,10.34645459851077,0.29
bhs,Bahamas,1993,30564.54437,0.36,10.327595935432036,0.37
bhs,Bahamas,1994,30879.69567,0.36,10.337854148844036,0.36
bhs,Bahamas,1995,31608.20591,0.34,10.36117204656001,0.36
bhs,Bahamas,1996,32337.74524,0.31,10.383990410230506,0.34
bhs,Bahamas,1997,32226.31104,0.32,10.380538510920859,0.31
bhs,Bahamas,1998,33173.61209,0.29,10.409510022304158,0.32
bhs,Bahamas,1999,34959.78396,0.25,10.461953650116511,0.29
bhs,Bahamas,2000,35809.90008,0.27,10.485979672706542,0.25
bhs,Bahamas,2001,36163.258,0.27,10.495798910004913,0.27
bhs,Bahamas,2002,36572.30382,0.24,10.507046506698131,0.27
bhs,Bahamas,2003,35540.32688,0.23,10.478423299190261,0.24
bhs,Bahamas,2004,35281.75243,0.25,10.471121180939265,0.23
bhs,Bahamas,2005,35913.06617,0.27,10.488856468426066,0.25
bhs,Bahamas,2006,36219.61497,0.25,10.49735610106616,0.27
bhs,Bahamas,2007,36111.97019,0.24,10.494379673569604,0.25
bhs,Bahamas,2008,34695.01929,0.25,10.45435141932139,0.24
bhs,Bahamas,2009,32721.33578,0.29,10.395782614455511,0.25
bhs,Bahamas,2010,32711.37709,0.29,10.39547821961568,0.29
bhs,Bahamas,2011,32535.5808,0.29,10.390089563314238,0.29
bhs,Bahamas,2012,33667.49761,0.27,10.424288188335852,0.29
bhs,Bahamas,2013,32402.83497,0.32,10.386001197026674,0.27
bhs,Bahamas,2014,32712.66137,0.29,10.395517479802924,0.32
bhs,Bahamas,2015,32777.39561,0.29,10.397494398561834,0.29
bhs,Bahamas,2016,32172.22915,0.32,10.378858910651832,0.29
bhs,Bahamas,2017,33049.8728,0.29,10.405772996558357,0.32
bhs,Bahamas,2018,33650.23692,0.29,10.423775375761313,0.29
bhs,Bahamas,2019,33202.35458,0.29,10.410376073474136,0.29
bhs,Bahamas,2020,26452.52516,0.57,10.183106901916698,0.29
bhs,Bahamas,2021,31064.68222,0.38,10.343826832926721,0.57
bhs,Bahamas,2022,34342.79041,0.32,10.44414738944955,0.38
bih,Bosnia and Herzegovina,1960,2735.14121,10.23,7.913938344236242,
bih,Bosnia and Herzegovina,1961,2739.92333,10.04,7.915685217238795,10.23
bih,Bosnia and Herzegovina,1962,2641.54288,11.58,7.879118449673446,10.04
bih,Bosnia and Herzegovina,1963,2874.4279,8.83,7.963608942125706,11.58
bih,Bosnia and Herzegovina,1964,3088.97772,6.77,8.03559548020238,8.83
bih,Bosnia and Herzegovina,1965,3124.80559,6.13,8.047127349035305,6.77
bih,Bosnia and Herzegovina,1966,3279.9514,5.47,8.095583884195245,6.13
bih,Bosnia and Herzegovina,1967,3152.23135,6.01,8.05586584612692,5.47
bih,Bosnia and Herzegovina,1968,3203.4821,5.93,8.071993653424945,6.01
bih,Bosnia and Herzegovina,1969,3381.43218,4.69,8.126054620625784,5.93
bih,Bosnia and Herzegovina,1970,3420.56189,4.16,8.13756011188329,4.69
bih,Bosnia and Herzegovina,1971,3552.37387,3.6,8.17537135476671,4.16
bih,Bosnia and Herzegovina,1972,3625.91324,3.14,8.195861463836039,3.6
bih,Bosnia and Herzegovina,1973,3672.28171,3.11,8.208568467207261,3.14
bih,Bosnia and Herzegovina,1974,3844.68805,2.42,8.254447747309017,3.11
bih,Bosnia and Herzegovina,1975,3880.13919,2.4,8.263626305685213,2.42
bih,Bosnia and Herzegovina,1976,3830.43402,2.4,8.25073339690316,2.4
bih,Bosnia and Herzegovina,1977,4037.25319,1.86,8.303319836250669,2.4
bih,Bosnia and Herzegovina,1978,4201.6264,1.64,8.343226967409377,1.86
bih,Bosnia and Herzegovina,1979,4407.05494,1.29,8.3909619312948,1.64
bih,Bosnia and Herzegovina,1980,4477.33639,1.16,8.406783592787068,1.29
bih,Bosnia and Herzegovina,1981,4518.63518,1.22,8.415965275902362,1.16
bih,Bosnia and Herzegovina,1982,4494.87566,1.19,8.41069328467663,1.22
bih,Bosnia and Herzegovina,1983,4375.67589,1.21,8.383816276002353,1.19
bih,Bosnia and Herzegovina,1984,4346.86937,1.19,8.377211179927647,1.21
bih,Bosnia and Herzegovina,1985,4294.06615,1.16,8.36498938353665,1.19
bih,Bosnia and Herzegovina,1986,4339.4595,1.09,8.375505080168297,1.16
bih,Bosnia and Herzegovina,1987,4158.10071,1.16,8.33281368890386,1.09
bih,Bosnia and Herzegovina,1988,3959.03695,1.26,8.283756080227517,1.16
bih,Bosnia and Herzegovina,1989,3917.84438,1.25,8.273296878471143,1.26
bih,Bosnia and Herzegovina,1990,3382.69127,1.84,8.126426905378967,1.25
bih,Bosnia and Herzegovina,1991,2977.26812,2.71,7.998761420782914,1.84
bih,Bosnia and Herzegovina,1992,2686.91091,5.88,7.896147452129833,2.71
bih,Bosnia and Herzegovina,1993,2578.91658,10.9,7.855124659487713,5.88
bih,Bosnia and Herzegovina,1994,2922.19843,9.85,7.9800914989713965,10.9
bih,Bosnia and Herzegovina,1995,3319.95497,6.3,8.107706498565541,9.85
bih,Bosnia and Herzegovina,1996,4911.00456,1.02,8.499233794566608,6.3
bih,Bosnia and Herzegovina,1997,6330.23353,0.61,8.753092407032748,1.02
bih,Bosnia and Herzegovina,1998,7191.2874,0.5,8.880625488928798,0.61
bih,Bosnia and Herzegovina,1999,7750.18337,0.44,8.955471782712646,0.5
bih,Bosnia and Herzegovina,2000,8042.28229,0.38,8.992468188805844,0.44
bih,Bosnia and Herzegovina,2001,8163.04151,0.37,9.007372112578693,0.38
bih,Bosnia and Herzegovina,2002,8523.8492,0.34,9.05062330183724,0.37
bih,Bosnia and Herzegovina,2003,8835.83828,0.3,9.08657126197324,0.34
bih,Bosnia and Herzegovina,2004,9435.22034,0.22,9.15220481100108,0.3
bih,Bosnia and Herzegovina,2005,9876.18345,0.17,9.197881425626694,0.22
bih,Bosnia and Herzegovina,2006,10471.38047,0.13,9.256401145220885,0.17
bih,Bosnia and Herzegovina,2007,11199.55834,0.09,9.323629622577077,0.13
bih,Bosnia and Herzegovina,2008,11988.35044,0.09,9.39169066057519,0.09
bih,Bosnia and Herzegovina,2009,11825.86114,0.1,9.378044034387266,0.09
bih,Bosnia and Herzegovina,2010,12138.82997,0.11,9.40416468187986,0.1
bih,Bosnia and Herzegovina,2011,12483.50279,0.11,9.432163274817965,0.11
bih,Bosnia and Herzegovina,2012,12622.73391,0.1,9.443254745755667,0.11
bih,Bosnia and Herzegovina,2013,13131.3559,0.1,9.482758229291871,0.1
bih,Bosnia and Herzegovina,2014,13454.3841,0.09,9.507060287308402,0.1
bih,Bosnia and Herzegovina,2015,14219.54278,0.09,9.5623725495351,0.09
bih,Bosnia and Herzegovina,2016,14873.0683,0.08,9.607307359796133,0.09
bih,Bosnia and Herzegovina,2017,15554.06001,0.08,9.652076977418977,0.08
bih,Bosnia and Herzegovina,2018,16348.13346,0.07,9.701869008340593,0.08
bih,Bosnia and Herzegovina,2019,17028.64166,0.06,9.742652008878427,0.07
bih,Bosnia and Herzegovina,2020,16746.39041,0.07,9.725938016119754,0.06
bih,Bosnia and Herzegovina,2021,18285.67112,0.06,9.813873033218655,0.07
bih,Bosnia and Herzegovina,2022,19297.07149,0.06,9.867708627110435,0.06
blr,Belarus,1960,6528.15996,12.74,8.783880400020204,
blr,Belarus,1961,6745.34332,11.29,8.81660766727237,12.74
blr,Belarus,1962,6778.85332,11.19,8.821563239787226,11.29
blr,Belarus,1963,6491.21711,12.42,8.778205328324972,11.19
blr,Belarus,1964,7246.56695,8.76,8.88828311156283,12.42
blr,Belarus,1965,7580.68489,6.82,8.933358829435928,8.76
blr,Belarus,1966,7876.99932,5.9,8.971702313376039,6.82
blr,Belarus,1967,8153.63688,5.07,9.00621934964292,5.9
blr,Belarus,1968,8563.92759,3.67,9.055314194512688,5.07
blr,Belarus,1969,8618.03246,3.61,9.06161208470385,3.67
blr,Belarus,1970,9211.70496,1.99,9.128230232637836,3.61
blr,Belarus,1971,9381.53941,1.94,9.14649914473937,1.99
blr,Belarus,1972,9359.14536,1.9,9.144109257610529,1.94
blr,Belarus,1973,10065.51858,0.9,9.216870859846473,1.9
blr,Belarus,1974,10220.91566,0.86,9.232191454656249,0.9
blr,Belarus,1975,10378.71184,0.83,9.247512048826135,0.86
blr,Belarus,1976,10538.94417,0.59,9.262832643453352,0.83
blr,Belarus,1977,10701.65025,0.56,9.278153237529896,0.59
blr,Belarus,1978,10866.86828,0.37,9.29347383188881,0.56
blr,Belarus,1979,11034.63703,0.34,9.308794425535455,0.37
blr,Belarus,1980,11204.9959,0.2,9.324115020326884,0.34
blr,Belarus,1981,11590.99722,0.13,9.35798397404746,0.2
blr,Belarus,1982,11993.30796,0.05,9.392104103214388,0.13
blr,Belarus,1983,12483.15268,0.01,9.43213522861046,0.05
blr,Belarus,1991,12882.9178,0.01,9.463657511269734,0.01
blr,Belarus,1992,11552.94871,0.07,9.35469598293365,0.01
blr,Belarus,1993,10592.44385,0.2,9.267896181566202,0.07
blr,Belarus,1994,9315.67815,0.5,9.139454082318125,0.2
blr,Belarus,1995,8319.6245,0.16,9.026372400585227,0.5
blr,Belarus,1996,8542.84929,0.11,9.052849871652217,0.16
blr,Belarus,1997,9518.13599,25.36,9.160954309244463,0.11
blr,Belarus,1998,10324.30756,21.85,9.242256351173536,25.36
blr,Belarus,1999,10683.31821,20.15,9.276438758079081,21.85
blr,Belarus,2000,11318.10471,14.37,9.334158909294237,20.15
blr,Belarus,2001,11878.88622,7.07,9.38251783599634,14.37
blr,Belarus,2002,12526.02397,4.57,9.435563676703199,7.07
blr,Belarus,2003,13472.64907,3.98,9.50841691450799,4.57
blr,Belarus,2004,15091.04364,1.59,9.621856710404177,3.98
blr,Belarus,2005,16600.19864,0.97,9.7171699405381,1.59
blr,Belarus,2006,18353.86259,0.43,9.817595326699522,0.97
blr,Belarus,2007,20011.91277,0.31,9.904083013713926,0.43
blr,Belarus,2008,22124.33048,0.15,10.004433208627303,0.31
blr,Belarus,2009,22225.93024,0.16,10.00901491507424,0.15
blr,Belarus,2010,24012.6133,0.04,10.086334525441526,0.16
blr,Belarus,2011,25404.7566,0.01,10.142691703190753,0.04
blr,Belarus,2012,25879.13194,0.02,10.161192206321234,0.01
blz,Belize,1960,2839.0328,49.45,7.951218709770092,
blz,Belize,1961,2880.13008,48.4,7.965590738776675,49.45
blz,Belize,1962,2918.24245,48.55,7.97873681336246,48.4
blz,Belize,1963,2957.99568,47.35,7.992267182823431,48.55
blz,Belize,1964,3007.2973,46.13,8.008797047406237,47.35
blz,Belize,1965,3067.0754,44.95,8.02847974809638,46.13
blz,Belize,1966,3131.5104,43.79,8.04927072305208,44.95
blz,Belize,1967,3208.2861,42.65,8.073492148301582,43.79
blz,Belize,1968,3373.384,40.28,8.123671673823397,42.65
blz,Belize,1969,3482.33214,39.23,8.155457503487229,40.28
blz,Belize,1970,3590.74741,38.22,8.186115652013893,39.23
blz,Belize,1971,3726.35175,36.19,8.223184950892534,38.22
blz,Belize,1972,3800.25162,36.34,8.242822559311783,36.19
blz,Belize,1973,3687.73858,36.49,8.21276869821616,36.34
blz,Belize,1974,3941.06241,34.56,8.279205613151827,36.49
blz,Belize,1975,3881.79087,34.7,8.264051890562213,34.56
blz,Belize,1976,3775.50265,35.89,8.236288805137022,34.7
blz,Belize,1977,3853.00324,35.0,8.256608185528997,35.89
blz,Belize,1978,4069.56931,32.99,8.31129245219842,35.0
blz,Belize,1979,4128.09175,33.13,8.325570533174089,32.99
blz,Belize,1980,4194.47613,32.08,8.341523731484605,33.13
blz,Belize,1981,4373.85104,32.79,8.383399144872623,32.08
blz,Belize,1982,4205.09366,34.42,8.344051845642946,32.79
blz,Belize,1983,4281.4602,35.5,8.362049398615497,34.42
blz,Belize,1984,4571.76087,34.92,8.427653720397238,35.5
blz,Belize,1985,4502.52315,36.69,8.4123932186249,34.92
blz,Belize,1986,4707.85461,34.01,8.45698758642499,36.69
blz,Belize,1987,5508.5153,31.43,8.614050410301905,34.01
blz,Belize,1988,6092.18613,29.47,8.714762266732818,31.43
blz,Belize,1989,7008.38161,25.37,8.854862084615425,29.47
blz,Belize,1990,7813.02511,23.01,8.963547505865892,25.37
blz,Belize,1991,8570.70392,19.17,9.056105145908326,23.01
blz,Belize,1992,9483.40524,15.96,9.157298733282929,19.17
blz,Belize,1993,9901.51575,15.53,9.20044313046375,15.96
blz,Belize,1994,9722.61941,15.13,9.182210347775001,15.53
blz,Belize,1995,9573.33828,17.43,9.166737251207008,15.13
blz,Belize,1996,9422.18769,19.89,9.150822579460645,17.43
blz,Belize,1997,9506.54304,19.79,9.159735581567993,19.89
blz,Belize,1998,9555.7435,23.49,9.164897666310653,19.79
blz,Belize,1999,10117.25754,21.13,9.221997912044783,23.49
blz,Belize,2000,11031.56911,19.16,9.308516360516004,21.13
blz,Belize,2001,11261.79789,19.54,9.329171559462798,19.16
blz,Belize,2002,11548.02347,17.97,9.35426957316732,19.54
blz,Belize,2003,12326.98025,18.18,9.419545655376147,17.97
blz,Belize,2004,12578.82112,18.28,9.439769815211486,18.18
blz,Belize,2005,12529.80251,20.0,9.435865286393197,18.28
blz,Belize,2006,12761.70199,20.45,9.454203932800057,20.0
blz,Belize,2007,12847.1043,21.23,9.460873718625571,20.45
blz,Belize,2008,12342.61143,21.93,9.420812898247014,21.23
blz,Belize,2009,11999.14883,21.49,9.392590995421093,21.93
blz,Belize,2010,11868.43824,23.52,9.381637906917026,21.49
blz,Belize,2011,11584.28516,24.54,9.357404731035219,23.52
blz,Belize,2012,11761.56391,23.71,9.372592198155042,24.54
blz,Belize,2013,12026.0711,22.86,9.394832163772291,23.71
blz,Belize,2014,12249.22142,21.88,9.413217656401986,22.86
blz,Belize,2015,12339.48074,22.5,9.420559217157484,21.88
blz,Belize,2016,12062.79817,21.9,9.397881464098214,22.5
blz,Belize,2017,11574.45245,22.84,9.356555573299904,21.9
blz,Belize,2018,11486.80294,22.89,9.348954084953421,22.84
blz,Belize,2019,11803.088,22.2,9.37611647113287,22.89
blz,Belize,2020,10032.5445,27.24,9.213589537715585,22.2
blz,Belize,2021,11677.46101,22.82,9.365415853471095,27.24
blz,Belize,2022,12569.81794,20.85,9.439053817788075,22.82
bol,Bolivia,1960,3484.55504,18.54,8.156095636420346,
bol,Bolivia,1961,3478.52627,18.73,8.154363997440973,18.54
bol,Bolivia,1962,3600.12238,17.72,8.188723118310847,18.73
bol,Bolivia,1963,3751.91808,17.29,8.230022476199057,17.72
bol,Bolivia,1964,3846.9332,16.85,8.255031538421656,17.29
bol,Bolivia,1965,3942.68871,15.94,8.279618183259206,16.85
bol,Bolivia,1966,4129.17314,15.55,8.32583245767829,15.94
bol,Bolivia,1967,4317.20377,14.71,8.37036319620199,15.55
bol,Bolivia,1968,4181.60103,15.24,8.338449473715881,14.71
bol,Bolivia,1969,4230.61978,14.86,8.350103781401865,15.24
bol,Bolivia,1970,4216.31321,14.94,8.346716378258737,14.86
bol,Bolivia,1971,4285.20884,14.57,8.362924567300492,14.94
bol,Bolivia,1972,4441.26987,14.21,8.39869562129089,14.57
bol,Bolivia,1973,4603.02419,13.46,8.434468799071736,14.21
bol,Bolivia,1974,4667.42113,13.13,8.44836197757627,13.46
bol,Bolivia,1975,4863.8057,12.81,8.489576476302066,13.13
bol,Bolivia,1976,5030.68737,12.14,8.523311907833014,12.81
bol,Bolivia,1977,5124.71969,11.85,8.541831107876657,12.14
bol,Bolivia,1978,5125.63806,11.91,8.542010295769384,11.85
bol,Bolivia,1979,4999.14097,12.33,8.517021370655897,11.91
bol,Bolivia,1980,4821.19094,12.76,8.480776259512224,12.33
bol,Bolivia,1981,4825.92635,13.8,8.48175798498274,12.76
bol,Bolivia,1982,4691.90921,15.51,8.45359485962878,13.8
bol,Bolivia,1983,4505.70826,16.37,8.413100374111425,15.51
bol,Bolivia,1984,4524.3656,16.92,8.417232647410215,16.37
bol,Bolivia,1985,4461.92617,17.33,8.403335828463833,16.92
bol,Bolivia,1986,4305.51287,18.64,8.367651543331613,17.33
bol,Bolivia,1987,4395.72069,18.42,8.38838677619829,18.64
bol,Bolivia,1988,4548.9244,18.3,8.422646088394755,18.42
bol,Bolivia,1989,4737.2744,17.74,8.46321722820404,18.3
bol,Bolivia,1990,4992.35571,17.33,8.51566316352029,17.74
bol,Bolivia,1991,5153.46557,16.72,8.547424693558051,17.33
bol,Bolivia,1992,5138.02442,16.9,8.544423930480644,16.72
bol,Bolivia,1993,5258.47946,15.35,8.567597187895593,16.9
bol,Bolivia,1994,5404.70405,15.31,8.595024973717592,15.35
bol,Bolivia,1995,5558.38215,14.88,8.623062364685843,15.31
bol,Bolivia,1996,5701.95432,15.35,8.648564258216396,14.88
bol,Bolivia,1997,5885.07522,14.13,8.68017480126095,15.35
bol,Bolivia,1998,6080.05529,17.64,8.712769068668864,14.13
bol,Bolivia,1999,6007.43338,18.94,8.700752878077642,17.64
bol,Bolivia,2000,6060.87479,21.57,8.70960942343069,18.94
bol,Bolivia,2001,6066.93577,17.42,8.710608941105312,21.57
bol,Bolivia,2002,6122.5081,18.18,8.719727111814423,17.42
bol,Bolivia,2003,6192.03689,14.67,8.731019372939155,18.18
bol,Bolivia,2004,6351.81087,9.94,8.756495227609635,14.67
bol,Bolivia,2005,6531.13931,15.2,8.78433668025241,9.94
bol,Bolivia,2006,6738.86198,12.46,8.815646343952984,15.2
bol,Bolivia,2007,6937.27474,10.19,8.84466428761762,12.46
bol,Bolivia,2008,7251.28026,8.87,8.888933319845174,10.19
bol,Bolivia,2009,7381.66073,8.97,8.906753923444114,8.87
bol,Bolivia,2010,7571.67809,7.22,8.932169998218951,8.97
bol,Bolivia,2011,7837.49319,5.56,8.966674316041278,7.22
bol,Bolivia,2012,8108.20519,6.76,9.000631814355765,5.56
bol,Bolivia,2013,8524.03213,5.47,9.050644762568513,6.76
bol,Bolivia,2014,8851.71163,4.65,9.088366123821507,5.47
bol,Bolivia,2015,9141.92841,4.88,9.120626627970632,4.65
bol,Bolivia,2016,9390.79064,5.72,9.147484768870662,4.88
bol,Bolivia,2017,9642.81396,5.25,9.173968249573058,5.72
bol,Bolivia,2018,9907.06257,3.6,9.201003172689434,5.25
bol,Bolivia,2019,9985.23049,2.21,9.20886232920893,3.6
bol,Bolivia,2020,9000.97565,3.28,9.105088255998455,2.21
bol,Bolivia,2021,9454.19815,2.18,9.154214170515809,3.28
bol,Bolivia,2022,9681.70743,2.08,9.17799355211289,2.18
bra,Brazil,1960,4108.84488,55.22,8.32089721689313,
bra,Brazil,1961,4376.99152,51.27,8.384116899788973,55.22
bra,Brazil,1962,4492.347,50.12,8.410130561316501,51.27
bra,Brazil,1963,4448.77407,51.22,8.400383847318336,50.12
bra,Brazil,1964,4460.94124,50.11,8.40311506310697,51.22
bra,Brazil,1965,4489.5453,50.04,8.409506706120448,50.11
bra,Brazil,1966,4593.31766,49.04,8.432357843702137,50.04
bra,Brazil,1967,4662.53072,47.99,8.447313652670312,49.04
bra,Brazil,1968,4986.1725,45.92,8.514423860356285,47.99
bra,Brazil,1969,5232.52248,43.85,8.56264875053644,45.92
bra,Brazil,1970,5615.26096,40.73,8.633243341604611,43.85
bra,Brazil,1971,6072.76492,37.56,8.711569286108348,40.73
bra,Brazil,1972,6608.21131,34.61,8.7960682925951,37.56
bra,Brazil,1973,7322.94843,30.69,8.898768316840451,34.61
bra,Brazil,1974,7702.77804,28.85,8.949336327190313,30.69
bra,Brazil,1975,7881.99124,28.06,8.972335846361284,28.85
bra,Brazil,1976,8455.77086,25.39,9.04260442926428,28.06
bra,Brazil,1977,8634.58898,24.55,9.063531390142742,25.39
bra,Brazil,1978,8821.45224,23.73,9.084941788508234,24.55
bra,Brazil,1979,9166.34291,22.93,9.123293675453734,23.73
bra,Brazil,1980,9746.89919,20.51,9.184704481614185,22.93
bra,Brazil,1981,9578.17634,23.49,9.167242491674816,20.51
bra,Brazil,1982,9755.22173,23.81,9.185557982681003,23.49
bra,Brazil,1983,9450.11802,29.79,9.153782509298692,23.81
bra,Brazil,1984,9964.85247,28.87,9.206819427720443,29.79
bra,Brazil,1985,10745.86362,25.09,9.282276179974286,28.87
bra,Brazil,1986,11479.33548,11.88,9.348303783180734,25.09
bra,Brazil,1987,11862.693,19.45,9.381153712543473,11.88
bra,Brazil,1988,11953.58367,21.38,9.388786401104957,19.45
bra,Brazil,1989,12467.67976,19.63,9.430894955603883,21.38
bra,Brazil,1990,11974.05883,24.15,9.390497824618375,19.63
bra,Brazil,1991,11965.06046,22.55,9.389746053401165,24.15
bra,Brazil,1992,11770.46976,22.59,9.373349111097637,22.55
bra,Brazil,1993,12216.36535,21.92,9.410531753949611,22.59
bra,Brazil,1994,12794.28506,18.1,9.456753870518476,21.92
bra,Brazil,1995,13191.52124,15.12,9.48732957188894,18.1
bra,Brazil,1996,13337.20955,15.42,9.498313118428182,15.12
bra,Brazil,1997,13639.39084,15.68,9.520717270576126,15.42
bra,Brazil,1998,13531.6709,14.22,9.512788209474797,15.68
bra,Brazil,1999,13441.32405,14.91,9.506089124849796,14.22
bra,Brazil,2000,13877.23439,13.67,9.538004962766667,14.91
bra,Brazil,2001,13920.8243,13.32,9.54114114908918,13.67
bra,Brazil,2002,14197.89149,12.05,9.560848745944405,13.32
bra,Brazil,2003,14215.68904,12.84,9.562101495650397,12.05
bra,Brazil,2004,14886.34538,11.51,9.608199654316696,12.84
bra,Brazil,2005,15212.23538,10.39,9.629855342238985,11.51
bra,Brazil,2006,15660.71617,8.66,9.658910700938433,10.39
bra,Brazil,2007,16451.32711,7.97,9.708161428319373,8.66
bra,Brazil,2008,17126.52233,6.69,9.748383554361965,7.97
bra,Brazil,2009,16948.73547,6.33,9.737948506485791,6.69
bra,Brazil,2010,18062.15811,5.77,9.801574316509559,6.33
bra,Brazil,2011,18627.81045,5.43,9.832410928508303,5.77
bra,Brazil,2012,18832.21955,4.47,9.843324487779594,5.43
bra,Brazil,2013,19241.50598,3.9,9.86482499454527,4.47
bra,Brazil,2014,19183.17274,3.28,9.861788753943838,3.9
bra,Brazil,2015,18357.06906,3.77,9.817770014176197,3.28
bra,Brazil,2016,17620.92724,4.82,9.77684252239614,3.77
bra,Brazil,2017,17724.47996,5.34,9.782702011618722,4.82
bra,Brazil,2018,17917.74921,5.29,9.79354707651978,5.34
bra,Brazil,2019,18018.62092,5.43,9.799160997712077,5.29
bra,Brazil,2020,17327.51572,2.07,9.760051021020123,5.43
bra,Brazil,2021,18075.706,5.81,9.802324105738576,2.07
bra,Brazil,2022,18554.04618,3.51,9.82844316716129,5.81
brb,Barbados,1960,6223.42374,27.1,8.736075474810884,
brb,Barbados,1961,6637.89821,23.76,8.800550657724262,27.1
brb,Barbados,1962,6896.75742,21.79,8.838806640998916,23.76
brb,Barbados,1963,6814.01287,22.77,8.826736486977566,21.79
brb,Barbados,1964,7065.26214,20.6,8.86294539846426,22.77
brb,Barbados,1965,7324.19378,19.68,8.898938363663941,20.6
brb,Barbados,1966,7625.89467,17.91,8.939304928363036,19.68
brb,Barbados,1967,8397.54333,14.78,9.035694481342144,17.91
brb,Barbados,1968,9217.74695,12.65,9.128885921178762,14.78
brb,Barbados,1969,10042.90446,10.66,9.214621640254393,12.65
brb,Barbados,1970,11006.99101,8.29,9.306285896270083,10.66
brb,Barbados,1971,11282.74794,7.7,9.331030107085665,8.29
brb,Barbados,1972,11268.80483,7.7,9.32979355260812,7.7
brb,Barbados,1973,11264.46993,7.7,9.329408797165367,7.7
brb,Barbados,1974,10599.39583,8.78,9.268552281305947,7.7
brb,Barbados,1975,10564.65312,8.78,9.265269096572196,8.78
brb,Barbados,1976,10908.41964,7.7,9.29729021407258,8.78
brb,Barbados,1977,11176.55989,7.26,9.321573997212381,7.7
brb,Barbados,1978,11596.98236,6.83,9.358500201872507,7.26
brb,Barbados,1979,12381.20001,5.65,9.423934472881921,6.83
brb,Barbados,1980,12795.28743,5.33,9.456832212585416,5.65
brb,Barbados,1981,13116.31514,5.7,9.481612164818314,5.33
brb,Barbados,1982,12820.32607,6.47,9.458787164628589,5.7
brb,Barbados,1983,13088.63834,6.47,9.479499830574929,6.47
brb,Barbados,1984,13768.07094,5.7,9.530107490405701,6.47
brb,Barbados,1985,14109.43403,5.7,9.554598932773777,5.7
brb,Barbados,1986,14935.27475,5.33,9.61148112686533,5.7
brb,Barbados,1987,15489.59304,4.98,9.64792366063196,5.33
brb,Barbados,1988,16330.64521,4.56,9.700798695900456,4.98
brb,Barbados,1989,17289.03642,4.24,9.75782784664429,4.56
brb,Barbados,1990,17083.36508,4.65,9.745860466672282,4.24
brb,Barbados,1991,16308.13475,5.33,9.699419326720802,4.65
brb,Barbados,1992,15279.617,6.08,9.634274996961341,5.33
brb,Barbados,1993,15310.62552,6.08,9.636302344773345,6.08
brb,Barbados,1994,15542.83966,5.7,9.651355339531857,6.08
brb,Barbados,1995,15794.43109,5.7,9.667412694227268,5.7
brb,Barbados,1996,16372.40823,5.33,9.703352771945946,5.7
brb,Barbados,1997,17105.08605,4.65,9.747131128091832,5.33
brb,Barbados,1998,17710.66769,4.24,9.781922431364904,4.65
brb,Barbados,1999,17743.62418,4.24,9.783781529248623,4.24
brb,Barbados,2000,18548.02361,3.94,9.828118518424063,4.24
brb,Barbados,2001,18080.68091,4.24,9.802599294188338,3.94
brb,Barbados,2002,18119.64226,3.94,9.804751836576472,4.24
brb,Barbados,2003,18418.65422,3.94,9.821119246336753,3.94
brb,Barbados,2004,18595.68699,3.65,9.83068495055438,3.94
brb,Barbados,2005,19260.31628,3.38,9.865802106816453,3.65
brb,Barbados,2006,20363.39007,2.87,9.921493963188878,3.38
brb,Barbados,2007,20728.77509,2.59,9.939278114923765,2.87
brb,Barbados,2008,20801.28824,2.59,9.942770198386924,2.59
brb,Barbados,2009,19713.49606,3.12,9.889058759354272,2.59
brb,Barbados,2010,19253.40887,3.38,9.865443408194226,3.12
brb,Barbados,2011,19050.56737,3.38,9.854852163313437,3.38
brb,Barbados,2012,18936.08881,3.65,9.848824841191272,3.38
brb,Barbados,2013,18695.68329,3.65,9.836047936088047,3.65
brb,Barbados,2014,18665.17698,3.65,9.834414873221759,3.65
brb,Barbados,2015,18464.66309,3.38,9.823614081249639,3.65
brb,Barbados,2016,18754.66514,3.38,9.83919780791778,3.38
brb,Barbados,2017,18740.34883,3.38,9.838434169813407,3.38
brb,Barbados,2018,18484.69764,3.38,9.8246985141907,3.38
brb,Barbados,2019,18572.50954,3.38,9.829437784688503,3.38
brb,Barbados,2020,15749.03802,4.98,9.664534564293199,3.38
brb,Barbados,2021,15683.88471,4.98,9.660389012581838,4.98
brb,Barbados,2022,18469.57659,3.65,9.823880148729115,4.98
brn,Brunei,1973,129558.5337,0.01,11.771888055684945,
brn,Brunei,1974,137963.1405,0.01,11.834741830636277,0.01
brn,Brunei,1975,132420.06,0.01,11.793734421582496,0.01
brn,Brunei,1976,152425.3201,0.01,11.934430050823016,0.01
brn,Brunei,1977,162217.3119,0.01,11.996692146780592,0.01
brn,Brunei,1978,166516.5615,0.01,12.022850051924443,0.01
brn,Brunei,1980,176249.2016,0.01,12.079654190735177,0.01
brn,Brunei,1981,136538.396,0.01,11.824361143430002,0.01
brn,Brunei,1982,137338.3939,0.01,11.830203187771062,0.01
brn,Brunei,1983,133695.8215,0.02,11.80332250979687,0.01
brn,Brunei,1984,130335.3444,0.02,11.777865980359378,0.02
brn,Brunei,1985,124411.9412,0.01,11.731353445034134,0.02
btn,Bhutan,1960,1152.00888,71.81,7.049262549559461,
btn,Bhutan,1961,1163.28208,70.64,7.059000668251222,71.81
btn,Bhutan,1962,1176.81758,70.63,7.0705691079927755,70.64
btn,Bhutan,1963,1190.19389,69.44,7.081871505606582,70.63
btn,Bhutan,1964,1203.41223,68.24,7.092916325606473,69.44
btn,Bhutan,1965,1216.47382,68.24,7.103711641235734,68.24
btn,Bhutan,1966,1230.55631,67.02,7.11522163066948,68.24
btn,Bhutan,1967,1243.30231,67.02,7.125526271915824,67.02
btn,Bhutan,1968,1257.06022,65.79,7.136531115159496,67.02
btn,Bhutan,1969,1270.65488,64.55,7.147287700092342,65.79
btn,Bhutan,1970,1284.08755,64.54,7.1578036672836465,64.55
btn,Bhutan,1971,1269.62742,64.53,7.146478766332477,64.54
btn,Bhutan,1972,1237.09592,65.76,7.120521911827619,64.53
btn,Bhutan,1973,1209.32881,65.76,7.097820782207111,65.76
btn,Bhutan,1974,1225.64423,65.75,7.11122188678163,65.76
btn,Bhutan,1975,1141.62022,68.18,7.040203777988953,65.75
btn,Bhutan,1976,1197.97296,65.73,7.088386207469081,68.18
btn,Bhutan,1977,1244.44752,64.48,7.1264469513724835,65.73
btn,Bhutan,1978,1285.10137,61.93,7.158592881377425,64.48
btn,Bhutan,1979,1299.17653,61.92,7.169485904281186,61.93
btn,Bhutan,1980,1317.8373,60.32,7.183747262829489,61.92
btn,Bhutan,1981,1516.94353,55.43,7.324452753869911,60.32
btn,Bhutan,1982,1616.01333,56.13,7.387717487809396,55.43
btn,Bhutan,1983,1736.11173,53.43,7.459403253748319,56.13
btn,Bhutan,1984,1851.55437,52.45,7.523780765301935,53.43
btn,Bhutan,1985,1923.3068,52.26,7.561801275244942,52.45
btn,Bhutan,1986,2076.48277,48.63,7.6384307654202015,52.26
btn,Bhutan,1987,2521.06454,39.45,7.8324365278122245,48.63
btn,Bhutan,1988,2800.00358,39.16,7.937375974733906,39.45
btn,Bhutan,1989,2991.49933,38.32,8.003529988862152,39.16
btn,Bhutan,1990,3332.64105,34.55,8.111520376738557,38.32
btn,Bhutan,1991,3273.82793,35.5,8.093715200044135,34.55
btn,Bhutan,1992,3524.84225,32.07,8.167590962471929,35.5
btn,Bhutan,1993,3716.5367,29.42,8.220547518998874,32.07
btn,Bhutan,1994,3910.88684,26.77,8.271519440560397,29.42
btn,Bhutan,1995,4230.69741,26.1,8.3501221307908,26.77
btn,Bhutan,1996,4459.91048,24.29,8.40288397306379,26.1
btn,Bhutan,1997,4626.78748,22.38,8.439618057443694,24.29
btn,Bhutan,1998,4817.11801,21.57,8.479931104980746,22.38
btn,Bhutan,1999,5096.58673,20.43,8.536326326024742,21.57
btn,Bhutan,2000,5180.90553,20.08,8.552735132716874,20.43
btn,Bhutan,2001,5451.89782,17.33,8.603719050894647,20.08
btn,Bhutan,2002,5904.19659,14.98,8.683418663490178,17.33
btn,Bhutan,2003,6243.53003,14.08,8.739301011345827,14.98
btn,Bhutan,2004,6452.59428,12.72,8.772237542876958,14.08
btn,Bhutan,2005,6795.21887,11.26,8.823974536515358,12.72
btn,Bhutan,2006,7099.1339,9.39,8.867728069673026,11.26
btn,Bhutan,2007,8164.68035,6.41,9.007572855832352,9.39
btn,Bhutan,2008,8449.9188,5.63,9.041912110837593,6.41
btn,Bhutan,2009,9007.33496,4.44,9.105794519945368,5.63
btn,Bhutan,2010,9985.28456,2.93,9.208867744191956,4.44
btn,Bhutan,2011,10714.68657,2.25,9.279370655963278,2.93
btn,Bhutan,2012,11143.94454,1.94,9.318651538778198,2.25
btn,Bhutan,2013,11212.47943,1.91,9.324782671805725,1.94
btn,Bhutan,2014,11744.51891,1.75,9.371141934993966,1.91
btn,Bhutan,2015,12400.29832,1.64,9.425475809368253,1.75
btn,Bhutan,2016,13320.9759,1.43,9.49709520717634,1.64
btn,Bhutan,2017,13482.34253,1.33,9.509136147558529,1.43
btn,Bhutan,2018,13854.8544,0.27,9.536390948400287,1.33
btn,Bhutan,2019,14555.1884,0.65,9.585702800101448,0.27
btn,Bhutan,2020,12979.93695,0.64,9.471160132773248,0.65
btn,Bhutan,2021,13458.81267,0.41,9.50738938756935,0.64
bwa,Botswana,1960,750.5201,94.35,6.620766432860118,
bwa,Botswana,1961,774.03764,94.08,6.651620502898259,94.35
bwa,Botswana,1962,795.08488,93.51,6.678448876250707,94.08
bwa,Botswana,1963,810.58988,93.51,6.697762229536951,93.51
bwa,Botswana,1964,834.33157,92.89,6.726630889297588,93.51
bwa,Botswana,1965,823.88734,92.89,6.714033797261019,92.89
bwa,Botswana,1966,884.50748,92.21,6.785030970319311,92.89
bwa,Botswana,1967,990.07246,90.25,6.89777813236943,92.21
bwa,Botswana,1968,1092.13164,88.89,6.995886698489898,90.25
bwa,Botswana,1969,1134.65455,87.89,7.034083522354742,88.89
bwa,Botswana,1970,1233.99617,86.26,7.118013100732802,87.89
bwa,Botswana,1971,1512.36702,81.1,7.321431265378592,86.26
bwa,Botswana,1972,1851.42893,75.66,7.523713014523773,81.1
bwa,Botswana,1973,2167.53262,70.23,7.681344758137762,75.66
bwa,Botswana,1974,2268.85457,68.28,7.727030388411038,70.23
bwa,Botswana,1975,2360.56032,66.27,7.766654293567917,68.28
bwa,Botswana,1976,2501.72314,64.21,7.824735029428468,66.27
bwa,Botswana,1977,2646.4929,62.11,7.880990608505855,64.21
bwa,Botswana,1978,2830.4112,58.87,7.948177280435567,62.11
bwa,Botswana,1979,3104.16856,55.57,8.040501183952404,58.87
bwa,Botswana,1980,3353.44219,52.2,8.117742616685375,55.57
bwa,Botswana,1981,3782.57297,49.42,8.238159736950326,52.2
bwa,Botswana,1982,4276.49412,47.27,8.360888822063735,49.42
bwa,Botswana,1983,4717.3867,44.74,8.459010259996159,47.27
bwa,Botswana,1984,5102.78143,43.42,8.537541048479023,44.74
bwa,Botswana,1985,5465.33451,42.47,8.60618060825251,43.42
bwa,Botswana,1986,5813.57729,41.43,8.66795137293729,42.47
bwa,Botswana,1987,6466.24977,39.48,8.774351585748422,41.43
bwa,Botswana,1988,7713.86317,35.17,8.950774400731675,39.48
bwa,Botswana,1989,8687.46914,33.0,9.069636937636522,35.17
bwa,Botswana,1990,9377.62142,32.59,9.146081429886081,33.0
bwa,Botswana,1991,9915.06233,32.1,9.201810327368833,32.59
bwa,Botswana,1992,10027.58978,33.59,9.213095550982336,32.1
bwa,Botswana,1993,10028.72605,34.18,9.2132088589309,33.59
bwa,Botswana,1994,10202.94949,34.06,9.230432123158298,34.18
bwa,Botswana,1995,10730.52132,28.06,9.280847419719448,34.06
bwa,Botswana,1996,11172.17407,24.83,9.321181507860263,28.06
bwa,Botswana,1997,11911.13165,28.53,9.385228674628147,24.83
bwa,Botswana,1998,11792.3164,28.35,9.375203445819492,28.53
bwa,Botswana,1999,12743.23315,28.84,9.452755676364452,28.35
bwa,Botswana,2000,12805.35493,29.24,9.457618716328362,28.84
bwa,Botswana,2001,12650.07463,31.94,9.445418393743006,29.24
bwa,Botswana,2002,13235.91825,29.59,9.490689492685167,31.94
bwa,Botswana,2003,13667.95523,29.38,9.522809337695724,29.59
bwa,Botswana,2004,13847.1077,28.14,9.535831659482486,29.38
bwa,Botswana,2005,14266.72898,26.13,9.565685460649249,28.14
bwa,Botswana,2006,15214.66543,23.59,9.630015072605238,26.13
bwa,Botswana,2007,15834.79471,21.41,9.669964994569158,23.59
bwa,Botswana,2008,16054.36712,19.71,9.683736186251162,21.41
bwa,Botswana,2009,13514.87906,18.69,9.511546510094853,19.71
bwa,Botswana,2010,14545.01981,17.78,9.585003932908437,18.69
bwa,Botswana,2011,15236.71888,17.71,9.631463509473074,17.78
bwa,Botswana,2012,14957.61891,16.58,9.612976075090518,17.71
bwa,Botswana,2013,16369.42529,15.95,9.703170562235153,16.58
bwa,Botswana,2014,17052.1924,16.28,9.74403406095539,15.95
bwa,Botswana,2015,15994.9643,15.53,9.680029220433644,16.28
bwa,Botswana,2016,16905.58874,15.24,9.735399540918289,15.53
bwa,Botswana,2017,17352.89584,15.84,9.761514678652158,15.24
bwa,Botswana,2018,17825.01857,15.31,9.788358287077186,15.84
bwa,Botswana,2019,18106.01054,14.7,9.803999236162687,15.31
bwa,Botswana,2020,16289.39136,14.44,9.69826933809882,14.7
bwa,Botswana,2021,17960.62544,15.11,9.7959371653033,14.44
bwa,Botswana,2022,18647.37346,13.34,9.833460581910062,15.11
caf,Central African Republic,1960,1764.90321,66.3,7.475851129336798,
caf,Central African Republic,1961,1788.4534,66.28,7.489106503005978,66.3
caf,Central African Republic,1962,1680.81358,68.13,7.427033228984111,66.28
caf,Central African Republic,1963,1632.21285,69.02,7.397691949813857,68.13
caf,Central African Republic,1964,1612.44856,69.01,7.385509147385894,69.02
caf,Central African Republic,1965,1576.47412,69.89,7.36294606273873,69.01
caf,Central African Republic,1966,1520.84212,70.75,7.327019486740194,69.89
caf,Central African Republic,1967,1524.36454,69.86,7.329332907118024,70.75
caf,Central African Republic,1968,1504.786,70.72,7.316405974381607,69.86
caf,Central African Republic,1969,1555.00956,68.95,7.349236972504404,70.72
caf,Central African Republic,1970,1557.26076,68.93,7.350683633726694,68.95
caf,Central African Republic,1971,1466.41435,70.68,7.290575482347772,68.93
caf,Central African Republic,1972,1398.80672,72.36,7.243374809295497,70.68
caf,Central African Republic,1973,1425.78374,71.5,7.2624769344945,72.36
caf,Central African Republic,1974,1347.02835,73.15,7.205656222959485,71.5
caf,Central African Republic,1975,1331.36255,73.13,7.193958170484981,73.15
caf,Central African Republic,1976,1347.72879,72.3,7.2061760768679335,73.13
caf,Central African Republic,1977,1411.52631,70.59,7.252426887264778,72.3
caf,Central African Republic,1978,1383.39935,71.43,7.2322990463095,70.59
caf,Central African Republic,1979,1303.86805,73.07,7.173090548716375,71.43
caf,Central African Republic,1980,1203.29169,75.25,7.092816155411794,73.07
caf,Central African Republic,1981,1321.7318,74.08,7.186698125397152,75.25
caf,Central African Republic,1982,1309.24418,72.91,7.1772052878566095,74.08
caf,Central African Republic,1983,1222.12465,74.73,7.108346139439377,72.91
caf,Central African Republic,1984,1318.53739,73.13,7.184278363373817,74.73
caf,Central African Republic,1985,1349.84774,72.47,7.207747079886563,73.13
caf,Central African Republic,1986,1401.88552,72.11,7.2455734094817155,72.47
caf,Central African Republic,1987,1368.49347,73.32,7.2214657568215594,72.11
caf,Central African Republic,1988,1397.78323,73.3,7.242642853546535,73.32
caf,Central African Republic,1989,1445.80368,73.38,7.276420625866596,73.3
caf,Central African Republic,1990,1447.41467,74.55,7.2775342577958915,73.38
caf,Central African Republic,1991,1404.6979,75.25,7.2475775408546115,74.55
caf,Central African Republic,1992,1292.78726,76.87,7.164555833139066,75.25
caf,Central African Republic,1993,1254.9389,76.87,7.134842165121754,76.87
caf,Central African Republic,1994,1277.18117,77.78,7.152410717543721,76.87
caf,Central African Republic,1995,1328.33636,73.42,7.191682581098152,77.78
caf,Central African Republic,1996,1234.73884,73.65,7.118614761113033,73.42
caf,Central African Republic,1997,1268.30531,72.06,7.145436886771234,73.65
caf,Central African Republic,1998,1293.54911,70.44,7.165144967662226,72.06
caf,Central African Republic,1999,1309.98937,69.15,7.177774301658458,70.44
caf,Central African Republic,2000,1251.66767,69.33,7.132232077127673,69.15
caf,Central African Republic,2001,1272.83459,67.82,7.149001652958519,69.33
caf,Central African Republic,2002,1284.59771,66.36,7.158200882166024,67.82
caf,Central African Republic,2003,1185.51422,67.44,7.0779319003723655,66.36
caf,Central African Republic,2004,1227.64332,65.54,7.112851610490508,67.44
caf,Central African Republic,2005,1214.27096,65.05,7.10189914276104,65.54
caf,Central African Republic,2006,1247.43849,63.35,7.128847519796836,65.05
caf,Central African Republic,2007,1280.71356,61.64,7.155172670335683,63.35
caf,Central African Republic,2008,1280.95449,60.82,7.155360774333554,61.64
caf,Central African Republic,2009,1399.56732,58.42,7.243918410692491,60.82
caf,Central African Republic,2010,1479.41368,57.65,7.299401126103038,58.42
caf,Central African Republic,2011,1517.14839,56.9,7.324587792626622,57.65
caf,Central African Republic,2012,1577.98053,55.55,7.363901162926659,56.9
caf,Central African Republic,2013,996.89636,68.65,6.904646812702903,55.55
caf,Central African Republic,2014,1001.85598,68.52,6.909609538779369,68.65
caf,Central African Republic,2015,1043.92172,67.33,6.950739784788468,68.52
caf,Central African Republic,2016,1073.94478,66.37,6.979093858476981,67.33
caf,Central African Republic,2017,1103.86609,67.74,7.006573924190317,66.37
caf,Central African Republic,2018,1125.70092,65.49,7.026161160629679,67.74
caf,Central African Republic,2019,1145.09564,65.02,7.043243440884318,65.49
caf,Central African Republic,2020,1136.57053,65.04,7.035770700319946,65.02
caf,Central African Republic,2021,1128.55238,65.7,7.028691010776344,65.04
caf,Central African Republic,2022,1136.80171,65.81,7.035974081004138,65.7
can,Canada,1960,16868.0057,0.69,9.733173952784345,
can,Canada,1961,16932.30603,0.67,9.73697867553843,0.69
can,Canada,1962,17687.87322,0.63,9.780634554940361,0.67
can,Canada,1963,18153.54611,0.58,9.80662119857064,0.63
can,Canada,1964,18881.46513,0.57,9.845936038913171,0.58
can,Canada,1965,19669.17274,0.53,9.886807853559185,0.57
can,Canada,1966,20479.94406,0.5,9.9272013477044,0.53
can,Canada,1967,20596.96626,0.51,9.932899075000499,0.5
can,Canada,1968,21237.07724,0.49,9.963503859484232,0.51
can,Canada,1969,21930.93115,0.47,9.995653300610849,0.49
can,Canada,1970,22080.97828,0.47,10.002471805568963,0.47
can,Canada,1971,22714.38242,0.46,10.030753589622268,0.47
can,Canada,1972,23490.03126,0.43,10.064331408431128,0.46
can,Canada,1973,24662.42755,0.41,10.113036212668167,0.43
can,Canada,1974,25076.34936,0.4,10.129680424343388,0.41
can,Canada,1975,25045.71822,0.4,10.128458162561609,0.4
can,Canada,1976,25982.84273,0.39,10.16519170417708,0.4
can,Canada,1977,26403.56742,0.38,10.181254409550688,0.39
can,Canada,1978,26978.13298,0.37,10.202781927219048,0.38
can,Canada,1979,27586.84234,0.36,10.225094211223293,0.37
can,Canada,1980,27604.60684,0.37,10.225737952269322,0.36
can,Canada,1981,29536.39993,0.36,10.293378677636152,0.37
can,Canada,1982,29187.24591,0.65,10.281487108934389,0.36
can,Canada,1983,30282.24445,0.69,10.318316827988017,0.65
can,Canada,1984,32370.08924,0.74,10.384990103790138,0.69
can,Canada,1985,34269.62462,0.62,10.442014661204928,0.74
can,Canada,1986,35099.24237,0.23,10.465934824320716,0.62
can,Canada,1987,36599.37303,0.02,10.507786388914862,0.23
can,Canada,1988,38619.4269,0.11,10.56151071641098,0.02
can,Canada,1989,39872.3923,0.19,10.593439441083474,0.11
can,Canada,1990,40388.54831,0.09,10.606301566094254,0.19
can,Canada,1991,39082.65512,0.18,10.573434044483454,0.09
can,Canada,1992,38995.66778,0.23,10.571205836377557,0.18
can,Canada,1993,39618.65062,0.14,10.587055261621064,0.23
can,Canada,1994,40976.69364,0.06,10.62075873625386,0.14
can,Canada,1995,41665.45111,0.21,10.637427553830777,0.06
can,Canada,1996,41942.68596,0.29,10.644059345323706,0.21
can,Canada,1997,43322.85132,0.3,10.676435518893488,0.29
can,Canada,1998,44649.83236,0.41,10.706605831762323,0.3
can,Canada,1999,46579.77942,0.39,10.748921807918318,0.41
can,Canada,2000,48531.94581,0.28,10.789977536588268,0.39
can,Canada,2001,48907.58879,0.23,10.797687853401793,0.28
can,Canada,2002,49832.67542,0.18,10.81642618078337,0.23
can,Canada,2003,50273.67479,0.22,10.825236855069175,0.18
can,Canada,2004,51339.96742,0.19,10.84622481983202,0.22
can,Canada,2005,52476.82097,0.26,10.868126845754206,0.19
can,Canada,2006,53301.87205,0.22,10.883726732426448,0.26
can,Canada,2007,53848.94902,0.1,10.893938165588137,0.22
can,Canada,2008,53774.36923,0.2,10.892552224267043,0.1
can,Canada,2009,51584.35178,0.18,10.850973645399499,0.2
can,Canada,2010,52558.44081,0.18,10.869680987764141,0.18
can,Canada,2011,53681.12967,0.22,10.89081681594723,0.18
can,Canada,2012,54034.80348,0.2,10.897383626828644,0.22
can,Canada,2013,54712.17842,0.38,10.909841603848795,0.2
can,Canada,2014,55723.48354,0.27,10.928156944604284,0.38
can,Canada,2015,55660.86753,0.33,10.927032621196291,0.27
can,Canada,2016,55606.15492,0.31,10.926049174111881,0.33
can,Canada,2017,56612.32854,0.23,10.943982059200135,0.31
can,Canada,2018,57337.49091,0.23,10.956709980370425,0.23
can,Canada,2019,57583.8458,0.24,10.960997352488052,0.23
can,Canada,2020,54092.87903,0.26,10.898457830108256,0.24
can,Canada,2021,56995.11768,0.25,10.950720888411269,0.26
can,Canada,2022,58321.06118,0.24,10.973718562333184,0.25
che,Switzerland,1960,22437.85557,0.15,10.018504792235989,
che,Switzerland,1961,23729.41233,0.14,10.074470584268541,0.15
che,Switzerland,1962,24361.38424,0.13,10.100754544511528,0.14
che,Switzerland,1963,25193.80561,0.12,10.134353434156516,0.13
che,Switzerland,1964,26202.20195,0.11,10.173598730110827,0.12
che,Switzerland,1965,26966.91019,0.1,10.202365844869218,0.11
che,Switzerland,1966,27505.21895,0.1,10.222131045648716,0.1
che,Switzerland,1967,28160.11997,0.09,10.245662070561199,0.1
che,Switzerland,1968,28982.45515,0.09,10.274445931057807,0.09
che,Switzerland,1969,30235.27498,0.08,10.316764567423688,0.09
che,Switzerland,1970,31863.78266,0.07,10.369225303974547,0.08
che,Switzerland,1971,33094.98545,0.06,10.407137052909476,0.07
che,Switzerland,1972,34109.4135,0.06,10.437328680893714,0.06
che,Switzerland,1973,34959.16754,0.05,10.46193601770107,0.06
che,Switzerland,1974,34933.3035,0.05,10.461195908192972,0.05
che,Switzerland,1975,32786.98397,0.06,10.397786885431374,0.05
che,Switzerland,1976,32739.05952,0.06,10.396324124794758,0.06
che,Switzerland,1977,33613.64171,0.06,10.422687266828078,0.06
che,Switzerland,1978,34174.25912,0.05,10.439227982352037,0.06
che,Switzerland,1979,34953.90317,0.05,10.461785420110191,0.05
che,Switzerland,1980,36295.72045,0.04,10.499455119363512,0.05
che,Switzerland,1981,38702.86229,0.05,10.563668837264807,0.04
che,Switzerland,1982,39657.68726,0.04,10.588040086203002,0.05
che,Switzerland,1983,40875.88287,0.12,10.618295507232348,0.04
che,Switzerland,1984,42783.61018,0.19,10.663910368510123,0.12
che,Switzerland,1985,45297.56304,0.25,10.721008513997576,0.19
che,Switzerland,1986,47219.87737,0.3,10.762570213643333,0.25
che,Switzerland,1987,48925.01332,0.49,10.79804406451769,0.3
che,Switzerland,1988,51498.8352,0.51,10.849314468920321,0.49
che,Switzerland,1989,54837.71535,0.24,10.912133472523973,0.51
che,Switzerland,1990,58149.84624,0.18,10.97077851374727,0.24
che,Switzerland,1991,57458.04466,0.12,10.958810302368462,0.18
che,Switzerland,1992,57328.27953,0.06,10.956549315509683,0.12
che,Switzerland,1993,57232.46487,0.07,10.954876584019628,0.06
che,Switzerland,1994,57970.654,0.44,10.96769219596757,0.07
che,Switzerland,1995,58305.71879,0.38,10.973455459980665,0.44
che,Switzerland,1996,58754.76715,0.32,10.981127571693216,0.38
che,Switzerland,1997,60341.2315,0.25,11.007770921851817,0.32
che,Switzerland,1998,62354.18708,0.17,11.040586103304104,0.25
che,Switzerland,1999,63439.414,0.11,11.057840619191667,0.17
che,Switzerland,2000,65911.90228,0.04,11.096074315411489,0.11
che,Switzerland,2001,66819.6546,0.03,11.109752546786343,0.04
che,Switzerland,2003,66274.24755,0.03,11.101556677641248,0.03
che,Switzerland,2004,67806.4892,0.04,11.124413180262945,0.03
che,Switzerland,2005,69407.28865,0.05,11.1477471647555,0.04
che,Switzerland,2006,71913.81445,0.06,11.18322365946791,0.05
che,Switzerland,2007,74172.04891,0.04,11.214142658860311,0.06
che,Switzerland,2008,75340.96646,0.08,11.229779309143579,0.04
che,Switzerland,2009,72723.57395,0.04,11.194420874370872,0.08
che,Switzerland,2010,74290.26196,0.05,11.215735158320816,0.04
che,Switzerland,2011,74800.88864,0.01,11.222585044105903,0.05
che,Switzerland,2012,74883.61589,0.01,11.223690399114865,0.01
che,Switzerland,2013,75354.15505,0.02,11.229954345865425,0.01
che,Switzerland,2014,76189.60184,0.01,11.240980273570738,0.02
che,Switzerland,2015,76566.07725,0.02,11.245909401894991,0.01
che,Switzerland,2016,77301.21243,0.03,11.25546491918731,0.02
che,Switzerland,2017,77626.90274,0.01,11.259669330883836,0.03
che,Switzerland,2018,79261.35636,0.03,11.280505979391343,0.01
che,Switzerland,2019,79596.70295,0.01,11.284727950748502,0.03
che,Switzerland,2020,77324.88709,0.04,11.255771137351752,0.01
che,Switzerland,2021,81001.41112,0.04,11.302221854737397,0.04
che,Switzerland,2022,82777.29358,0.04,11.323909070639242,0.04
chl,Chile,1960,7537.58237,20.72,8.927656769002265,
chl,Chile,1961,7629.27358,19.86,8.939747913979435,20.72
chl,Chile,1962,7721.04841,19.9,8.951705438202383,19.86
chl,Chile,1963,7941.58421,19.02,8.979868057009206,19.9
chl,Chile,1964,7859.3653,19.08,8.969461131526613,19.02
chl,Chile,1965,7677.37097,19.11,8.946032445921716,19.08
chl,Chile,1966,8280.55974,16.49,9.021665846543705,19.11
chl,Chile,1967,8300.72866,16.54,9.024098580292787,16.49
chl,Chile,1968,8351.13032,16.57,9.030152176348196,16.54
chl,Chile,1969,8419.5652,15.77,9.038313466948166,16.57
chl,Chile,1970,8360.09347,15.81,9.031224886638254,15.77
chl,Chile,1971,8875.37411,14.25,9.091035766694631,15.81
chl,Chile,1972,8546.46454,15.09,9.053272972320846,14.25
chl,Chile,1973,7868.56528,17.67,8.970631022378113,15.09
chl,Chile,1974,7748.38677,17.72,8.955239941969683,17.67
chl,Chile,1975,6581.96506,23.48,8.7920886210723,17.72
chl,Chile,1976,6653.00199,22.53,8.802823458855025,23.48
chl,Chile,1977,7137.38337,19.68,8.873101513375417,22.53
chl,Chile,1978,7543.62274,17.9,8.928457815109514,19.68
chl,Chile,1979,7979.86207,16.21,8.984676405833323,17.9
chl,Chile,1980,8417.02994,14.66,9.038012306292098,16.21
chl,Chile,1981,9188.79817,13.55,9.125740430954519,14.66
chl,Chile,1982,8037.16469,17.59,8.99183164947969,13.55
chl,Chile,1983,7817.95385,19.49,8.964178143291221,17.59
chl,Chile,1984,8280.77272,18.55,9.02169156669642,19.49
chl,Chile,1985,8433.43664,17.84,9.039959635774846,18.55
chl,Chile,1986,8818.05511,16.8,9.084556615614842,17.84
chl,Chile,1987,9342.97866,15.28,9.142380394727413,16.8
chl,Chile,1988,10044.52954,13.52,9.214783440910818,15.28
chl,Chile,1989,11176.20927,11.36,9.321542625707801,13.52
chl,Chile,1990,11657.76447,10.92,9.36372771510753,11.36
chl,Chile,1991,12295.5406,9.17,9.416991922776807,10.92
chl,Chile,1992,13444.56199,7.05,9.506329990262289,9.17
chl,Chile,1993,14060.3747,6.96,9.551115815080673,7.05
chl,Chile,1994,14501.62343,6.9,9.582015882831191,6.96
chl,Chile,1995,15580.62376,6.22,9.653783354566839,6.9
chl,Chile,1996,16394.76026,5.34,9.704717066420997,6.22
chl,Chile,1997,17277.31579,5.25,9.757149694065273,5.34
chl,Chile,1998,17670.68405,5.09,9.779662277071507,5.25
chl,Chile,1999,17326.0901,5.96,9.759968742713605,5.09
chl,Chile,2000,17899.00288,5.8,9.79250028524933,5.96
chl,Chile,2001,18203.3168,5.76,9.809359098219117,5.8
chl,Chile,2002,18507.13745,5.7,9.825911744769712,5.76
chl,Chile,2003,19112.96786,5.14,9.8581223292052,5.7
chl,Chile,2004,20129.54922,3.99,9.909944124940477,5.14
chl,Chile,2005,21053.24367,3.27,9.954809920826028,3.99
chl,Chile,2006,22076.29454,2.29,10.002259666561345,3.27
chl,Chile,2007,22953.69623,1.92,10.041234258294024,2.29
chl,Chile,2008,23554.10232,1.83,10.067055280452514,1.92
chl,Chile,2009,23031.25128,1.86,10.044607323948409,1.83
chl,Chile,2010,24116.76947,1.45,10.090662706132953,1.86
chl,Chile,2011,25366.26902,1.1,10.141175579106104,1.45
chl,Chile,2012,26670.49713,0.73,10.19131325704733,1.1
chl,Chile,2013,27291.35765,0.55,10.214325361457249,0.73
chl,Chile,2014,27505.04955,0.51,10.222124886798573,0.55
chl,Chile,2015,27811.37452,0.47,10.233200371393169,0.51
chl,Chile,2016,27958.7285,0.42,10.238484719634155,0.47
chl,Chile,2017,27892.99469,0.39,10.236130849902066,0.42
chl,Chile,2018,28492.66115,0.5,10.257401829588249,0.39
chl,Chile,2019,28218.53439,0.67,10.247734288905754,0.5
chl,Chile,2020,26248.56164,0.92,10.17536647185182,0.67
chl,Chile,2021,29089.85046,0.62,10.278144610877892,0.92
chl,Chile,2022,29569.47755,0.43,10.294497944445595,0.62
chn,China,1960,913.00394,96.38,6.816740196029249,
chn,China,1961,735.98485,98.58,6.601209534277888,96.38
chn,China,1962,759.59164,98.38,6.632780973085044,98.58
chn,China,1963,827.96638,97.58,6.718972549696166,98.38
chn,China,1964,899.18778,96.45,6.801491889189433,97.58
chn,China,1965,954.26984,94.95,6.86094648260648,96.45
chn,China,1966,938.17019,95.51,6.843931371780528,94.95
chn,China,1967,899.03233,96.04,6.801318996005197,95.51
chn,China,1968,835.41921,96.93,6.727933646771163,96.04
chn,China,1969,875.35947,96.53,6.774634624850153,96.93
chn,China,1970,947.25549,94.41,6.853568845606381,96.53
chn,China,1971,969.26045,93.78,6.87653335802503,94.41
chn,China,1972,929.05209,95.05,6.83416480828605,93.78
chn,China,1973,957.52226,93.8,6.864348968826345,95.05
chn,China,1974,941.92681,94.47,6.847927575167184,93.8
chn,China,1975,966.91149,93.83,6.8741069607574,94.47
chn,China,1976,900.91013,95.1,6.803405507905421,93.83
chn,China,1977,917.7058,94.51,6.821876859953192,95.1
chn,China,1978,987.54047,92.4,6.895217478214008,94.51
chn,China,1979,1027.66388,91.61,6.9350434275698625,92.4
chn,China,1980,1041.07576,90.66,6.948009842143665,91.61
chn,China,1981,1103.43737,91.09,7.006185468309048,90.66
chn,China,1982,1206.9491,89.13,7.095851049537239,91.09
chn,China,1983,1301.75535,86.21,7.171468901886685,89.13
chn,China,1984,1465.33753,80.8,7.289840890818544,86.21
chn,China,1985,1617.48636,75.72,7.388628593572885,80.8
chn,China,1986,1714.54325,72.08,7.44690199759822,75.72
chn,China,1987,1865.27285,67.14,7.531162621645172,72.08
chn,China,1988,2024.75043,60.52,7.613201727500974,67.14
chn,China,1989,2083.12405,72.96,7.641623993016296,60.52
chn,China,1990,2137.8588,71.68,7.6675600463731834,72.96
chn,China,1991,2245.284,70.02,7.716587295516239,71.68
chn,China,1992,2464.10795,67.58,7.809585134570366,70.02
chn,China,1993,2721.46116,65.22,7.908924206230986,67.58
chn,China,1994,2977.68725,58.07,7.998902187581202,65.22
chn,China,1995,3222.91661,52.49,8.078042008070849,58.07
chn,China,1996,3453.8791,47.98,8.147253255198814,52.49
chn,China,1997,3664.53963,47.18,8.206457993879676,47.98
chn,China,1998,3841.82319,46.59,8.253702321967609,47.18
chn,China,1999,4055.66148,45.94,8.30786908024945,46.59
chn,China,2000,4330.14292,42.83,8.373355827380225,45.94
chn,China,2001,4616.19699,39.91,8.437326482753967,42.83
chn,China,2002,4970.91269,36.75,8.511358742069977,39.91
chn,China,2003,5389.66196,31.95,8.592237945795302,36.75
chn,China,2004,5859.59286,27.19,8.675835402341663,31.95
chn,China,2005,6453.21746,22.47,8.772334116422742,27.19
chn,China,2006,7186.97235,20.74,8.880025270236887,22.47
chn,China,2007,8108.53713,18.9,9.000672752294285,20.74
chn,China,2008,8799.84465,17.85,9.082489346901383,18.9
chn,China,2009,9546.11114,15.96,9.163889140070873,17.85
chn,China,2010,10476.31236,13.84,9.256872021907034,15.96
chn,China,2011,11405.01728,10.31,9.341808649842285,13.84
chn,China,2012,12217.85432,8.59,9.41065362974691,10.31
chn,China,2013,13080.82882,3.06,9.47890298844711,8.59
chn,China,2014,13968.58149,2.1,9.544565907367511,3.06
chn,China,2015,14856.78076,0.95,9.606211656848119,2.1
chn,China,2016,15772.76476,0.62,9.666039982282554,0.95
chn,China,2017,16757.97363,0.45,9.726629461595195,0.62
chn,China,2018,17806.79023,0.19,9.787335137133129,0.45
chn,China,2019,18820.5131,0.02,9.842702676317142,0.19
civ,Cote d'Ivoire,1960,2741.57113,21.86,7.916286440157712,
civ,Cote d'Ivoire,1961,2930.60322,19.04,7.98296355795443,21.86
civ,Cote d'Ivoire,1962,2914.66381,19.06,7.977509761087144,19.04
civ,Cote d'Ivoire,1963,3237.78283,15.83,8.082644062809837,19.06
civ,Cote d'Ivoire,1964,3677.40647,12.48,8.209963019113419,15.83
civ,Cote d'Ivoire,1965,3442.0958,13.75,8.143835809039597,12.48
civ,Cote d'Ivoire,1966,3591.21679,13.16,8.186246362774236,13.75
civ,Cote d'Ivoire,1967,3509.33696,13.15,8.163182398331106,13.16
civ,Cote d'Ivoire,1968,3854.90547,11.2,8.257101764295998,13.15
civ,Cote d'Ivoire,1969,3878.66687,10.59,8.263246783370494,11.2
civ,Cote d'Ivoire,1970,4073.09591,9.44,8.312158655124668,10.59
civ,Cote d'Ivoire,1971,4159.98557,8.89,8.333266884499293,9.44
civ,Cote d'Ivoire,1972,4173.61144,8.89,8.336536992743337,8.89
civ,Cote d'Ivoire,1973,4272.60995,8.36,8.359980149006194,8.89
civ,Cote d'Ivoire,1974,4241.01949,8.37,8.352558965078273,8.36
civ,Cote d'Ivoire,1975,4232.76929,8.37,8.350611736318847,8.37
civ,Cote d'Ivoire,1976,4549.78897,6.93,8.42283613064962,8.37
civ,Cote d'Ivoire,1977,4577.60935,6.93,8.42893216484881,6.93
civ,Cote d'Ivoire,1978,4835.87521,6.08,8.483817407017956,6.93
civ,Cote d'Ivoire,1979,4740.33338,6.09,8.463862745549182,6.08
civ,Cote d'Ivoire,1980,4405.9324,7.44,8.390707184530108,6.09
civ,Cote d'Ivoire,1981,4672.88257,7.21,8.449531412917525,7.44
civ,Cote d'Ivoire,1982,4683.64226,7.77,8.451831346907644,7.21
civ,Cote d'Ivoire,1983,4459.00322,8.7,8.402680526762223,7.77
civ,Cote d'Ivoire,1984,4324.05582,9.44,8.371949088018974,8.7
civ,Cote d'Ivoire,1985,4440.82213,9.22,8.39859480269987,9.44
civ,Cote d'Ivoire,1986,4534.1513,4.11,8.419393200603338,9.22
civ,Cote d'Ivoire,1987,4422.75805,7.8,8.394518773681598,4.11
civ,Cote d'Ivoire,1988,4483.29605,14.63,8.408113780342168,7.8
civ,Cote d'Ivoire,1989,4543.44383,15.01,8.421440556343015,14.63
civ,Cote d'Ivoire,1990,4382.00012,18.71,8.385260547540167,15.01
civ,Cote d'Ivoire,1991,4270.57637,21.78,8.359504078378157,18.71
civ,Cote d'Ivoire,1992,4162.37855,25.85,8.33384195668586,21.78
civ,Cote d'Ivoire,1993,4052.779,27.95,8.307158097631143,25.85
civ,Cote d'Ivoire,1994,3973.74492,27.99,8.287464233834765,27.95
civ,Cote d'Ivoire,1995,4136.58843,25.38,8.327626676378282,27.99
civ,Cote d'Ivoire,1996,4348.17291,27.58,8.377511015159678,25.38
civ,Cote d'Ivoire,1997,4617.22563,29.89,8.437549290708631,27.58
civ,Cote d'Ivoire,1998,4702.02738,33.79,8.455749052137081,29.89
civ,Cote d'Ivoire,1999,4657.74466,31.77,8.446286631423503,33.79
civ,Cote d'Ivoire,2000,4549.02362,30.69,8.422667899906491,31.77
civ,Cote d'Ivoire,2001,4385.22538,30.58,8.385996301433003,30.69
civ,Cote d'Ivoire,2002,4196.07952,31.79,8.341905920718881,30.58
civ,Cote d'Ivoire,2003,3941.89109,33.57,8.279415859223443,31.79
civ,Cote d'Ivoire,2004,3987.0524,33.84,8.29080749000881,33.57
civ,Cote d'Ivoire,2005,3956.21195,34.58,8.283042268152712,33.84
civ,Cote d'Ivoire,2006,3990.13542,34.36,8.291580449157589,34.58
civ,Cote d'Ivoire,2007,3960.4846,34.08,8.284121670498845,34.36
civ,Cote d'Ivoire,2008,4069.77716,34.07,8.311343525094951,34.08
civ,Cote d'Ivoire,2009,4138.37014,34.44,8.328057303314347,34.07
civ,Cote d'Ivoire,2010,4338.65248,34.57,8.37531909040366,34.44
civ,Cote d'Ivoire,2011,4017.40782,38.5,8.298392152731136,34.57
civ,Cote d'Ivoire,2012,4234.18056,37.87,8.350945096038243,38.5
civ,Cote d'Ivoire,2013,4597.18635,35.89,8.433199732291554,37.87
civ,Cote d'Ivoire,2014,4907.5745,34.67,8.498535106881032,35.89
civ,Cote d'Ivoire,2015,5110.86241,34.09,8.539123438038086,34.67
civ,Cote d'Ivoire,2016,5320.84646,26.02,8.579387678701748,34.09
civ,Cote d'Ivoire,2017,5556.11366,18.79,8.622654160828416,26.02
civ,Cote d'Ivoire,2018,5670.20005,15.04,8.642979678286345,18.79
civ,Cote d'Ivoire,2019,5894.87875,11.91,8.68183924448174,15.04
civ,Cote d'Ivoire,2020,5787.81533,12.1,8.66351018157548,11.91
civ,Cote d'Ivoire,2021,6045.20481,10.94,8.70702064336825,12.1
civ,Cote d'Ivoire,2022,6272.26396,10.13,8.74389264660386,10.94
cmr,Cameroon,1960,1812.67741,67.92,7.50256026331807,
cmr,Cameroon,1961,1809.11121,67.97,7.500590959459291,67.92
cmr,Cameroon,1962,1835.44762,66.91,7.515043665346367,67.97
cmr,Cameroon,1963,1871.5089,65.83,7.5345002828768575,66.91
cmr,Cameroon,1964,1907.55869,65.86,7.553579530706256,65.83
cmr,Cameroon,1965,1931.1579,64.74,7.565875050188495,65.86
cmr,Cameroon,1966,1989.05324,63.6,7.595414045715445,64.74
cmr,Cameroon,1967,1899.76133,64.81,7.549483541474734,63.6
cmr,Cameroon,1968,1988.29004,62.46,7.595030271947058,64.81
cmr,Cameroon,1969,2032.1074,61.25,7.61682866163234,62.46
cmr,Cameroon,1970,2068.44162,61.29,7.6345507621529265,61.25
cmr,Cameroon,1971,2079.58306,60.06,7.639922700679115,61.29
cmr,Cameroon,1972,2105.82963,60.1,7.65246479198565,60.06
cmr,Cameroon,1973,2115.53159,58.83,7.65706140268867,60.1
cmr,Cameroon,1974,2144.67216,58.88,7.670741980520184,58.83
cmr,Cameroon,1975,2183.57652,57.58,7.688719416964646,58.88
cmr,Cameroon,1976,2081.05552,58.96,7.640630505518762,57.58
cmr,Cameroon,1977,2215.95673,56.3,7.703439521503251,58.96
cmr,Cameroon,1978,2452.54838,50.42,7.804882918054325,56.3
cmr,Cameroon,1979,2521.62082,48.87,7.83265715629191,50.42
cmr,Cameroon,1980,2719.18103,44.03,7.908086022041008,48.87
cmr,Cameroon,1981,3261.61845,36.49,8.089978808221936,44.03
cmr,Cameroon,1982,3551.0292,33.59,8.174992755945043,36.49
cmr,Cameroon,1983,3794.55537,30.9,8.241322520910385,33.59
cmr,Cameroon,1984,4076.34437,28.66,8.312955878016163,30.9
cmr,Cameroon,1985,4404.21027,28.01,8.39031624193441,28.66
cmr,Cameroon,1986,4660.52895,26.44,8.446884229261771,28.01
cmr,Cameroon,1987,4485.07744,27.86,8.408511040787534,26.44
cmr,Cameroon,1988,4181.81082,33.31,8.33849964223653,27.86
cmr,Cameroon,1989,4029.75987,34.51,8.301462067557495,33.31
cmr,Cameroon,1990,3848.34316,38.92,8.255397986603583,34.51
cmr,Cameroon,1991,3640.51066,41.31,8.199879241999685,38.92
cmr,Cameroon,1992,3469.10769,46.18,8.151652690016304,41.31
cmr,Cameroon,1993,3178.52095,49.38,8.064171257514094,46.18
cmr,Cameroon,1994,3149.47839,51.66,8.054992127631872,49.38
cmr,Cameroon,1995,3188.06737,51.26,8.067170172058214,51.66
cmr,Cameroon,1996,3270.37288,49.76,8.092659287971346,51.26
cmr,Cameroon,1997,3364.34086,44.27,8.120987341762342,49.76
cmr,Cameroon,1998,3462.45081,36.75,8.149731943896485,44.27
cmr,Cameroon,1999,3551.12885,32.67,8.17502081783815,36.75
cmr,Cameroon,2000,3621.82516,29.59,8.194733365605135,32.67
cmr,Cameroon,2001,3709.02314,25.43,8.218523816348533,29.59
cmr,Cameroon,2002,3796.465,26.99,8.241825649593277,25.43
cmr,Cameroon,2003,3916.11892,27.13,8.272856370911477,26.99
cmr,Cameroon,2004,4093.34117,27.98,8.317116827526306,27.13
cmr,Cameroon,2005,4096.94001,29.5,8.317995635018386,27.98
cmr,Cameroon,2006,4160.88698,30.4,8.333483546874088,29.5
cmr,Cameroon,2007,4242.1752,30.46,8.352831435544738,30.4
cmr,Cameroon,2008,4261.89362,30.31,8.35746885223443,30.46
cmr,Cameroon,2009,4268.0423,30.07,8.358910523337855,30.31
cmr,Cameroon,2010,4286.58303,29.91,8.363245198046691,30.07
cmr,Cameroon,2011,4307.85196,33.77,8.368194673711823,29.91
cmr,Cameroon,2012,4382.11121,31.0,8.38528589865583,33.77
cmr,Cameroon,2013,4473.57232,28.19,8.405942545169708,31.0
cmr,Cameroon,2014,4588.4865,25.17,8.431305510116786,28.19
cmr,Cameroon,2015,4698.66678,24.72,8.455034083628169,25.17
cmr,Cameroon,2016,4767.13186,23.89,8.469500115824994,24.72
cmr,Cameroon,2017,4797.97544,23.96,8.47594932458704,23.89
cmr,Cameroon,2018,4851.48004,23.67,8.487039100265404,23.96
cmr,Cameroon,2019,4882.3556,23.4,8.493383087300684,23.67
cmr,Cameroon,2020,4763.48194,23.6,8.468734179809742,23.4
cmr,Cameroon,2021,4793.55628,23.61,8.475027853347262,23.6
cmr,Cameroon,2022,4843.65038,23.47,8.485423926180482,23.61
cod,"Congo, Dem. Rep.",1960,1809.35299,64.61,7.500724596265957,
cod,"Congo, Dem. Rep.",1961,1591.73582,69.98,7.372580410423341,64.61
cod,"Congo, Dem. Rep.",1962,1847.96463,63.22,7.521840112408075,69.98
cod,"Congo, Dem. Rep.",1963,1880.9545,61.81,7.539534639747434,63.22
cod,"Congo, Dem. Rep.",1964,1822.31198,63.22,7.507861292580042,61.81
cod,"Congo, Dem. Rep.",1965,1789.61303,63.22,7.489754691106052,63.22
cod,"Congo, Dem. Rep.",1966,1868.23331,61.81,7.532748509276584,63.22
cod,"Congo, Dem. Rep.",1967,1802.89245,63.22,7.497147570841788,61.81
cod,"Congo, Dem. Rep.",1968,1847.2109,61.81,7.521432158845743,63.22
cod,"Congo, Dem. Rep.",1969,1960.9554,57.48,7.581187082439494,61.81
cod,"Congo, Dem. Rep.",1970,1911.9041,58.94,7.555854935449681,57.48
cod,"Congo, Dem. Rep.",1971,1986.37842,56.0,7.594068370260599,58.94
cod,"Congo, Dem. Rep.",1972,1946.56593,57.49,7.573822037527503,56.0
cod,"Congo, Dem. Rep.",1973,2064.1815,54.51,7.632489058781817,57.49
cod,"Congo, Dem. Rep.",1974,2084.46967,53.0,7.642269746963136,54.51
cod,"Congo, Dem. Rep.",1975,1936.90458,57.49,7.5688464004486296,53.0
cod,"Congo, Dem. Rep.",1976,1787.71301,60.4,7.488692433901973,57.49
cod,"Congo, Dem. Rep.",1977,1757.97645,61.82,7.471918682250959,60.4
cod,"Congo, Dem. Rep.",1978,1620.94448,65.98,7.3907642706864385,61.82
cod,"Congo, Dem. Rep.",1979,1585.03816,65.98,7.368363761731345,65.98
cod,"Congo, Dem. Rep.",1980,1583.39289,65.98,7.3673252223900025,65.98
cod,"Congo, Dem. Rep.",1981,1653.94575,66.65,7.410919075771242,65.98
cod,"Congo, Dem. Rep.",1982,1666.2212,67.75,7.418313587022462,66.65
cod,"Congo, Dem. Rep.",1983,1691.17824,68.39,7.433180748429603,67.75
cod,"Congo, Dem. Rep.",1984,1775.41164,67.49,7.481787584881737,68.39
cod,"Congo, Dem. Rep.",1985,1777.66353,68.44,7.483055157445656,67.49
cod,"Congo, Dem. Rep.",1986,1842.43747,67.71,7.5188446859027955,68.44
cod,"Congo, Dem. Rep.",1987,1878.32116,67.84,7.5381336568619615,67.71
cod,"Congo, Dem. Rep.",1988,1888.55282,68.81,7.543566111049173,67.84
cod,"Congo, Dem. Rep.",1989,1876.48943,70.24,7.537157985732139,68.81
cod,"Congo, Dem. Rep.",1990,1781.63771,73.4,7.485288282086464,70.24
cod,"Congo, Dem. Rep.",1991,1604.51664,76.82,7.38057783132817,73.4
cod,"Congo, Dem. Rep.",1992,1411.96435,80.24,7.2527371698591,76.82
cod,"Congo, Dem. Rep.",1993,1197.77923,84.19,7.088224479556461,80.24
cod,"Congo, Dem. Rep.",1994,1111.42569,85.97,7.013398875568776,84.19
cod,"Congo, Dem. Rep.",1995,1094.0399,86.62,6.997632453980471,85.97
cod,"Congo, Dem. Rep.",1996,1073.67808,86.74,6.978845490845645,86.62
cod,"Congo, Dem. Rep.",1997,1006.13549,87.97,6.913872023499439,86.74
cod,"Congo, Dem. Rep.",1998,971.9337,88.61,6.879287592257496,87.97
cod,"Congo, Dem. Rep.",1999,910.95457,89.67,6.814493027739875,88.61
cod,"Congo, Dem. Rep.",2000,828.85463,91.19,6.7200447839082385,89.67
cod,"Congo, Dem. Rep.",2001,794.37406,91.87,6.677554458622798,91.19
cod,"Congo, Dem. Rep.",2002,800.59337,91.89,6.68535316523515,91.87
cod,"Congo, Dem. Rep.",2003,828.0398,91.34,6.719061220862899,91.89
cod,"Congo, Dem. Rep.",2004,864.96169,90.88,6.76268521693375,91.34
cod,"Congo, Dem. Rep.",2005,896.68398,90.28,6.798703492291553,90.88
cod,"Congo, Dem. Rep.",2006,921.55178,88.52,6.82605896652417,90.28
cod,"Congo, Dem. Rep.",2007,955.42186,85.65,6.862152981163021,88.52
cod,"Congo, Dem. Rep.",2008,989.53891,82.82,6.897239087159845,85.65
cod,"Congo, Dem. Rep.",2009,990.8234,83.22,6.898536314615288,82.82
cod,"Congo, Dem. Rep.",2010,1031.25015,79.26,6.938527083103426,83.22
cod,"Congo, Dem. Rep.",2011,1066.57951,75.44,6.972212087406316,79.26
cod,"Congo, Dem. Rep.",2012,1104.66401,71.44,7.0072965043668045,75.44
cod,"Congo, Dem. Rep.",2013,1158.28193,69.31,7.054693091367678,71.44
cod,"Congo, Dem. Rep.",2014,1225.70219,69.12,7.111269175079634,69.31
cod,"Congo, Dem. Rep.",2015,1267.90549,69.7,7.145121597519007,69.12
cod,"Congo, Dem. Rep.",2016,1253.15816,71.68,7.133422171990212,69.7
cod,"Congo, Dem. Rep.",2017,1253.18735,73.39,7.133445464868137,71.68
cod,"Congo, Dem. Rep.",2018,1282.48228,74.45,7.15655276018534,73.39
cod,"Congo, Dem. Rep.",2019,1296.94757,75.96,7.167768759443857,74.45
cod,"Congo, Dem. Rep.",2020,1277.63286,77.85,7.152764316670234,75.96
cod,"Congo, Dem. Rep.",2021,1313.61822,77.17,7.180540608882119,77.85
cod,"Congo, Dem. Rep.",2022,1385.46473,75.78,7.233790907465116,77.17
cog,"Congo, Rep.",1960,2591.03068,71.18,7.859811021480041,
cog,"Congo, Rep.",1961,2719.61049,68.99,7.908243946829746,71.18
cog,"Congo, Rep.",1962,2702.62388,70.12,7.901978387500715,68.99
cog,"Congo, Rep.",1963,2654.1796,70.14,7.883890884041881,70.12
cog,"Congo, Rep.",1964,2673.57781,70.15,7.891172858135831,70.14
cog,"Congo, Rep.",1965,2704.73993,70.17,7.902761042480985,70.15
cog,"Congo, Rep.",1966,2782.05926,69.08,7.930946673478663,70.17
cog,"Congo, Rep.",1967,2925.41658,66.84,7.981192170037939,69.08
cog,"Congo, Rep.",1968,3049.83401,65.71,8.022842445169655,66.84
cog,"Congo, Rep.",1969,3198.86575,63.4,8.07055157282946,65.71
cog,"Congo, Rep.",1970,3377.23557,61.06,8.124812775133579,63.4
cog,"Congo, Rep.",1971,3589.94877,58.69,8.185893211185519,61.06
cog,"Congo, Rep.",1972,3642.4046,58.73,8.200399346923355,58.69
cog,"Congo, Rep.",1973,4163.47864,52.61,8.334106215363686,58.73
cog,"Congo, Rep.",1974,4021.19915,53.9,8.299335433151555,52.61
cog,"Congo, Rep.",1975,3879.64111,55.19,8.263497930916488,53.9
cog,"Congo, Rep.",1976,3954.15586,55.23,8.282522421264252,55.19
cog,"Congo, Rep.",1977,3565.47417,60.09,8.17905233101637,55.23
cog,"Congo, Rep.",1978,3679.4546,58.93,8.210519813657566,60.09
cog,"Congo, Rep.",1979,3984.20307,55.35,8.290092588791033,58.93
cog,"Congo, Rep.",1980,4369.01099,50.52,8.382291944398032,55.35
cog,"Congo, Rep.",1981,4925.88371,48.67,8.502258971012463,50.52
cog,"Congo, Rep.",1982,5475.80576,42.29,8.6080947146324,48.67
cog,"Congo, Rep.",1983,5633.10218,41.37,8.636415578265078,42.29
cog,"Congo, Rep.",1984,5816.85796,39.76,8.668515525527711,41.37
cog,"Congo, Rep.",1985,5815.96324,41.16,8.668361698698195,39.76
cog,"Congo, Rep.",1986,5663.66097,44.0,8.64182577659053,41.16
cog,"Congo, Rep.",1987,5685.30238,45.61,8.645639593864255,44.0
cog,"Congo, Rep.",1988,6518.33181,45.65,8.782373764821656,45.61
cog,"Congo, Rep.",1989,7354.28923,45.81,8.903038990704363,45.65
cog,"Congo, Rep.",1990,7454.49302,46.91,8.916572219520843,45.81
cog,"Congo, Rep.",1991,7522.95485,46.9,8.925714271947104,46.91
cog,"Congo, Rep.",1992,7603.79419,46.66,8.936402637224143,46.9
cog,"Congo, Rep.",1993,7401.64802,48.47,8.909457959802499,46.66
cog,"Congo, Rep.",1994,6872.5419,51.83,8.835289316783275,48.47
cog,"Congo, Rep.",1995,7028.46819,50.5,8.857724064902577,51.83
cog,"Congo, Rep.",1996,7236.19261,49.86,8.886850464458327,50.5
cog,"Congo, Rep.",1997,7084.17856,52.03,8.865619204683306,49.86
cog,"Congo, Rep.",1998,7254.4834,50.16,8.889374956718234,52.03
cog,"Congo, Rep.",1999,6939.87824,52.24,8.845039508678353,50.16
cog,"Congo, Rep.",2000,7242.9104,51.41,8.887778393554127,52.24
cog,"Congo, Rep.",2001,7294.20583,51.86,8.894835590054653,51.41
cog,"Congo, Rep.",2002,7502.37544,50.33,8.922974974710854,51.86
cog,"Congo, Rep.",2003,7398.52442,52.09,8.909035856606197,50.33
cog,"Congo, Rep.",2004,7436.93638,52.21,8.914214266142036,52.09
cog,"Congo, Rep.",2005,7763.52189,50.46,8.95719136202181,52.21
cog,"Congo, Rep.",2006,8098.86813,44.36,8.999479593859364,50.46
cog,"Congo, Rep.",2007,7334.53258,48.21,8.900348963938539,44.36
cog,"Congo, Rep.",2008,7563.11272,46.21,8.931038119883533,48.21
cog,"Congo, Rep.",2009,8123.95003,44.94,9.002571771770477,46.21
cog,"Congo, Rep.",2010,8583.6618,39.29,9.057615884652737,44.94
cog,"Congo, Rep.",2011,8492.42098,40.25,9.04692939531085,39.29
cog,"Congo, Rep.",2012,9079.68656,35.12,9.113794951175727,40.25
cog,"Congo, Rep.",2013,8798.49382,36.29,9.082335828999117,35.12
cog,"Congo, Rep.",2014,9159.25664,35.21,9.122520301536678,36.29
cog,"Congo, Rep.",2015,8977.70682,35.37,9.102499763428861,35.21
cog,"Congo, Rep.",2016,8001.82552,38.71,8.987424984630595,35.37
cog,"Congo, Rep.",2017,7372.77047,41.02,8.905548826350856,38.71
cog,"Congo, Rep.",2018,7029.33652,42.61,8.857847601972413,41.02
cog,"Congo, Rep.",2019,6939.36913,43.13,8.844966145910668,42.61
cog,"Congo, Rep.",2020,6350.50913,45.7,8.756290266625413,43.13
cog,"Congo, Rep.",2021,6263.21161,45.67,8.742448369277003,45.7
cog,"Congo, Rep.",2022,6205.10504,45.99,8.733127625779067,45.67
col,Colombia,1960,4666.8532,26.47,8.44824029055902,
col,Colombia,1961,4727.30237,26.59,8.461109995322458,26.47
col,Colombia,1962,4788.61863,25.55,8.473997262592365,26.59
col,Colombia,1963,4759.16591,25.6,8.467827702879475,25.55
col,Colombia,1964,4896.68344,24.67,8.496313405953442,25.6
col,Colombia,1965,4847.31054,24.7,8.486179302289054,24.67
col,Colombia,1966,4928.66353,23.76,8.50282314103591,24.7
col,Colombia,1967,4952.8284,23.8,8.50771408631877,23.76
col,Colombia,1968,5086.43126,22.89,8.534331735938219,23.8
col,Colombia,1969,5237.52215,20.99,8.563603793338396,22.89
col,Colombia,1970,5415.05439,20.09,8.596938203705976,20.99
col,Colombia,1971,5558.35379,19.2,8.623057262468762,20.09
col,Colombia,1972,5805.4328,17.48,8.666549447769683,19.2
col,Colombia,1973,6017.2825,16.65,8.702391024425683,17.48
col,Colombia,1974,6183.07798,14.95,8.729571481479685,16.65
col,Colombia,1975,6148.45304,14.96,8.723955790948139,14.95
col,Colombia,1976,6259.91846,14.98,8.741922438450205,14.96
col,Colombia,1977,6343.92182,14.17,8.755252439783517,14.98
col,Colombia,1978,6699.59605,12.61,8.809802512516704,14.17
col,Colombia,1979,6867.41031,11.88,8.83454235781862,12.61
col,Colombia,1980,6949.00403,11.19,8.84635362325372,11.88
col,Colombia,1981,7278.67206,11.55,8.892703715211464,11.19
col,Colombia,1982,7413.08399,11.77,8.911001824688313,11.55
col,Colombia,1983,7510.90404,12.05,8.92411111567576,11.77
col,Colombia,1984,7744.75951,11.66,8.954771701368232,12.05
col,Colombia,1985,8094.87593,11.46,8.998986539249376,11.66
col,Colombia,1986,8485.8215,10.51,9.04615199089574,11.46
col,Colombia,1987,8881.73572,9.63,9.091752280849589,10.51
col,Colombia,1988,9254.63338,9.59,9.132879611040911,9.63
col,Colombia,1989,9615.12757,9.36,9.171092925745576,9.59
col,Colombia,1990,10076.56366,8.63,9.217967576757413,9.36
col,Colombia,1991,10077.77018,8.66,9.218087304852721,8.63
col,Colombia,1992,10282.19211,8.4,9.238168756549054,8.66
col,Colombia,1993,10627.04596,9.85,9.271157536196316,8.4
col,Colombia,1994,11007.84461,11.31,9.306363443976108,9.85
col,Colombia,1995,11360.93228,13.11,9.337935755809246,11.31
col,Colombia,1996,11383.98264,14.56,9.33996261482123,13.11
col,Colombia,1997,11569.62746,14.84,9.356138620879356,14.56
col,Colombia,1998,11426.77857,15.54,9.343714877169516,14.84
col,Colombia,1999,10758.89168,17.56,9.283487824693056,15.54
col,Colombia,2000,10888.18673,11.38,9.295433694257717,17.56
col,Colombia,2001,10894.52373,18.81,9.296015531875254,11.38
col,Colombia,2002,10992.22787,13.85,9.304943744778551,18.81
col,Colombia,2003,11245.90019,13.35,9.327758913657151,13.85
col,Colombia,2004,11665.76625,12.31,9.364413870253593,13.35
col,Colombia,2005,12049.36378,10.92,9.396767139184671,12.31
col,Colombia,2006,12679.47727,10.81,9.447740002378046,10.92
col,Colombia,2007,13353.26412,10.73,9.499516137313105,10.81
col,Colombia,2008,13615.83592,10.9,9.518988800211757,10.73
col,Colombia,2009,13600.03139,9.77,9.517827379809715,10.9
col,Colombia,2010,14037.06427,8.53,9.549456558137509,9.77
col,Colombia,2011,14852.36995,7.16,9.605914724089896,8.53
col,Colombia,2012,15279.479,6.94,9.634265965280562,7.16
col,Colombia,2013,15912.24713,6.28,9.674844351458955,6.94
col,Colombia,2014,16480.36315,5.57,9.70992483902165,6.28
col,Colombia,2015,16821.38014,5.02,9.730405983668463,5.57
col,Colombia,2016,17003.24437,4.97,9.741159450123824,5.02
col,Colombia,2017,16986.03342,4.26,9.740146721840668,4.97
col,Colombia,2018,17104.13135,4.62,9.747075312725517,4.26
col,Colombia,2019,17336.7716,5.42,9.760585050762868,4.62
col,Colombia,2020,15861.49993,8.32,9.671650063857056,5.42
col,Colombia,2021,17383.09017,7.31,9.76325318336,8.32
col,Colombia,2022,18458.72095,5.87,9.823292218007373,7.31
com,Comoros,1960,880.34954,46.38,6.780319033152864,
com,Comoros,1961,884.33863,46.65,6.784840054897604,46.38
com,Comoros,1962,953.43301,42.79,6.860069165624253,46.65
com,Comoros,1963,1103.09863,34.63,7.0058784350200725,42.79
com,Comoros,1964,1169.25312,30.63,7.0641204649796006,34.63
com,Comoros,1965,1142.63217,31.99,7.041089800978909,30.63
com,Comoros,1966,1232.50125,28.21,7.1168009201151134,31.99
com,Comoros,1967,1281.50753,25.87,7.155792421713511,28.21
com,Comoros,1968,1250.60928,25.93,7.131386135543856,25.87
com,Comoros,1969,1218.75318,27.17,7.105583631539422,25.93
com,Comoros,1970,1251.21098,26.06,7.131867145327989,27.17
com,Comoros,1971,1271.97228,24.94,7.148323951209778,26.06
com,Comoros,1972,1266.8129,23.86,7.1442594977512535,24.94
com,Comoros,1973,1324.44832,21.77,7.188751289453337,23.86
com,Comoros,1974,1326.43105,21.82,7.190247193335025,21.77
com,Comoros,1975,1372.32816,19.87,7.224263963359445,21.82
com,Comoros,1976,1332.3215,20.9,7.194678188342526,19.87
com,Comoros,1977,1306.39321,20.95,7.175025344153465,20.9
com,Comoros,1978,1299.79309,21.0,7.169960369243625,20.95
com,Comoros,1979,1375.78185,18.16,7.226777466680429,21.0
com,Comoros,1980,1429.82431,17.3,7.265306855566168,18.16
com,Comoros,1981,1542.6863,16.04,7.341280526444333,17.3
com,Comoros,1982,1642.40264,14.5,7.403915473107231,16.04
com,Comoros,1983,1707.1524,14.39,7.442581998246879,14.5
com,Comoros,1984,1795.2097,14.1,7.492877118611462,14.39
com,Comoros,1985,1834.54069,14.43,7.5145494239799895,14.1
com,Comoros,1986,1854.52454,14.19,7.525383629519366,14.43
com,Comoros,1987,1879.49125,14.8,7.538756407499913,14.19
com,Comoros,1988,1962.29483,14.87,7.581869898968401,14.8
com,Comoros,1989,1951.30479,16.27,7.57625355087168,14.87
com,Comoros,1990,2069.78692,15.41,7.63520094376295,16.27
com,Comoros,1991,1970.96424,17.03,7.586278163913551,15.41
com,Comoros,1992,2114.42547,16.08,7.656538409188015,17.03
com,Comoros,1993,2155.46837,15.83,7.6757633199899855,16.08
com,Comoros,1994,2020.8948,17.43,7.611295662609902,15.83
com,Comoros,1995,2072.25939,16.81,7.63639478376792,17.43
com,Comoros,1996,2024.47895,17.97,7.613067637789116,16.81
com,Comoros,1997,2083.98945,16.79,7.642039340480405,17.97
com,Comoros,1998,2087.14812,17.76,7.643553877246828,16.79
com,Comoros,1999,2101.98632,18.01,7.650638043328183,17.76
com,Comoros,2000,2273.33458,15.42,7.729003010556345,18.01
com,Comoros,2001,2294.63481,15.82,7.738328985650043,15.42
com,Comoros,2002,2314.18283,15.4,7.746811915004118,15.82
com,Comoros,2003,2332.14917,15.7,7.754545511976926,15.4
com,Comoros,2004,2346.10974,15.63,7.760513805612994,15.7
com,Comoros,2005,2377.91779,16.14,7.773980505585009,15.63
com,Comoros,2006,2416.55885,16.52,7.790099844392282,16.14
com,Comoros,2007,2398.29711,17.31,7.782514226995171,16.52
com,Comoros,2008,2454.34737,17.84,7.8056161678204745,17.31
com,Comoros,2009,2571.20352,17.68,7.85212936399289,17.84
com,Comoros,2010,2652.35554,18.51,7.883203407176575,17.68
com,Comoros,2011,2752.95296,18.19,7.920429418182242,18.51
com,Comoros,2012,2868.39987,19.61,7.961509616686985,18.19
com,Comoros,2013,3059.11624,19.16,8.025881342775138,19.61
com,Comoros,2014,3109.89566,19.92,8.042344454771243,19.16
com,Comoros,2015,3105.59296,20.89,8.04095994553943,19.92
com,Comoros,2016,3127.13212,19.84,8.047871607924408,20.89
com,Comoros,2017,3236.986,19.76,8.082397928924614,19.84
com,Comoros,2018,3303.25689,19.75,8.102664197116718,19.76
com,Comoros,2019,3357.89791,19.73,8.11907043515032,19.75
com,Comoros,2020,3424.53969,18.89,8.138722344583936,19.73
com,Comoros,2021,3449.04358,18.73,8.145852248403548,18.89
com,Comoros,2022,3478.17347,19.63,8.15426257003617,18.73
cpv,Cape Verde,1960,1198.28094,64.93,7.088643258695327,
cpv,Cape Verde,1961,1231.20079,63.79,7.115745224174886,64.93
cpv,Cape Verde,1962,1185.6088,65.03,7.078011676916436,63.79
cpv,Cape Verde,1963,1136.79991,66.23,7.0359724976132885,65.03
cpv,Cape Verde,1964,1153.60737,66.28,7.050649155206532,66.23
cpv,Cape Verde,1965,1150.25198,65.13,7.047736310399017,66.28
cpv,Cape Verde,1966,1215.4182,62.75,7.102843494083132,65.13
cpv,Cape Verde,1967,1261.77565,61.56,7.140275253922004,62.75
cpv,Cape Verde,1968,1288.2182,59.09,7.1610153022539444,61.56
cpv,Cape Verde,1969,1309.00771,59.1,7.177024655884915,59.09
cpv,Cape Verde,1970,1348.63827,56.59,7.206850673474592,59.1
cpv,Cape Verde,1971,1386.89886,55.33,7.234825497684881,56.59
cpv,Cape Verde,1972,1397.17654,54.1,7.242208722067406,55.33
cpv,Cape Verde,1973,1401.65105,54.16,7.2454061421786555,54.1
cpv,Cape Verde,1974,1418.56367,52.91,7.257400138683954,54.16
cpv,Cape Verde,1975,1163.60868,61.88,7.059281386201337,52.91
cpv,Cape Verde,1976,1168.22985,61.92,7.0632449334112435,61.88
cpv,Cape Verde,1977,1089.32241,64.37,6.993311139721728,61.92
cpv,Cape Verde,1978,1170.10407,60.78,7.064847972554048,64.37
cpv,Cape Verde,1979,1181.24757,59.58,7.074326421662979,60.78
cpv,Cape Verde,1980,1214.2351,58.27,7.10186961020142,59.58
cpv,Cape Verde,1981,1355.01476,56.44,7.211567626243403,58.27
cpv,Cape Verde,1982,1409.44843,55.83,7.250953722442475,56.44
cpv,Cape Verde,1983,1540.4658,52.97,7.33984011720606,55.83
cpv,Cape Verde,1984,1593.26707,52.37,7.373541948086484,52.97
cpv,Cape Verde,1985,1721.31454,50.76,7.450843545345717,52.37
cpv,Cape Verde,1986,1749.12046,49.96,7.466868346289003,50.76
cpv,Cape Verde,1987,1809.0852,48.82,7.500576582130339,49.96
cpv,Cape Verde,1988,1914.83363,47.3,7.557386020556101,48.82
cpv,Cape Verde,1989,2028.04956,46.42,7.614829802282296,47.3
cpv,Cape Verde,1990,2043.33713,46.55,7.622339598335462,46.42
cpv,Cape Verde,1991,2024.53361,47.44,7.613094636964442,46.55
cpv,Cape Verde,1992,2150.38441,44.08,7.673401900488562,47.44
cpv,Cape Verde,1993,2277.53878,42.44,7.730850656431519,44.08
cpv,Cape Verde,1994,2590.59797,37.68,7.859644004493594,42.44
cpv,Cape Verde,1995,2863.98683,34.38,7.9599699296062765,37.68
cpv,Cape Verde,1996,3106.39777,31.65,8.041219060544421,34.38
cpv,Cape Verde,1997,3374.78541,29.21,8.124087019062973,31.65
cpv,Cape Verde,1998,3714.96759,25.96,8.220125233022284,29.21
cpv,Cape Verde,1999,4075.96393,23.47,8.31286254494134,25.96
cpv,Cape Verde,2000,4548.5827,20.2,8.42257096891501,23.47
cpv,Cape Verde,2001,4606.10486,20.36,8.435137846078938,20.2
cpv,Cape Verde,2002,4778.18896,19.49,8.47181687503176,20.36
cpv,Cape Verde,2003,4911.28625,18.29,8.49929115185841,19.49
cpv,Cape Verde,2004,5314.50301,16.28,8.578194779348488,18.29
cpv,Cape Verde,2005,5610.24679,14.93,8.632349988636507,16.28
cpv,Cape Verde,2006,5990.66899,13.38,8.697958369347372,14.93
cpv,Cape Verde,2007,6796.34351,11.26,8.82414002742378,13.38
cpv,Cape Verde,2008,7191.44707,9.99,8.88064769193899,11.26
cpv,Cape Verde,2009,7006.94046,9.22,8.854656431117364,9.99
cpv,Cape Verde,2010,7072.1215,7.97,8.863915784599762,9.22
cpv,Cape Verde,2011,7325.78442,8.0,8.89915551620636,7.97
cpv,Cape Verde,2012,7397.82221,7.33,8.908940939932766,8.0
cpv,Cape Verde,2013,7440.66243,6.67,8.914715160153966,7.33
cpv,Cape Verde,2014,7491.02198,5.92,8.92146051313127,6.67
cpv,Cape Verde,2015,7560.13649,5.13,8.930644523243407,5.92
cpv,Cape Verde,2016,7881.30336,4.97,8.972248570189914,5.13
cpv,Cape Verde,2017,8234.56,4.62,9.016095210704622,4.97
cpv,Cape Verde,2018,8531.12962,4.43,9.051477060791626,4.62
cpv,Cape Verde,2019,9111.62993,3.83,9.117306890825535,4.43
cpv,Cape Verde,2020,7207.86854,6.37,8.882928561053046,3.83
cpv,Cape Verde,2021,7685.41921,5.88,8.947080203606612,6.37
cpv,Cape Verde,2022,8850.10669,4.13,9.088184793296541,5.88
cri,Costa Rica,1960,5331.41593,46.13,8.581372134788472,
cri,Costa Rica,1961,5248.16356,46.14,8.565633496296806,46.13
cri,Costa Rica,1962,5359.03512,44.98,8.586539222934842,46.14
cri,Costa Rica,1963,5553.83392,43.84,8.622243764646871,44.98
cri,Costa Rica,1964,5603.01134,42.69,8.631059471478995,43.84
cri,Costa Rica,1965,5924.04508,40.47,8.686774785081896,42.69
cri,Costa Rica,1966,6106.28356,39.37,8.717073611784178,40.47
cri,Costa Rica,1967,6235.12748,38.32,8.737954303775211,39.37
cri,Costa Rica,1968,6495.27017,36.25,8.778829524852364,38.32
cri,Costa Rica,1969,6666.72901,35.23,8.804884615324294,36.25
cri,Costa Rica,1970,6899.90299,33.3,8.839262631066227,35.23
cri,Costa Rica,1971,7125.94989,32.37,8.871498314145548,33.3
cri,Costa Rica,1972,7496.77637,30.53,8.922228389793121,32.37
cri,Costa Rica,1973,7831.50841,28.79,8.965910415386492,30.53
cri,Costa Rica,1974,8009.48631,27.97,8.988381906919777,28.79
cri,Costa Rica,1975,7923.55225,28.01,8.97759490066919,27.97
cri,Costa Rica,1976,8096.71299,27.22,8.999213454596221,28.01
cri,Costa Rica,1977,8540.35037,25.64,9.052557312873118,27.22
cri,Costa Rica,1978,8743.31109,24.89,9.076044240156024,25.64
cri,Costa Rica,1979,8879.8153,24.17,9.091536036220353,24.89
cri,Costa Rica,1980,8706.23705,24.12,9.071794950089824,24.17
cri,Costa Rica,1981,8684.63094,26.1,9.069310183817217,24.12
cri,Costa Rica,1982,8093.5912,26.34,8.998827817612252,26.1
cri,Costa Rica,1983,8258.83651,23.48,9.019038998240044,26.34
cri,Costa Rica,1984,8840.60292,19.37,9.087110356925837,23.48
cri,Costa Rica,1985,8809.87035,17.03,9.083628002590386,19.37
cri,Costa Rica,1986,9135.01045,13.43,9.119869612763287,17.03
cri,Costa Rica,1987,9454.01397,11.45,9.154194689033494,13.43
cri,Costa Rica,1988,9743.6999,11.45,9.18437619103533,11.45
cri,Costa Rica,1989,10308.61552,8.49,9.240735282833908,11.45
cri,Costa Rica,1990,10704.10096,8.8,9.27838221431157,8.49
cri,Costa Rica,1991,10686.90857,10.47,9.276774773234253,8.8
cri,Costa Rica,1992,11390.84762,8.51,9.340565471582801,10.47
cri,Costa Rica,1993,11899.82419,6.66,9.384278905040905,8.51
cri,Costa Rica,1994,12134.53143,5.55,9.4038105043126,6.66
cri,Costa Rica,1995,12339.65463,6.01,9.420573309223304,5.55
cri,Costa Rica,1996,12220.60694,6.64,9.410878899249958,6.01
cri,Costa Rica,1997,12612.74196,5.79,9.442462848620567,6.64
cri,Costa Rica,1998,13231.92109,4.58,9.490387453672534,5.79
cri,Costa Rica,1999,13514.25831,5.97,9.511500578181332,4.58
cri,Costa Rica,2000,13782.50564,6.14,9.531155359678339,5.97
cri,Costa Rica,2001,14029.94754,5.08,9.54894943395908,6.14
cri,Costa Rica,2002,14292.54159,4.53,9.567493113051682,5.08
cri,Costa Rica,2003,14704.92674,4.66,9.595937868996767,4.53
cri,Costa Rica,2004,15154.97314,4.44,9.626084017137973,4.66
cri,Costa Rica,2005,15556.8969,3.5,9.652259349823405,4.44
cri,Costa Rica,2006,16492.96127,3.28,9.710688979176432,3.5
cri,Costa Rica,2007,17639.71114,2.08,9.77790795414326,3.28
cri,Costa Rica,2008,18260.81572,2.22,9.812512825659388,2.08
cri,Costa Rica,2009,17895.99829,2.36,9.792332407617883,2.22
cri,Costa Rica,2010,18660.91982,1.69,9.834186766862754,2.36
cri,Costa Rica,2011,19254.91422,1.9,9.86552159129232,1.69
cri,Costa Rica,2012,19960.79333,1.85,9.901525295067588,1.9
cri,Costa Rica,2013,20232.26708,1.86,9.91503398913258,1.85
cri,Costa Rica,2014,20724.92177,1.74,9.939092205328096,1.86
cri,Costa Rica,2015,21254.78409,1.8,9.964337282660845,1.74
cri,Costa Rica,2016,21925.60008,1.6,9.99541018653517,1.8
cri,Costa Rica,2017,22622.55345,1.2,10.026702627914508,1.6
cri,Costa Rica,2018,23005.31215,1.66,10.043480431286907,1.2
cri,Costa Rica,2019,23364.78313,1.23,10.05898517325965,1.66
cri,Costa Rica,2020,22211.86139,2.5,10.008381722021479,1.23
cri,Costa Rica,2021,23852.9253,1.43,10.07966214288314,2.5
cri,Costa Rica,2022,24831.71935,1.12,10.11987712096998,1.43
cub,Cuba,1960,4503.00148,31.99,8.412499448971293,
cub,Cuba,1961,4641.80417,31.99,8.442858399386987,31.99
cub,Cuba,1962,4526.40686,33.39,8.417683716099353,31.99
cub,Cuba,1963,4528.89195,33.36,8.418232585907965,33.39
cub,Cuba,1964,4863.92736,29.61,8.48960148932396,33.36
cub,Cuba,1965,4784.46533,30.62,8.473129558876833,29.61
cub,Cuba,1966,4964.17088,29.59,8.510001569583743,30.62
cub,Cuba,1967,5470.40425,26.21,8.607107795793187,29.59
cub,Cuba,1968,5092.92947,29.6,8.535608478369316,26.21
cub,Cuba,1969,4977.31699,32.09,8.51264626780887,29.6
cub,Cuba,1970,4750.01383,40.18,8.465902808603396,32.09
cub,Cuba,1971,5075.36883,38.09,8.532154477131295,40.18
cub,Cuba,1972,5254.22106,37.44,8.566787043970194,38.09
cub,Cuba,1973,5664.12496,35.23,8.641907697277082,37.44
cub,Cuba,1974,5898.93337,34.0,8.682526828804516,35.23
cub,Cuba,1975,6137.98417,31.84,8.72225165616039,34.0
cub,Cuba,1976,6262.23771,31.28,8.742292861881287,31.84
cub,Cuba,1977,6510.88392,29.9,8.78123050478735,31.28
cub,Cuba,1978,6886.13539,28.36,8.837265305337478,29.9
cub,Cuba,1979,7043.3667,26.65,8.859841559271047,28.36
cub,Cuba,1980,6954.92651,28.3,8.847205537802795,26.65
cub,Cuba,1981,7531.42291,24.81,8.92683926841366,28.3
cub,Cuba,1982,7691.16274,24.81,8.947827252630354,24.81
cub,Cuba,1983,8112.91124,22.01,9.001212051869299,24.81
cub,Cuba,1984,8761.44281,19.5,9.078115874706066,22.01
cub,Cuba,1985,8934.07077,18.29,9.097627423304465,19.5
cub,Cuba,1986,8908.33703,17.77,9.094742862192309,18.29
cub,Cuba,1987,8629.46948,19.27,9.062938308259717,17.77
cub,Cuba,1988,8870.97716,18.03,9.090540233835727,19.27
cub,Cuba,1989,8918.49675,17.87,9.095882685587236,18.03
cub,Cuba,1990,8471.93653,19.17,9.04451439551569,17.87
cub,Cuba,1991,7200.58324,25.43,8.881917307278929,19.17
cub,Cuba,1992,6184.81198,30.37,8.729851885011245,25.43
cub,Cuba,1993,4862.05989,45.41,8.489217472776344,30.37
cub,Cuba,1994,4938.90404,42.41,8.504898731317661,45.41
cub,Cuba,1995,5297.96321,38.98,8.575077725678044,42.41
cub,Cuba,1996,6054.18387,32.04,8.708504860775559,38.98
cub,Cuba,1997,6420.08488,31.02,8.767186617780409,32.04
cub,Cuba,1998,6439.50432,31.47,8.77020684719204,31.02
cub,Cuba,1999,6872.32882,29.25,8.83525831176266,31.47
cub,Cuba,2000,7647.73734,24.27,8.942165110522234,29.25
cub,Cuba,2001,8119.34692,22.08,9.002005001349744,24.27
cub,Cuba,2002,8434.14926,21.11,9.040044131565132,22.08
cub,Cuba,2003,8752.4162,20.56,9.077085078375674,21.11
cub,Cuba,2004,8910.08077,19.61,9.094938585519166,20.56
cub,Cuba,2005,9263.86702,18.61,9.133876845219248,19.61
cub,Cuba,2006,10706.87063,14.32,9.278640929335669,18.61
cub,Cuba,2007,11208.20457,13.55,9.324401339991603,14.32
cub,Cuba,2008,12013.21478,11.3,9.393762554526004,13.55
cub,Cuba,2009,12573.85408,10.43,9.43937486397667,11.3
cub,Cuba,2010,13316.87827,8.75,9.496787552512705,10.43
cub,Cuba,2011,14025.43823,7.54,9.548627976248552,8.75
cub,Cuba,2012,14450.5742,7.21,9.578489429775304,7.54
cub,Cuba,2013,14938.46834,6.69,9.611694932681532,7.21
cub,Cuba,2014,15442.55814,6.47,9.6448824924974,6.69
cub,Cuba,2015,15970.94142,5.8,9.678526188751517,6.47
cub,Cuba,2016,16049.89524,5.98,9.683457601434057,5.8
cub,Cuba,2017,16347.49043,5.75,9.701829674024646,5.98
cub,Cuba,2018,16728.08835,5.48,9.724844522658367,5.75
cub,Cuba,2019,16736.99081,5.56,9.725376567430617,5.48
cub,Cuba,2020,14939.77245,6.51,9.611782227647122,5.56
cub,Cuba,2021,15200.76885,6.06,9.629101287791972,6.51
cub,Cuba,2022,15557.80294,5.97,9.652317588534041,6.06
cyp,Cyprus,1960,4327.03082,10.32,8.372636862917338,
cyp,Cyprus,1961,4715.23344,7.76,8.458553703916206,10.32
cyp,Cyprus,1962,5151.80754,5.31,8.547102910719964,7.76
cyp,Cyprus,1963,5373.2528,4.36,8.589188739687142,5.31
cyp,Cyprus,1964,4801.3902,6.41,8.476660779962758,4.36
cyp,Cyprus,1965,5791.29336,3.16,8.664110923860179,6.41
cyp,Cyprus,1966,6096.19346,2.55,8.715419832427225,3.16
cyp,Cyprus,1967,6830.27251,1.62,8.829119850744002,2.55
cyp,Cyprus,1968,7081.21104,1.28,8.865200222907696,1.62
cyp,Cyprus,1969,7659.21647,0.93,8.943664968991062,1.28
cyp,Cyprus,1970,7794.31448,0.92,8.961149834071056,0.93
cyp,Cyprus,1971,8683.05254,0.56,9.069128420946404,0.92
cyp,Cyprus,1972,9143.99961,0.48,9.120853162823726,0.56
cyp,Cyprus,1973,9230.83164,0.48,9.13030442527979,0.48
cyp,Cyprus,1974,8366.06719,0.62,9.031939183287129,0.48
cyp,Cyprus,1975,7059.36172,1.17,8.862109918468233,0.62
cyp,Cyprus,1976,8435.12351,0.57,9.040159637433627,1.17
cyp,Cyprus,1977,9757.38148,0.39,9.185779352427067,0.57
cyp,Cyprus,1978,10443.52954,0.32,9.253737882845018,0.39
cyp,Cyprus,1979,11378.21994,0.27,9.339456275410283,0.32
cyp,Cyprus,1980,11911.00284,0.24,9.385217860315933,0.27
cyp,Cyprus,1981,12769.47989,0.23,9.454813219144668,0.24
cyp,Cyprus,1982,13914.34962,0.19,9.540675933377909,0.23
cyp,Cyprus,1983,14826.1768,0.17,9.60414960014219,0.19
cyp,Cyprus,1984,16302.08694,0.16,9.699048411728146,0.17
cyp,Cyprus,1985,17244.95414,0.16,9.755274866045863,0.16
cyp,Cyprus,1986,17985.31635,0.15,9.797310945633077,0.16
cyp,Cyprus,1987,19394.01708,0.15,9.872719899548851,0.15
cyp,Cyprus,1988,21364.1421,0.14,9.969469192813687,0.15
cyp,Cyprus,1989,23485.43961,0.13,10.064135917042554,0.14
cyp,Cyprus,1990,25494.36518,0.12,10.14621273339498,0.13
cyp,Cyprus,1991,25192.58349,0.12,10.134304924230637,0.12
cyp,Cyprus,1992,27005.16217,0.12,10.203783318193185,0.12
cyp,Cyprus,1993,26707.0674,0.13,10.192683505991582,0.12
cyp,Cyprus,1994,27865.32462,0.12,10.235138349675596,0.13
cyp,Cyprus,1995,29909.31259,0.1,10.305925168745379,0.12
cyp,Cyprus,1996,29960.92,0.1,10.307649144769833,0.1
cyp,Cyprus,1997,30461.4128,0.1,10.324216007514046,0.1
cyp,Cyprus,1998,32029.12605,0.09,10.374400956873474,0.1
cyp,Cyprus,1999,33393.99497,0.09,10.41613137148303,0.09
cyp,Cyprus,2000,35146.08645,0.09,10.46726855249114,0.09
cyp,Cyprus,2001,36270.17002,0.09,10.498750919886584,0.09
cyp,Cyprus,2002,37316.81467,0.09,10.527199299496527,0.09
cyp,Cyprus,2003,37960.10239,0.08,10.544290950033188,0.09
cyp,Cyprus,2004,39451.72924,0.08,10.582833159026913,0.08
cyp,Cyprus,2005,40867.72119,0.01,10.618095817479958,0.08
cyp,Cyprus,2006,42205.32005,0.01,10.650301559613805,0.01
cyp,Cyprus,2007,43535.21052,0.01,10.681325326900502,0.01
cyp,Cyprus,2009,42175.14639,0.1,10.649586378421779,0.01
cyp,Cyprus,2010,42103.49219,0.03,10.647885966111557,0.1
cyp,Cyprus,2011,41213.87109,0.01,10.626530155616402,0.03
cyp,Cyprus,2013,36694.82813,0.08,10.510391101223815,0.01
cyp,Cyprus,2014,36442.01172,0.08,10.50347755621671,0.08
cyp,Cyprus,2015,37903.125,0.01,10.542788841497245,0.08
cyp,Cyprus,2016,40209.86328,0.03,10.601867599736323,0.01
cyp,Cyprus,2017,42128.56641,0.01,10.64848132662292,0.03
cyp,Cyprus,2018,44227.91016,0.02,10.697111320367835,0.01
cyp,Cyprus,2019,46195.59375,0.15,10.740639699144877,0.02
cyp,Cyprus,2020,44203.89063,0.02,10.696568087495134,0.15
cyp,Cyprus,2021,48781.27734,0.01,10.795101857158928,0.02
cyp,Cyprus,2022,51588.44531,0.01,10.851052998293238,0.01
cze,Czech Republic,1960,11088.73092,0.45,9.313684639170482,
cze,Czech Republic,1961,11412.17287,0.38,9.34243586030839,0.45
cze,Czech Republic,1962,11483.53063,0.36,9.348669168758176,0.38
cze,Czech Republic,1963,11177.54137,0.38,9.321661809286704,0.36
cze,Czech Republic,1964,11597.99888,0.3,9.358587851868007,0.38
cze,Czech Republic,1965,11925.57213,0.26,9.386440291964156,0.3
cze,Czech Republic,1966,12350.73773,0.22,9.421471075494718,0.26
cze,Czech Republic,1967,12808.02005,0.19,9.457826820103183,0.22
cze,Czech Republic,1968,13335.1309,0.15,9.498157252840901,0.19
cze,Czech Republic,1969,13588.22739,0.14,9.516959063759234,0.15
cze,Czech Republic,1970,13797.86745,0.12,9.532269326595207,0.14
cze,Czech Republic,1971,14555.03093,0.09,9.585691981220407,0.12
cze,Czech Republic,1972,15352.0885,0.07,9.639006802392128,0.09
cze,Czech Republic,1973,16078.98074,0.06,9.685268153908009,0.07
cze,Czech Republic,1974,16842.51275,0.05,9.731661489848037,0.06
cze,Czech Republic,1975,17763.23107,0.04,9.784885929616092,0.05
cze,Czech Republic,1976,18453.9675,0.03,9.823034667001153,0.04
cze,Czech Republic,1977,19076.41237,0.02,9.856207896399816,0.03
cze,Czech Republic,1978,19876.68998,0.01,9.897302966347901,0.02
cze,Czech Republic,1979,20167.98305,0.01,9.911851628427101,0.01
cze,Czech Republic,1994,23407.15139,0.02,10.06079686961232,0.01
cze,Czech Republic,1995,25066.20402,0.03,10.12927576445056,0.02
cze,Czech Republic,1996,26335.7542,0.03,10.178682770201164,0.03
cze,Czech Republic,1997,26381.68137,0.02,10.180425160783054,0.03
cze,Czech Republic,1998,26476.22833,0.01,10.18400256523849,0.02
cze,Czech Republic,1999,27034.95194,0.01,10.204885824118945,0.01
cze,Czech Republic,2005,35070.80206,0.01,10.465124213132185,0.01
cze,Czech Republic,2006,37423.03942,0.03,10.530041821008439,0.01
cze,Czech Republic,2007,39364.57918,0.11,10.58062168535439,0.03
cze,Czech Republic,2008,40164.41046,0.04,10.600736570546749,0.11
cze,Czech Republic,2009,38104.15407,0.02,10.548078585880038,0.04
cze,Czech Republic,2010,39097.38862,0.04,10.573810956530815,0.02
cze,Czech Republic,2011,39708.16263,0.05,10.589312053349458,0.04
cze,Czech Republic,2012,39347.0493,0.04,10.580176265011085,0.05
cze,Czech Republic,2013,39317.55357,0.03,10.579426353861567,0.04
cze,Czech Republic,2015,42066.57598,0.01,10.647008784634348,0.03
cze,Czech Republic,2017,45177.52261,0.01,10.71835495474256,0.01
cze,Czech Republic,2018,46301.08204,0.01,10.74292060999563,0.01
cze,Czech Republic,2021,47796.03374,0.03,10.774697938886208,0.01
cze,Czech Republic,2022,48390.66168,0.03,10.787062133593443,0.03
deu,Germany,1960,15008.53361,0.16,9.616374225651255,
deu,Germany,1961,15461.63548,0.14,9.64611710438586,0.16
deu,Germany,1962,15940.38659,0.12,9.676611204873197,0.14
deu,Germany,1963,16180.30526,0.11,9.691550056936366,0.12
deu,Germany,1964,16954.25538,0.09,9.738274136166853,0.11
deu,Germany,1965,17630.91694,0.07,9.777409284249302,0.09
deu,Germany,1966,17906.34679,0.06,9.79291049825776,0.07
deu,Germany,1967,17796.41441,0.06,9.786752278348441,0.06
deu,Germany,1968,18585.75124,0.04,9.830150503759986,0.06
deu,Germany,1969,19656.71041,0.03,9.886174055692795,0.04
deu,Germany,1970,20365.9555,0.02,9.921619937714985,0.03
deu,Germany,1971,20786.34907,0.02,9.942051755522224,0.02
deu,Germany,1972,21504.76899,0.01,9.976030003007152,0.02
deu,Germany,1973,22375.38639,0.01,10.015716811820766,0.01
deu,Germany,1974,22479.69225,0.01,10.0203676139673,0.01
deu,Germany,1975,22281.95624,0.01,10.01153249270027,0.01
deu,Germany,1976,23344.82027,0.01,10.058130408510548,0.01
deu,Germany,1994,43202.63203,0.13,10.673656698996622,0.01
deu,Germany,1995,43965.05515,0.06,10.69115039621923,0.13
deu,Germany,2003,49816.02816,0.01,10.816092061832359,0.06
deu,Germany,2014,59239.3401,0.01,10.989341128886876,0.01
deu,Germany,2017,61991.49731,0.08,11.034752514461367,0.01
deu,Germany,2018,62495.49895,0.01,11.04284981633116,0.08
deu,Germany,2019,62970.71609,0.06,11.050425073341266,0.01
deu,Germany,2020,60342.6627,0.09,11.007794640012548,0.06
deu,Germany,2021,62530.76532,0.08,11.043413959731607,0.09
deu,Germany,2022,62931.96841,0.08,11.049809555389807,0.08
dji,Djibouti,1960,5912.81495,4.76,8.684877299880416,
dji,Djibouti,1961,5975.74518,4.79,8.69546408534127,4.76
dji,Djibouti,1962,5916.58249,4.78,8.685514279091993,4.79
dji,Djibouti,1963,5991.55671,4.45,8.698106542153301,4.78
dji,Djibouti,1964,5961.19105,4.46,8.693025580697949,4.45
dji,Djibouti,1965,5973.2889,4.48,8.695052959217074,4.46
dji,Djibouti,1966,6020.95347,4.16,8.70300090948242,4.48
dji,Djibouti,1967,6033.19608,4.18,8.70503217915577,4.16
dji,Djibouti,1968,6017.05771,4.18,8.702353666332742,4.18
dji,Djibouti,1969,6026.18944,4.19,8.703870156301985,4.18
dji,Djibouti,1970,7188.75025,2.45,8.880272617804524,4.19
dji,Djibouti,1971,7282.23393,2.26,8.89319295263577,2.45
dji,Djibouti,1972,7184.08936,2.45,8.879624048657458,2.26
dji,Djibouti,1973,7178.50052,2.45,8.878845799006278,2.45
dji,Djibouti,1974,6540.4747,3.12,8.785765025915005,2.45
dji,Djibouti,1975,6825.47856,2.67,8.828417736276279,3.12
dji,Djibouti,1976,6901.59461,2.47,8.83950776678374,2.67
dji,Djibouti,1977,5579.56302,4.58,8.626865740480868,2.47
dji,Djibouti,1978,4682.96779,7.19,8.451687331090275,4.58
dji,Djibouti,1979,4526.54448,7.75,8.41771411944404,7.19
dji,Djibouti,1980,4395.78281,8.34,8.388400908024547,7.75
dji,Djibouti,1981,4317.95701,8.66,8.370537655027045,8.34
dji,Djibouti,1982,4268.91477,8.87,8.359114921695696,8.66
dji,Djibouti,1983,4205.39506,9.35,8.344123518053472,8.87
dji,Djibouti,1984,4135.91679,9.41,8.327464297513933,9.35
dji,Djibouti,1985,3980.54516,9.71,8.289174063772654,9.41
dji,Djibouti,1986,3723.4844,10.69,8.222415175535371,9.71
dji,Djibouti,1987,3519.47695,10.97,8.166067663800998,10.69
dji,Djibouti,1988,3360.30455,11.2,8.119786888730657,10.97
dji,Djibouti,1989,3072.00504,13.03,8.030085734891218,11.2
dji,Djibouti,1990,3044.7133,13.94,8.021162021359803,13.03
dji,Djibouti,1991,2808.72587,15.43,7.9404862324524,13.94
dji,Djibouti,1992,2887.77227,15.58,7.96824064302547,15.43
dji,Djibouti,1993,2822.36287,17.71,7.945329710255416,15.58
dji,Djibouti,1994,2787.40648,18.06,7.932866865429784,17.71
dji,Djibouti,1995,2748.777,19.65,7.9189113644673865,18.06
dji,Djibouti,1996,2612.43559,21.04,7.868038241423684,19.65
dji,Djibouti,1997,2563.97073,22.27,7.849312402218771,21.04
dji,Djibouti,1998,2502.17419,22.98,7.824915308907233,22.27
dji,Djibouti,1999,2521.82882,22.93,7.832739639518656,22.98
dji,Djibouti,2000,2521.51529,23.55,7.832615305349277,22.93
dji,Djibouti,2001,2557.02477,23.73,7.846599662377626,23.55
dji,Djibouti,2002,2620.20795,23.09,7.8710089638345,23.73
dji,Djibouti,2003,2722.54103,23.33,7.909320925400624,23.09
dji,Djibouti,2004,2839.82841,22.93,7.951498910315865,23.33
dji,Djibouti,2005,2968.8721,22.81,7.995937395358253,22.93
dji,Djibouti,2006,3170.59332,22.19,8.061674016550162,22.81
dji,Djibouti,2007,3368.59384,21.78,8.122250678109761,22.19
dji,Djibouti,2008,3583.51384,21.03,8.184099117572462,21.78
dji,Djibouti,2009,3618.53052,21.2,8.19382328870477,21.03
dji,Djibouti,2010,3762.14345,20.99,8.232744140447126,21.2
dji,Djibouti,2011,4054.74759,20.01,8.307643718002987,20.99
dji,Djibouti,2012,4258.08707,19.61,8.356575293811758,20.01
dji,Djibouti,2013,4469.0741,24.52,8.40493652968657,19.61
dji,Djibouti,2014,4705.04927,23.47,8.45639152380312,24.52
dji,Djibouti,2015,4961.86819,22.19,8.50953760001339,23.47
dji,Djibouti,2016,5226.50026,20.42,8.561497166719246,22.19
dji,Djibouti,2017,5421.95649,17.79,8.598212005312284,20.42
dji,Djibouti,2018,5590.50427,18.59,8.628824771382856,17.79
dji,Djibouti,2019,5809.30455,17.08,8.667216143886304,18.59
dji,Djibouti,2020,5791.47768,17.6,8.66414275044112,17.08
dji,Djibouti,2021,5960.10807,17.4,8.692843892445339,17.6
dji,Djibouti,2022,6180.67999,16.26,8.729183575143134,17.4
dma,Dominica,1960,1933.07354,75.48,7.566866522975087,
dma,Dominica,1961,1839.75058,77.78,7.517385287066884,75.48
dma,Dominica,1962,2101.13703,71.71,7.650233920041361,77.78
dma,Dominica,1963,2178.96844,70.38,7.686606851131607,71.71
dma,Dominica,1964,2270.65852,67.58,7.727825165321773,70.38
dma,Dominica,1965,1939.57984,75.47,7.570226651281532,67.58
dma,Dominica,1966,2149.18836,70.37,7.672845542871268,75.47
dma,Dominica,1967,2168.71815,70.37,7.681891557708369,70.37
dma,Dominica,1968,2124.10363,70.37,7.661105171190467,70.37
dma,Dominica,1969,2306.33243,66.12,7.743413849155527,70.37
dma,Dominica,1970,2497.8932,63.12,7.823202935568173,66.12
dma,Dominica,1971,2671.53459,58.4,7.890408339096149,63.12
dma,Dominica,1972,2871.84343,53.51,7.962709412665349,58.4
dma,Dominica,1973,3119.08591,48.48,8.045295260313114,53.51
dma,Dominica,1974,3333.60186,45.09,8.11180863806345,48.48
dma,Dominica,1975,3446.12334,43.38,8.145005208670216,45.09
dma,Dominica,1976,3693.30126,38.27,8.214275987479935,43.38
dma,Dominica,1977,3796.46694,36.18,8.241826160594828,38.27
dma,Dominica,1978,4224.26168,26.98,8.348599774224803,36.18
dma,Dominica,1979,3458.82874,41.67,8.148685296291953,26.98
dma,Dominica,1980,3962.33673,31.58,8.284589213551147,41.67
dma,Dominica,1981,4453.09522,23.86,8.401354688430159,31.58
dma,Dominica,1982,4843.59317,21.36,8.485412114771034,23.86
dma,Dominica,1983,5127.57246,19.92,8.542387621489786,21.36
dma,Dominica,1984,5558.1148,16.67,8.623014265000979,19.92
dma,Dominica,1985,5838.4442,15.09,8.672219636220806,16.67
dma,Dominica,1986,6431.10379,12.49,8.76890146501878,15.09
dma,Dominica,1987,7080.14906,9.36,8.865050240138457,12.49
dma,Dominica,1988,7948.90968,7.03,8.980790051073033,9.36
dma,Dominica,1989,8275.59278,6.66,9.021065832724913,7.03
dma,Dominica,1990,9089.07232,5.89,9.114828126958058,6.66
dma,Dominica,1991,9403.18294,5.6,9.14880352158075,5.89
dma,Dominica,1992,9756.3215,5.18,9.185670712872378,5.6
dma,Dominica,1993,10045.06334,4.85,9.214836582853843,5.18
dma,Dominica,1994,10210.51102,4.45,9.231172960836666,4.85
dma,Dominica,1995,10632.87836,4.24,9.2717062117286,4.45
dma,Dominica,1996,11146.90091,3.68,9.318916792962833,4.24
dma,Dominica,1997,11585.87961,3.45,9.357542360613458,3.68
dma,Dominica,1998,12195.58049,2.98,9.408828910173153,3.45
dma,Dominica,1999,12421.84869,3.05,9.427212192236818,2.98
dma,Dominica,2000,12874.84616,2.98,9.463030776722686,3.05
dma,Dominica,2001,13047.95775,2.79,9.476386906251463,2.98
dma,Dominica,2002,12779.05165,2.98,9.455562519387843,2.79
dma,Dominica,2003,13649.60702,2.64,9.521466010455084,2.98
dma,Dominica,2004,14299.28551,2.62,9.567964850664076,2.64
dma,Dominica,2005,14528.24573,2.64,9.583850014932612,2.62
dma,Dominica,2006,15283.57887,2.5,9.634534254536305,2.64
dma,Dominica,2007,16225.64409,1.95,9.694348238164956,2.5
dma,Dominica,2008,17510.53683,1.44,9.770558083290805,1.95
dma,Dominica,2009,17425.80862,1.44,9.765707640290893,1.44
dma,Dominica,2010,17516.78796,1.44,9.770915012065915,1.44
dma,Dominica,2011,17475.04111,1.44,9.76852891960282,1.44
dma,Dominica,2012,17431.1288,1.54,9.766012898321867,1.44
dma,Dominica,2013,17282.6368,1.54,9.757457623309573,1.54
dma,Dominica,2014,17520.85463,1.45,9.771147143551806,1.54
dma,Dominica,2015,16920.91266,1.54,9.736305571421832,1.45
dma,Dominica,2016,17364.0773,1.45,9.762158828148806,1.54
dma,Dominica,2017,16314.22956,1.96,9.699792985111285,1.45
dma,Dominica,2018,16877.12449,1.54,9.733714403520235,1.96
dma,Dominica,2019,17619.43354,1.45,9.776757750278724,1.54
dma,Dominica,2020,14919.53077,2.65,9.610426423531296,1.45
dma,Dominica,2021,15808.97435,2.24,9.668333054601355,2.65
dma,Dominica,2022,17550.80099,1.96,9.77285486830836,2.24
dnk,Denmark,1960,17159.03039,0.38,9.750279867366283,
dnk,Denmark,1961,18062.2703,0.34,9.80158052781891,0.38
dnk,Denmark,1962,18857.84673,0.33,9.844684378407484,0.34
dnk,Denmark,1963,18781.4487,0.33,9.840624890362152,0.33
dnk,Denmark,1964,20235.45674,0.29,9.915191628836794,0.33
dnk,Denmark,1965,20861.73305,0.26,9.945671805161332,0.29
dnk,Denmark,1966,21222.87613,0.26,9.962834941626232,0.26
dnk,Denmark,1967,21844.97483,0.24,9.991726189176129,0.26
dnk,Denmark,1968,22646.87082,0.22,10.027776967724703,0.24
dnk,Denmark,1969,23891.23001,0.2,10.081266725390458,0.22
dnk,Denmark,1970,24047.36956,0.19,10.087780895747583,0.2
dnk,Denmark,1971,24467.48271,0.18,10.105100278648043,0.19
dnk,Denmark,1972,25362.42173,0.17,10.141023898077066,0.18
dnk,Denmark,1973,26084.3426,0.16,10.169090512915412,0.17
dnk,Denmark,1974,25595.10682,0.16,10.150156472354356,0.16
dnk,Denmark,1975,25135.06469,0.17,10.132019149825373,0.16
dnk,Denmark,1976,26499.84085,0.15,10.184894006295902,0.17
dnk,Denmark,1977,26768.79032,0.13,10.194991947596495,0.15
dnk,Denmark,1978,27085.54545,0.12,10.206755486342242,0.13
dnk,Denmark,1979,27923.56957,0.11,10.23722639863257,0.12
dnk,Denmark,1980,27653.15849,0.11,10.22749523152968,0.11
dnk,Denmark,1981,28805.21439,0.12,10.268311704943855,0.11
dnk,Denmark,1982,30861.56087,0.11,10.337266703704827,0.12
dnk,Denmark,1983,32384.45209,0.11,10.385433712838726,0.11
dnk,Denmark,1984,34543.92497,0.09,10.449986980739723,0.11
dnk,Denmark,1985,36699.50547,0.08,10.510518559019994,0.09
dnk,Denmark,1986,38753.83379,0.05,10.564984966403728,0.08
dnk,Denmark,1987,39506.14622,0.06,10.58421153929104,0.05
dnk,Denmark,1988,40674.22356,0.21,10.613349843029813,0.06
dnk,Denmark,1989,42051.648,0.54,10.646653856071893,0.21
dnk,Denmark,1990,43847.72888,0.53,10.688478203528584,0.54
dnk,Denmark,1991,44530.88861,0.19,10.70393835342767,0.53
dnk,Denmark,1992,45437.3738,0.02,10.724090256830477,0.19
dnk,Denmark,1993,45416.42687,0.02,10.723629143916837,0.02
dnk,Denmark,1994,47819.46913,0.18,10.775188139528696,0.02
dnk,Denmark,2001,57085.17502,0.1,10.952299730060007,0.18
dnk,Denmark,2002,57276.5858,0.19,10.955647194411124,0.1
dnk,Denmark,2003,57474.14866,0.24,10.959090537168482,0.19
dnk,Denmark,2004,59009.8913,0.26,10.98546035798885,0.24
dnk,Denmark,2005,60326.06387,0.19,11.007519525978008,0.26
dnk,Denmark,2006,62510.52475,0.1,11.043090217547478,0.19
dnk,Denmark,2007,62919.9468,0.05,11.049618511653739,0.1
dnk,Denmark,2008,62352.38563,0.18,11.040557212284796,0.05
dnk,Denmark,2009,58986.51834,0.35,10.98506419406527,0.18
dnk,Denmark,2010,59696.35452,0.04,10.997026234199671,0.35
dnk,Denmark,2013,60583.4065,0.23,11.011776314429815,0.04
dnk,Denmark,2014,61047.33372,0.13,11.019404804875053,0.23
dnk,Denmark,2015,61893.24606,0.18,11.033166342218896,0.13
dnk,Denmark,2016,63299.33777,0.25,11.055630146308191,0.18
dnk,Denmark,2017,64815.73078,0.12,11.079303611829797,0.25
dnk,Denmark,2018,65694.75913,0.14,11.092774431580123,0.12
dnk,Denmark,2019,66580.18814,0.23,11.10616233689853,0.14
dnk,Denmark,2020,65204.54932,0.16,11.08528452032722,0.23
dnk,Denmark,2021,69715.18097,0.11,11.152173377480302,0.16
dnk,Denmark,2022,70233.64023,0.11,11.159582680787144,0.11
dom,Dominican Republic,1960,2685.06752,21.57,7.895461153740376,
dom,Dominican Republic,1961,2539.96682,22.45,7.839906296935134,21.57
dom,Dominican Republic,1962,2881.33213,19.29,7.966008011327853,22.45
dom,Dominican Republic,1963,2967.77108,17.85,7.995566471932594,19.29
dom,Dominican Republic,1964,3057.90612,17.14,8.025485686213965,17.85
dom,Dominican Republic,1965,2608.07612,21.66,7.866368109737173,17.14
dom,Dominican Republic,1966,2843.29056,18.56,7.952717308328143,21.66
dom,Dominican Republic,1967,2835.43988,18.59,7.949952364619535,18.56
dom,Dominican Republic,1968,2750.38863,19.38,7.919497500675886,18.59
dom,Dominican Republic,1969,2945.95643,17.21,7.988188807368063,19.38
dom,Dominican Republic,1970,3243.68228,15.26,8.08446446962498,17.21
dom,Dominican Republic,1971,3491.18203,13.5,8.15799564839819,15.26
dom,Dominican Republic,1972,3783.39753,11.92,8.238377702379418,13.5
dom,Dominican Republic,1973,4139.0041,10.02,8.328210482325677,11.92
dom,Dominican Republic,1974,4266.49223,9.59,8.358547276810091,10.02
dom,Dominican Republic,1975,4361.72475,9.18,8.380622842982403,9.59
dom,Dominican Republic,1976,4536.78568,8.36,8.419974040285032,9.18
dom,Dominican Republic,1977,4640.88496,7.97,8.442660351172696,8.36
dom,Dominican Republic,1978,4627.84909,7.99,8.439847479743884,7.97
dom,Dominican Republic,1979,4715.3704,7.61,8.45858274977633,7.99
dom,Dominican Republic,1980,4932.7044,7.24,8.503642676470518,7.61
dom,Dominican Republic,1981,5294.14073,7.06,8.574355965357793,7.24
dom,Dominican Republic,1982,5460.32953,7.19,8.605264420397607,7.06
dom,Dominican Republic,1983,5719.976,6.84,8.651719888560846,7.19
dom,Dominican Republic,1984,5778.13687,6.99,8.661836568873001,6.84
dom,Dominican Republic,1985,5644.89192,7.58,8.63850633025344,6.99
dom,Dominican Republic,1986,5792.6855,7.41,8.664351279962952,7.58
dom,Dominican Republic,1987,6308.77127,10.47,8.749696209156616,7.41
dom,Dominican Republic,1988,6448.23418,14.23,8.771561601765187,10.47
dom,Dominican Republic,1989,6959.77875,17.68,8.847902964030087,14.23
dom,Dominican Republic,1990,6665.59455,16.57,8.804714433435498,17.68
dom,Dominican Republic,1991,6657.0443,13.43,8.803430866227803,16.57
dom,Dominican Republic,1992,7227.84269,8.07,8.885695887501845,13.43
dom,Dominican Republic,1993,7682.76033,7.35,8.946734179535301,8.07
dom,Dominican Republic,1994,7798.96874,7.39,8.961746791116285,7.35
dom,Dominican Republic,1995,8156.58946,6.77,9.00658140225589,7.39
dom,Dominican Republic,1996,8572.83191,6.27,9.056353401581138,6.77
dom,Dominican Republic,1997,9225.3976,6.38,9.12971556825094,6.27
dom,Dominican Republic,1998,9750.78017,6.48,9.185102578226566,6.38
dom,Dominican Republic,1999,10237.80096,7.06,9.233842125531416,6.48
dom,Dominican Republic,2000,10613.62976,7.05,9.269894280548426,7.06
dom,Dominican Republic,2001,10748.1998,6.02,9.282493559067623,7.05
dom,Dominican Republic,2002,11126.98037,8.05,9.317128101978918,6.02
dom,Dominican Republic,2003,10872.45789,8.8,9.293988071390023,8.05
dom,Dominican Republic,2004,11023.51759,12.35,9.307786232317715,8.8
dom,Dominican Republic,2005,11937.99638,8.41,9.387481565495177,12.35
dom,Dominican Republic,2006,12911.00071,7.04,9.465834995166585,8.41
dom,Dominican Republic,2007,13729.57546,6.59,9.527307577672167,7.04
dom,Dominican Republic,2008,14019.31898,6.01,9.548191584515774,6.59
dom,Dominican Republic,2009,13990.26825,4.96,9.546117241885993,6.01
dom,Dominican Republic,2010,14975.00101,4.89,9.61413749042939,4.96
dom,Dominican Republic,2011,15258.08581,4.42,9.632864858569345,4.89
dom,Dominican Republic,2012,15487.27764,4.42,9.647774168449342,4.42
dom,Dominican Republic,2013,16054.76773,3.67,9.683761139274772,4.42
dom,Dominican Republic,2014,16993.58744,3.42,9.740591342465223,3.67
dom,Dominican Republic,2015,17973.18703,2.78,9.796636316862694,3.42
dom,Dominican Republic,2016,18968.97524,2.49,9.850560041438296,2.78
dom,Dominican Republic,2017,19501.87431,1.26,9.878265858394293,2.49
dom,Dominican Republic,2018,20662.84859,0.87,9.936092612646378,1.26
dom,Dominican Republic,2019,21451.28644,0.91,9.973539896450575,0.87
dom,Dominican Republic,2020,19545.40996,1.19,9.880495753192548,0.91
dom,Dominican Republic,2021,22053.45899,1.05,10.001224738866918,1.19
dom,Dominican Republic,2022,22986.95808,0.82,10.042682294083306,1.05
dza,Algeria,1960,4817.39614,18.6,8.479988841156281,
dza,Algeria,1961,4311.90546,23.31,8.369135187487627,18.6
dza,Algeria,1962,3210.70758,37.86,8.074246621739501,23.31
dza,Algeria,1963,3966.26478,27.2,8.285580069332315,37.86
dza,Algeria,1964,4129.25551,24.46,8.325852405783067,27.2
dza,Algeria,1965,4327.74364,21.88,8.372801585869947,24.46
dza,Algeria,1966,3981.30004,25.7,8.289363688158282,21.88
dza,Algeria,1967,4257.66176,23.04,8.356475405943094,25.7
dza,Algeria,1968,4617.66339,19.37,8.437644096395928,23.04
dza,Algeria,1969,4911.1349,16.02,8.499260334609241,19.37
dza,Algeria,1970,5261.56648,13.99,8.568184071281125,16.02
dza,Algeria,1971,4671.93285,18.09,8.449328151545183,13.99
dza,Algeria,1972,5536.87644,11.21,8.619185801240764,18.09
dza,Algeria,1973,5602.43567,11.17,8.630956723235219,11.21
dza,Algeria,1974,5733.68075,10.29,8.654112968227809,11.17
dza,Algeria,1975,5946.10935,8.68,8.690492393903572,10.29
dza,Algeria,1976,6160.88078,7.9,8.725975030072595,8.68
dza,Algeria,1977,6553.95899,6.45,8.7878245719917,7.9
dza,Algeria,1978,7106.10454,4.56,8.868709487984159,6.45
dza,Algeria,1979,7477.77487,3.47,8.919690549440656,4.56
dza,Algeria,1980,7360.63927,3.43,8.903902065287998,3.47
dza,Algeria,1981,7752.9392,3.64,8.95582730206258,3.43
dza,Algeria,1982,8315.72291,3.87,9.025903328316957,3.64
dza,Algeria,1983,8723.61297,3.53,9.073788762513482,3.87
dza,Algeria,1984,9171.2838,3.18,9.123832555451425,3.53
dza,Algeria,1985,9520.83224,2.94,9.161237544132558,3.18
dza,Algeria,1986,9397.12329,3.49,9.148158888441724,2.94
dza,Algeria,1987,9299.41344,4.69,9.137706606184548,3.49
dza,Algeria,1988,9133.7044,6.53,9.119726630619994,4.69
dza,Algeria,1989,9622.1214,5.99,9.171820039099366,6.53
dza,Algeria,1990,9808.17009,6.45,9.190970999991364,5.99
dza,Algeria,1991,9646.82978,6.42,9.174384620151192,6.45
dza,Algeria,1992,9755.45558,6.21,9.185581954170695,6.42
dza,Algeria,1993,9485.44217,6.17,9.157513499100144,6.21
dza,Algeria,1994,9345.85996,6.82,9.142688739197759,6.17
dza,Algeria,1995,9650.07633,6.05,9.17472110414631,6.82
dza,Algeria,1996,9987.59876,5.58,9.209099478386092,6.05
dza,Algeria,1997,10043.73117,5.33,9.214703954686305,5.58
dza,Algeria,1998,10513.70897,4.47,9.260435300760413,5.33
dza,Algeria,1999,10814.28121,4.13,9.288622873857591,4.47
dza,Algeria,2000,11174.92144,3.56,9.32142738947943,4.13
dza,Algeria,2001,11448.35008,3.04,9.345600900782705,3.56
dza,Algeria,2002,11995.66873,2.52,9.392300924449252,3.04
dza,Algeria,2003,12691.81772,1.84,9.448712790797243,2.52
dza,Algeria,2004,13141.18565,1.53,9.483506520083607,1.84
dza,Algeria,2005,13707.76136,1.14,9.525717474030593,1.53
dza,Algeria,2006,13917.79015,0.94,9.540923167693771,1.14
dza,Algeria,2007,14137.48114,0.71,9.556584786382814,0.94
dza,Algeria,2008,14237.54472,0.45,9.563637748751383,0.71
dza,Algeria,2009,14128.60865,0.27,9.555957003031292,0.45
dza,Algeria,2010,14496.42113,0.11,9.581657079323248,0.27
ecu,Ecuador,1960,4519.08842,35.79,8.416065575495587,
ecu,Ecuador,1961,4516.49392,35.88,8.415491290413856,35.79
ecu,Ecuador,1962,4598.25776,34.71,8.433432762908026,35.88
ecu,Ecuador,1963,4554.33959,34.75,8.423835813452644,34.71
ecu,Ecuador,1964,4721.59746,33.61,8.459902466235294,34.75
ecu,Ecuador,1965,4901.77672,31.36,8.497353014295072,33.61
ecu,Ecuador,1966,4858.35383,31.4,8.488454941409609,31.36
ecu,Ecuador,1967,4971.50539,30.32,8.511477968599365,31.4
ecu,Ecuador,1968,5042.16589,30.33,8.525591008832958,30.32
ecu,Ecuador,1969,5076.20904,29.48,8.532320010019419,30.33
ecu,Ecuador,1970,5236.29392,28.46,8.563369259908093,29.48
ecu,Ecuador,1971,5364.99775,27.51,8.58765123567981,28.46
ecu,Ecuador,1972,5478.29855,26.54,8.608549848155414,27.51
ecu,Ecuador,1973,5993.5916,23.72,8.69844611075386,26.54
ecu,Ecuador,1974,6285.49694,22.11,8.74600018551999,23.72
ecu,Ecuador,1975,6577.40633,20.59,8.79139577184003,22.11
ecu,Ecuador,1976,6917.48163,19.12,8.84180705607389,20.59
ecu,Ecuador,1977,6960.2119,19.14,8.847965198267312,19.12
ecu,Ecuador,1978,7167.70442,17.77,8.87734071775543,19.14
ecu,Ecuador,1979,7257.62482,17.83,8.889807894510792,17.77
ecu,Ecuador,1980,7320.96798,17.19,8.89849783591764,17.83
ecu,Ecuador,1981,7768.5526,17.56,8.957839145443034,17.19
ecu,Ecuador,1982,7898.67856,17.87,8.974450753577702,17.56
ecu,Ecuador,1983,7652.37518,18.86,8.942771359677067,17.87
ecu,Ecuador,1984,7918.07166,18.85,8.97690297789034,18.86
ecu,Ecuador,1985,8197.46344,18.59,9.011580048812547,18.85
ecu,Ecuador,1986,8331.19734,18.02,9.027762463126848,18.59
ecu,Ecuador,1987,7750.27996,18.75,8.95548424556591,18.02
ecu,Ecuador,1988,8548.22737,18.16,9.053479215289778,18.75
ecu,Ecuador,1989,8589.51253,18.18,9.058297264823223,18.16
ecu,Ecuador,1990,8869.60584,17.98,9.090385636886715,18.18
ecu,Ecuador,1991,9127.24965,17.69,9.119019685051745,17.98
ecu,Ecuador,1992,9206.99814,17.6,9.127719141267624,17.69
ecu,Ecuador,1993,9224.62462,17.67,9.129631776481887,17.6
ecu,Ecuador,1994,9441.99823,17.04,9.15292291364593,17.67
ecu,Ecuador,1995,9482.59963,18.17,9.15721378023077,17.04
ecu,Ecuador,1996,9475.2017,18.12,9.156433317322994,18.17
ecu,Ecuador,1997,9711.34345,19.16,9.181049909078416,18.12
ecu,Ecuador,1998,9856.31187,19.19,9.195867327926903,19.16
ecu,Ecuador,1999,9235.34312,21.34,9.130793046247414,19.19
ecu,Ecuador,2000,9189.07161,27.74,9.125770188483905,21.34
ecu,Ecuador,2001,9420.20124,20.91,9.150611730399547,27.74
ecu,Ecuador,2002,9712.47644,16.55,9.181166568932936,20.91
ecu,Ecuador,2003,9819.84503,15.06,9.192160620164927,16.55
ecu,Ecuador,2004,10319.22268,15.19,9.241763714493306,15.06
ecu,Ecuador,2005,10685.98054,12.19,9.276687931441757,15.19
ecu,Ecuador,2006,10958.56386,8.51,9.301876517244681,12.19
ecu,Ecuador,2007,10976.96621,8.54,9.303554375428046,8.51
ecu,Ecuador,2008,11493.50756,7.76,9.34953759492734,8.54
ecu,Ecuador,2009,11413.55564,7.23,9.342557019201617,7.76
ecu,Ecuador,2010,11665.69786,6.18,9.364408007783954,7.23
ecu,Ecuador,2011,12449.07855,4.6,9.429401887105634,6.18
ecu,Ecuador,2012,12961.02674,4.95,9.469702190533662,4.6
ecu,Ecuador,2013,13689.15205,3.48,9.524358976992369,4.95
ecu,Ecuador,2014,14064.79922,2.96,9.551430445670983,3.48
ecu,Ecuador,2015,13881.57007,3.74,9.53831734509866,2.96
ecu,Ecuador,2016,13586.51608,3.9,9.516833115192018,3.74
ecu,Ecuador,2017,14179.15375,3.41,9.55952811917972,3.9
ecu,Ecuador,2018,14083.507,3.37,9.552759675402127,3.41
ecu,Ecuador,2019,13870.48951,3.46,9.5375188054042,3.37
ecu,Ecuador,2020,12440.32637,6.43,9.42869860147957,3.46
ecu,Ecuador,2021,13507.44456,3.94,9.510996261323346,6.43
ecu,Ecuador,2022,14186.63885,3.59,9.560055874584215,3.94
egy,Egypt,1960,2036.91939,69.04,7.619193842542453,
egy,Egypt,1961,2104.37459,65.34,7.651773595083125,69.04
egy,Egypt,1962,2158.03629,63.39,7.676953962173441,65.34
egy,Egypt,1963,2220.44915,61.4,7.70546477422225,63.39
egy,Egypt,1964,2382.06523,55.19,7.775723134091093,61.4
egy,Egypt,1965,2460.74198,53.04,7.808218201335057,55.19
egy,Egypt,1966,2404.90635,55.14,7.785266242072752,53.04
egy,Egypt,1967,2321.32153,57.22,7.749891927485618,55.14
egy,Egypt,1968,2341.26154,55.09,7.758445182737074,57.22
egy,Egypt,1969,2462.0001,50.78,7.8087293473617825,55.09
egy,Egypt,1970,2693.03494,44.28,7.8984240671054495,50.78
egy,Egypt,1971,2741.47062,42.1,7.916249778025781,44.28
egy,Egypt,1972,2762.99573,42.06,7.924070779500579,42.1
egy,Egypt,1973,2756.11795,42.01,7.921578428750417,42.06
egy,Egypt,1974,2784.55714,39.84,7.931844123558985,42.01
egy,Egypt,1975,2932.1491,35.63,7.983490914373889,39.84
egy,Egypt,1976,3283.32485,27.71,8.096611861738342,35.63
egy,Egypt,1977,3526.98331,22.27,8.168198198157944,27.71
egy,Egypt,1978,3694.56117,18.85,8.214617063135892,22.27
egy,Egypt,1979,3922.76589,15.79,8.274552268160692,18.85
egy,Egypt,1980,4202.91027,11.72,8.34353248574082,15.79
egy,Egypt,1981,4416.12398,12.34,8.39301766274399,11.72
egy,Egypt,1982,4828.94611,11.0,8.482383526150887,12.34
egy,Egypt,1983,5213.44937,9.91,8.558996982856128,11.0
egy,Egypt,1984,5566.88508,8.49,8.624590944895171,9.91
egy,Egypt,1985,5921.01005,7.63,8.686262329878756,8.49
egy,Egypt,1986,6088.53987,7.48,8.71416357333656,7.63
egy,Egypt,1987,6298.38344,6.95,8.748048282627629,7.48
egy,Egypt,1988,6596.87103,6.37,8.79435072923641,6.95
egy,Egypt,1989,6858.06476,5.61,8.833180575964574,6.37
egy,Egypt,1990,7143.51701,5.62,8.873960512488072,5.61
egy,Egypt,1991,7173.79022,5.53,8.87818941595852,5.62
egy,Egypt,1992,7386.89506,5.1,8.907462771390197,5.53
egy,Egypt,1993,7536.18156,4.83,8.92747090832267,5.1
egy,Egypt,1994,7746.86118,4.27,8.955043031276825,4.83
egy,Egypt,1995,8014.82187,3.63,8.989047840217768,4.27
egy,Egypt,1996,8317.1324,2.91,9.026072810943614,3.63
egy,Egypt,1997,8655.44958,2.21,9.065944410801967,2.91
egy,Egypt,1998,8991.5405,1.53,9.104039469849125,2.21
egy,Egypt,1999,9372.82134,0.91,9.145569433431778,1.53
egy,Egypt,2000,9804.51932,0.84,9.19059871346137,0.91
egy,Egypt,2001,9999.27693,1.64,9.210268062361905,0.84
egy,Egypt,2002,10072.53787,2.44,9.217567976800305,1.64
egy,Egypt,2003,10208.25965,3.15,9.230952441193685,2.44
egy,Egypt,2004,10432.81398,3.65,9.252711308346395,3.15
egy,Egypt,2005,10701.49106,3.76,9.278138362143363,3.65
egy,Egypt,2006,11220.50957,3.67,9.325498594266437,3.76
egy,Egypt,2007,11799.37304,3.59,9.375801676838801,3.67
egy,Egypt,2008,12407.23243,3.43,9.426034842046715,3.59
egy,Egypt,2009,12739.69042,2.26,9.452477628987895,3.43
egy,Egypt,2010,13128.98783,1.86,9.482577875978086,2.26
egy,Egypt,2011,13082.42637,1.4,9.479025110101345,1.86
egy,Egypt,2012,13076.80524,1.2,9.478595347471439,1.4
egy,Egypt,2013,13058.07482,1.24,9.477161981550964,1.2
egy,Egypt,2014,13136.36563,1.28,9.483139665500948,1.24
egy,Egypt,2015,13425.91196,1.15,9.504941847051306,1.28
egy,Egypt,2016,13727.32016,1.93,9.52714329835696,1.15
egy,Egypt,2017,14018.36059,2.59,9.548123220085115,1.93
egy,Egypt,2018,14488.20943,2.73,9.581090454870147,2.59
egy,Egypt,2019,15026.56824,2.12,9.617575129331055,2.73
egy,Egypt,2020,15309.23599,1.9,9.636211584728562,2.12
egy,Egypt,2021,15579.01609,1.69,9.65368016531246,1.9
egy,Egypt,2022,16360.39078,1.41,9.702618496179532,1.69
eri,Eritrea,1960,925.38622,80.91,6.830211185504022,
eri,Eritrea,1961,940.21359,80.03,6.846107072856977,80.91
eri,Eritrea,1962,951.50667,79.11,6.85804669669587,80.03
eri,Eritrea,1963,967.12435,78.16,6.874327080774266,79.11
eri,Eritrea,1964,976.40723,78.16,6.883879743243541,78.16
eri,Eritrea,1965,1014.32784,76.15,6.921981445506014,78.16
eri,Eritrea,1966,1037.11589,75.09,6.944198957048076,76.15
eri,Eritrea,1967,1079.13418,72.86,6.9839143134116615,75.09
eri,Eritrea,1968,1107.17886,71.7,7.009570491473035,72.86
eri,Eritrea,1969,1117.37591,70.49,7.018738277816456,71.7
eri,Eritrea,1970,1071.1095,71.69,6.976450306117863,70.49
eri,Eritrea,1971,1087.13104,71.69,6.991297431833325,71.69
eri,Eritrea,1972,1099.0928,70.49,7.002240391239095,71.69
eri,Eritrea,1973,1088.71452,70.49,6.992752939805637,70.49
eri,Eritrea,1974,1060.23112,71.69,6.96624220107519,70.49
eri,Eritrea,1975,986.70439,74.0,6.894370491027238,71.69
eri,Eritrea,1976,965.64259,74.0,6.872793776101427,74.0
eri,Eritrea,1977,946.56158,75.09,6.852836029283151,74.0
eri,Eritrea,1978,876.27991,77.17,6.775685571860396,75.09
eri,Eritrea,1979,950.24191,74.0,6.856716594284052,77.17
eri,Eritrea,1980,949.0696,73.98,6.855482136278927,74.0
eri,Eritrea,1981,947.74343,72.84,6.854083822164555,73.98
eri,Eritrea,1982,926.33874,73.98,6.831239977689243,72.84
eri,Eritrea,1983,964.29742,71.68,6.871399773996841,73.98
eri,Eritrea,1984,908.44337,73.98,6.8117325523766254,71.68
eri,Eritrea,1985,775.43203,79.09,6.653420332095838,73.98
eri,Eritrea,1986,820.36955,77.15,6.709754909468453,79.09
eri,Eritrea,1987,901.0368,72.84,6.803546100281479,77.15
eri,Eritrea,1988,873.48635,73.97,6.772492502663231,72.84
eri,Eritrea,1989,837.16992,75.07,6.730027060638269,73.97
eri,Eritrea,1990,826.75314,76.13,6.717506149858923,75.07
eri,Eritrea,1991,900.9705,71.67,6.803472515673881,76.13
eri,Eritrea,1992,983.84062,67.94,6.891463912388731,71.67
eri,Eritrea,1993,1125.39824,61.06,7.025892243109561,67.94
eri,Eritrea,1994,1377.73256,50.14,7.228194354363503,61.06
eri,Eritrea,1995,1424.24426,48.57,7.261396608161055,50.14
eri,Eritrea,1996,1562.07465,43.4,7.353770120550878,48.57
eri,Eritrea,1997,1687.6309,39.25,7.431080990108629,43.4
eri,Eritrea,1998,1705.46446,37.67,7.441592763177783,39.25
eri,Eritrea,1999,1683.15648,39.4,7.428426166695823,37.67
eri,Eritrea,2000,1470.36504,48.57,7.293265975475465,39.4
eri,Eritrea,2001,1552.31716,46.71,7.347504035535492,48.57
eri,Eritrea,2002,1531.23529,46.92,7.333830067716282,46.71
eri,Eritrea,2003,1428.35682,51.7,7.264279985635814,46.92
eri,Eritrea,2004,1401.6936,54.8,7.245436498774305,51.7
eri,Eritrea,2005,1406.10549,54.8,7.248579098005619,54.8
eri,Eritrea,2006,1371.76749,58.12,7.2238553259944895,54.8
eri,Eritrea,2007,1373.89436,59.6,7.225404584819213,58.12
eri,Eritrea,2008,1094.6138,71.67,6.998156885975495,59.6
eri,Eritrea,2009,1196.4888,67.94,7.087146546669431,71.67
eri,Eritrea,2010,1306.466,63.9,7.175081060894528,67.94
eri,Eritrea,2011,1653.294,51.7,7.410524940445288,63.9
eri,Eritrea,2012,1696.833,51.7,7.436518851434764,51.7
eri,Eritrea,2013,1530.668,58.12,7.333459520411052,51.7
eri,Eritrea,2014,2020.603,43.25,7.611151260700042,58.12
eri,Eritrea,2015,1603.317,56.33,7.379829887269621,43.25
eri,Eritrea,2016,1720.68,53.25,7.450474840514948,56.33
eri,Eritrea,2017,1559.463,59.6,7.35209681021334,53.25
eri,Eritrea,2018,1765.072,53.25,7.47594676173651,59.6
eri,Eritrea,2019,1821.279,51.7,7.507294280512362,53.25
eri,Eritrea,2020,1912.47217,50.13,7.556152013960828,51.7
eri,Eritrea,2021,2008.23146,48.56,7.60500974309297,50.13
eri,Eritrea,2022,2108.78552,46.71,7.653867477820274,48.56
esp,Spain,1960,6713.18452,7.2,8.811828710526582,
esp,Spain,1961,7464.93618,5.16,8.917972160707007,7.2
esp,Spain,1962,8149.40276,4.23,9.00569992256813,5.16
esp,Spain,1963,8895.20263,3.5,9.093267380054073,4.23
esp,Spain,1964,9299.56982,3.08,9.137723422157531,3.5
esp,Spain,1965,9909.73808,2.54,9.20127319710594,3.08
esp,Spain,1966,10539.67754,2.22,9.262902227699456,2.54
esp,Spain,1967,10928.57967,1.94,9.299136624876677,2.22
esp,Spain,1968,11459.26275,1.83,9.346553655738576,1.94
esp,Spain,1969,12404.30287,1.4,9.425798697045755,1.83
esp,Spain,1970,12715.64071,1.31,9.450588066677126,1.4
esp,Spain,1971,13197.81304,1.21,9.487806416060337,1.31
esp,Spain,1972,14267.62167,0.98,9.565748030147413,1.21
esp,Spain,1973,15291.42318,0.8,9.635047373728204,0.98
esp,Spain,1974,16117.53923,0.71,9.687663351182124,0.8
esp,Spain,1975,16208.59331,0.71,9.69329683181552,0.71
esp,Spain,1976,16640.66753,0.63,9.719604829556152,0.71
esp,Spain,1977,16946.89437,0.63,9.73783987301236,0.63
esp,Spain,1978,17099.9898,0.6,9.746833145999345,0.63
esp,Spain,1979,17049.83449,0.6,9.743895775333169,0.6
esp,Spain,1980,17327.13369,0.57,9.760028973184896,0.6
esp,Spain,1981,18030.86112,0.58,9.799840075456206,0.57
esp,Spain,1982,18837.81764,0.5,9.84362170490274,0.58
esp,Spain,1983,19532.39323,0.42,9.8798295575818,0.5
esp,Spain,1984,20184.95956,0.33,9.912693029817113,0.42
esp,Spain,1985,21081.35002,0.26,9.95614404329915,0.33
esp,Spain,1986,22106.23447,0.29,10.003614950437287,0.26
esp,Spain,1987,23838.06091,0.33,10.079038780203414,0.29
esp,Spain,1988,25781.88182,0.37,10.157427269174377,0.33
esp,Spain,1989,27937.10812,0.42,10.237711124232936,0.37
esp,Spain,1990,29891.57274,0.47,10.305331871491585,0.42
esp,Spain,1991,30796.14333,0.73,10.335144744562976,0.47
esp,Spain,1992,31130.60674,0.97,10.345946753769327,0.73
esp,Spain,1993,30746.48967,1.28,10.333531109645078,0.97
esp,Spain,1994,31494.09057,1.18,10.357555206262084,1.28
esp,Spain,1995,32419.39467,1.4,10.386512123616278,1.18
esp,Spain,1996,33257.2968,1.45,10.412029474639372,1.4
esp,Spain,1997,34440.83804,0.45,10.44699829157895,1.45
esp,Spain,1998,35913.286,0.96,10.488862589577797,0.45
esp,Spain,1999,37479.47157,0.66,10.531548637266841,0.96
esp,Spain,2000,39364.63231,0.8,10.580623035044017,0.66
esp,Spain,2001,40739.16636,0.77,10.614945227126666,0.8
esp,Spain,2002,41366.64971,0.48,10.630230272613144,0.77
esp,Spain,2003,41913.25931,0.34,10.643357507162722,0.48
esp,Spain,2004,42562.96373,0.42,10.658739758104174,0.34
esp,Spain,2005,43400.49882,0.23,10.678226213570833,0.42
esp,Spain,2006,44458.13989,0.26,10.702303348811203,0.23
esp,Spain,2007,45232.17425,0.44,10.71956393228711,0.26
esp,Spain,2008,44895.56756,0.29,10.71209435081731,0.44
esp,Spain,2009,42844.18943,0.49,10.665325312263972,0.29
esp,Spain,2010,42695.52742,0.38,10.661849449468358,0.49
esp,Spain,2011,42271.83468,0.49,10.651876296451421,0.38
esp,Spain,2012,41034.04816,0.55,10.622157443986328,0.49
esp,Spain,2013,40594.91401,0.73,10.611398067053141,0.55
esp,Spain,2014,41339.41112,0.55,10.629571588335075,0.73
esp,Spain,2015,43053.76143,0.52,10.670204879558197,0.55
esp,Spain,2016,44274.66761,0.74,10.698167955225903,0.52
esp,Spain,2017,45446.25086,0.27,10.72428560687426,0.74
esp,Spain,2018,46325.20994,0.47,10.743441583037518,0.27
esp,Spain,2019,46896.41711,0.5,10.755696557273112,0.47
esp,Spain,2020,41553.44779,0.62,10.634735776143048,0.5
esp,Spain,2021,44251.66582,0.33,10.697648295377213,0.62
esp,Spain,2022,46649.56354,0.32,10.750418850175988,0.33
est,Estonia,1960,10743.00219,3.14,9.282009862520194,
est,Estonia,1961,11157.41429,2.61,9.319859514645554,3.14
est,Estonia,1962,11268.94518,2.12,9.32980600726752,2.61
est,Estonia,1963,10845.25211,2.86,9.291482669648222,2.12
est,Estonia,1964,12075.95493,1.56,9.398971558623673,2.86
est,Estonia,1965,12600.21452,1.1,9.441469118191465,1.56
est,Estonia,1966,13056.8577,0.9,9.47706876897996,1.1
est,Estonia,1967,13482.71889,0.74,9.509164062199194,0.9
est,Estonia,1968,14125.47421,0.5,9.555735127840482,0.74
est,Estonia,1969,14180.08542,0.48,9.559593824045407,0.5
est,Estonia,1970,15120.4566,0.33,9.62380384769026,0.48
est,Estonia,1971,15358.32937,0.27,9.639413235812366,0.33
est,Estonia,1972,15279.69199,0.23,9.634279904794829,0.27
est,Estonia,1973,16395.35266,0.21,9.704753199263937,0.23
est,Estonia,1974,16641.99955,0.23,9.719684872420356,0.21
est,Estonia,1975,16891.97026,0.1,9.734593655455551,0.23
est,Estonia,1976,17145.23528,0.04,9.74947558775416,0.1
est,Estonia,1977,17401.76527,0.02,9.764326932355534,0.04
est,Estonia,1978,17661.53101,0.01,9.779144164058257,0.02
est,Estonia,1992,15150.42035,0.08,9.625783556427193,0.01
est,Estonia,1993,14448.27137,0.24,9.578330058010831,0.08
est,Estonia,1994,14431.88453,0.37,9.57719524130033,0.24
est,Estonia,1995,15335.05271,0.01,9.637896513777529,0.37
est,Estonia,1996,16257.43562,0.05,9.696305659717012,0.01
est,Estonia,1999,19165.71375,0.87,9.860878219490077,0.05
est,Estonia,2000,20974.85794,1.55,9.95107975848768,0.87
est,Estonia,2001,22290.85904,1.43,10.011931964892568,1.55
est,Estonia,2002,23898.59735,1.54,10.081575047912859,1.43
est,Estonia,2003,25814.06126,1.39,10.158674632523176,1.54
est,Estonia,2004,27675.34626,0.74,10.228297269151684,1.39
est,Estonia,2005,30444.97207,0.84,10.323676138650235,0.74
est,Estonia,2006,33599.05985,0.82,10.422253364905067,0.84
est,Estonia,2007,36298.32759,0.47,10.499526947290773,0.82
est,Estonia,2008,34530.8009,0.42,10.44960698443883,0.47
est,Estonia,2009,29553.15493,0.58,10.293945782955822,0.42
est,Estonia,2010,30379.10913,0.83,10.321510451493335,0.58
est,Estonia,2011,32789.43238,0.98,10.397861558923383,0.83
est,Estonia,2012,34115.36222,0.74,10.437503066810041,0.98
est,Estonia,2013,34838.36295,0.57,10.45847444220462,0.74
est,Estonia,2014,36090.49409,0.8,10.493784788039102,0.57
est,Estonia,2015,36729.80725,0.63,10.511343891046064,0.8
est,Estonia,2016,37854.84525,0.48,10.541514262561808,0.63
est,Estonia,2017,39939.45756,0.34,10.595120025505521,0.48
est,Estonia,2018,41273.19955,0.31,10.627968647001055,0.34
est,Estonia,2019,42652.53486,0.56,10.66084198515135,0.31
est,Estonia,2020,41340.76465,0.37,10.629604329678148,0.56
est,Estonia,2021,44251.5375,0.3,10.697645395595167,0.37
est,Estonia,2022,43690.41423,0.3,10.684884003017496,0.3
eth,Ethiopia,1960,812.72881,70.57,6.700397486866282,
eth,Ethiopia,1961,829.16644,69.28,6.7204209069977665,70.57
eth,Ethiopia,1962,837.9316,69.36,6.730936474239058,69.28
eth,Ethiopia,1963,898.00095,65.32,6.800171126208099,69.36
eth,Ethiopia,1964,909.60929,63.83,6.813015155664734,65.32
eth,Ethiopia,1965,936.69011,62.31,6.842352501816226,63.83
eth,Ethiopia,1966,948.27063,62.33,6.854639936198422,62.31
eth,Ethiopia,1967,967.41744,60.75,6.874630087929508,62.33
eth,Ethiopia,1968,967.08899,59.14,6.874290518106361,60.75
eth,Ethiopia,1969,973.58498,59.12,6.880985114274118,59.14
eth,Ethiopia,1970,967.82704,59.12,6.875053393625867,59.12
eth,Ethiopia,1971,976.20755,57.27,6.8836752174940266,59.12
eth,Ethiopia,1972,992.79471,57.29,6.900523905511979,57.27
eth,Ethiopia,1973,985.65016,57.31,6.893301484341401,57.29
eth,Ethiopia,1974,956.5435,57.34,6.863326266152526,57.31
eth,Ethiopia,1975,913.95596,60.72,6.817782386485833,57.34
eth,Ethiopia,1976,901.3995,60.75,6.803948555563694,60.72
eth,Ethiopia,1977,884.03295,62.4,6.784494335698651,60.75
eth,Ethiopia,1978,839.0458,64.0,6.732265293773478,62.4
eth,Ethiopia,1979,878.5834,60.85,6.778310837668677,64.0
eth,Ethiopia,1980,901.15744,59.25,6.803679981521916,60.85
eth,Ethiopia,1981,918.08091,61.75,6.822285523991533,59.25
eth,Ethiopia,1982,921.58247,62.16,6.826092268493359,61.75
eth,Ethiopia,1983,968.76614,62.15,6.876023241173931,62.16
eth,Ethiopia,1984,934.05475,65.18,6.839535055354508,62.15
eth,Ethiopia,1985,832.26998,67.68,6.724156883376338,65.18
eth,Ethiopia,1986,884.06361,63.58,6.784529017062437,67.68
eth,Ethiopia,1987,972.85876,63.46,6.8802389123482435,63.58
eth,Ethiopia,1988,968.69703,64.51,6.875951900462944,63.46
eth,Ethiopia,1989,959.73698,64.57,6.8666592677560665,64.51
eth,Ethiopia,1990,962.09165,68.1,6.869109716398053,64.57
eth,Ethiopia,1991,850.7098,72.25,6.7460710598402525,68.1
eth,Ethiopia,1992,740.82403,72.21,6.60776312071084,72.25
eth,Ethiopia,1993,785.91049,70.62,6.666842905537216,72.21
eth,Ethiopia,1994,789.58654,70.99,6.671509441368101,70.62
eth,Ethiopia,1995,805.14145,69.13,6.691017976268331,70.99
eth,Ethiopia,1996,866.71967,64.91,6.764715591163716,69.13
eth,Ethiopia,1997,869.42415,64.75,6.767831095946674,64.91
eth,Ethiopia,1998,814.43772,63.98,6.702497961030175,64.75
eth,Ethiopia,1999,820.02852,61.12,6.709339120141276,63.98
eth,Ethiopia,2000,838.63896,54.96,6.731780292040525,61.12
eth,Ethiopia,2001,874.26297,51.55,6.773381211406788,54.96
eth,Ethiopia,2002,861.11509,56.65,6.75822816564566,51.55
eth,Ethiopia,2003,815.90332,53.04,6.704295867552594,56.65
eth,Ethiopia,2004,889.25057,39.37,6.790379051817957,53.04
eth,Ethiopia,2005,962.42678,34.46,6.86945799054099,39.37
eth,Ethiopia,2006,1032.8501,33.21,6.940077347263737,34.46
eth,Ethiopia,2007,1114.84014,32.77,7.016466301418133,33.21
eth,Ethiopia,2008,1197.23535,32.33,7.087770302772827,32.77
eth,Ethiopia,2009,1264.25544,31.33,7.1422386428972455,32.33
eth,Ethiopia,2010,1381.19045,31.12,7.230701051214494,31.33
eth,Ethiopia,2011,1492.53397,30.64,7.308230605476753,31.12
eth,Ethiopia,2012,1576.76876,29.34,7.363132943364213,30.64
eth,Ethiopia,2013,1696.86516,29.02,7.436537804210459,29.34
eth,Ethiopia,2014,1821.39162,27.75,7.50735611426665,29.02
eth,Ethiopia,2015,1957.41454,27.43,7.579379769185239,27.75
eth,Ethiopia,2016,2084.84056,25.45,7.6424476612849395,27.43
eth,Ethiopia,2017,2222.82825,23.98,7.706535650520614,25.45
eth,Ethiopia,2018,2311.16512,22.11,7.745507057310903,23.98
eth,Ethiopia,2019,2437.97046,20.63,7.798921193478886,22.11
eth,Ethiopia,2020,2516.54908,19.6,7.830643829304591,20.63
eth,Ethiopia,2021,2588.4131,18.29,7.858800264211874,19.6
eth,Ethiopia,2022,2655.59277,17.32,7.8844231742927215,18.29
fin,Finland,1960,11952.65115,0.16,9.388708386310281,
fin,Finland,1961,12706.54661,0.13,9.449872620734302,0.16
fin,Finland,1962,12940.43631,0.12,9.468112285415357,0.13
fin,Finland,1963,13203.10686,0.1,9.488207449061536,0.12
fin,Finland,1964,13749.52704,0.08,9.528759705412215,0.1
fin,Finland,1965,14338.61694,0.07,9.570711661803488,0.08
fin,Finland,1966,14572.13791,0.06,9.586866622124296,0.07
fin,Finland,1967,14708.34276,0.05,9.5961701464738,0.06
fin,Finland,1968,14871.62975,0.11,9.607210633314075,0.05
fin,Finland,1969,16229.31157,0.09,9.69457424248023,0.11
fin,Finland,1970,17453.05519,0.02,9.767269994826908,0.09
fin,Finland,1973,19940.90773,0.01,9.900528565548893,0.02
fin,Finland,1974,20356.03795,0.02,9.921132852022176,0.01
fin,Finland,1975,20463.75311,0.02,9.926410459144595,0.02
fin,Finland,1976,20291.20976,0.01,9.917943054502285,0.02
fin,Finland,1977,20187.99182,0.01,9.912843242268869,0.01
fin,Finland,1978,20546.40561,0.01,9.93044129513688,0.01
fin,Finland,2001,47650.01092,0.02,10.77163813825336,0.01
fin,Finland,2002,48390.8085,0.03,10.787065167645308,0.02
fin,Finland,2003,49300.35799,0.05,10.805686621464863,0.03
fin,Finland,2004,51178.8478,0.04,10.843081596760092,0.05
fin,Finland,2005,52477.08912,0.06,10.868131955616235,0.04
fin,Finland,2006,54435.98489,0.08,10.904780701106505,0.06
fin,Finland,2007,57140.60224,0.06,10.953270215456207,0.08
fin,Finland,2008,57379.21966,0.06,10.957437489930857,0.06
fin,Finland,2009,52545.32598,0.05,10.869431428105745,0.06
fin,Finland,2010,54017.94586,0.05,10.897071601077522,0.05
fin,Finland,2011,55053.39069,0.05,10.916058733169592,0.05
fin,Finland,2012,53957.6681,0.04,10.895955094043183,0.05
fin,Finland,2013,53183.42867,0.07,10.881502135640872,0.04
fin,Finland,2014,52710.73349,0.06,10.872574385328225,0.07
fin,Finland,2015,52782.48739,0.07,10.873934736457269,0.06
fin,Finland,2016,53984.63163,0.04,10.89645468559586,0.07
fin,Finland,2017,55637.22628,0.06,10.926607793608571,0.04
fin,Finland,2018,56226.33724,0.07,10.93714056027079,0.06
fin,Finland,2019,56922.48732,0.04,10.94944574977328,0.07
fin,Finland,2020,55424.8575,0.03,10.92278346343926,0.04
fin,Finland,2021,56790.37662,0.02,10.947122164650862,0.03
fin,Finland,2022,57068.30565,0.02,10.952004174111579,0.02
fji,Fiji,1960,3716.37951,18.43,8.220505223351894,
fji,Fiji,1961,3682.91466,18.45,8.211459744848884,18.43
fji,Fiji,1962,3672.61971,17.26,8.208660503840814,18.45
fji,Fiji,1963,3765.86588,16.11,8.233733095200026,17.26
fji,Fiji,1964,3810.68658,16.14,8.245564656610235,16.11
fji,Fiji,1965,3586.8484,17.3,8.18502921290901,16.14
fji,Fiji,1966,3494.47726,18.49,8.158939075527288,17.3
fji,Fiji,1967,3861.89181,14.08,8.258912448613668,18.49
fji,Fiji,1968,4076.46853,12.12,8.312986336215447,14.08
fji,Fiji,1969,4064.53605,12.13,8.310054882626934,12.12
fji,Fiji,1970,4423.58696,9.62,8.39470617537156,12.13
fji,Fiji,1971,4591.53575,8.17,8.431969833149804,9.62
fji,Fiji,1972,4824.11159,6.89,8.481381870394864,8.17
fji,Fiji,1973,5236.6731,5.21,8.56344167109767,6.89
fji,Fiji,1974,5249.67092,4.74,8.565920671716315,5.21
fji,Fiji,1975,5238.60359,4.74,8.563810251342181,4.74
fji,Fiji,1976,5206.57276,4.75,8.557677098711446,4.74
fji,Fiji,1977,5353.40883,4.3,8.585488801472927,4.75
fji,Fiji,1978,5333.73032,4.3,8.58180614478366,4.3
fji,Fiji,1979,5837.79267,2.84,8.672108036908813,4.3
fji,Fiji,1980,5586.27003,3.15,8.62806708583085,2.84
fji,Fiji,1981,6075.70689,2.99,8.712053621933219,3.15
fji,Fiji,1982,6018.67409,3.68,8.702622263213525,2.99
fji,Fiji,1983,5772.01015,4.41,8.660775678381475,3.68
fji,Fiji,1984,6306.89629,3.78,8.749398962894396,4.41
fji,Fiji,1985,6081.68925,4.54,8.713037773541666,3.78
fji,Fiji,1986,6504.20134,3.97,8.780203607083072,4.54
fji,Fiji,1987,6121.43676,4.92,8.719552112659333,3.97
fji,Fiji,1988,6440.2871,4.96,8.77032839885005,4.92
fji,Fiji,1989,7414.14502,4.29,8.911144943810719,4.96
fji,Fiji,1990,8052.19916,3.7,8.993700520681317,4.29
fji,Fiji,1991,7771.95776,4.11,8.958277375588068,3.7
fji,Fiji,1992,8179.73473,3.51,9.009414999975604,4.11
fji,Fiji,1993,8290.33205,3.31,9.022845301609458,3.51
fji,Fiji,1994,8653.81683,2.95,9.065755754626,3.31
fji,Fiji,1995,8818.33069,2.76,9.084587866915777,2.95
fji,Fiji,1996,9182.10108,2.47,9.125011333243455,2.76
fji,Fiji,1997,8896.03395,2.7,9.093360832805024,2.47
fji,Fiji,1998,8913.90533,2.7,9.095367733077657,2.7
fji,Fiji,1999,9601.71178,2.19,9.169696671977182,2.7
fji,Fiji,2000,9351.40908,2.36,9.14328231467138,2.19
fji,Fiji,2001,9456.52944,2.29,9.154460727926223,2.36
fji,Fiji,2002,9678.79793,2.18,9.177692991774427,2.29
fji,Fiji,2003,9696.60146,2.19,9.179530738150882,2.18
fji,Fiji,2004,10127.03988,1.82,9.222964341312089,2.19
fji,Fiji,2005,10112.25152,1.76,9.221502989495022,1.82
fji,Fiji,2006,10210.99365,1.6,9.231220227676978,1.76
fji,Fiji,2007,10041.97504,1.63,9.214529091030917,1.6
fji,Fiji,2008,10084.79561,1.55,9.218784183450168,1.63
fji,Fiji,2009,9905.77984,1.49,9.200873687987013,1.55
fji,Fiji,2010,10167.34962,1.25,9.22693684740891,1.49
fji,Fiji,2011,10412.99638,1.02,9.250809956887466,1.25
fji,Fiji,2012,10537.69203,0.84,9.262713825631609,1.02
fji,Fiji,2013,11019.29836,0.62,9.307403410988435,0.84
fji,Fiji,2014,11621.12949,0.78,9.360580227919593,0.62
fji,Fiji,2015,12131.09169,0.98,9.403526997064011,0.78
fji,Fiji,2016,12419.82578,1.08,9.427049328013885,0.98
fji,Fiji,2017,13090.50071,1.13,9.47964210950928,1.08
fji,Fiji,2018,13612.9521,1.19,9.518776978810918,1.13
fji,Fiji,2019,13567.47388,1.4,9.515430580746836,1.19
fji,Fiji,2020,11254.96982,2.74,9.328565071862338,1.4
fji,Fiji,2021,10685.19703,3.24,9.276614607452212,2.74
fji,Fiji,2022,12762.34664,1.79,9.454254445946267,3.24
fra,France,1960,13827.29748,0.63,9.534399995585478,
fra,France,1961,14314.0549,0.6,9.568997193697085,0.63
fra,France,1962,14863.91923,0.58,9.606692027104518,0.6
fra,France,1963,15368.56074,0.6,9.640079191289248,0.58
fra,France,1964,16096.8857,0.57,9.686381097479025,0.6
fra,France,1965,16622.09477,0.54,9.718488099576685,0.57
fra,France,1966,17208.50163,0.52,9.753158821498975,0.54
fra,France,1967,17773.1602,0.48,9.785444744391793,0.52
fra,France,1968,18299.29031,0.47,9.814617557203198,0.48
fra,France,1969,19297.55605,0.41,9.867733737341101,0.47
fra,France,1970,20137.54901,0.4,9.910341461250114,0.41
fra,France,1971,20834.99257,0.38,9.944389187245019,0.4
fra,France,1972,21452.86374,0.36,9.973613423137111,0.38
fra,France,1973,22390.0963,0.34,10.016374010610795,0.36
fra,France,1974,22897.7524,0.34,10.038794036253838,0.34
fra,France,1975,22448.95491,0.35,10.018999340193732,0.34
fra,France,1976,23179.75268,0.33,10.051034447294114,0.35
fra,France,1977,23768.34651,0.32,10.07610999588168,0.33
fra,France,1978,24336.44101,0.32,10.099730136047567,0.32
fra,France,1979,24913.96781,0.31,10.12318388140057,0.32
fra,France,1980,25027.44267,0.31,10.127728208610764,0.31
fra,France,1981,26389.6859,0.31,10.180728527190842,0.31
fra,France,1982,27749.22125,0.33,10.230963055717742,0.31
fra,France,1983,28510.63389,0.35,10.258032415612545,0.33
fra,France,1984,29385.61916,0.37,10.288260689439028,0.35
fra,France,1985,30236.83998,0.31,10.316816326817298,0.37
fra,France,1986,31152.35583,0.27,10.346645149927332,0.31
fra,France,1987,32266.81569,0.21,10.38179460307763,0.27
fra,France,1988,34339.76924,0.15,10.444059414568667,0.21
fra,France,1989,36560.39435,0.09,10.506720811888469,0.15
fra,France,1990,38340.95776,0.02,10.554273996986632,0.09
fra,France,1991,38621.61981,0.04,10.561567497360851,0.02
fra,France,1992,39043.07066,0.06,10.572420691634768,0.04
fra,France,1993,38730.86195,0.07,10.564392027618755,0.06
fra,France,1994,39524.73127,0.08,10.584681863066578,0.07
fra,France,1995,40292.26927,0.07,10.6039149000046,0.08
fra,France,1996,40731.78388,0.07,10.614763997375487,0.07
fra,France,1997,41621.57117,0.04,10.636373849595502,0.07
fra,France,1999,44195.66798,0.01,10.696382053760281,0.04
fra,France,2000,45733.71556,0.01,10.730591063296835,0.01
fra,France,2003,46636.54244,0.14,10.750139685343287,0.01
fra,France,2004,47646.61563,0.05,10.771566880956552,0.14
fra,France,2005,48195.83192,0.05,10.783027821610743,0.05
fra,France,2006,49169.89075,0.03,10.803036738520255,0.05
fra,France,2007,50116.61434,0.02,10.822107855650914,0.03
fra,France,2008,50040.18577,0.01,10.820581677004013,0.02
fra,France,2009,48391.26396,0.07,10.78707457971902,0.01
fra,France,2010,49130.42294,0.08,10.802233733715097,0.07
fra,France,2011,50085.68298,0.02,10.821490477370979,0.08
fra,France,2012,49935.62691,0.05,10.818489993119305,0.02
fra,France,2013,50066.53043,0.07,10.821108008535166,0.05
fra,France,2014,50326.56786,0.02,10.82628840471718,0.07
fra,France,2015,50682.89536,0.12,10.833343763032094,0.02
fra,France,2016,50984.0753,0.07,10.83926861392698,0.12
fra,France,2017,51895.5663,0.02,10.856988637759157,0.07
fra,France,2018,52560.95362,0.02,10.869728796449001,0.02
fra,France,2019,53448.55488,0.04,10.886474879230814,0.02
fra,France,2020,49311.33341,0.12,10.805909220223478,0.04
fra,France,2021,52517.33549,0.06,10.86889859388528,0.12
fra,France,2022,53691.61749,0.06,10.891012169429576,0.06
fsm,"Micronesia, Fed. Sts.",1960,1823.26239,33.85,7.508382697398637,
fsm,"Micronesia, Fed. Sts.",1961,1853.92519,32.58,7.525060394718381,33.85
fsm,"Micronesia, Fed. Sts.",1962,1888.27595,31.32,7.543419495982747,32.58
fsm,"Micronesia, Fed. Sts.",1963,1921.20169,31.37,7.560706149448829,31.32
fsm,"Micronesia, Fed. Sts.",1964,1953.98058,30.13,7.577623893965827,31.37
fsm,"Micronesia, Fed. Sts.",1965,1987.88005,30.18,7.5948240483740355,30.13
fsm,"Micronesia, Fed. Sts.",1966,2022.8926,28.94,7.612283746287367,30.18
fsm,"Micronesia, Fed. Sts.",1967,2057.74906,27.75,7.629367975043027,28.94
fsm,"Micronesia, Fed. Sts.",1968,2093.70896,27.81,7.646692394187241,27.75
fsm,"Micronesia, Fed. Sts.",1969,2130.76483,26.61,7.6642362693688,27.81
fsm,"Micronesia, Fed. Sts.",1970,2167.65556,25.46,7.6814014753988955,26.61
fsm,"Micronesia, Fed. Sts.",1971,2189.36888,25.52,7.691368598629546,25.46
fsm,"Micronesia, Fed. Sts.",1972,2200.99377,25.57,7.696664250990879,25.52
fsm,"Micronesia, Fed. Sts.",1973,2942.60524,14.43,7.987050604000384,25.57
fsm,"Micronesia, Fed. Sts.",1974,3376.50569,10.64,8.124596634190436,14.43
fsm,"Micronesia, Fed. Sts.",1975,3335.90852,11.4,8.112500341040295,10.64
fsm,"Micronesia, Fed. Sts.",1976,3275.65972,11.44,8.094274569004169,11.4
fsm,"Micronesia, Fed. Sts.",1977,3261.35802,12.24,8.089898958171476,11.44
fsm,"Micronesia, Fed. Sts.",1978,3330.92999,11.53,8.111006820260405,12.24
fsm,"Micronesia, Fed. Sts.",1979,3280.86821,11.58,8.095863364522542,11.53
fsm,"Micronesia, Fed. Sts.",1980,2937.6096,14.67,7.985351468394688,11.58
fsm,"Micronesia, Fed. Sts.",1981,3109.05645,13.05,8.042074566857572,14.67
fsm,"Micronesia, Fed. Sts.",1982,2924.04313,14.67,7.9807225711028815,13.05
fsm,"Micronesia, Fed. Sts.",1983,2884.95707,15.52,7.9672652984155405,14.67
fsm,"Micronesia, Fed. Sts.",1984,2680.47113,18.24,7.893747852830931,15.52
fsm,"Micronesia, Fed. Sts.",1985,3034.39324,13.85,8.017766762584177,18.24
fsm,"Micronesia, Fed. Sts.",1986,3186.80599,12.71,8.066774437132912,13.85
fsm,"Micronesia, Fed. Sts.",1987,3169.21673,13.04,8.0612397480119,12.71
fsm,"Micronesia, Fed. Sts.",1988,3280.84498,12.78,8.095856284054582,13.04
fsm,"Micronesia, Fed. Sts.",1989,3223.3538,12.73,8.078177649293716,12.78
fsm,"Micronesia, Fed. Sts.",1990,3271.86668,12.3,8.093115951171237,12.73
fsm,"Micronesia, Fed. Sts.",1991,3437.24036,10.95,8.142424207485805,12.3
fsm,"Micronesia, Fed. Sts.",1992,3492.34125,10.85,8.158327635552574,10.95
fsm,"Micronesia, Fed. Sts.",1993,3686.84366,10.53,8.21252599429741,10.85
fsm,"Micronesia, Fed. Sts.",1994,3591.53292,10.39,8.186334387559441,10.53
fsm,"Micronesia, Fed. Sts.",1995,3793.82835,9.65,8.241130906983349,10.39
fsm,"Micronesia, Fed. Sts.",1996,3648.89003,10.26,8.202178298958476,9.65
fsm,"Micronesia, Fed. Sts.",1997,3411.68707,11.53,8.134962189868606,10.26
fsm,"Micronesia, Fed. Sts.",1998,3496.79122,11.28,8.159601032678873,11.53
fsm,"Micronesia, Fed. Sts.",1999,3532.29966,10.25,8.169704399574622,11.28
fsm,"Micronesia, Fed. Sts.",2000,3685.98012,9.63,8.212291744834866,10.25
fsm,"Micronesia, Fed. Sts.",2001,3747.83183,9.78,8.22893277308805,9.63
fsm,"Micronesia, Fed. Sts.",2002,3759.02757,9.68,8.231915577934728,9.78
fsm,"Micronesia, Fed. Sts.",2003,3816.94106,9.6,8.247204611179848,9.68
fsm,"Micronesia, Fed. Sts.",2004,3702.98912,9.72,8.216895642751046,9.6
fsm,"Micronesia, Fed. Sts.",2005,3787.95304,9.36,8.23958105718583,9.72
fsm,"Micronesia, Fed. Sts.",2006,3800.24146,10.33,8.242819885801026,9.36
fsm,"Micronesia, Fed. Sts.",2007,3751.28828,14.26,8.229854601300978,10.33
fsm,"Micronesia, Fed. Sts.",2008,3684.97378,18.46,8.212018689265694,14.26
fsm,"Micronesia, Fed. Sts.",2009,3750.78882,13.08,8.229721448843577,18.46
fsm,"Micronesia, Fed. Sts.",2010,3842.23613,13.05,8.253809801616894,13.08
fsm,"Micronesia, Fed. Sts.",2011,3958.93215,14.36,8.283729608793067,13.05
fsm,"Micronesia, Fed. Sts.",2012,3878.11227,15.57,8.263103785873483,14.36
fsm,"Micronesia, Fed. Sts.",2013,3727.42607,17.5,8.223473212773525,15.57
fsm,"Micronesia, Fed. Sts.",2014,3632.24157,17.82,8.197605249073264,17.5
fsm,"Micronesia, Fed. Sts.",2015,3788.9341,16.39,8.239840018415515,17.82
fsm,"Micronesia, Fed. Sts.",2016,3794.74546,17.43,8.241372615116504,16.39
fsm,"Micronesia, Fed. Sts.",2017,3811.78965,16.15,8.24585408224422,17.43
fsm,"Micronesia, Fed. Sts.",2018,3796.94605,16.15,8.241952351545134,16.15
fsm,"Micronesia, Fed. Sts.",2019,3938.55709,16.43,8.27856971440458,16.15
fsm,"Micronesia, Fed. Sts.",2020,3850.53053,15.94,8.255966217788282,16.43
fsm,"Micronesia, Fed. Sts.",2021,3944.70572,17.78,8.28012963480683,15.94
fsm,"Micronesia, Fed. Sts.",2022,3813.33831,17.77,8.246260281334758,17.78
gab,Gabon,1960,5135.91834,35.11,8.544013945710688,
gab,Gabon,1961,5669.10243,31.41,8.642786082603477,35.11
gab,Gabon,1962,5875.29647,29.58,8.67851180071787,31.41
gab,Gabon,1963,6199.90832,27.33,8.732289783827078,29.58
gab,Gabon,1964,6435.90697,26.18,8.7696480533776,27.33
gab,Gabon,1965,6634.52747,24.87,8.800042726445724,26.18
gab,Gabon,1966,6698.67239,23.61,8.809664634998336,24.87
gab,Gabon,1967,7134.28187,21.11,8.87266687593169,23.61
gab,Gabon,1968,7255.13138,19.86,8.889464274044744,21.11
gab,Gabon,1969,7848.40235,16.83,8.968065267769989,19.86
gab,Gabon,1970,8419.75817,14.07,9.038336385921307,16.83
gab,Gabon,1971,9131.08158,11.62,9.119439430975728,14.07
gab,Gabon,1972,9998.17236,9.42,9.210157591272807,11.62
gab,Gabon,1973,10731.12124,7.41,9.280903325971588,9.42
gab,Gabon,1974,14423.99363,2.88,9.576648323257986,7.41
gab,Gabon,1975,16430.257,1.89,9.706879853027054,2.88
gab,Gabon,1976,21531.70455,0.79,9.977281758148848,1.89
gab,Gabon,1977,18490.04572,1.17,9.824987797066052,0.79
gab,Gabon,1978,13782.78199,2.98,9.531175410258163,1.17
gab,Gabon,1979,13786.8363,2.97,9.531469524597114,2.98
gab,Gabon,1980,14105.48622,2.69,9.55431909430599,2.97
gab,Gabon,1981,14576.78233,3.11,9.587185290534725,2.69
gab,Gabon,1982,14984.76096,4.21,9.614789027671577,3.11
gab,Gabon,1983,15576.51403,2.77,9.653519547919931,4.21
gab,Gabon,1984,16559.5831,3.58,9.714720252501579,2.77
gab,Gabon,1985,17064.36887,4.44,9.744747876771742,3.58
gab,Gabon,1986,16750.54567,2.71,9.726186114036016,4.44
gab,Gabon,1987,14130.77282,4.24,9.556110167742737,2.71
gab,Gabon,1988,15226.86326,6.09,9.630816466699274,4.24
gab,Gabon,1989,17527.20843,3.23,9.77150971994062,6.09
gab,Gabon,1990,18735.95954,3.73,9.83819992635609,3.23
gab,Gabon,1991,19849.95086,4.14,9.895956810545522,3.73
gab,Gabon,1992,19165.65208,4.58,9.860875001759705,4.14
gab,Gabon,1993,19754.815,4.97,9.89115253808385,4.58
gab,Gabon,1994,20454.28489,6.58,9.925947669595937,4.97
gab,Gabon,1995,21328.4122,6.47,9.967795368938408,6.58
gab,Gabon,1996,21934.68178,8.47,9.99582430608683,6.47
gab,Gabon,1997,22992.22661,9.02,10.042911464307117,8.47
gab,Gabon,1998,23531.27309,6.48,10.066085585230162,9.02
gab,Gabon,1999,21102.13434,6.06,9.957129467902984,6.48
gab,Gabon,2000,20439.64102,5.58,9.925231481541108,6.06
gab,Gabon,2001,20584.51941,6.25,9.93229458731986,5.58
gab,Gabon,2002,20173.20857,6.29,9.912110694647973,6.25
gab,Gabon,2003,20273.43083,6.61,9.917066481660529,6.29
gab,Gabon,2004,20020.44574,6.61,9.90450931735662,6.61
gab,Gabon,2005,20089.26663,6.36,9.907940952911723,6.61
gab,Gabon,2006,19055.90344,5.1,9.855132224411799,6.36
gab,Gabon,2007,19671.99521,5.02,9.886951340402709,5.1
gab,Gabon,2008,18472.96499,5.2,9.824063590358444,5.02
gab,Gabon,2009,17915.04478,4.78,9.793396129317287,5.2
gab,Gabon,2010,18530.57609,3.95,9.827177408380592,4.78
gab,Gabon,2011,19153.08782,3.38,9.860219225474626,3.95
gab,Gabon,2012,19450.40271,3.01,9.875623053716568,3.38
gab,Gabon,2013,19836.45549,2.53,9.895276710140301,3.01
gab,Gabon,2014,20008.98998,2.96,9.903936950541716,2.53
gab,Gabon,2015,20147.71162,2.8,9.910845993679924,2.96
gab,Gabon,2016,19988.1756,2.73,9.902896157696668,2.8
gab,Gabon,2017,19555.70788,2.68,9.881022485971915,2.73
gab,Gabon,2018,19225.59826,2.88,9.86399791274532,2.68
gab,Gabon,2019,19491.40676,2.94,9.877728968449965,2.88
gab,Gabon,2020,18681.48407,3.19,9.835288155629229,2.94
gab,Gabon,2021,18523.5798,3.36,9.826799783257844,3.19
gab,Gabon,2022,18662.0498,3.56,9.83424731831468,3.36
gbr,UK,1960,16107.12216,0.22,9.687016823342045,
gbr,UK,1961,16337.70396,0.19,9.701230842016754,0.22
gbr,UK,1962,16279.32496,0.19,9.697651174323395,0.19
gbr,UK,1963,16688.87665,0.17,9.722497707620157,0.19
gbr,UK,1964,17354.60408,0.13,9.761613115013482,0.17
gbr,UK,1965,17554.44654,0.12,9.773062560905313,0.13
gbr,UK,1966,17677.32631,0.12,9.780038097945752,0.12
gbr,UK,1967,17849.0809,0.11,9.789707295686041,0.12
gbr,UK,1968,18582.80195,0.09,9.829991805626587,0.11
gbr,UK,1969,18512.21886,0.08,9.826186271965128,0.09
gbr,UK,1970,18739.87041,0.08,9.838408640613753,0.08
gbr,UK,1971,19044.11385,0.06,9.85451334855741,0.08
gbr,UK,1972,19602.26793,0.05,9.883400549238926,0.06
gbr,UK,1973,20723.62387,0.03,9.93902957828146,0.05
gbr,UK,1974,20181.17933,0.03,9.912505732735202,0.03
gbr,UK,1975,19879.80541,0.04,9.897459691933284,0.03
gbr,UK,1976,20250.75518,0.03,9.91594736467883,0.04
gbr,UK,1977,20584.23286,0.02,9.932280666567626,0.03
gbr,UK,1978,21248.413,0.01,9.964037489210757,0.02
gbr,UK,1979,21796.23412,0.01,9.989492487065744,0.01
gbr,UK,1980,21237.59308,0.01,9.963528148784002,0.01
gbr,UK,1981,22020.49757,0.01,9.99972900629749,0.01
gbr,UK,1982,23143.3956,0.03,10.04946473155521,0.01
gbr,UK,1983,24509.95028,0.01,10.10683444796033,0.03
gbr,UK,1984,25514.37411,0.03,10.146997262920891,0.01
gbr,UK,1985,26888.46795,0.04,10.199452772928002,0.03
gbr,UK,1986,28065.20793,0.16,10.242285936221116,0.04
gbr,UK,1988,32054.17249,0.03,10.375182640770714,0.16
gbr,UK,1989,33555.44784,0.07,10.42095450894941,0.03
gbr,UK,1990,34496.95059,0.08,10.448626210417288,0.07
gbr,UK,1991,33991.66487,0.06,10.433870622661557,0.08
gbr,UK,1992,34014.97468,0.13,10.434556138401403,0.06
gbr,UK,1993,34763.7296,0.13,10.456329869365785,0.13
gbr,UK,1994,35996.25289,0.28,10.491170125631994,0.13
gbr,UK,1995,36792.38627,0.24,10.513046207914376,0.28
gbr,UK,1996,37629.28701,0.1,10.535537936025571,0.24
gbr,UK,1997,39240.69074,0.12,10.577469516480535,0.1
gbr,UK,1998,40439.99642,0.18,10.607574584608193,0.12
gbr,UK,1999,41551.22969,0.18,10.634682395272854,0.18
gbr,UK,2000,43163.51653,0.18,10.672750892651736,0.18
gbr,UK,2001,44115.61785,0.25,10.694569144998455,0.18
gbr,UK,2002,44751.84782,0.23,10.708888014917546,0.25
gbr,UK,2003,45963.07531,0.19,10.73559364247435,0.23
gbr,UK,2004,46828.68704,0.17,10.754251265055958,0.19
gbr,UK,2005,47788.26355,0.26,10.774535355904748,0.17
gbr,UK,2006,48571.69291,0.19,10.790796189786928,0.26
gbr,UK,2007,49459.8415,0.23,10.808916336460486,0.19
gbr,UK,2008,48947.71347,0.3,10.798507935325249,0.23
gbr,UK,2009,46342.91858,0.29,10.743823777876203,0.3
gbr,UK,2010,47013.88241,0.28,10.75819820750447,0.29
gbr,UK,2011,47178.91992,0.24,10.761702459948458,0.28
gbr,UK,2012,47550.94285,0.29,10.769556896378424,0.24
gbr,UK,2013,48083.80343,0.11,10.78070067236155,0.29
gbr,UK,2014,49250.55999,0.24,10.804676016890923,0.11
gbr,UK,2015,49983.34859,0.25,10.819445200744077,0.24
gbr,UK,2016,50540.87977,0.26,10.830537788190757,0.25
gbr,UK,2017,51601.14044,0.31,10.851299052775806,0.26
gbr,UK,2018,52071.26966,0.31,10.860368629573898,0.31
gbr,UK,2019,52645.5442,0.33,10.871336883401455,0.31
gbr,UK,2020,47144.72215,0.44,10.76097734436242,0.33
gbr,UK,2021,51004.42717,0.3,10.839667715193833,0.44
gbr,UK,2022,52982.17492,0.29,10.877710813701091,0.3
geo,Georgia,1960,6566.7348,4.71,8.789772001638662,
geo,Georgia,1961,6837.57771,3.96,8.830188811930734,4.71
geo,Georgia,1962,6921.30149,3.96,8.842359107517126,3.96
geo,Georgia,1963,6673.82373,4.31,8.805948247515124,3.96
geo,Georgia,1964,7442.72387,2.98,8.914992172383794,4.31
geo,Georgia,1965,7780.97589,2.68,8.959437045038682,2.98
geo,Georgia,1966,8276.80655,1.88,9.021212490617582,2.68
geo,Georgia,1967,8708.06055,1.63,9.07200437570647,1.88
geo,Georgia,1968,9012.74015,1.22,9.106394427562746,1.63
geo,Georgia,1969,9357.97277,1.03,9.14398396161214,1.22
geo,Georgia,1970,10394.2261,0.48,9.24900574826618,1.03
geo,Georgia,1971,10552.59889,0.47,9.264127448851786,0.48
geo,Georgia,1972,10753.54965,0.38,9.282991179051788,0.47
geo,Georgia,1973,11345.23467,0.22,9.33655308188322,0.38
geo,Georgia,1974,11481.88856,0.22,9.348526165054285,0.22
geo,Georgia,1975,11620.18845,0.16,9.360499248002451,0.22
geo,Georgia,1976,11760.15417,0.16,9.372472331060564,0.16
geo,Georgia,1977,11901.80579,0.16,9.384445414646024,0.16
geo,Georgia,1978,12045.1636,0.11,9.396418497356068,0.16
geo,Georgia,1979,12190.24817,0.11,9.408391580758652,0.11
geo,Georgia,1980,12337.08029,0.07,9.420364664115457,0.11
geo,Georgia,1981,12921.36456,0.06,9.466637387858677,0.07
geo,Georgia,1982,13529.69818,0.05,9.512642413451125,0.06
geo,Georgia,1983,14209.44886,0.03,9.561662434976554,0.05
geo,Georgia,1984,15198.3905,0.01,9.628944813069927,0.03
geo,Georgia,1985,16003.06383,0.01,9.680535472265168,0.01
geo,Georgia,1986,15917.84559,0.04,9.675196122979507,0.01
geo,Georgia,1987,15714.92327,0.03,9.662366066623502,0.04
geo,Georgia,1988,16758.77202,0.02,9.726677102855387,0.03
geo,Georgia,1989,16130.36973,0.05,9.688459092741239,0.02
geo,Georgia,1990,13783.49522,0.2,9.531227156817536,0.05
geo,Georgia,1991,10771.22918,0.83,9.284633893628817,0.2
geo,Georgia,1992,5891.12345,4.52,8.681201996997247,0.83
geo,Georgia,1993,4141.145,8.31,8.328727598629223,4.52
geo,Georgia,1994,3756.70721,9.64,8.231298110676597,8.31
geo,Georgia,1995,3968.25928,8.71,8.286082809011955,9.64
geo,Georgia,1996,4530.22791,6.87,8.418527528469788,8.71
geo,Georgia,1997,5129.05014,19.12,8.542675763126239,6.87
geo,Georgia,1998,5383.07997,16.6,8.591015974478845,19.12
geo,Georgia,1999,5623.01002,21.56,8.634622390257535,16.6
geo,Georgia,2000,5817.64099,22.45,8.668650130379119,21.56
geo,Georgia,2001,6168.02458,22.97,8.727133900319531,22.45
geo,Georgia,2002,6546.59987,13.19,8.786701090031471,22.97
geo,Georgia,2003,7304.22141,13.46,8.896207735342193,13.19
geo,Georgia,2004,7757.61197,12.73,8.956429829992137,13.46
geo,Georgia,2005,8531.25642,13.21,9.05149192389456,12.73
geo,Georgia,2006,9368.12491,13.28,9.145068238877816,13.21
geo,Georgia,2007,10588.92675,14.7,9.267564087850573,13.28
geo,Georgia,2008,10868.556,12.94,9.293629128604591,14.7
geo,Georgia,2009,10556.10672,12.64,9.26445980746222,12.94
geo,Georgia,2010,11294.36859,14.95,9.332059525613117,12.64
geo,Georgia,2011,12288.68289,13.91,9.416434027573759,14.95
geo,Georgia,2012,13193.9597,11.15,9.487514405359477,13.91
geo,Georgia,2013,13913.00182,8.59,9.540579064654777,11.15
geo,Georgia,2014,14475.31354,6.53,9.580199963001078,8.59
geo,Georgia,2015,14936.84341,5.34,9.611586151891881,6.53
geo,Georgia,2016,15442.95644,5.23,9.644908284523561,5.34
geo,Georgia,2017,16237.62422,6.48,9.695086311142049,5.23
geo,Georgia,2018,17228.67908,6.07,9.754330662624932,6.48
geo,Georgia,2019,18186.88165,5.22,9.808455824710453,6.07
geo,Georgia,2020,17031.14403,6.26,9.742798948734555,5.22
geo,Georgia,2021,18915.6534,5.79,9.847745080483188,6.26
geo,Georgia,2022,20966.52804,4.54,9.950682542233858,5.79
gha,Ghana,1960,2663.85574,47.16,7.887529878542375,
gha,Ghana,1961,2669.50063,45.37,7.889646703939464,47.16
gha,Ghana,1962,2710.18899,45.36,7.904773649449545,45.37
gha,Ghana,1963,2713.00652,43.6,7.905812715899685,45.36
gha,Ghana,1964,2680.77965,45.34,7.893862945376682,43.6
gha,Ghana,1965,2627.55885,45.32,7.873810500216742,45.34
gha,Ghana,1966,2542.06169,47.08,7.840730719747612,45.32
gha,Ghana,1967,2501.44196,47.07,7.824622628580334,47.08
gha,Ghana,1968,2451.01181,48.84,7.804256201957957,47.07
gha,Ghana,1969,2474.36265,47.04,7.8137381266885555,48.84
gha,Ghana,1970,2668.07401,41.79,7.889112146530831,47.04
gha,Ghana,1971,2759.35644,40.07,7.9227527576088885,41.79
gha,Ghana,1972,2592.30615,43.49,7.86030316392325,40.07
gha,Ghana,1973,2607.51353,43.47,7.866152375739701,43.49
gha,Ghana,1974,2703.43004,40.02,7.902276630921111,43.47
gha,Ghana,1975,2305.14723,50.57,7.742899827577431,40.02
gha,Ghana,1976,2168.66602,54.17,7.681867520178853,50.57
gha,Ghana,1977,2166.01088,54.17,7.680642450632346,54.17
gha,Ghana,1978,2299.24229,48.74,7.740334908509815,54.17
gha,Ghana,1979,2193.22947,52.34,7.693130380426669,48.74
gha,Ghana,1980,2120.07511,53.98,7.6592067962837405,52.34
gha,Ghana,1981,2130.51667,56.69,7.66411979736371,53.98
gha,Ghana,1982,1980.03931,61.2,7.590871977026856,56.69
gha,Ghana,1983,1828.30151,64.56,7.511142678237963,61.2
gha,Ghana,1984,1962.96956,62.11,7.582213687278999,64.56
gha,Ghana,1985,2067.87633,60.94,7.634277432099312,62.11
gha,Ghana,1986,2155.38754,59.68,7.675725819316478,60.94
gha,Ghana,1987,2268.29752,58.66,7.7267848379019295,59.68
gha,Ghana,1988,2408.03656,57.51,7.786566989037707,58.66
gha,Ghana,1989,2529.12332,58.03,7.835628007837783,57.51
gha,Ghana,1990,2624.40597,60.05,7.872609852273805,58.03
gha,Ghana,1991,2704.39344,61.75,7.902632929536906,60.05
gha,Ghana,1992,2750.73982,62.94,7.919625179934304,61.75
gha,Ghana,1993,2813.74152,60.77,7.942270378444744,62.94
gha,Ghana,1994,2849.08258,59.98,7.954752319686819,60.77
gha,Ghana,1995,2909.96893,58.94,7.975897683132594,59.98
gha,Ghana,1996,2985.54065,57.16,8.0015361317041,58.94
gha,Ghana,1997,3053.16446,56.25,8.023933859610269,57.16
gha,Ghana,1998,3130.84259,54.14,8.049057445389964,56.25
gha,Ghana,1999,3200.71521,52.97,8.071129566939716,54.14
gha,Ghana,2000,3247.06701,51.97,8.085507409401444,52.97
gha,Ghana,2001,3299.50233,51.68,8.101526926990829,51.97
gha,Ghana,2002,3364.62378,50.26,8.121071431965012,51.68
gha,Ghana,2003,3454.94981,48.38,8.147563209323463,50.26
gha,Ghana,2004,3561.94033,45.97,8.178060711884475,48.38
gha,Ghana,2005,3683.02601,44.5,8.211489978597701,45.97
gha,Ghana,2006,3826.47521,41.07,8.249699347723828,44.5
gha,Ghana,2007,3899.59845,40.92,8.268628865278373,41.07
gha,Ghana,2008,4158.47667,37.96,8.332904101097022,40.92
gha,Ghana,2009,4260.95433,37.14,8.35724843530119,37.96
gha,Ghana,2010,4495.68917,34.84,8.41087425439713,37.14
gha,Ghana,2011,5005.36733,30.08,8.518266081663608,34.84
gha,Ghana,2012,5339.71322,27.68,8.582927226392272,30.08
gha,Ghana,2013,5593.77482,25.83,8.629409619108294,27.68
gha,Ghana,2014,5619.07233,26.19,8.633921863426574,25.83
gha,Ghana,2015,5607.36636,26.34,8.631836433743002,26.19
gha,Ghana,2016,5666.07795,26.52,8.64225243779671,26.34
gha,Ghana,2017,5993.63085,24.88,8.69845265939349,26.52
gha,Ghana,2018,6234.51208,23.97,8.737855600040024,24.88
gha,Ghana,2019,6508.24652,22.95,8.7808253471544,23.97
gha,Ghana,2020,6412.68542,23.25,8.766033404460593,22.95
gha,Ghana,2021,6607.50297,22.84,8.79596109596756,23.25
gha,Ghana,2022,6728.45414,22.37,8.81410069937476,22.84
gin,Guinea,1960,1159.46738,91.29,7.055716023483982,
gin,Guinea,1961,1235.85592,90.08,7.119519061643587,91.29
gin,Guinea,1962,1296.16395,89.45,7.167164373540814,90.08
gin,Guinea,1963,1246.33165,90.06,7.127959835679582,89.45
gin,Guinea,1964,1258.30588,90.04,7.1375215555584735,90.06
gin,Guinea,1965,1325.12115,88.76,7.1892591682027565,90.04
gin,Guinea,1966,1346.00714,88.75,7.204897814796844,88.76
gin,Guinea,1967,1348.59137,88.73,7.206815897051176,88.75
gin,Guinea,1968,1365.0331,88.04,7.218933956409305,88.73
gin,Guinea,1969,1364.04728,88.02,7.218211500559266,88.04
gin,Guinea,1970,1322.36654,89.33,7.187178243706362,88.02
gin,Guinea,1971,1378.86456,87.98,7.229015656871162,89.33
gin,Guinea,1972,1397.19481,87.97,7.242221798353777,87.98
gin,Guinea,1973,1403.10699,87.95,7.246444335213498,87.97
gin,Guinea,1974,1462.69836,86.49,7.288038200678221,87.95
gin,Guinea,1975,1488.8086,86.47,7.305731481775624,86.49
gin,Guinea,1976,1592.41558,84.12,7.373007375052175,86.47
gin,Guinea,1977,1524.6003,85.68,7.329487556327078,84.12
gin,Guinea,1978,1611.09627,84.07,7.3846701393058805,85.68
gin,Guinea,1979,1575.36372,84.85,7.362241457932069,84.07
gin,Guinea,1980,1596.71053,84.48,7.375700873175791,84.85
gin,Guinea,1981,1586.43587,84.89,7.369245187892979,84.48
gin,Guinea,1982,1594.8762,84.97,7.374551394651688,84.89
gin,Guinea,1983,1591.74989,85.15,7.372589249790803,84.97
gin,Guinea,1984,1574.99792,85.77,7.362009230623941,85.15
gin,Guinea,1985,1608.45858,85.81,7.3830315956481165,85.77
gin,Guinea,1986,1623.06193,85.86,7.392069724519198,85.81
gin,Guinea,1987,1644.26539,85.73,7.405048992028185,85.86
gin,Guinea,1988,1712.33872,85.07,7.445615387599155,85.73
gin,Guinea,1989,1745.35977,84.75,7.464715985305789,85.07
gin,Guinea,1990,1771.44373,84.67,7.479550159759266,84.75
gin,Guinea,1991,1749.15762,84.89,7.466889591026643,84.67
gin,Guinea,1992,1768.63686,69.65,7.477964393267892,84.89
gin,Guinea,1993,1825.61959,51.88,7.509674709768905,69.65
gin,Guinea,1994,1863.55106,40.99,7.530239118597601,51.88
gin,Guinea,1995,1915.86853,42.83,7.557926339266328,40.99
gin,Guinea,1996,1964.80389,43.21,7.58314771779614,42.83
gin,Guinea,1997,2049.52671,44.84,7.625364172306409,43.21
gin,Guinea,1998,2107.83081,47.02,7.653414645529358,44.84
gin,Guinea,1999,2157.74764,48.58,7.676820197367272,47.02
gin,Guinea,2000,2188.59249,50.39,7.6910139175611105,48.58
gin,Guinea,2001,2261.24514,52.29,7.723670887453464,50.39
gin,Guinea,2002,2362.78757,53.07,7.767597374711608,52.29
gin,Guinea,2003,2357.32725,52.96,7.765283735046492,53.07
gin,Guinea,2004,2379.76742,52.18,7.774758039201272,52.96
gin,Guinea,2005,2421.05132,51.89,7.791957154565514,52.18
gin,Guinea,2006,2416.21988,50.28,7.789959564847328,51.89
gin,Guinea,2007,2539.14707,48.19,7.839583504406804,50.28
gin,Guinea,2008,2597.95859,41.97,7.862481257919527,48.19
gin,Guinea,2009,2522.31914,40.81,7.832934050945693,41.97
gin,Guinea,2010,2594.8305,42.43,7.861276475547606,40.81
gin,Guinea,2011,2673.40873,33.77,7.891109615036642,42.43
gin,Guinea,2012,2762.90351,24.73,7.924037402127593,33.77
gin,Guinea,2013,2802.56007,24.02,7.938288589150142,24.73
gin,Guinea,2014,2834.96634,22.24,7.949785343075495,24.02
gin,Guinea,2015,2869.85157,21.68,7.962015589646222,22.24
gin,Guinea,2016,3099.78874,18.77,8.039089239763934,21.68
gin,Guinea,2017,3332.76576,16.64,8.11155779681015,18.77
gin,Guinea,2018,3455.64513,14.95,8.147764442360092,16.64
gin,Guinea,2019,3557.46234,13.32,8.17680274382224,14.95
gin,Guinea,2020,3630.99331,13.42,8.197261528944999,13.32
gin,Guinea,2021,3738.80513,12.3,8.226521355405486,13.42
gin,Guinea,2022,3792.01069,12.64,8.240651682463765,12.3
gmb,Gambia,1960,1706.61741,75.91,7.442268567620823,
gmb,Gambia,1961,1817.3162,72.85,7.50511607637093,75.91
gmb,Gambia,1962,1759.72989,73.91,7.472915604663319,72.85
gmb,Gambia,1963,1723.64609,74.94,7.452197145927211,73.91
gmb,Gambia,1964,1811.29329,72.85,7.501796393970395,74.94
gmb,Gambia,1965,1945.6445,69.52,7.5733485636319955,72.85
gmb,Gambia,1966,2089.72194,67.2,7.644786293045643,69.52
gmb,Gambia,1967,2067.18154,67.2,7.63394138359485,67.2
gmb,Gambia,1968,2050.31846,67.25,7.625750406408923,67.2
gmb,Gambia,1969,2136.03671,64.87,7.66670738626199,67.25
gmb,Gambia,1970,1975.95422,68.41,7.588806710023237,64.87
gmb,Gambia,1971,1917.2311,69.56,7.558637288727035,68.41
gmb,Gambia,1972,1864.59711,70.7,7.530800281931112,69.56
gmb,Gambia,1973,1977.21257,67.24,7.589443338887813,70.7
gmb,Gambia,1974,2035.4414,66.07,7.61846797853329,67.24
gmb,Gambia,1975,2098.56803,64.88,7.649010500642272,66.07
gmb,Gambia,1976,2011.40012,66.07,7.6065863356703165,64.88
gmb,Gambia,1977,1982.56459,67.24,7.5921465330539455,66.07
gmb,Gambia,1978,2020.01775,66.07,7.610861577485356,67.24
gmb,Gambia,1979,1897.2,68.4,7.5481343940034265,66.07
gmb,Gambia,1980,1846.03456,69.32,7.520795136447681,68.4
gmb,Gambia,1981,1878.54216,71.02,7.538251308201088,69.32
gmb,Gambia,1982,2162.83742,72.19,7.679176259004192,71.02
gmb,Gambia,1983,2280.61915,70.21,7.732202242101097,72.19
gmb,Gambia,1984,2159.69879,70.25,7.677724041880211,70.21
gmb,Gambia,1985,2196.46783,71.24,7.6946058172808085,70.25
gmb,Gambia,1986,2192.01876,71.43,7.692578206425444,71.24
gmb,Gambia,1987,2208.44558,71.63,7.700044189573825,71.43
gmb,Gambia,1988,2239.03468,71.41,7.713800105536416,71.63
gmb,Gambia,1989,2307.05593,71.28,7.743727501486298,71.41
gmb,Gambia,1990,2401.07258,71.38,7.783670824835585,71.28
gmb,Gambia,1991,2388.93146,71.4,7.778601457085869,71.38
gmb,Gambia,1992,2387.56295,71.84,7.778028438499442,71.4
gmb,Gambia,1993,2384.36613,72.02,7.776688594413478,71.84
gmb,Gambia,1994,2323.82556,72.54,7.750970054913677,72.02
gmb,Gambia,1995,2286.40783,73.43,7.73473723176736,72.54
gmb,Gambia,1996,2291.54085,73.6,7.736979730541321,73.43
gmb,Gambia,1997,2329.00688,73.1,7.753197223937513,73.6
gmb,Gambia,1998,2358.3421,72.77,7.765714151150907,73.1
gmb,Gambia,1999,2456.78966,61.75,7.8066107603909565,72.77
gmb,Gambia,2000,2538.65544,54.23,7.839389865524406,61.75
gmb,Gambia,2001,2628.79005,58.67,7.874278962278884,54.23
gmb,Gambia,2002,2500.01615,64.88,7.824052470835427,58.67
gmb,Gambia,2003,2601.61094,53.06,7.863886124449201,64.88
gmb,Gambia,2004,2728.61837,46.71,7.911550668496348,53.06
gmb,Gambia,2005,2606.00889,46.33,7.865575169037376,46.71
gmb,Gambia,2006,2531.6846,44.44,7.836640209944312,46.33
gmb,Gambia,2007,2544.14242,42.05,7.841548905597442,44.44
gmb,Gambia,2008,2634.21604,37.91,7.876340898681629,42.05
gmb,Gambia,2009,2737.72235,44.15,7.914881594570579,37.91
gmb,Gambia,2010,2824.21259,30.38,7.945984875524798,44.15
gmb,Gambia,2011,2519.83983,29.79,7.831950618961668,30.38
gmb,Gambia,2012,2574.9351,25.56,7.853579608896718,29.79
gmb,Gambia,2013,2572.44729,21.8,7.852612977702368,25.56
gmb,Gambia,2014,2465.10971,19.73,7.809991592585771,21.8
gmb,Gambia,2015,2495.95742,15.48,7.822427670048935,19.73
gmb,Gambia,2016,2478.46056,15.13,7.815392904483503,15.48
gmb,Gambia,2017,2533.18684,16.08,7.837233409618517,15.13
gmb,Gambia,2018,2651.43282,15.9,7.882855459654284,16.08
gmb,Gambia,2019,2750.82132,16.27,7.919654807888236,15.9
gmb,Gambia,2020,2702.3192,18.16,7.901865646257814,16.27
gmb,Gambia,2021,2777.79621,17.7,7.929413162092103,18.16
gmb,Gambia,2022,2863.1805,17.31,7.959688348867014,17.7
gnb,Guinea-Bissau,1960,1176.95319,52.7,7.070684335866177,
gnb,Guinea-Bissau,1961,1243.81947,50.39,7.125942142189336,52.7
gnb,Guinea-Bissau,1962,1278.60069,49.25,7.153521547985226,50.39
gnb,Guinea-Bissau,1963,1373.83647,45.81,7.2253624482319045,49.25
gnb,Guinea-Bissau,1964,1479.83008,42.48,7.299682549356084,45.81
gnb,Guinea-Bissau,1965,1557.6652,40.33,7.350943312452588,42.48
gnb,Guinea-Bissau,1966,1516.47506,41.46,7.324143881230132,40.33
gnb,Guinea-Bissau,1967,1627.23173,38.33,7.394635524858357,41.46
gnb,Guinea-Bissau,1968,1661.07842,37.34,7.415222321021395,38.33
gnb,Guinea-Bissau,1969,1726.32255,36.35,7.453748731356663,37.34
gnb,Guinea-Bissau,1970,1575.7643,39.48,7.3624957033956715,36.35
gnb,Guinea-Bissau,1971,1488.55878,41.63,7.305563669095022,39.48
gnb,Guinea-Bissau,1972,1556.78238,39.55,7.350376393279304,41.63
gnb,Guinea-Bissau,1973,1541.5019,39.58,7.340512479891128,39.55
gnb,Guinea-Bissau,1974,1580.51254,38.59,7.3655044658222355,39.58
gnb,Guinea-Bissau,1975,1634.06783,37.6,7.3988277861862715,38.59
gnb,Guinea-Bissau,1976,1641.37699,37.64,7.4032907965765755,37.6
gnb,Guinea-Bissau,1977,1503.47128,40.78,7.315531900151025,37.64
gnb,Guinea-Bissau,1978,1680.16131,36.71,7.426645085645028,40.78
gnb,Guinea-Bissau,1979,1690.33912,35.75,7.432684450508941,36.71
gnb,Guinea-Bissau,1980,1394.89211,42.99,7.240572350762743,35.75
gnb,Guinea-Bissau,1981,1426.49389,44.65,7.262974887433726,42.99
gnb,Guinea-Bissau,1982,1504.64967,43.93,7.316315372677472,44.65
gnb,Guinea-Bissau,1983,1454.7367,45.28,7.282580201030646,43.93
gnb,Guinea-Bissau,1984,1533.53018,43.37,7.335327663830163,45.28
gnb,Guinea-Bissau,1985,1596.35078,42.65,7.375475540827556,43.37
gnb,Guinea-Bissau,1986,1567.66244,43.31,7.357340897121911,42.65
gnb,Guinea-Bissau,1987,1649.71533,42.91,7.408358024737357,43.31
gnb,Guinea-Bissau,1988,1713.53293,42.08,7.446312559104906,42.91
gnb,Guinea-Bissau,1989,1782.91059,40.95,7.486002470784148,42.08
gnb,Guinea-Bissau,1990,1869.81915,39.81,7.5335969939418534,40.95
gnb,Guinea-Bissau,1991,1917.98104,39.11,7.559028370097339,39.81
gnb,Guinea-Bissau,1992,1897.51065,40.31,7.548298121902255,39.11
gnb,Guinea-Bissau,1993,1881.09839,40.26,7.539611135216412,40.31
gnb,Guinea-Bissau,1994,1886.97037,41.02,7.542727843072509,40.26
gnb,Guinea-Bissau,1995,1924.86871,42.2,7.5626130417985795,41.02
gnb,Guinea-Bissau,1996,2078.82589,38.15,7.63955853735729,42.2
gnb,Guinea-Bissau,1997,2175.43222,36.53,7.684982645619296,38.15
gnb,Guinea-Bissau,1998,1680.13503,55.23,7.426629444167407,36.53
gnb,Guinea-Bissau,1999,1919.75711,51.66,7.5599539518110355,55.23
gnb,Guinea-Bissau,2000,1903.68346,50.41,7.551545951530247,51.66
gnb,Guinea-Bissau,2001,1951.61367,49.67,7.576411832426271,50.41
gnb,Guinea-Bissau,2002,1974.42194,53.3,7.588030945885957,49.67
gnb,Guinea-Bissau,2003,1933.98218,56.08,7.567336461906674,53.3
gnb,Guinea-Bissau,2004,1921.90486,57.35,7.561072087784756,56.08
gnb,Guinea-Bissau,2005,2004.37282,58.24,7.603086482825998,57.35
gnb,Guinea-Bissau,2006,2015.43233,59.78,7.608589007198239,58.24
gnb,Guinea-Bissau,2007,2023.64221,61.69,7.612654241065626,59.78
gnb,Guinea-Bissau,2008,2068.09149,63.45,7.634381475462103,61.69
gnb,Guinea-Bissau,2009,2072.05371,65.01,7.636295524858081,63.45
gnb,Guinea-Bissau,2010,2138.02686,66.26,7.667638654649199,65.01
gnb,Guinea-Bissau,2011,2250.92052,49.99,7.719094531531698,66.26
gnb,Guinea-Bissau,2012,2154.30225,60.67,7.675222168206618,49.99
gnb,Guinea-Bissau,2013,2166.00798,57.37,7.680641111764675,60.67
gnb,Guinea-Bissau,2014,2130.19123,46.93,7.663967034016269,57.37
gnb,Guinea-Bissau,2015,2203.48514,48.34,7.697795540442646,46.93
gnb,Guinea-Bissau,2016,2265.5718,35.22,7.725582456388038,48.34
gnb,Guinea-Bissau,2017,2314.15796,29.17,7.746801168172314,35.22
gnb,Guinea-Bissau,2018,2344.86927,25.0,7.759984930925527,29.17
gnb,Guinea-Bissau,2019,2418.1041,22.07,7.790739082357204,25.0
gnb,Guinea-Bissau,2020,2413.67908,24.8,7.788907451643545,22.07
gnb,Guinea-Bissau,2021,2483.85063,25.67,7.817565308395076,24.8
gnb,Guinea-Bissau,2022,2564.42407,25.66,7.849489198280252,25.67
gnq,Equatorial Guinea,1960,1100.88969,89.41,7.003873940967558,
gnq,Equatorial Guinea,1961,1145.49779,88.86,7.043594572603169,89.41
gnq,Equatorial Guinea,1962,1201.71391,87.7,7.091504075118631,88.86
gnq,Equatorial Guinea,1963,1301.18758,85.77,7.17103264951829,87.7
gnq,Equatorial Guinea,1964,1406.90459,83.64,7.249147243869849,85.77
gnq,Equatorial Guinea,1965,1468.31309,82.06,7.291869463001005,83.64
gnq,Equatorial Guinea,1966,1472.51518,82.06,7.294727224470907,82.06
gnq,Equatorial Guinea,1967,1507.76533,81.24,7.31838391974749,82.06
gnq,Equatorial Guinea,1968,1499.13317,81.24,7.312642333382779,81.24
gnq,Equatorial Guinea,1969,1436.92376,82.06,7.270259829695916,81.24
gnq,Equatorial Guinea,1970,1365.15297,83.64,7.219021767274208,82.06
gnq,Equatorial Guinea,1971,1393.42569,82.88,7.239520519342955,83.64
gnq,Equatorial Guinea,1972,1405.42848,82.06,7.248097503246097,82.88
gnq,Equatorial Guinea,1973,1526.06809,79.51,7.330449830770326,82.06
gnq,Equatorial Guinea,1974,1642.65439,76.63,7.404068742897189,79.51
gnq,Equatorial Guinea,1975,1892.68494,71.17,7.54575170312623,76.63
gnq,Equatorial Guinea,1976,1991.39724,68.74,7.596591801993397,71.17
gnq,Equatorial Guinea,1977,2104.00067,66.2,7.651595892298614,68.74
gnq,Equatorial Guinea,1978,1955.8599,68.74,7.578585222262643,66.2
gnq,Equatorial Guinea,1979,1706.7999,74.58,7.44237549272467,68.74
gnq,Equatorial Guinea,1980,1616.58724,76.3,7.388072564159599,74.58
gnq,Equatorial Guinea,1981,1669.33765,76.31,7.4201822099711015,76.3
gnq,Equatorial Guinea,1982,1630.13607,78.25,7.396418768844277,76.31
gnq,Equatorial Guinea,1983,1610.52577,79.18,7.384315969885085,78.25
gnq,Equatorial Guinea,1984,1534.03602,81.72,7.335657462746701,79.18
gnq,Equatorial Guinea,1985,1652.00685,80.06,7.4097461005614305,81.72
gnq,Equatorial Guinea,1986,1545.01174,82.55,7.342786788008477,80.06
gnq,Equatorial Guinea,1987,1559.79293,82.54,7.352308354253736,82.55
gnq,Equatorial Guinea,1988,1565.42955,82.55,7.355915538156924,82.54
gnq,Equatorial Guinea,1989,1519.1171,84.04,7.3258845898153915,82.55
gnq,Equatorial Guinea,1990,1528.37002,84.75,7.331957100096406,84.04
gnq,Equatorial Guinea,1991,1446.50216,86.1,7.276903617674667,84.75
gnq,Equatorial Guinea,1992,1775.02341,80.93,7.48156889055494,86.1
gnq,Equatorial Guinea,1993,1873.78472,79.2,7.535715578931593,80.93
gnq,Equatorial Guinea,1994,2054.45085,76.35,7.627763864941659,79.2
gnq,Equatorial Guinea,1995,2277.44211,72.07,7.7308082105893305,76.35
gnq,Equatorial Guinea,1996,3466.74465,51.47,8.15097129140065,72.07
gnq,Equatorial Guinea,1997,7910.89398,13.91,8.975996073338875,51.47
gnq,Equatorial Guinea,1998,9302.7773,9.47,9.13806826896757,13.91
gnq,Equatorial Guinea,1999,11168.49676,5.89,9.320852304671945,9.47
gnq,Equatorial Guinea,2000,12428.04693,5.04,9.427711046656436,5.89
gnq,Equatorial Guinea,2001,19105.05954,2.17,9.857708476337804,5.04
gnq,Equatorial Guinea,2002,21418.4856,1.59,9.972009641222245,2.17
gnq,Equatorial Guinea,2003,22887.27786,1.3,10.038336483201094,1.59
gnq,Equatorial Guinea,2004,29356.54335,0.43,10.287270742486715,1.3
gnq,Equatorial Guinea,2005,32249.49451,0.24,10.381257647992552,0.43
gnq,Equatorial Guinea,2006,33027.962,0.18,10.40510981499772,0.24
gnq,Equatorial Guinea,2007,36215.3295,0.11,10.497237775027909,0.18
gnq,Equatorial Guinea,2008,40526.68854,0.07,10.609716012361387,0.11
gnq,Equatorial Guinea,2009,38976.73346,0.08,10.570720169139634,0.07
gnq,Equatorial Guinea,2010,33668.87407,0.18,10.424329071441546,0.08
gnq,Equatorial Guinea,2011,34341.93426,0.16,10.44412245959785,0.18
gnq,Equatorial Guinea,2012,35711.49193,0.15,10.48322781876926,0.16
gnq,Equatorial Guinea,2013,32894.36932,0.24,10.401056776817683,0.15
gnq,Equatorial Guinea,2014,31765.89971,0.3,10.366148657240963,0.24
gnq,Equatorial Guinea,2015,27797.79428,0.61,10.232711954084907,0.3
gnq,Equatorial Guinea,2016,24435.06456,1.04,10.10377445181249,0.61
gnq,Equatorial Guinea,2017,22250.43892,1.39,10.01011701414139,1.04
gnq,Equatorial Guinea,2018,20165.47956,1.81,9.911727488824834,1.39
gnq,Equatorial Guinea,2019,18446.59166,2.17,9.82263489852793,1.81
gnq,Equatorial Guinea,2020,17089.15373,2.64,9.746199256451726,2.17
gnq,Equatorial Guinea,2021,16821.44865,2.64,9.730410056453211,2.64
gnq,Equatorial Guinea,2022,16932.77068,2.64,9.737006116787361,2.64
grc,Greece,1960,6440.96328,8.67,8.770433385552531,
grc,Greece,1961,7016.12328,7.17,8.855966105163324,8.67
grc,Greece,1962,7150.66623,6.74,8.874960810368137,7.17
grc,Greece,1963,7873.63652,5.27,8.971275308385858,6.74
grc,Greece,1964,8507.74867,4.45,9.048732635451266,5.27
grc,Greece,1965,9290.83149,3.67,9.136783331570152,4.45
grc,Greece,1966,9786.39876,3.31,9.188748819026248,3.67
grc,Greece,1967,10196.33998,3.09,9.229784109388897,3.31
grc,Greece,1968,10853.78153,2.64,9.292268826357391,3.09
grc,Greece,1969,11944.9569,2.2,9.38806445154913,2.64
grc,Greece,1970,12903.7381,1.93,9.46527232356684,2.2
grc,Greece,1971,13781.49362,1.76,9.531081929114732,1.93
grc,Greece,1972,15239.68079,1.5,9.631657883483218,1.76
grc,Greece,1973,16022.01979,1.43,9.681719291950932,1.5
grc,Greece,1974,15118.33209,1.54,9.623663332140826,1.43
grc,Greece,1975,15881.5749,1.44,9.672914904946577,1.54
grc,Greece,1976,16698.9772,1.36,9.723102751020281,1.44
grc,Greece,1977,16963.21032,1.32,9.73880217916908,1.36
grc,Greece,1978,17886.49787,1.24,9.791801398256167,1.32
grc,Greece,1979,18249.99688,1.22,9.811920188051719,1.24
grc,Greece,1980,18240.18704,1.22,9.811382517961711,1.22
grc,Greece,1981,18834.04867,1.24,9.843421610222983,1.22
grc,Greece,1982,19305.8625,1.22,9.868164085245002,1.24
grc,Greece,1983,19556.47488,1.96,9.881061706488182,1.22
grc,Greece,1984,20368.70828,1.18,9.92175509434812,1.96
grc,Greece,1985,21280.52509,1.96,9.965547618433106,1.18
grc,Greece,1986,21723.46165,1.21,9.986148137499855,1.96
grc,Greece,1987,21682.37811,1.18,9.984255140958583,1.21
grc,Greece,1988,23153.52436,1.12,10.049902288099807,1.18
grc,Greece,1989,24638.00364,1.07,10.112045393261173,1.12
grc,Greece,1990,25181.86487,1.02,10.133879366412708,1.07
grc,Greece,1991,25801.45602,1.04,10.158186204201042,1.02
grc,Greece,1992,25926.40668,1.0,10.163017291220715,1.04
grc,Greece,1993,25495.28289,1.02,10.146248729328853,1.0
grc,Greece,1994,26005.0042,1.0,10.166044267714563,1.02
grc,Greece,1995,26552.61526,0.99,10.18688352502047,1.0
grc,Greece,1996,27000.08238,0.9,10.203595196092923,0.99
grc,Greece,1997,27990.94872,1.24,10.239636476897564,0.9
grc,Greece,1998,28920.16909,0.99,10.272294523074418,1.24
grc,Greece,1999,29692.65924,0.75,10.298655130604462,0.99
grc,Greece,2000,30878.47385,0.5,10.33781458096145,0.75
grc,Greece,2001,32216.03115,0.51,10.380219469441675,0.5
grc,Greece,2002,33660.65195,0.51,10.424084836244095,0.51
grc,Greece,2003,35613.94532,0.18,10.480492562608815,0.51
grc,Greece,2004,37508.87544,0.4,10.532332862354588,0.18
grc,Greece,2005,37901.02852,0.35,10.542733528433168,0.4
grc,Greece,2006,40277.6367,0.57,10.603551673313824,0.35
grc,Greece,2007,41648.95477,0.55,10.637031551721867,0.57
grc,Greece,2008,41617.32244,0.35,10.636271764384626,0.55
grc,Greece,2009,39846.18215,0.09,10.592781874108017,0.35
grc,Greece,2010,37566.74837,0.4,10.53387458624648,0.09
grc,Greece,2011,33906.49174,0.53,10.43136177179054,0.4
grc,Greece,2012,31250.22686,1.57,10.349781914658198,0.53
grc,Greece,2013,30762.44322,1.02,10.334049848943849,1.57
grc,Greece,2014,31213.37651,1.11,10.348602016212158,1.02
grc,Greece,2015,31347.97657,1.19,10.352905000756373,1.11
grc,Greece,2016,31468.61985,1.11,10.356746133043364,1.19
grc,Greece,2017,31995.41088,0.84,10.373347761497666,1.11
grc,Greece,2018,32722.33104,0.15,10.395813030232878,0.84
grc,Greece,2019,33502.75065,0.5,10.419382823397626,0.15
grc,Greece,2020,30487.11293,0.86,10.32505934642062,0.5
grc,Greece,2021,33531.15511,0.62,10.420230288911622,0.86
grc,Greece,2022,35906.61277,0.56,10.488676757235133,0.62
grd,Grenada,1960,2283.59974,29.54,7.7335083102347815,
grd,Grenada,1961,2320.46261,28.11,7.749521845644715,29.54
grd,Grenada,1962,2356.90561,28.11,7.765104855464747,28.11
grd,Grenada,1963,2392.93199,26.78,7.780274667111694,28.11
grd,Grenada,1964,2430.91659,25.52,7.7960236627443535,26.78
grd,Grenada,1965,2468.46758,24.28,7.811352824130801,25.52
grd,Grenada,1966,2507.93656,22.98,7.827215606377065,24.28
grd,Grenada,1967,2546.95541,21.76,7.842653967955382,22.98
grd,Grenada,1968,2585.52762,21.77,7.857684874432476,21.76
grd,Grenada,1969,2625.97028,20.65,7.873205737205399,21.77
grd,Grenada,1970,2667.10144,19.58,7.888747558704287,20.65
grd,Grenada,1971,2851.26555,16.98,7.955518227332083,19.58
grd,Grenada,1972,3062.41857,14.88,8.026960265111724,16.98
grd,Grenada,1973,3327.83727,13.0,8.110077903510014,14.88
grd,Grenada,1974,3546.39009,11.76,8.173685489043903,13.0
grd,Grenada,1975,3667.06132,10.49,8.207145890047684,11.76
grd,Grenada,1976,4027.28035,8.04,8.300846576009588,10.49
grd,Grenada,1977,4299.97236,6.83,8.366363873754018,8.04
grd,Grenada,1978,4571.72032,5.23,8.427644850690141,6.83
grd,Grenada,1979,4854.26059,4.28,8.487612070465632,5.23
grd,Grenada,1980,4789.45957,4.25,8.474172859405128,4.28
grd,Grenada,1981,4998.75777,4.44,8.516944714548417,4.25
grd,Grenada,1982,5249.86985,3.74,8.56595856480219,4.44
grd,Grenada,1983,5365.81464,3.99,8.587803486967388,3.74
grd,Grenada,1984,5568.55336,3.73,8.624890579260082,3.99
grd,Grenada,1985,5965.89483,3.24,8.693814336692697,3.73
grd,Grenada,1986,6483.96911,2.46,8.777088118809672,3.24
grd,Grenada,1987,7280.00964,2.08,8.892887465365678,2.46
grd,Grenada,1988,7776.9867,1.78,8.958924228522465,2.08
grd,Grenada,1989,8439.88999,1.62,9.040724553144866,1.78
grd,Grenada,1990,9104.65452,1.44,9.116541047454996,1.62
grd,Grenada,1991,9160.83911,1.36,9.122693059367808,1.44
grd,Grenada,1992,9000.22308,1.43,9.105004642677839,1.36
grd,Grenada,1993,8738.35371,1.61,9.07547708820687,1.43
grd,Grenada,1994,8802.3012,1.59,9.082768466281133,1.61
grd,Grenada,1995,8911.1178,1.49,9.095054967141547,1.59
grd,Grenada,1996,9231.93243,1.37,9.130423669613643,1.49
grd,Grenada,1997,9620.54023,1.2,9.171655699047665,1.37
grd,Grenada,1998,10670.16518,0.94,9.275206824963227,1.2
grd,Grenada,1999,11320.63989,0.78,9.334382877544721,0.94
grd,Grenada,2000,11784.00236,0.7,9.374498158414001,0.78
grd,Grenada,2001,11474.64677,0.78,9.347895251884147,0.7
grd,Grenada,2002,11808.09279,0.67,9.376540405041085,0.78
grd,Grenada,2003,12852.81801,0.59,9.461318366669655,0.67
grd,Grenada,2004,12702.39748,0.57,9.449546032583124,0.59
grd,Grenada,2005,14316.43725,0.41,9.569163614168868,0.57
grd,Grenada,2006,13676.87097,0.45,9.523461434750628,0.41
grd,Grenada,2007,14444.55033,0.41,9.578072482613093,0.45
grd,Grenada,2008,14512.62241,0.42,9.582774060768163,0.41
grd,Grenada,2009,13490.53871,0.54,9.509743882429664,0.42
grd,Grenada,2010,13363.09203,0.48,9.500251859683935,0.54
grd,Grenada,2011,13406.05988,0.49,9.503462113564648,0.48
grd,Grenada,2012,13169.46048,0.54,9.485655828066768,0.49
grd,Grenada,2013,13394.52168,0.54,9.50260107249455,0.54
grd,Grenada,2014,14296.70914,0.44,9.56778465969408,0.54
grd,Grenada,2015,15145.97202,0.37,9.625489902319625,0.44
grd,Grenada,2016,15650.41172,0.37,9.658252503609472,0.37
grd,Grenada,2017,16301.47244,0.33,9.699010716457337,0.37
grd,Grenada,2018,16975.2476,0.35,9.739511538476632,0.33
grd,Grenada,2019,17047.35493,0.34,9.743750334606437,0.35
grd,Grenada,2020,14656.72088,0.45,9.59265427238551,0.34
grd,Grenada,2021,15298.12311,0.4,9.635485427306614,0.45
grd,Grenada,2022,16386.46234,0.34,9.704210805853569,0.4
gtm,Guatemala,1960,4240.66691,62.28,8.352475825951553,
gtm,Guatemala,1961,4263.98418,61.06,8.357959255707465,62.28
gtm,Guatemala,1962,4257.0217,61.0,8.356325063301654,61.06
gtm,Guatemala,1963,4498.06719,58.84,8.411403070157805,61.0
gtm,Guatemala,1964,4538.61539,58.89,8.420377264343271,58.84
gtm,Guatemala,1965,4618.76667,57.84,8.437882993891623,58.89
gtm,Guatemala,1966,4753.1385,56.77,8.466560415680311,57.84
gtm,Guatemala,1967,4825.38773,55.72,8.481646369093735,56.77
gtm,Guatemala,1968,5118.05599,53.56,8.540529956480137,55.72
gtm,Guatemala,1969,5224.04994,52.57,8.561028230634923,53.56
gtm,Guatemala,1970,5378.6663,51.69,8.590195722795386,52.57
gtm,Guatemala,1971,5511.34871,50.72,8.614564647149086,51.69
gtm,Guatemala,1972,5741.75176,48.65,8.655519627423233,50.72
gtm,Guatemala,1973,5950.02054,48.0,8.691149950634557,48.65
gtm,Guatemala,1974,6142.89107,46.96,8.72305076862839,48.0
gtm,Guatemala,1975,6079.32745,46.92,8.71264935206541,46.96
gtm,Guatemala,1976,6338.19427,44.79,8.754349191406233,46.92
gtm,Guatemala,1977,6634.16355,42.71,8.799987872504285,44.79
gtm,Guatemala,1978,6763.79142,42.73,8.819338872760039,42.71
gtm,Guatemala,1979,6879.32092,41.72,8.836275222567508,42.73
gtm,Guatemala,1980,6931.89294,40.77,8.843888206400017,41.72
gtm,Guatemala,1981,7131.84267,42.33,8.872324919008921,40.77
gtm,Guatemala,1982,6936.18111,44.69,8.844506629711171,42.33
gtm,Guatemala,1983,6717.54133,46.71,8.812477493057248,44.69
gtm,Guatemala,1984,6713.20315,47.54,8.811831485658725,46.71
gtm,Guatemala,1985,6621.1339,48.86,8.798021918251543,47.54
gtm,Guatemala,1986,6525.27232,49.78,8.78343796618592,48.86
gtm,Guatemala,1987,6654.42778,47.29,8.803037743661347,49.78
gtm,Guatemala,1988,6867.93831,41.08,8.834619239740567,47.29
gtm,Guatemala,1989,7150.77592,36.63,8.874976150079874,41.08
gtm,Guatemala,1990,7388.6505,35.01,8.907700385629365,36.63
gtm,Guatemala,1991,7447.41196,32.92,8.91562186310098,35.01
gtm,Guatemala,1992,7625.15936,29.5,8.939208500929348,32.92
gtm,Guatemala,1993,7732.43887,27.12,8.9531795989347,29.5
gtm,Guatemala,1994,7831.20231,24.78,8.965871328921127,27.12
gtm,Guatemala,1995,8005.50984,21.73,8.98788531359631,24.78
gtm,Guatemala,1996,8042.14632,20.33,8.992451281770688,21.73
gtm,Guatemala,1997,8192.37277,17.66,9.010958850394397,20.33
gtm,Guatemala,1998,8397.28597,14.89,9.035663833814215,17.66
gtm,Guatemala,1999,8522.20231,12.24,9.050430073510531,14.89
gtm,Guatemala,2000,8628.76971,10.55,9.062857214239326,12.24
gtm,Guatemala,2001,8647.82894,10.98,9.06506357882739,10.55
gtm,Guatemala,2002,8791.80193,11.17,9.081574967394747,10.98
gtm,Guatemala,2003,8830.89407,11.44,9.086011542152832,11.17
gtm,Guatemala,2004,8923.16468,11.84,9.09640594740619,11.44
gtm,Guatemala,2005,9031.22567,12.06,9.108443370311974,11.84
gtm,Guatemala,2006,9328.01386,12.36,9.140777394438226,12.06
gtm,Guatemala,2007,9726.22375,11.65,9.182580996045607,12.36
gtm,Guatemala,2008,9857.30345,11.42,9.195967926420355,11.65
gtm,Guatemala,2009,9724.45031,11.77,9.182398643495823,11.42
gtm,Guatemala,2010,9825.0174,11.59,9.19268720772826,11.77
gtm,Guatemala,2011,10032.08835,11.22,9.213544069652103,11.59
gtm,Guatemala,2012,10126.82807,11.0,9.222943425800985,11.22
gtm,Guatemala,2013,10297.83929,10.52,9.239689374541411,11.0
gtm,Guatemala,2014,10553.56393,10.27,9.264218895128298,10.52
gtm,Guatemala,2015,10785.95815,9.73,9.286000395859977,10.27
gtm,Guatemala,2016,10872.59368,9.3,9.294000560668291,9.73
gtm,Guatemala,2017,11005.45908,9.11,9.306146708674317,9.3
gtm,Guatemala,2018,11192.37173,8.73,9.322987729696536,9.11
gtm,Guatemala,2019,11466.37626,8.05,9.347174228209877,8.73
gtm,Guatemala,2020,11097.15007,8.63,9.314443603883936,8.05
gtm,Guatemala,2021,11825.14092,7.56,9.377983130413861,8.63
gtm,Guatemala,2022,12147.9306,7.03,9.404914113274774,7.56
guy,Guyana,1960,3975.85802,38.23,8.287995857883342,
guy,Guyana,1961,4044.26624,36.83,8.305055413779414,38.23
guy,Guyana,1962,3979.71494,36.8,8.288965472597848,36.83
guy,Guyana,1963,3403.71261,45.1,8.132622058984557,36.8
guy,Guyana,1964,3696.39673,40.8,8.215113767368974,45.1
guy,Guyana,1965,3990.38152,36.71,8.291642124360319,40.8
guy,Guyana,1966,4103.50201,34.1,8.319596036895405,36.71
guy,Guyana,1967,4184.57587,32.83,8.339160632507031,34.1
guy,Guyana,1968,4141.84489,32.8,8.328896593161623,32.83
guy,Guyana,1969,4351.94295,30.37,8.378377679534415,32.8
guy,Guyana,1970,4470.82771,29.19,8.405328840488133,30.37
guy,Guyana,1971,4546.68756,28.04,8.422154238026703,29.19
guy,Guyana,1972,4377.10866,29.14,8.38414366210551,28.04
guy,Guyana,1973,4400.49271,29.11,8.389471793182565,29.14
guy,Guyana,1974,4680.18142,25.81,8.451092153117616,29.11
guy,Guyana,1975,5070.50176,22.81,8.531195058157799,25.81
guy,Guyana,1976,5128.23675,22.8,8.542517165631516,22.81
guy,Guyana,1977,4937.77201,23.74,8.504669498324855,22.8
guy,Guyana,1978,4796.61434,23.72,8.475665602189242,23.74
guy,Guyana,1979,4665.74408,24.69,8.448002603241774,23.72
guy,Guyana,1980,4716.8932,24.5,8.458905641518506,24.69
guy,Guyana,1981,5002.49762,23.98,8.517692590695656,24.5
guy,Guyana,1982,4634.14766,29.42,8.441207568964591,23.98
guy,Guyana,1983,4300.08129,32.33,8.366389206154127,29.42
guy,Guyana,1984,4393.71695,34.5,8.38793083348232,32.33
guy,Guyana,1985,4568.54235,33.24,8.426949472396803,34.5
guy,Guyana,1986,4652.25668,33.41,8.445107688384672,33.24
guy,Guyana,1987,4793.26369,32.73,8.474966813294145,33.41
guy,Guyana,1988,4704.09272,34.1,8.45618820026856,32.73
guy,Guyana,1989,4656.38378,36.08,8.445994412990302,34.1
guy,Guyana,1990,4685.76954,37.15,8.452285437320567,36.08
guy,Guyana,1991,4997.49118,34.25,8.516691301490557,37.15
guy,Guyana,1992,5388.2967,31.04,8.591984602829278,34.25
guy,Guyana,1993,5824.29391,25.11,8.669793053919125,31.04
guy,Guyana,1994,6319.74569,17.93,8.751434247407245,25.11
guy,Guyana,1995,6642.9817,14.8,8.80131619288198,17.93
guy,Guyana,1996,7186.29781,11.16,8.879931409898496,14.8
guy,Guyana,1997,7653.1008,11.42,8.94286617802855,11.16
guy,Guyana,1998,7551.02935,9.84,8.929439170698268,11.42
guy,Guyana,1999,7804.18729,9.51,8.962415700686188,9.84
guy,Guyana,2000,7728.71826,9.83,8.952698314120047,9.51
guy,Guyana,2001,7940.0353,9.43,8.979673000075127,9.83
guy,Guyana,2002,8068.25115,9.16,8.995692027741807,9.43
guy,Guyana,2003,8052.1375,9.34,8.993692863116612,9.16
guy,Guyana,2004,8215.14184,8.93,9.013734296299186,9.34
guy,Guyana,2005,8099.96146,9.4,8.999614582624519,8.93
guy,Guyana,2006,8568.65446,8.47,9.055865993430814,9.4
guy,Guyana,2007,9244.30508,7.51,9.131762973878676,8.47
guy,Guyana,2008,9471.54647,7.59,9.15604747485414,7.51
guy,Guyana,2009,9884.66399,6.84,9.198739743120049,7.59
guy,Guyana,2010,10374.39476,6.65,9.247096007011724,6.84
guy,Guyana,2011,10958.85988,6.03,9.301903529543528,6.65
guy,Guyana,2012,11534.99856,5.41,9.353141045770395,6.03
guy,Guyana,2013,11896.90699,5.09,9.38403372850867,5.41
guy,Guyana,2014,12030.05293,4.91,9.395163208792795,5.09
guy,Guyana,2015,12040.08253,4.9,9.395996573490482,4.91
guy,Guyana,2016,12420.47247,4.64,9.427101395826728,4.9
guy,Guyana,2017,12801.64085,4.49,9.457328633098143,4.64
guy,Guyana,2018,12980.3576,4.2,9.471192539955625,4.49
guy,Guyana,2019,13402.42195,4.02,9.503190712144352,4.2
guy,Guyana,2020,19234.1302,2.12,9.864441594512279,4.02
guy,Guyana,2021,22865.9271,1.54,10.037403181957238,2.12
guy,Guyana,2022,37068.19938,0.54,10.52051472145547,1.54
hnd,Honduras,1960,2693.70365,54.2,7.898672347207505,
hnd,Honduras,1961,2657.99469,54.29,7.885327241528532,54.2
hnd,Honduras,1962,2690.78429,53.24,7.897587987722039,54.29
hnd,Honduras,1963,2648.16835,53.29,7.88162349132,53.24
hnd,Honduras,1964,2670.18772,53.34,7.88990405603897,53.29
hnd,Honduras,1965,2816.43951,51.24,7.94322878109366,53.34
hnd,Honduras,1966,2852.55197,50.21,7.955969300676312,51.24
hnd,Honduras,1967,2880.41137,50.26,7.965688399735342,50.21
hnd,Honduras,1968,2945.37955,48.15,7.987992967238149,50.26
hnd,Honduras,1969,2851.15959,49.29,7.955481064196254,48.15
hnd,Honduras,1970,2824.62286,50.43,7.946130133783549,49.29
hnd,Honduras,1971,2833.66664,49.4,7.9493267845385915,50.43
hnd,Honduras,1972,2884.87548,48.39,7.96723701683222,49.4
hnd,Honduras,1973,2997.02065,47.39,8.005373957516483,48.39
hnd,Honduras,1974,3071.09498,46.4,8.02978944799903,47.39
hnd,Honduras,1975,3021.48652,46.46,8.01350421443141,46.4
hnd,Honduras,1976,3215.39153,44.42,8.075704411527468,46.46
hnd,Honduras,1977,3417.6235,41.39,8.136700705472592,44.42
hnd,Honduras,1978,3616.2973,39.44,8.193205936052713,41.39
hnd,Honduras,1979,3642.97367,38.51,8.200555569422741,39.44
hnd,Honduras,1980,3527.61978,39.56,8.168378639210008,38.51
hnd,Honduras,1981,3582.2829,41.15,8.183755557726498,39.56
hnd,Honduras,1982,3514.42897,43.03,8.164632335855456,41.15
hnd,Honduras,1983,3479.93689,43.83,8.154769437546607,43.03
hnd,Honduras,1984,3627.15007,42.63,8.196202514219614,43.83
hnd,Honduras,1985,3757.23116,41.62,8.231437571495956,42.63
hnd,Honduras,1986,3820.55862,40.85,8.248151926511332,41.62
hnd,Honduras,1987,4006.50618,39.51,8.295674863710383,40.85
hnd,Honduras,1988,4086.12012,39.92,8.315351172889656,39.51
hnd,Honduras,1989,4209.16881,39.96,8.345020474880066,39.92
hnd,Honduras,1990,4286.05578,42.01,8.363122190414536,39.96
hnd,Honduras,1991,4115.38801,29.94,8.322488400282033,42.01
hnd,Honduras,1992,4248.73832,26.57,8.354377351962711,29.94
hnd,Honduras,1993,4404.7969,21.59,8.390449430610397,26.57
hnd,Honduras,1994,4284.03958,24.48,8.362651670553905,21.59
hnd,Honduras,1995,4412.20306,26.59,8.392129403792994,24.48
hnd,Honduras,1996,4394.23965,29.51,8.388049791739492,26.59
hnd,Honduras,1997,4481.09113,20.42,8.407621851557703,29.51
hnd,Honduras,1998,4522.07565,22.61,8.41672638202129,20.42
hnd,Honduras,1999,4371.92555,22.4,8.382958820331675,22.61
hnd,Honduras,2000,4561.67337,18.04,8.425444802297735,22.4
hnd,Honduras,2001,4567.90827,19.74,8.426810670135971,18.04
hnd,Honduras,2002,4621.84604,22.11,8.438549480024227,19.74
hnd,Honduras,2003,4714.39261,25.87,8.458375365984718,22.11
hnd,Honduras,2004,4888.62686,24.79,8.494666737309636,25.87
hnd,Honduras,2005,5062.7798,24.11,8.529670979023315,24.79
hnd,Honduras,2006,5270.98125,20.68,8.569971819649108,24.11
hnd,Honduras,2007,5470.17678,16.14,8.607066212992528,20.68
hnd,Honduras,2008,5573.82136,15.21,8.62583615873033,16.14
hnd,Honduras,2009,5317.86049,12.83,8.578826337912414,15.21
hnd,Honduras,2010,5396.07228,14.63,8.59342661234542,12.83
hnd,Honduras,2011,5488.43372,14.77,8.610398196895211,14.63
hnd,Honduras,2012,5600.60776,17.29,8.63063039940587,14.77
hnd,Honduras,2013,5644.13385,15.07,8.638372028141534,17.29
hnd,Honduras,2014,5705.16246,13.98,8.64912673866548,15.07
hnd,Honduras,2015,5812.53489,13.59,8.667772052458242,13.98
hnd,Honduras,2016,5926.49025,15.07,8.687187453365077,13.59
hnd,Honduras,2017,6099.60735,14.29,8.71597967923718,15.07
hnd,Honduras,2018,6219.27974,14.72,8.735409381600533,14.29
hnd,Honduras,2019,6264.01884,12.96,8.74257724532895,14.72
hnd,Honduras,2020,5603.26398,15.57,8.6311045605015,12.96
hnd,Honduras,2021,6202.98079,13.47,8.73278522807972,15.57
hnd,Honduras,2022,6352.5871,12.84,8.75661742623767,13.47
hrv,Croatia,1960,7377.48015,1.99,8.906187416200124,
hrv,Croatia,1961,7902.21777,1.58,8.97489872943746,1.99
hrv,Croatia,1962,8090.64105,1.41,8.998463246715454,1.58
hrv,Croatia,1963,8936.91488,1.07,9.097945716887114,1.41
hrv,Croatia,1964,9763.70139,0.87,9.18642684829222,1.07
hrv,Croatia,1965,10029.14735,0.77,9.21325086737234,0.87
hrv,Croatia,1966,10734.51721,0.64,9.281219735850218,0.77
hrv,Croatia,1967,11078.13726,0.56,9.312728828839452,0.64
hrv,Croatia,1968,11555.65779,0.46,9.354930447959692,0.56
hrv,Croatia,1969,12426.13228,0.37,9.42755697598787,0.46
hrv,Croatia,1970,13303.92869,0.28,9.495814660816306,0.37
hrv,Croatia,1971,14373.84398,0.21,9.573165443649179,0.28
hrv,Croatia,1972,14768.84809,0.17,9.600275382639781,0.21
hrv,Croatia,1973,15353.35686,0.14,9.639089417054503,0.17
hrv,Croatia,1974,16683.55788,0.1,9.72217895532534,0.14
hrv,Croatia,1975,17170.57877,0.07,9.75095266153541,0.1
hrv,Croatia,1976,17893.97494,0.05,9.79221933963713,0.07
hrv,Croatia,1977,19406.79378,0.03,9.873378478592878,0.05
hrv,Croatia,1978,20875.72381,0.02,9.946342222650877,0.03
hrv,Croatia,1979,22118.34692,0.01,10.004162720474772,0.02
hrv,Croatia,1989,23037.22598,0.04,10.044866707387534,0.01
hrv,Croatia,1990,21461.25297,0.09,9.97400440078037,0.04
hrv,Croatia,1991,17277.46231,0.22,9.757158174513307,0.09
hrv,Croatia,1992,15708.64175,0.36,9.661966269841713,0.22
hrv,Croatia,1993,14517.23895,0.53,9.583092115338363,0.36
hrv,Croatia,1994,15338.35256,0.53,9.638111674108353,0.53
hrv,Croatia,1995,16595.35979,0.52,9.716878404545747,0.53
hrv,Croatia,1996,17942.95279,0.55,9.79495271459958,0.52
hrv,Croatia,1997,19279.7003,0.49,9.866808023437908,0.55
hrv,Croatia,2002,23571.12738,0.02,10.067777825927585,0.49
hrv,Croatia,2003,24989.31837,0.02,10.126203747346555,0.02
hrv,Croatia,2004,26127.9304,0.01,10.170760151397758,0.02
hrv,Croatia,2005,27321.1578,0.01,10.215416691996124,0.01
hrv,Croatia,2006,28790.69754,0.01,10.267807611864296,0.01
hrv,Croatia,2009,28981.8043,0.03,10.274423474116023,0.01
hrv,Croatia,2011,28775.64882,0.73,10.267284781381058,0.03
hrv,Croatia,2012,28260.83662,0.9,10.249232260188144,0.73
hrv,Croatia,2013,28401.68535,0.92,10.254203765698412,0.9
hrv,Croatia,2014,28460.72957,1.01,10.256280506241486,0.92
hrv,Croatia,2015,29471.75209,0.63,10.291187527306842,1.01
hrv,Croatia,2016,30824.85989,0.65,10.336076782685637,0.63
hrv,Croatia,2017,32351.87222,0.53,10.384427172133861,0.65
hrv,Croatia,2018,33730.87456,0.46,10.426168855973344,0.53
hrv,Croatia,2019,35123.48766,0.29,10.466625349766053,0.46
hrv,Croatia,2020,32493.62543,0.35,10.388799208464357,0.29
hrv,Croatia,2021,36930.47013,0.31,10.516792238066149,0.35
hrv,Croatia,2022,39861.78946,0.3,10.593173486386794,0.31
hti,Haiti,1960,2517.0988,58.89,7.830862247443997,
hti,Haiti,1961,2381.16302,61.26,7.775344311173762,58.89
hti,Haiti,1962,2550.87441,57.86,7.844191485256039,61.26
hti,Haiti,1963,2378.6202,61.28,7.774275850647567,57.86
hti,Haiti,1964,2288.73724,62.42,7.735755520877603,61.28
hti,Haiti,1965,2270.45964,62.45,7.72773757455971,62.42
hti,Haiti,1966,2227.24405,62.48,7.708520248141354,62.45
hti,Haiti,1967,2141.29576,64.65,7.669166420104667,62.48
hti,Haiti,1968,2180.98067,63.6,7.68752990325543,64.65
hti,Haiti,1969,2216.86213,62.54,7.703848020041623,63.6
hti,Haiti,1970,2242.62673,61.48,7.715403105156675,62.54
hti,Haiti,1971,2361.39958,59.26,7.7670097646124026,61.48
hti,Haiti,1972,2346.6488,59.29,7.760743546818631,59.26
hti,Haiti,1973,2418.16003,58.21,7.790762211780453,59.29
hti,Haiti,1974,2518.15528,55.98,7.831281880693369,58.21
hti,Haiti,1975,2503.84398,56.01,7.825582421972037,55.98
hti,Haiti,1976,2669.50396,52.56,7.889647951363003,56.01
hti,Haiti,1977,2636.41161,53.76,7.877174032901231,52.56
hti,Haiti,1978,2716.15138,51.43,7.9069712235023975,53.76
hti,Haiti,1979,2867.7511,49.06,7.961283412737278,51.43
hti,Haiti,1980,3022.82263,46.79,8.013946319554957,49.06
hti,Haiti,1981,3116.60677,47.43,8.044500115248134,46.79
hti,Haiti,1982,3084.52518,49.44,8.034153012014006,47.43
hti,Haiti,1983,3098.14881,49.95,8.03856005403883,49.44
hti,Haiti,1984,3133.18883,50.72,8.049806560441407,49.95
hti,Haiti,1985,3177.25055,51.41,8.063771494867838,50.72
hti,Haiti,1986,3178.63221,52.52,8.064206260603436,51.41
hti,Haiti,1987,3176.72314,53.66,8.063605485366715,52.52
hti,Haiti,1988,3274.77059,54.76,8.094003096760854,53.66
hti,Haiti,1989,3267.07158,56.5,8.091649321370232,54.76
hti,Haiti,1990,3313.01695,56.81,8.105614518495683,56.5
hti,Haiti,1991,3353.08359,57.62,8.117635676068994,56.81
hti,Haiti,1992,3151.5041,60.48,8.055635109920111,57.62
hti,Haiti,1993,2956.04315,64.16,7.991606879390509,60.48
hti,Haiti,1994,2581.17541,67.55,7.85600015943952,64.16
hti,Haiti,1995,2813.1864,65.29,7.9420730700698385,67.55
hti,Haiti,1996,2903.70714,64.59,7.973743523751837,65.29
hti,Haiti,1997,2955.77874,64.27,7.991517428116403,64.59
hti,Haiti,1998,2993.55058,64.16,8.004215446831981,64.27
hti,Haiti,1999,3046.33572,63.87,8.021694744059305,64.16
hti,Haiti,2000,3044.25409,64.45,8.02101118790268,63.87
hti,Haiti,2001,3002.41933,65.07,8.007173685982874,64.45
hti,Haiti,2002,3001.23422,65.19,8.006778889712395,65.07
hti,Haiti,2003,3067.16904,64.92,8.028510278343722,65.19
hti,Haiti,2004,2993.79455,65.67,8.004296942050592,64.92
hti,Haiti,2005,3055.95983,65.26,8.024849005566512,65.67
hti,Haiti,2006,3082.35804,64.93,8.033450180450023,65.26
hti,Haiti,2007,3194.91253,30.92,8.069314989285074,64.93
hti,Haiti,2008,3246.74698,30.69,8.085408844828837,30.92
hti,Haiti,2009,3403.47309,29.3,8.132551686289979,30.69
hti,Haiti,2010,3195.24821,31.34,8.06942005080511,29.3
hti,Haiti,2011,3320.34681,30.5,8.107824517298253,31.34
hti,Haiti,2012,3285.70755,30.46,8.097337295853873,30.5
hti,Haiti,2013,3376.63982,29.84,8.124636357901354,30.46
hti,Haiti,2014,3423.65318,29.45,8.138463441243514,29.84
hti,Haiti,2015,3422.09749,29.11,8.13800894323394,29.45
hti,Haiti,2016,3435.73122,29.38,8.141985055364575,29.11
hti,Haiti,2017,3474.34693,29.1,8.15316180652417,29.38
hti,Haiti,2018,3485.69688,29.21,8.15642326877089,29.1
hti,Haiti,2019,3381.58479,30.21,8.126099751371635,29.21
hti,Haiti,2020,3229.47554,31.63,8.080075031515992,30.21
hti,Haiti,2021,3134.95015,32.41,8.05036855182417,31.63
hti,Haiti,2022,3047.65179,33.58,8.022126668154424,32.41
hun,Hungary,1960,7142.42813,0.63,8.873808071751188,
hun,Hungary,1961,7439.07646,0.48,8.914501988401728,0.63
hun,Hungary,1962,7690.49485,0.43,8.947740410234271,0.48
hun,Hungary,1963,8057.31382,0.36,8.994335507000049,0.43
hun,Hungary,1964,8446.29038,0.31,9.041482615674846,0.36
hun,Hungary,1965,8453.05409,0.29,9.042283085820083,0.31
hun,Hungary,1966,8869.1814,0.24,9.090337782431465,0.29
hun,Hungary,1967,9303.1459,0.2,9.138107890758555,0.24
hun,Hungary,1968,9340.23936,0.17,9.142087158303505,0.2
hun,Hungary,1969,9542.42421,0.15,9.163502842224732,0.17
hun,Hungary,1970,9438.91891,0.14,9.15259673033561,0.15
hun,Hungary,1971,9861.7974,0.11,9.196423723072746,0.14
hun,Hungary,1972,10181.79487,0.09,9.228356587922669,0.11
hun,Hungary,1973,10725.00178,0.07,9.28033290976357,0.09
hun,Hungary,1974,11096.46686,0.06,9.314382035731041,0.07
hun,Hungary,1975,11470.68766,0.04,9.347550161246975,0.06
hun,Hungary,1976,11606.32178,0.04,9.359305209680707,0.04
hun,Hungary,1977,12279.7659,0.03,9.415708138001508,0.04
hun,Hungary,1978,12643.75533,0.02,9.444918722468117,0.03
hun,Hungary,1979,12704.02721,0.01,9.449674325329712,0.02
hun,Hungary,1980,12728.63008,0.01,9.451609072249312,0.01
hun,Hungary,1990,18794.3011,0.4,9.84130896988523,0.01
hun,Hungary,1991,16755.06305,1.03,9.726455763220136,0.4
hun,Hungary,1992,16428.0007,0.49,9.706742517686626,1.03
hun,Hungary,1994,17204.5095,1.36,9.752926808670871,0.49
hun,Hungary,1995,17651.42471,1.44,9.778571779217064,1.36
hun,Hungary,1996,17853.51831,1.38,9.789955871986985,1.44
hun,Hungary,1997,18586.93313,1.22,9.830214092926086,1.38
hun,Hungary,1998,19508.16283,0.07,9.878588263627178,1.22
hun,Hungary,1999,20313.6607,0.07,9.919048879593388,0.07
hun,Hungary,2000,21395.97367,0.05,9.970958037046532,0.07
hun,Hungary,2003,24810.57948,0.04,10.119025433124087,0.05
hun,Hungary,2004,26212.32986,0.02,10.173985184392734,0.04
hun,Hungary,2007,28925.20692,0.06,10.272468705709583,0.02
hun,Hungary,2008,29319.78459,0.03,10.286017809111389,0.06
hun,Hungary,2009,27424.58359,0.07,10.219195101436545,0.03
hun,Hungary,2010,27801.83382,0.07,10.232857262251352,0.07
hun,Hungary,2011,28415.11734,0.09,10.254676583231758,0.07
hun,Hungary,2012,28179.65646,0.34,10.246355594462818,0.09
hun,Hungary,2013,28891.02175,0.17,10.271286159743852,0.34
hun,Hungary,2014,30264.94923,0.75,10.317745530809098,0.17
hun,Hungary,2015,31485.56754,0.7,10.357284546486918,0.75
hun,Hungary,2016,32378.9675,1.38,10.385264339755961,0.7
hun,Hungary,2017,33828.71494,0.7,10.429065275241864,1.38
hun,Hungary,2018,35798.04128,0.23,10.485648458042826,0.7
hun,Hungary,2019,37662.67681,0.36,10.536424878017646,0.23
hun,Hungary,2020,36119.52117,0.41,10.494588750798533,0.36
hun,Hungary,2021,38887.19095,0.46,10.56842019389048,0.41
hun,Hungary,2022,40656.96868,0.41,10.612925531525613,0.46
idn,Indonesia,1960,1804.82933,94.27,7.498221312279848,
idn,Indonesia,1961,1880.05982,93.42,7.539058874466713,94.27
idn,Indonesia,1962,1823.5712,93.88,7.508552055277529,93.42
idn,Indonesia,1963,1703.25132,95.08,7.440294244642469,93.88
idn,Indonesia,1964,1722.16812,94.71,7.451339310884134,95.08
idn,Indonesia,1965,1691.54813,94.72,7.433399441850835,94.71
idn,Indonesia,1966,1660.37933,95.1,7.41480136729388,94.72
idn,Indonesia,1967,1599.87547,95.46,7.377681073948864,95.1
idn,Indonesia,1968,1689.57667,94.75,7.432233285414717,95.46
idn,Indonesia,1969,1763.08857,93.94,7.474822419366262,94.75
idn,Indonesia,1970,1868.39696,92.5,7.532836101566042,93.94
idn,Indonesia,1971,1919.50355,91.96,7.5598218638791,92.5
idn,Indonesia,1972,2048.56232,90.77,7.6248935187843685,91.96
idn,Indonesia,1973,2239.2172,87.97,7.713881619486498,90.77
idn,Indonesia,1974,2299.27904,87.16,7.740350891908548,87.97
idn,Indonesia,1975,2277.51597,87.17,7.730840641184172,87.16
idn,Indonesia,1976,2374.09935,85.38,7.772373423493623,87.17
idn,Indonesia,1977,2485.8756,83.36,7.818380230593341,85.38
idn,Indonesia,1978,2556.31583,82.24,7.846322372026758,83.36
idn,Indonesia,1979,2619.89321,81.06,7.870888836382465,82.24
idn,Indonesia,1980,2772.21041,78.44,7.927400262912524,81.06
idn,Indonesia,1981,3045.78063,76.35,8.021512511820246,78.44
idn,Indonesia,1982,3065.40187,76.38,8.0279339555992,76.35
idn,Indonesia,1983,3183.46353,75.64,8.065725043446745,76.38
idn,Indonesia,1984,3405.93682,73.93,8.133275311432266,75.64
idn,Indonesia,1985,3504.05483,74.18,8.161676099764906,73.93
idn,Indonesia,1986,3703.3602,74.12,8.216995848664723,74.18
idn,Indonesia,1987,3902.79491,74.15,8.269448219041083,74.12
idn,Indonesia,1988,4166.85146,71.23,8.334915984038833,74.15
idn,Indonesia,1989,4569.10123,66.1,8.42707179715062,71.23
idn,Indonesia,1990,5005.11544,61.42,8.518215756418394,66.1
idn,Indonesia,1991,5284.45849,61.2,8.572525431370769,61.42
idn,Indonesia,1992,5529.30001,61.05,8.617816506034234,61.2
idn,Indonesia,1993,5804.77999,60.87,8.666436993327633,61.05
idn,Indonesia,1994,6132.63087,57.06,8.721379116304453,60.87
idn,Indonesia,1995,6519.85186,52.79,8.782606933803681,57.06
idn,Indonesia,1996,6905.46846,49.28,8.84006890713372,52.79
idn,Indonesia,1997,7104.00042,53.9,8.868413343793627,49.28
idn,Indonesia,1998,6065.98711,67.91,8.710452563287483,53.9
idn,Indonesia,1999,6012.31921,44.0,8.701565844939065,67.91
idn,Indonesia,2000,6206.67205,43.63,8.733380129509511,44.0
idn,Indonesia,2001,6331.96468,40.36,8.753365842968922,43.63
idn,Indonesia,2002,6514.41786,23.03,8.781773131767732,40.36
idn,Indonesia,2003,6721.55555,23.31,8.813074887384444,23.03
idn,Indonesia,2004,6954.3854,24.68,8.847127732372337,23.31
idn,Indonesia,2005,7239.70057,20.2,8.8873351267897,24.68
idn,Indonesia,2006,7518.89093,26.45,8.925173923354475,20.2
idn,Indonesia,2007,7870.61403,21.76,8.970891359968938,26.45
idn,Indonesia,2008,8216.98862,19.36,9.013959072996554,21.76
idn,Indonesia,2009,8463.00413,19.22,9.043459487676603,19.36
idn,Indonesia,2010,8848.22474,17.14,9.087972123529955,19.22
idn,Indonesia,2011,9274.96955,14.81,9.135074604451379,17.14
idn,Indonesia,2012,9708.61182,11.45,9.180768587110364,14.81
idn,Indonesia,2013,10121.81415,11.83,9.222448190609608,11.45
idn,Indonesia,2014,10504.38694,10.63,9.25954825269943,11.83
idn,Indonesia,2015,10893.66211,9.29,9.295936441306926,10.63
idn,Indonesia,2016,11319.66343,7.42,9.334296618983004,9.29
idn,Indonesia,2017,11772.57433,4.91,9.373527895964841,7.42
idn,Indonesia,2018,12262.23103,4.96,9.414279169280356,4.91
idn,Indonesia,2019,12757.78509,3.9,9.453896959543231,4.96
idn,Indonesia,2020,12388.54493,3.39,9.42452752866292,3.9
idn,Indonesia,2021,12757.07464,3.35,9.453841270426558,3.39
idn,Indonesia,2022,13334.26539,2.61,9.498092346234776,3.35
ind,India,1960,1318.57799,73.25,7.184309154593884,
ind,India,1961,1317.8477,71.6,7.18375515451609,73.25
ind,India,1962,1310.28844,71.58,7.178002575164539,71.6
ind,India,1963,1341.07306,69.88,7.201225363527655,71.58
ind,India,1964,1399.14951,68.1,7.243619838147656,69.88
ind,India,1965,1310.41647,71.53,7.178100281701139,68.1
ind,India,1966,1276.88619,73.15,7.152179729116453,71.53
ind,India,1967,1337.65754,69.8,7.198675258749716,73.15
ind,India,1968,1342.32032,68.02,7.202154977574644,69.8
ind,India,1969,1412.60241,64.27,7.253188963047273,68.02
ind,India,1970,1418.27406,64.25,7.257195960631791,64.27
ind,India,1971,1390.58053,66.11,7.237476586416318,64.25
ind,India,1972,1341.57615,67.93,7.201600433070123,66.11
ind,India,1973,1352.02183,66.07,7.2093564029222605,67.93
ind,India,1974,1324.41111,67.89,7.188723194342225,66.07
ind,India,1975,1398.23066,64.12,7.242962902030857,67.89
ind,India,1976,1375.05721,64.09,7.226250616507841,64.12
ind,India,1977,1432.58359,60.1,7.267234799416993,64.09
ind,India,1978,1465.4077,58.01,7.289888776250068,60.1
ind,India,1979,1345.41599,64.01,7.204458530462161,58.01
ind,India,1980,1393.44577,62.0,7.2395349297671805,64.01
ind,India,1981,1511.96147,60.97,7.3211630736105535,62.0
ind,India,1982,1571.25029,59.49,7.359626944470868,60.97
ind,India,1983,1682.26634,56.48,7.427897175203006,59.49
ind,India,1984,1735.49936,55.44,7.459050466531966,56.48
ind,India,1985,1804.14789,54.31,7.497843676198178,55.44
ind,India,1986,1860.23531,53.16,7.528458269458125,54.31
ind,India,1987,1916.3413,52.38,7.558173074191278,53.16
ind,India,1988,2100.00417,50.37,7.649694609423829,52.38
ind,India,1989,2231.76189,49.81,7.710546637702947,50.37
ind,India,1990,2356.2242,49.32,7.764815701534252,49.81
ind,India,1991,2321.69207,49.11,7.7500515393380525,49.32
ind,India,1992,2385.24668,48.84,7.777057827743344,49.11
ind,India,1993,2440.49377,48.28,7.799955662568361,48.84
ind,India,1994,2537.09128,47.48,7.838773538455386,48.28
ind,India,1995,2661.22006,46.86,7.886539965792125,47.48
ind,India,1996,2795.24264,46.03,7.935674193985821,46.86
ind,India,1997,2840.73312,45.52,7.951817438687707,46.03
ind,India,1998,2948.70454,45.28,7.989121213901054,45.52
ind,India,1999,3125.36652,44.18,8.04730684169299,45.28
ind,India,2000,3176.02294,43.67,8.063385045262855,44.18
ind,India,2001,3260.4152,43.36,8.089609828214098,43.67
ind,India,2002,3312.59814,43.26,8.105488097025413,43.36
ind,India,2003,3502.41996,42.39,8.161209425701651,43.26
ind,India,2004,3706.63429,41.22,8.217879544386086,42.39
ind,India,2005,3925.41317,39.88,8.275226890918445,41.22
ind,India,2006,4167.70953,38.3,8.335121890505667,39.88
ind,India,2007,4410.92781,36.46,8.391840334067593,38.3
ind,India,2008,4474.6522,35.65,8.406183907018157,36.46
ind,India,2009,4744.01134,34.13,8.464638331062563,35.65
ind,India,2010,5059.28271,29.45,8.528979995316053,34.13
ind,India,2011,5249.54926,24.88,8.565897496661803,29.45
ind,India,2012,5460.43769,22.56,8.605284228529731,24.88
ind,India,2013,5732.24189,21.98,8.653861987987886,22.56
ind,India,2014,6079.84393,20.79,8.712734305222853,21.98
ind,India,2015,6488.14603,19.48,8.77773210324849,20.79
ind,India,2016,6940.62589,18.6,8.845147235313311,19.48
ind,India,2017,7326.60694,14.87,8.899267787299951,18.6
ind,India,2018,7714.33975,11.9,8.950836181096195,14.87
ind,India,2019,7930.09113,13.16,8.978419806366142,11.9
ind,India,2020,7399.53068,16.05,8.909171855559403,13.16
ind,India,2021,8050.01858,14.39,8.99342967848448,16.05
ind,India,2022,8594.39191,12.25,9.058865166041269,14.39
irl,Ireland,1960,8656.34681,2.77,9.066048066133925,
irl,Ireland,1961,9095.97579,2.5,9.11558737381733,2.77
irl,Ireland,1962,9346.75265,2.29,9.142784251796163,2.5
irl,Ireland,1963,9703.61805,2.21,9.18025408979155,2.29
irl,Ireland,1964,10025.89624,2.05,9.212926648677536,2.21
irl,Ireland,1965,10155.57393,2.06,9.225777989404166,2.05
irl,Ireland,1966,10166.83078,2.07,9.22688581609219,2.06
irl,Ireland,1967,10655.07239,1.93,9.273791338503068,2.07
irl,Ireland,1968,11493.46845,1.72,9.349534192130905,1.93
irl,Ireland,1969,12152.33078,1.52,9.40527626411581,1.72
irl,Ireland,1970,12299.18066,1.53,9.417287926133634,1.52
irl,Ireland,1971,12561.69147,1.47,9.438407102133185,1.53
irl,Ireland,1972,13147.93994,1.36,9.484020366778545,1.47
irl,Ireland,1973,13519.01743,1.3,9.51185267166012,1.36
irl,Ireland,1974,13830.3755,1.26,9.534622575410971,1.3
irl,Ireland,1975,14335.60563,1.16,9.57050162576825,1.26
irl,Ireland,1976,14267.41353,1.17,9.565733441765198,1.16
irl,Ireland,1977,15171.59051,1.08,9.627179912594833,1.17
irl,Ireland,1978,15991.68502,0.96,9.679824179888216,1.08
irl,Ireland,1979,16193.69271,0.96,9.692377106519523,0.96
irl,Ireland,1980,16463.18209,0.93,9.708881778146898,0.96
irl,Ireland,1981,17589.00924,0.91,9.775029510960517,0.93
irl,Ireland,1982,18344.19386,1.03,9.817068392515043,0.91
irl,Ireland,1983,18542.22809,1.05,9.827806009353267,1.03
irl,Ireland,1984,19507.86915,1.01,9.878573209302834,1.05
irl,Ireland,1985,20312.53712,0.96,9.918993566516578,1.01
irl,Ireland,1986,20615.30014,0.93,9.933788804336494,0.96
irl,Ireland,1987,21787.34709,0.88,9.989084671559242,0.93
irl,Ireland,1988,23254.05915,0.73,10.054234982873723,0.88
irl,Ireland,1989,25421.21232,0.59,10.14333923518767,0.73
irl,Ireland,1990,28251.92424,0.53,10.248916848945152,0.59
irl,Ireland,1991,28764.63841,0.49,10.26690207873342,0.53
irl,Ireland,1992,29692.85038,0.43,10.29866156786504,0.49
irl,Ireland,1993,30457.74441,0.37,10.324095572820843,0.43
irl,Ireland,1994,32238.06218,0.3,10.380903088734717,0.37
irl,Ireland,1995,35306.3914,0.27,10.471819286022182,0.3
irl,Ireland,1996,37876.89188,0.06,10.542096492191241,0.27
irl,Ireland,1997,41749.3297,0.1,10.639438675060298,0.06
irl,Ireland,1998,45034.20279,0.09,10.715177542051613,0.1
irl,Ireland,1999,49376.26882,0.09,10.807225199493498,0.09
irl,Ireland,2000,53465.98999,0.04,10.886801029618972,0.09
irl,Ireland,2001,55573.33959,0.16,10.925458861462996,0.04
irl,Ireland,2002,57938.15556,0.19,10.967131437195654,0.16
irl,Ireland,2003,58832.30607,0.13,10.98244640596837,0.19
irl,Ireland,2004,61737.45623,0.05,11.030646095879202,0.13
irl,Ireland,2005,63909.85596,0.03,11.06522886884739,0.05
irl,Ireland,2006,65357.44119,0.14,11.08762657928772,0.03
irl,Ireland,2007,66810.4223,0.1,11.10961436980959,0.14
irl,Ireland,2008,62507.26896,0.19,11.043038132321781,0.1
irl,Ireland,2009,58687.01334,0.5,10.97997374352007,0.19
irl,Ireland,2010,59285.80833,0.62,10.99012523644542,0.5
irl,Ireland,2011,60001.07784,0.54,11.002117805042888,0.62
irl,Ireland,2012,59508.99655,0.34,10.99388278262478,0.54
irl,Ireland,2013,60494.16275,0.28,11.01030215589303,0.34
irl,Ireland,2014,65660.18276,0.4,11.0922479744815,0.28
irl,Ireland,2015,81053.35278,0.38,11.30286289311885,0.4
irl,Ireland,2016,80997.58278,0.21,11.302174590987066,0.38
irl,Ireland,2017,87942.44526,0.26,11.384437848352315,0.21
irl,Ireland,2018,93214.33538,0.01,11.44265680193579,0.26
irl,Ireland,2019,96369.64458,0.06,11.47594654076133,0.01
irl,Ireland,2020,101970.8126,0.12,11.532441900337012,0.06
irl,Ireland,2021,116903.6124,0.06,11.669105048608035,0.12
irl,Ireland,2022,124489.3785,0.06,11.731975677994505,0.06
irn,Iran,1960,5429.68782,18.17,8.599636919562561,
irn,Iran,1961,5770.85691,16.65,8.660575859740604,18.17
irn,Iran,1962,5844.0882,15.92,8.673185865159166,16.65
irn,Iran,1963,6265.49882,13.74,8.742813484272387,15.92
irn,Iran,1964,6589.8376,12.37,8.79328398379381,13.74
irn,Iran,1965,7279.74175,9.8,8.892850666660419,12.37
irn,Iran,1966,7875.23851,8.04,8.971478750219319,9.8
irn,Iran,1967,8573.26322,6.42,9.056403711578465,8.04
irn,Iran,1968,9587.90682,4.02,9.168257877109054,6.42
irn,Iran,1969,10620.98725,2.48,9.270587251868884,4.02
irn,Iran,1970,8908.39104,4.98,9.094748925033903,2.48
irn,Iran,1971,9790.93584,3.65,9.189212322375804,4.98
irn,Iran,1972,10998.90326,1.9,9.305550843173405,3.65
irn,Iran,1973,11558.04005,1.39,9.355136582004096,1.9
irn,Iran,1974,12059.90477,0.99,9.397641573898424,1.39
irn,Iran,1975,11965.61209,1.0,9.389792155741077,0.99
irn,Iran,1976,13653.09206,0.38,9.52172129950242,1.0
irn,Iran,1977,12944.20253,0.57,9.46840328580751,0.38
irn,Iran,1978,10962.38465,1.43,9.302225114390188,0.57
irn,Iran,1979,9452.46809,2.98,9.154031159932888,1.43
irn,Iran,1980,7399.29741,7.43,8.909140330090143,2.98
irn,Iran,1981,7126.83262,9.63,8.871622181888636,7.43
irn,Iran,1982,8510.34017,9.38,9.049037193741494,9.63
irn,Iran,1983,9372.17822,8.09,9.145500815665404,9.38
irn,Iran,1984,8853.40958,7.54,9.08855792708397,8.09
irn,Iran,1985,8863.40342,7.75,9.089686103021709,7.54
irn,Iran,1986,7806.76049,9.43,8.962745366771754,7.75
irn,Iran,1987,7676.83846,10.65,8.945963082532785,9.43
irn,Iran,1988,7212.25706,10.94,8.883537227060156,10.65
irn,Iran,1989,7621.74916,10.8,8.938761170894884,10.94
irn,Iran,1990,8576.4415,8.94,9.056774362862354,10.8
irn,Iran,1991,9521.82838,6.87,9.161342166067568,8.94
irn,Iran,1992,9877.93917,5.7,9.198059182952433,6.87
irn,Iran,1993,9709.76817,5.12,9.180887685614149,5.7
irn,Iran,1994,9567.79231,4.53,9.16615776922405,5.12
irn,Iran,1995,9732.6873,4.72,9.183245324097788,4.53
irn,Iran,1996,10320.97988,4.19,9.241933984140529,4.72
irn,Iran,1997,10422.00249,4.24,9.251674474386805,4.19
irn,Iran,1998,10548.98828,4.58,9.263785236675409,4.24
irn,Iran,1999,10636.20251,4.41,9.272018792234302,4.58
irn,Iran,2000,11078.79502,3.34,9.31278820167969,4.41
irn,Iran,2001,11220.21075,3.24,9.325471962322741,3.34
irn,Iran,2002,12020.63785,2.18,9.394380272405057,3.24
irn,Iran,2003,12912.95251,1.39,9.465986157150738,2.18
irn,Iran,2004,13212.9011,1.23,9.488948987333604,1.39
irn,Iran,2005,13332.7353,1.25,9.49797759092206,1.23
irn,Iran,2006,13683.97852,1.18,9.523980976379805,1.25
irn,Iran,2007,14503.56106,1.2,9.582149488601122,1.18
irn,Iran,2008,14299.90427,1.44,9.568008121819997,1.2
irn,Iran,2009,14196.07393,1.7,9.560720721557843,1.44
irn,Iran,2010,14737.15585,1.26,9.59812719257975,1.7
irn,Iran,2011,14941.25949,0.71,9.611881758346344,1.26
irn,Iran,2012,14202.55076,0.41,9.561176858443554,0.71
irn,Iran,2013,13804.7913,0.38,9.532771006539006,0.41
irn,Iran,2014,14299.57177,0.59,9.567984869645757,0.38
irn,Iran,2015,13905.19212,0.66,9.540017583185346,0.59
irn,Iran,2016,14915.59412,0.61,9.610162529879945,0.66
irn,Iran,2017,15108.10941,0.51,9.622986925664744,0.61
irn,Iran,2018,14642.49757,0.7,9.591683372008657,0.51
irn,Iran,2019,14040.66465,0.95,9.549713016202901,0.7
irn,Iran,2020,14397.15357,1.07,9.57478579727505,0.95
irn,Iran,2021,14951.89487,0.91,9.612593317944281,1.07
irn,Iran,2022,15331.33294,0.66,9.637653917857637,0.91
irq,Iraq,1960,5874.71704,17.66,8.67841317444821,
irq,Iraq,1961,6362.6222,13.57,8.758195866961177,17.66
irq,Iraq,1962,6485.48693,12.34,8.777322179513876,13.57
irq,Iraq,1963,6176.71089,14.56,8.728541190326625,12.34
irq,Iraq,1964,6701.84551,11.06,8.810138216703608,14.56
irq,Iraq,1965,7077.55076,9.09,8.864683188984356,11.06
irq,Iraq,1966,7211.75686,9.01,8.883467870499219,9.09
irq,Iraq,1967,6816.24432,10.79,8.827063912937154,9.01
irq,Iraq,1968,7768.54861,6.52,8.957838631833711,10.79
irq,Iraq,1969,7772.01377,6.44,8.958284582240486,6.52
irq,Iraq,1970,7492.61269,7.83,8.92167283945142,6.44
irq,Iraq,1971,7722.50936,6.98,8.951894636834735,7.83
irq,Iraq,1972,7197.54834,9.38,8.881495738684688,6.98
irq,Iraq,1973,8206.38876,5.48,9.012668246971364,9.38
irq,Iraq,1974,8477.33799,4.81,9.045151763230336,5.48
irq,Iraq,1975,9485.59851,2.93,9.157529981063643,4.81
irq,Iraq,1976,11071.73983,1.4,9.312151179568362,2.93
irq,Iraq,1977,10969.42378,1.53,9.302867024998168,1.4
irq,Iraq,1978,12552.35078,0.77,9.437663240166422,1.53
irq,Iraq,1979,15016.7868,0.28,9.616923974336375,0.77
irq,Iraq,1980,14456.32153,0.31,9.578887074000365,0.28
irq,Iraq,1981,11503.88301,1.25,9.350439910402859,0.31
irq,Iraq,1982,11074.98558,1.24,9.312444292880887,1.25
irq,Iraq,1983,9868.47056,2.11,9.197100161960245,1.24
irq,Iraq,1984,9630.36618,2.47,9.17267652899136,2.11
irq,Iraq,1985,9332.61891,2.56,9.141270952202342,2.47
irq,Iraq,1986,9555.45941,2.39,9.164867936104619,2.56
irq,Iraq,1987,10683.17756,1.93,9.276425592607165,2.39
irq,Iraq,1988,9939.97631,2.11,9.20431991634798,1.93
irq,Iraq,1989,8922.09041,2.52,9.096285549015034,2.11
irq,Iraq,1990,8742.39254,0.48,9.075939177183406,2.52
irq,Iraq,1991,3216.50353,8.31,8.076050188316643,0.48
irq,Iraq,1992,4227.05031,3.77,8.349259702554159,8.31
irq,Iraq,1993,5072.66599,1.85,8.531621794673685,3.77
irq,Iraq,1994,5076.60853,1.89,8.53239870541554,1.85
irq,Iraq,1995,5022.98673,1.97,8.521780001899053,1.89
irq,Iraq,1996,5557.6119,1.58,8.622923780588414,1.97
irq,Iraq,1997,6405.16036,0.89,8.764859250707508,1.58
irq,Iraq,1998,8355.7348,0.27,9.030703384499278,0.89
irq,Iraq,1999,9633.2938,0.12,9.172980481617765,0.27
irq,Iraq,2000,11077.40844,0.05,9.312663037636643,0.12
irq,Iraq,2001,11281.38854,0.05,9.330909614993903,0.05
irq,Iraq,2002,10419.00416,0.13,9.251386740682667,0.05
irq,Iraq,2003,6643.82597,1.04,8.80144327683203,0.13
irq,Iraq,2004,10009.42461,0.15,9.21128238913866,1.04
irq,Iraq,2005,9965.0217,0.17,9.2068364102662,0.15
irq,Iraq,2006,10505.07578,0.12,9.259613826960841,0.17
irq,Iraq,2007,10821.91478,0.11,9.289328503471989,0.12
irq,Iraq,2008,11510.66647,0.11,9.351029403601702,0.11
irq,Iraq,2009,11483.00489,0.12,9.348623385623002,0.11
irq,Iraq,2010,11816.84102,0.13,9.37728099804932,0.12
irq,Iraq,2011,12267.58489,0.14,9.414715687850448,0.13
irq,Iraq,2012,13357.01439,0.13,9.49979694831425,0.14
irq,Iraq,2013,13712.93171,0.11,9.526094587041417,0.13
irq,Iraq,2014,13536.82277,0.14,9.513168863834439,0.11
irq,Iraq,2015,13516.0272,0.12,9.511631460261869,0.14
irq,Iraq,2016,15016.09206,0.07,9.616877709041372,0.12
irq,Iraq,2017,14417.63069,0.08,9.576207090126825,0.07
irq,Iraq,2018,14456.23571,0.08,9.578881137479478,0.08
irq,Iraq,2019,14910.22503,0.07,9.609802500200225,0.08
irq,Iraq,2020,12827.63454,0.16,9.459357071164936,0.07
irq,Iraq,2021,12731.75358,0.17,9.451854433832027,0.16
irq,Iraq,2022,13433.39772,0.13,9.505499252307287,0.17
isl,Iceland,1960,13177.58705,0.66,9.486272714664667,
isl,Iceland,1961,12845.0024,0.64,9.460710096387096,0.66
isl,Iceland,1962,13614.51165,0.56,9.51889153593721,0.64
isl,Iceland,1963,14650.93438,0.46,9.592259392616121,0.56
isl,Iceland,1964,15762.48609,0.37,9.665388097798559,0.46
isl,Iceland,1965,16518.42322,0.31,9.712231595788404,0.37
isl,Iceland,1966,17554.39262,0.27,9.773059489314152,0.31
isl,Iceland,1967,16978.52026,0.29,9.73970431001372,0.27
isl,Iceland,1968,15750.62658,0.33,9.664635426319606,0.29
isl,Iceland,1969,15923.96175,0.32,9.675580282082658,0.33
isl,Iceland,1970,16924.38097,0.26,9.736510522222382,0.32
isl,Iceland,1971,18824.69735,0.2,9.842924975513625,0.26
isl,Iceland,1972,19596.4677,0.18,9.883104609589388,0.2
isl,Iceland,1973,20526.51373,0.15,9.929472682149303,0.18
isl,Iceland,1974,21297.74164,0.13,9.966356319785252,0.15
isl,Iceland,1975,21066.28399,0.13,9.955429126270207,0.13
isl,Iceland,1976,21990.20067,0.11,9.998352209018766,0.13
isl,Iceland,1977,23607.70624,0.09,10.069328473305777,0.11
isl,Iceland,1978,24694.77979,0.07,10.114347155745252,0.09
isl,Iceland,1979,25522.90655,0.06,10.147331623998486,0.07
isl,Iceland,1980,26581.9991,0.05,10.18798954012378,0.06
isl,Iceland,1981,28757.34035,0.05,10.26664833015952,0.05
isl,Iceland,1982,29944.95234,0.05,10.307116053112724,0.05
isl,Iceland,1983,29497.69095,0.05,10.292067266383073,0.05
isl,Iceland,1984,30971.53415,0.05,10.340823808388718,0.05
isl,Iceland,1985,32291.65491,0.04,10.382564113910053,0.05
isl,Iceland,1986,34484.96554,0.04,10.448278726589844,0.04
isl,Iceland,1987,37710.79743,0.03,10.537701736409092,0.04
isl,Iceland,1988,37929.15676,0.03,10.543475402956782,0.03
isl,Iceland,1989,38432.82773,0.03,10.556667262168597,0.03
isl,Iceland,1990,39620.7749,0.03,10.587108878365168,0.03
isl,Iceland,1991,39060.84115,0.03,10.572875739017027,0.03
isl,Iceland,1992,37259.58142,0.04,10.525664410061344,0.03
isl,Iceland,1993,37359.81902,0.04,10.528351048112631,0.04
isl,Iceland,1994,38370.8598,0.04,10.555053591121291,0.04
isl,Iceland,1995,38208.27994,0.04,10.55080752346329,0.04
isl,Iceland,1996,39760.12097,0.03,10.590619703270912,0.04
isl,Iceland,1997,41821.27009,0.03,10.641160342918393,0.03
isl,Iceland,1998,44371.79001,0.02,10.700359186358394,0.03
isl,Iceland,1999,45620.95668,0.01,10.728122466245416,0.02
isl,Iceland,2000,47246.03444,0.01,10.763124002204037,0.01
isl,Iceland,2001,48512.34196,0.02,10.789573517954771,0.01
isl,Iceland,2002,48372.8176,0.01,10.78669331510252,0.02
isl,Iceland,2003,49126.5233,0.01,10.802154357342204,0.01
isl,Iceland,2004,52559.42353,0.11,10.869699685252074,0.01
isl,Iceland,2005,54980.31234,0.03,10.914730442678,0.11
isl,Iceland,2006,57117.16946,0.14,10.952860041513905,0.03
isl,Iceland,2007,60501.51448,0.05,11.010423676432891,0.14
isl,Iceland,2008,60768.62733,0.03,11.014828936919706,0.05
isl,Iceland,2009,56013.04234,0.07,10.933339841529113,0.03
isl,Iceland,2010,54588.97093,0.13,10.907587143709682,0.07
isl,Iceland,2011,55426.99198,0.13,10.922821973937916,0.13
isl,Iceland,2012,55719.26096,0.02,10.928081164345624,0.13
isl,Iceland,2013,57707.42212,0.04,10.963141077152628,0.02
isl,Iceland,2015,59978.33157,0.02,11.001738635477302,0.04
isr,Israel,1960,8927.17992,3.96,9.096855825563468,
isr,Israel,1961,9513.63377,3.27,9.16048118245271,3.96
isr,Israel,1962,9979.40915,2.67,9.208279164146106,3.27
isr,Israel,1963,10538.96178,1.96,9.26283431439733,2.67
isr,Israel,1964,11093.08913,1.58,9.3140775925031,1.96
isr,Israel,1965,11276.94607,1.42,9.330515749920595,1.58
isr,Israel,1966,11384.09592,1.43,9.339972565595048,1.42
isr,Israel,1967,11313.69674,1.43,9.333769371584172,1.43
isr,Israel,1968,12120.65901,1.02,9.402666631907483,1.43
isr,Israel,1969,13343.16964,0.65,9.49875989544411,1.02
isr,Israel,1970,14146.99493,0.52,9.557257508079001,0.65
isr,Israel,1971,15119.47705,0.38,9.623739062495181,0.52
isr,Israel,1972,16324.58914,0.27,9.700427786293467,0.38
isr,Israel,1973,16528.43953,0.27,9.712837784060042,0.27
isr,Israel,1974,16999.46041,0.22,9.740936881946375,0.27
isr,Israel,1975,17008.38334,0.22,9.741461639133002,0.22
isr,Israel,1976,16625.79908,0.25,9.718710929331378,0.22
isr,Israel,1977,16222.10484,0.25,9.694130087437664,0.25
isr,Israel,1978,16582.63143,0.23,9.71611112719372,0.25
isr,Israel,1979,17115.1485,0.2,9.747719227526119,0.23
isr,Israel,1980,17286.29207,0.19,9.757669100502135,0.2
isr,Israel,1981,18765.26471,0.18,9.839762818051026,0.19
isr,Israel,1982,19312.71168,0.19,9.868518794356731,0.18
isr,Israel,1983,19852.08316,0.18,9.896064225697147,0.19
isr,Israel,1984,20245.59715,0.27,9.915692624203153,0.18
isr,Israel,1985,21034.0956,0.34,9.95390000009199,0.27
isr,Israel,1986,21723.88491,0.31,9.986167621313415,0.34
isr,Israel,1987,23248.23726,0.28,10.053984591367072,0.31
isr,Israel,1988,24057.52125,0.24,10.088202960530593,0.28
isr,Israel,1989,24542.0359,0.23,10.108142677333891,0.24
isr,Israel,1990,26020.57897,0.21,10.166643002779747,0.23
isr,Israel,1991,26285.80525,0.19,10.176784348127647,0.21
isr,Israel,1992,27253.59688,0.16,10.212940786977068,0.19
isr,Israel,1993,27496.076,0.22,10.221798582564256,0.16
isr,Israel,1994,28653.86967,0.26,10.263043780037865,0.22
isr,Israel,1995,29837.22004,0.29,10.303511887779438,0.26
isr,Israel,1996,30706.92482,0.32,10.332243472308898,0.29
isr,Israel,1997,31006.38818,0.38,10.341948532560291,0.32
isr,Israel,1998,31495.67071,0.32,10.35760537759051,0.38
isr,Israel,1999,31688.43524,0.31,10.363707074375313,0.32
isr,Israel,2000,33488.81062,0.26,10.418966650675662,0.31
isr,Israel,2001,32762.75697,0.24,10.397047691019445,0.26
isr,Israel,2002,32038.41724,0.65,10.374691000461477,0.24
isr,Israel,2003,31879.17651,0.61,10.369708301642046,0.65
isr,Israel,2004,32759.1433,0.72,10.396937386831416,0.61
isr,Israel,2005,33568.67104,0.65,10.421348501463328,0.72
isr,Israel,2006,34810.44561,0.33,10.4576727819301,0.65
isr,Israel,2007,36342.26407,0.46,10.50073664243102,0.33
isr,Israel,2008,36838.58616,0.53,10.514301111782633,0.46
isr,Israel,2009,36410.47315,0.59,10.502611736141347,0.53
isr,Israel,2010,37722.40999,0.41,10.538009626275874,0.59
isr,Israel,2011,39075.37538,0.36,10.573247761897404,0.41
isr,Israel,2012,39299.35155,0.63,10.578963297721225,0.36
isr,Israel,2013,40148.77745,0.47,10.600347269347177,0.63
isr,Israel,2014,40872.58084,0.45,10.618214722105584,0.47
isr,Israel,2015,40967.37076,0.43,10.620531193719607,0.45
isr,Israel,2016,41963.6758,0.3,10.644559661151911,0.43
isr,Israel,2017,42947.05867,0.52,10.667723442413108,0.3
isr,Israel,2018,43814.295,0.45,10.687715412980493,0.52
isr,Israel,2019,44580.80788,0.69,10.705058728803474,0.45
isr,Israel,2020,42915.94169,0.59,10.666998637054997,0.69
isr,Israel,2021,46162.08227,0.4,10.739914009999918,0.59
isr,Israel,2022,48098.18724,0.37,10.78099976806558,0.4
ita,Italy,1960,11440.25145,1.54,9.34489324458734,
ita,Italy,1961,12260.73378,1.25,9.414157059248925,1.54
ita,Italy,1962,13007.61063,1.07,9.473289898221505,1.25
ita,Italy,1963,13700.64794,0.85,9.525198405588359,1.07
ita,Italy,1964,13996.3108,0.85,9.546549059585692,0.85
ita,Italy,1965,14180.81711,0.92,9.55964542254439,0.85
ita,Italy,1966,14786.46677,0.78,9.601467633994265,0.92
ita,Italy,1967,15657.81532,0.68,9.658725452788518,0.78
ita,Italy,1968,16668.97455,0.49,9.721304459155672,0.68
ita,Italy,1969,17440.90866,0.36,9.766573798169926,0.49
ita,Italy,1970,18366.15499,0.33,9.818264847101162,0.36
ita,Italy,1971,18509.72287,0.29,9.826051433548386,0.33
ita,Italy,1972,18912.06968,0.29,9.847555604632202,0.29
ita,Italy,1973,19976.94735,0.19,9.902334255244398,0.29
ita,Italy,1974,20766.78366,0.16,9.94111004979943,0.19
ita,Italy,1975,20134.06953,0.16,9.910168660645878,0.16
ita,Italy,1976,21324.47519,0.11,9.967610761974983,0.16
ita,Italy,1977,21736.34545,0.1,9.986741043968483,0.11
ita,Italy,1978,22329.13629,0.08,10.01364766473101,0.1
ita,Italy,1979,23476.97218,0.06,10.063775312475242,0.08
ita,Italy,1980,24145.84157,0.05,10.091867452535597,0.06
ita,Italy,1981,26078.18066,0.06,10.168854253637925,0.05
ita,Italy,1982,27080.44434,0.03,10.206567135311092,0.06
ita,Italy,1983,27999.45288,0.16,10.239940248966432,0.03
ita,Italy,1984,29458.42367,0.14,10.290735181117293,0.16
ita,Italy,1985,30887.46672,0.22,10.338105772837766,0.14
ita,Italy,1986,32204.23091,0.3,10.379853117621467,0.22
ita,Italy,1987,33806.52985,1.0,10.428409253640568,0.3
ita,Italy,1988,36075.01565,0.55,10.493355817460412,1.0
ita,Italy,1989,38309.16648,0.02,10.553444480214463,0.55
ita,Italy,1990,40221.91788,0.13,10.602167346923725,0.02
ita,Italy,1991,41010.35612,0.24,10.621579902084076,0.13
ita,Italy,1992,41516.33793,0.72,10.6338423138054,0.24
ita,Italy,1993,41319.99318,1.27,10.629101758180319,0.72
ita,Italy,1994,42379.44924,0.95,10.654418835985132,1.27
ita,Italy,1995,43778.58017,0.68,10.686899939532227,0.95
ita,Italy,1996,44520.76518,0.7,10.703710992573317,0.68
ita,Italy,1997,45512.41517,0.72,10.725740428598403,0.7
ita,Italy,1998,46466.03567,0.74,10.746476908993012,0.72
ita,Italy,1999,47384.28201,1.43,10.766045849526124,0.74
ita,Italy,2000,49342.92612,0.28,10.806549693553885,1.43
ita,Italy,2001,50434.86202,0.45,10.82843792168664,0.28
ita,Italy,2002,50612.1286,0.61,10.831946522205318,0.45
ita,Italy,2003,50510.92632,0.43,10.82994495463268,0.61
ita,Italy,2004,51002.70778,0.33,10.839634004022532,0.43
ita,Italy,2005,51210.1026,0.29,10.843692107969527,0.33
ita,Italy,2006,52029.1946,0.29,10.8595602746335,0.29
ita,Italy,2007,52557.3651,0.31,10.86966052062334,0.29
ita,Italy,2008,51693.55748,0.37,10.853088439191957,0.31
ita,Italy,2009,48725.66832,0.53,10.79396124044383,0.37
ita,Italy,2010,49301.69591,0.6,10.805713759236282,0.53
ita,Italy,2011,49473.01492,0.53,10.809182646775474,0.6
ita,Italy,2012,47795.95794,0.67,10.7746963529793,0.53
ita,Italy,2013,46833.36153,0.6,10.754351081151704,0.67
ita,Italy,2014,46825.65112,0.6,10.754186432608028,0.6
ita,Italy,2015,47311.82553,0.89,10.764515554437505,0.6
ita,Italy,2016,47987.83796,0.66,10.778702881951615,0.89
ita,Italy,2017,48849.21835,0.53,10.79649365631937,0.66
ita,Italy,2018,49133.14353,0.64,10.802289107036023,0.53
ita,Italy,2019,49690.62985,0.46,10.813571660104682,0.64
ita,Italy,2020,45505.06887,0.3,10.72557900247037,0.46
ita,Italy,2021,49825.39341,0.32,10.816280040885248,0.3
ita,Italy,2022,52333.32743,0.3,10.86538868285978,0.32
jam,Jamaica,1960,5311.62288,9.25,8.577652694660175,
jam,Jamaica,1961,5418.95229,8.67,8.59765777131994,9.25
jam,Jamaica,1962,5450.56653,8.61,8.60347483271353,8.67
jam,Jamaica,1963,5570.00891,7.93,8.625151932560984,8.61
jam,Jamaica,1964,5818.55468,7.09,8.668807173115043,7.93
jam,Jamaica,1965,6054.41856,6.11,8.708543624951918,7.09
jam,Jamaica,1966,6089.75556,6.01,8.71436322196736,6.11
jam,Jamaica,1967,6092.91459,5.66,8.714881832424986,6.01
jam,Jamaica,1968,6191.4854,5.12,8.730930304580824,5.66
jam,Jamaica,1969,6442.47887,4.12,8.770668662738448,5.12
jam,Jamaica,1970,7134.80315,2.51,8.872739940182061,4.12
jam,Jamaica,1971,7100.43402,2.5,8.867911190738536,2.51
jam,Jamaica,1972,7362.82696,1.86,8.904199235802322,2.5
jam,Jamaica,1973,7593.30483,1.59,8.935022194594675,1.86
jam,Jamaica,1974,7152.57547,2.17,8.875227776423998,1.59
jam,Jamaica,1975,7000.8378,2.18,8.853785106589973,2.17
jam,Jamaica,1976,6446.12003,3.27,8.771233683052158,2.18
jam,Jamaica,1977,6199.94024,3.7,8.732294932277053,3.27
jam,Jamaica,1978,6139.95137,3.71,8.722572100914384,3.7
jam,Jamaica,1979,5925.78949,4.17,8.68706920438409,3.71
jam,Jamaica,1980,5498.09116,5.65,8.612156249162489,4.17
jam,Jamaica,1981,5888.05886,5.4,8.680681656962008,5.65
jam,Jamaica,1982,6122.98559,5.31,8.71980509805366,5.4
jam,Jamaica,1983,6383.86024,5.24,8.761528246659429,5.31
jam,Jamaica,1984,6519.3173,5.59,8.782524940849415,5.24
jam,Jamaica,1985,6428.58869,6.15,8.76851030480465,5.59
jam,Jamaica,1986,6803.12998,6.08,8.825138076439181,6.15
jam,Jamaica,1987,7416.21083,5.16,8.911423535913869,6.08
jam,Jamaica,1988,7426.69962,4.8,8.91283684252664,5.16
jam,Jamaica,1989,8023.03956,4.17,8.99007262656538,4.8
jam,Jamaica,1990,8541.40037,3.86,9.05268025109149,4.17
jam,Jamaica,1991,8826.64819,5.82,9.085530628102699,3.86
jam,Jamaica,1992,8967.40312,7.54,9.101351405891153,5.82
jam,Jamaica,1993,9581.35016,8.18,9.167573796316299,7.54
jam,Jamaica,1994,9662.44068,3.66,9.176001553678903,8.18
jam,Jamaica,1995,9826.48316,4.65,9.1928363831053,3.66
jam,Jamaica,1996,9757.55695,2.82,9.185797335573735,4.65
jam,Jamaica,1997,9576.89332,2.68,9.16710853027194,2.82
jam,Jamaica,1998,9317.96622,2.64,9.139699667128703,2.68
jam,Jamaica,1999,9363.70389,2.36,9.144596205940797,2.64
jam,Jamaica,2000,9400.15259,2.59,9.148481201105065,2.36
jam,Jamaica,2001,9485.24573,2.56,9.157492789255457,2.59
jam,Jamaica,2002,9619.29863,2.4,9.171526633517464,2.56
jam,Jamaica,2003,9930.79875,1.9,9.203396191870716,2.4
jam,Jamaica,2004,10020.77669,1.53,9.212415885606859,1.9
jam,Jamaica,2005,10069.94372,1.4,9.217310396819135,1.53
jam,Jamaica,2006,10322.36829,1.23,9.242068498172909,1.4
jam,Jamaica,2007,10432.74762,1.11,9.252704947626155,1.23
jam,Jamaica,2008,10313.15241,0.97,9.241175292641854,1.11
jam,Jamaica,2009,9833.36045,1.16,9.193536011283118,0.97
jam,Jamaica,2010,9654.07238,1.09,9.175135113602732,1.16
jam,Jamaica,2011,9778.69454,0.9,9.18796127150168,1.09
jam,Jamaica,2012,9676.84757,0.83,9.177491462974304,0.9
jam,Jamaica,2013,9687.6083,0.68,9.178602852953953,0.83
jam,Jamaica,2014,9719.3039,0.64,9.181869279663655,0.68
jam,Jamaica,2015,9778.11854,0.48,9.18790236619867,0.64
jam,Jamaica,2016,9886.55139,0.35,9.198930667144644,0.48
jam,Jamaica,2017,9964.39102,0.23,9.206773118887867,0.35
jam,Jamaica,2018,10137.11105,0.1,9.223958330240023,0.23
jam,Jamaica,2019,10216.06554,0.18,9.231716813118577,0.1
jam,Jamaica,2020,9178.32078,0.39,9.124599545313718,0.18
jam,Jamaica,2021,9577.16421,0.47,9.167136815662605,0.39
jam,Jamaica,2022,10072.04853,0.42,9.217519394020757,0.47
jor,Jordan,1960,4843.04962,0.51,8.485299888066208,
jor,Jordan,1961,5534.37799,0.23,8.618734461230792,0.51
jor,Jordan,1962,5383.95916,0.24,8.591179285857459,0.23
jor,Jordan,1963,5451.07058,0.21,8.603567305063375,0.24
jor,Jordan,1964,6079.19093,0.13,8.712626895381835,0.21
jor,Jordan,1965,6478.79478,0.09,8.776289781307156,0.13
jor,Jordan,1966,6374.12675,0.09,8.7600023802518,0.09
jor,Jordan,1967,6242.23877,0.09,8.739094174261897,0.09
jor,Jordan,1968,5519.42265,0.13,8.616028541409671,0.09
jor,Jordan,1969,5701.99394,0.1,8.648571206687064,0.13
jor,Jordan,1970,4872.83698,0.16,8.491431588559314,0.1
jor,Jordan,1971,4746.01067,0.18,8.465059685202199,0.16
jor,Jordan,1972,4758.02782,0.13,8.467588537840346,0.18
jor,Jordan,1973,4560.12926,0.19,8.425106248597906,0.13
jor,Jordan,1974,4592.51446,0.13,8.43218296569619,0.19
jor,Jordan,1975,4556.82386,0.11,8.424381137894512,0.13
jor,Jordan,1976,5223.45952,0.05,8.56091520465435,0.11
jor,Jordan,1977,5408.35226,0.03,8.595699752435808,0.05
jor,Jordan,1978,6128.54137,0.01,8.720712051186762,0.03
jor,Jordan,1989,8080.90617,0.02,8.997259294979303,0.01
jor,Jordan,1990,7724.41779,0.09,8.95214173193542,0.02
jor,Jordan,1991,7329.54447,0.13,8.899668646974112,0.09
jor,Jordan,1992,7956.15672,0.03,8.981701338120727,0.13
jor,Jordan,1993,7896.73335,0.04,8.974204452940414,0.03
jor,Jordan,1994,7908.62953,0.03,8.975709787849425,0.04
jor,Jordan,1995,8071.73937,0.01,8.99612427335558,0.03
jor,Jordan,1998,8092.28367,0.11,8.998666253283682,0.01
jor,Jordan,1999,8189.87338,0.21,9.010653716410143,0.11
jor,Jordan,2000,8357.11725,0.27,9.030868820057377,0.21
jor,Jordan,2001,8607.27196,0.29,9.060362701687172,0.27
jor,Jordan,2002,8899.22011,0.27,9.093718923790778,0.29
jor,Jordan,2003,9045.26045,0.25,9.109996192329147,0.27
jor,Jordan,2004,9557.49136,0.17,9.165080561568066,0.25
jor,Jordan,2005,10046.66254,0.09,9.214995772762459,0.17
jor,Jordan,2006,10168.39047,0.08,9.227039213980897,0.09
jor,Jordan,2007,10320.72267,0.05,9.241909062746627,0.08
jor,Jordan,2008,10750.43681,0.02,9.282701666218664,0.05
jor,Jordan,2009,10993.70439,0.02,9.305078059756399,0.02
jor,Jordan,2010,10953.53763,0.04,9.30141775430125,0.02
jor,Jordan,2011,10977.48205,0.05,9.303601367271703,0.04
jor,Jordan,2012,11086.02994,0.04,9.313441030679693,0.05
jor,Jordan,2013,10799.35381,0.05,9.287241578914873,0.04
jor,Jordan,2014,10148.9981,0.06,9.225130270238239,0.05
jor,Jordan,2015,9581.68923,0.07,9.16760918423083,0.06
jor,Jordan,2016,9321.90451,0.08,9.140122233370246,0.07
jor,Jordan,2017,9339.8104,0.08,9.142041231230978,0.08
jor,Jordan,2018,9311.53116,0.08,9.139008820765575,0.08
jor,Jordan,2019,9288.52709,0.08,9.136535271336868,0.08
jor,Jordan,2020,9022.6393,0.09,9.107492175577589,0.08
jor,Jordan,2021,9182.49616,0.08,9.125054359506967,0.09
jor,Jordan,2022,9266.57538,0.08,9.13416915988296,0.08
jpn,Japan,1960,7244.5024,5.51,8.887998170546526,
jpn,Japan,1961,7976.46801,4.41,8.984250987202076,5.51
jpn,Japan,1962,8532.18843,3.74,9.05160116443879,4.41
jpn,Japan,1963,9097.67082,3.35,9.115773705897011,3.74
jpn,Japan,1964,9959.39467,2.72,9.206271572627283,3.35
jpn,Japan,1965,10338.50823,2.6,9.243630865894094,2.72
jpn,Japan,1966,11229.03852,2.16,9.326258426970075,2.6
jpn,Japan,1967,12245.6889,1.89,9.412929227501586,2.16
jpn,Japan,1968,13512.44023,1.58,9.511366038625933,1.89
jpn,Japan,1969,14868.92365,1.4,9.607028652839732,1.58
jpn,Japan,1970,16115.85247,1.2,9.687558692012699,1.4
jpn,Japan,1971,16509.83522,1.16,9.71171155624656,1.2
jpn,Japan,1972,17500.49352,1.09,9.769984360656817,1.16
jpn,Japan,1973,18485.50587,1.02,9.824742237509666,1.09
jpn,Japan,1974,17866.0998,1.06,9.790660330275513,1.02
jpn,Japan,1975,18036.67411,1.03,9.800162414646465,1.06
jpn,Japan,1976,18394.97732,1.0,9.81983293459438,1.03
jpn,Japan,1977,18856.07167,0.98,9.84459024552092,1.0
jpn,Japan,1978,19506.46034,0.92,9.87850098917146,0.98
jpn,Japan,1979,20232.95234,0.89,9.915067858218668,0.92
jpn,Japan,1980,20465.71501,0.86,9.926506326503327,0.89
jpn,Japan,1981,22053.32252,0.85,10.001218550702863,0.86
jpn,Japan,1982,23265.83629,0.81,10.05474130990392,0.85
jpn,Japan,1983,24250.72734,0.8,10.096201889317898,0.81
jpn,Japan,1984,25543.47361,0.77,10.148137126994689,0.8
jpn,Japan,1985,27037.97463,0.74,10.204997624614863,0.77
jpn,Japan,1986,27984.70166,0.71,10.239413270557538,0.74
jpn,Japan,1987,29468.55332,0.67,10.291078984604836,0.71
jpn,Japan,1988,31898.67417,0.64,10.370319725840243,0.67
jpn,Japan,1989,34141.13872,0.61,10.438258350215149,0.64
jpn,Japan,1990,36561.82247,0.57,10.506759873067473,0.61
jpn,Japan,1991,37618.90501,0.54,10.535261995839178,0.57
jpn,Japan,1992,37743.31866,0.54,10.538563749873672,0.54
jpn,Japan,1993,37436.93121,0.53,10.530412961687297,0.54
jpn,Japan,1994,37657.91112,0.52,10.536298333864519,0.53
jpn,Japan,1995,38489.46041,0.49,10.55813972721356,0.52
jpn,Japan,1996,39526.29383,0.5,10.584721396013766,0.49
jpn,Japan,1997,39748.99432,0.49,10.590339819636638,0.5
jpn,Japan,1998,39071.78509,0.49,10.57315587653699,0.49
jpn,Japan,1999,38799.63228,0.49,10.566166048246867,0.49
jpn,Japan,2000,39728.19279,0.48,10.589816360484864,0.49
jpn,Japan,2001,39710.67857,0.47,10.589375412118304,0.48
jpn,Japan,2002,39564.31383,0.47,10.585682825039372,0.47
jpn,Japan,2003,40010.84597,0.46,10.59690584559176,0.47
jpn,Japan,2004,40794.08013,0.47,10.616292255012036,0.46
jpn,Japan,2005,41444.59908,0.45,10.632112852435588,0.47
jpn,Japan,2006,41913.04913,0.45,10.643352492507923,0.45
jpn,Japan,2007,42413.86819,0.44,10.655230667693893,0.45
jpn,Japan,2008,41799.93643,0.45,10.640650097698295,0.44
jpn,Japan,2009,39354.08421,0.25,10.5803550403274,0.45
jpn,Japan,2010,40881.79724,0.05,10.618440187707684,0.25
jpn,Japan,2011,40967.34314,0.23,10.620530519524296,0.05
jpn,Japan,2012,41596.9238,0.34,10.635781496399748,0.23
jpn,Japan,2013,42492.24396,0.41,10.657076843199436,0.34
jpn,Japan,2014,42674.69763,0.41,10.661361462224534,0.41
jpn,Japan,2015,43386.71007,0.42,10.677908453608453,0.41
jpn,Japan,2016,43736.13051,0.42,10.68592982461099,0.42
jpn,Japan,2017,44505.27926,0.41,10.703363096173929,0.42
jpn,Japan,2018,44848.48994,0.41,10.711045197800837,0.41
jpn,Japan,2019,44730.91028,0.42,10.708420046767555,0.41
jpn,Japan,2020,42992.47964,0.45,10.66878048728727,0.42
jpn,Japan,2021,44355.34872,0.43,10.699988582946101,0.45
jpn,Japan,2022,44972.34384,0.42,10.713802998486603,0.43
kaz,Kazakhstan,1960,10375.2474,14.5,9.247178190597726,
kaz,Kazakhstan,1961,10788.30133,13.5,9.286217615830969,14.5
kaz,Kazakhstan,1962,10911.41473,12.53,9.297564743197597,13.5
kaz,Kazakhstan,1963,10514.34885,14.28,9.260496160399061,12.53
kaz,Kazakhstan,1964,11763.81148,10.72,9.372783274383972,14.28
kaz,Kazakhstan,1965,12333.06572,9.21,9.42003920434446,10.72
kaz,Kazakhstan,1966,12841.74847,7.76,9.460456741649171,9.21
kaz,Kazakhstan,1967,13324.1861,7.03,9.497336166493122,7.76
kaz,Kazakhstan,1968,14025.57403,5.68,9.548637658608584,7.03
kaz,Kazakhstan,1969,14148.38125,5.67,9.557355497234,5.68
kaz,Kazakhstan,1970,15160.26024,4.53,9.626432825275938,5.67
kaz,Kazakhstan,1971,15476.95966,4.05,9.647107723461085,4.53
kaz,Kazakhstan,1972,15476.3681,3.94,9.647069500753357,4.05
kaz,Kazakhstan,1973,16687.43875,2.6,9.722411544723885,3.94
kaz,Kazakhstan,1974,16650.95319,2.57,9.720222742418597,2.6
kaz,Kazakhstan,1975,16614.54741,2.6,9.718033940574168,2.57
kaz,Kazakhstan,1976,16578.22122,2.92,9.715845138253535,2.6
kaz,Kazakhstan,1977,16541.97446,2.96,9.713656336301923,2.92
kaz,Kazakhstan,1978,16505.80694,2.94,9.711467533731385,2.96
kaz,Kazakhstan,1979,16469.71851,2.8,9.70927873195095,2.94
kaz,Kazakhstan,1980,16433.70897,2.75,9.707089929316437,2.8
kaz,Kazakhstan,1981,16039.7576,3.36,9.682825769086863,2.75
kaz,Kazakhstan,1982,15663.11674,3.77,9.659063975284623,3.36
kaz,Kazakhstan,1983,16248.11865,3.1,9.695732405670782,3.77
kaz,Kazakhstan,1984,16009.57174,3.29,9.680942056101442,3.1
kaz,Kazakhstan,1985,16011.9355,3.2,9.681089691875522,3.29
kaz,Kazakhstan,1986,16068.42708,3.28,9.684611574662911,3.2
kaz,Kazakhstan,1987,15822.14626,3.63,9.669165899629123,3.28
kaz,Kazakhstan,1988,17040.93844,2.55,9.74337387163681,3.63
kaz,Kazakhstan,1989,16911.93133,2.59,9.735774647671311,2.55
kaz,Kazakhstan,1990,16557.069,2.85,9.714568419520562,2.59
kaz,Kazakhstan,1991,14661.86796,5.11,9.593005386150292,2.85
kaz,Kazakhstan,1992,13868.80771,6.27,9.53739754782592,5.11
kaz,Kazakhstan,1993,12661.46039,8.62,9.446318043705677,6.27
kaz,Kazakhstan,1994,11239.37915,11.88,9.327178886157007,8.62
kaz,Kazakhstan,1995,10523.87527,8.53,9.261401790132517,11.88
kaz,Kazakhstan,1996,10775.223,8.87,9.285004610813473,8.53
kaz,Kazakhstan,1997,11206.03342,10.4,9.324207610451676,8.87
kaz,Kazakhstan,1998,11265.72535,13.04,9.329520240496036,10.4
kaz,Kazakhstan,1999,11724.33057,14.94,9.369421497441472,13.04
kaz,Kazakhstan,2000,12862.60587,14.5,9.462079611012221,14.94
kaz,Kazakhstan,2001,14550.60782,13.25,9.585388046297552,14.5
kaz,Kazakhstan,2002,15912.74277,9.44,9.674875499308591,13.25
kaz,Kazakhstan,2003,17309.4469,6.73,9.75900769503122,9.44
kaz,Kazakhstan,2004,18862.0876,3.73,9.844909239351342,6.73
kaz,Kazakhstan,2005,20549.64174,9.47,9.930598786195771,3.73
kaz,Kazakhstan,2006,22565.38931,1.14,10.024172564937444,9.47
kaz,Kazakhstan,2007,24348.27497,0.46,10.100216282880094,1.14
kaz,Kazakhstan,2008,24896.57281,0.3,10.122485434827189,0.46
kaz,Kazakhstan,2009,24903.34199,0.31,10.122757289912439,0.3
kaz,Kazakhstan,2010,26374.84077,0.23,10.180165833603747,0.31
kaz,Kazakhstan,2011,27946.16034,0.09,10.238035093117672,0.23
kaz,Kazakhstan,2012,28881.24176,0.05,10.270947589312325,0.09
kaz,Kazakhstan,2013,30177.48872,0.03,10.314851518786794,0.05
kaz,Kazakhstan,2014,30986.43792,0.02,10.341304901290552,0.03
kaz,Kazakhstan,2015,30893.75949,0.04,10.338309484237096,0.02
kaz,Kazakhstan,2016,30758.32273,0.06,10.333915894499604,0.04
kaz,Kazakhstan,2017,31524.44163,0.05,10.358518448701638,0.06
kaz,Kazakhstan,2018,32330.22745,0.02,10.383757905956099,0.05
kaz,Kazakhstan,2019,33298.21237,0.02,10.413258991944991,0.02
kaz,Kazakhstan,2020,32011.54915,0.01,10.373852027606677,0.02
kaz,Kazakhstan,2021,32945.85157,0.02,10.402620631245762,0.01
kaz,Kazakhstan,2022,33506.26149,0.02,10.419487610496885,0.02
ken,Kenya,1960,1694.64041,45.8,7.435225849815462,
ken,Kenya,1961,1603.35546,48.09,7.379853874752273,45.8
ken,Kenya,1962,1659.60426,45.68,7.414334455339005,48.09
ken,Kenya,1963,1694.61785,44.46,7.435212537168111,45.68
ken,Kenya,1964,1786.63156,42.05,7.488087315949958,44.46
ken,Kenya,1965,1780.97206,41.93,7.484914595350773,42.05
ken,Kenya,1966,1949.32969,38.24,7.5752408437447105,41.93
ken,Kenya,1967,1986.42564,36.55,7.5940921418835075,38.24
ken,Kenya,1968,2012.76018,34.66,7.6072622829241,36.55
ken,Kenya,1969,2077.0174,33.37,7.638688201308523,34.66
ken,Kenya,1970,2051.9858,33.4,7.626563286188744,33.37
ken,Kenya,1971,2113.67546,32.39,7.656183635250362,33.4
ken,Kenya,1972,2148.14257,31.39,7.672358826796718,32.39
ken,Kenya,1973,2182.45764,30.4,7.688206878590694,31.39
ken,Kenya,1974,2210.68681,29.41,7.701058519987294,30.4
ken,Kenya,1975,2125.8605,31.64,7.6619319405684365,29.41
ken,Kenya,1976,2132.12355,30.65,7.6648737338881086,31.64
ken,Kenya,1977,2245.20644,28.68,7.716552751405281,30.65
ken,Kenya,1978,2358.62886,26.69,7.765835737653256,28.68
ken,Kenya,1979,2357.69447,26.73,7.765439501031275,26.69
ken,Kenya,1980,2398.15799,25.81,7.782456217487258,26.73
ken,Kenya,1981,2520.56369,26.33,7.832237841999309,25.81
ken,Kenya,1982,2664.13024,26.89,7.887632919354146,26.33
ken,Kenya,1983,2673.73934,27.51,7.891233273478897,26.89
ken,Kenya,1984,2695.99467,28.04,7.899522495027276,27.51
ken,Kenya,1985,2784.54056,27.89,7.931838169273069,28.04
ken,Kenya,1986,2938.68286,27.0,7.985716753144975,27.89
ken,Kenya,1987,3072.17645,26.41,8.030141530769097,27.0
ken,Kenya,1988,3246.00937,25.76,8.085181634700069,26.41
ken,Kenya,1989,3396.09181,25.47,8.130380581812567,25.76
ken,Kenya,1990,3555.92601,25.29,8.176370789330711,25.47
ken,Kenya,1991,3536.59451,25.75,8.170919540281268,25.29
ken,Kenya,1992,3436.53681,26.73,8.142219501983996,25.75
ken,Kenya,1993,3382.16424,32.83,8.126271091259866,26.73
ken,Kenya,1994,3414.31304,26.2,8.135731592179543,32.83
ken,Kenya,1995,3504.63937,25.83,8.161842904018217,26.2
ken,Kenya,1996,3590.27654,25.2,8.185984509156286,25.83
ken,Kenya,1997,3546.62774,25.95,8.173752498603385,25.2
ken,Kenya,1998,3597.98521,27.55,8.18812930388502,25.95
ken,Kenya,1999,3610.84994,28.94,8.191698464058389,27.55
ken,Kenya,2000,3555.83431,31.05,8.17634500106005,28.94
ken,Kenya,2001,3606.92492,31.68,8.190610865605116,31.05
ken,Kenya,2002,3540.94796,34.24,8.172149755590468,31.68
ken,Kenya,2003,3558.41524,35.46,8.177070567430778,34.24
ken,Kenya,2004,3646.91912,35.96,8.201638013430875,35.46
ken,Kenya,2005,3766.38292,36.54,8.233870382221351,35.96
ken,Kenya,2006,3908.48133,35.89,8.270904170880396,36.54
ken,Kenya,2007,4071.14989,35.28,8.311680766788577,35.89
ken,Kenya,2008,3975.48846,34.94,8.2879029025578,35.28
ken,Kenya,2009,3999.46025,34.44,8.293914693497145,34.94
ken,Kenya,2010,4211.52463,33.76,8.345580006010904,34.44
ken,Kenya,2011,4307.10612,32.94,8.368021523710409,33.76
ken,Kenya,2012,4387.9379,32.44,8.386614669061613,32.94
ken,Kenya,2013,4443.37122,31.83,8.39916865109995,32.44
ken,Kenya,2014,4558.55155,31.09,8.424760209505493,31.83
ken,Kenya,2015,4679.62183,30.59,8.450972580091191,31.09
ken,Kenya,2016,4770.31046,30.39,8.470166667718267,30.59
ken,Kenya,2017,4846.86211,31.46,8.486086786915848,30.39
ken,Kenya,2018,5017.66785,31.91,8.520720533025756,31.46
ken,Kenya,2019,5171.71264,32.43,8.55095917763667,31.91
ken,Kenya,2020,5057.40115,35.35,8.528608023621034,32.43
ken,Kenya,2021,5338.85243,36.0,8.582766008110703,35.35
ken,Kenya,2022,5491.69378,34.82,8.610992007867953,36.0
kgz,Kyrgyz Republic,1960,5555.04428,18.25,8.62246167323908,
kgz,Kyrgyz Republic,1961,5670.59177,17.43,8.643048759882475,18.25
kgz,Kyrgyz Republic,1962,5791.364,17.44,8.66412312140653,17.43
kgz,Kyrgyz Republic,1963,5909.01457,16.64,8.684234357072876,17.44
kgz,Kyrgyz Republic,1964,6031.91126,15.84,8.704819198041115,16.64
kgz,Kyrgyz Republic,1965,6155.0483,15.09,8.7250278858664,15.84
kgz,Kyrgyz Republic,1966,6281.78262,15.12,8.745409075870455,15.09
kgz,Kyrgyz Republic,1967,6407.10232,14.4,8.765162391544278,15.12
kgz,Kyrgyz Republic,1968,6537.71721,13.72,8.785343333060238,14.4
kgz,Kyrgyz Republic,1969,6666.93668,13.03,8.804915765047834,13.72
kgz,Kyrgyz Republic,1970,6798.12239,13.04,8.824401733918648,13.03
kgz,Kyrgyz Republic,1971,6904.63297,12.36,8.839947910194596,13.04
kgz,Kyrgyz Republic,1972,7012.04023,12.37,8.855383983332139,12.36
kgz,Kyrgyz Republic,1973,7120.3317,11.74,8.870709590399528,12.37
kgz,Kyrgyz Republic,1974,7081.04761,11.74,8.865177143255776,11.74
kgz,Kyrgyz Republic,1975,7041.98025,12.38,8.859644695110099,11.74
kgz,Kyrgyz Republic,1976,7003.12843,12.39,8.85411224677052,12.38
kgz,Kyrgyz Republic,1977,6964.49096,12.39,8.8485797981159,12.39
kgz,Kyrgyz Republic,1978,6926.06666,12.4,8.843047349518997,12.39
kgz,Kyrgyz Republic,1979,6887.85436,12.4,8.837514901865445,12.4
kgz,Kyrgyz Republic,1980,6849.85288,13.06,8.831982453653366,12.4
kgz,Kyrgyz Republic,1981,6758.5511,13.41,8.8185638117446,13.06
kgz,Kyrgyz Republic,1982,6663.11898,13.63,8.804342969224358,13.41
kgz,Kyrgyz Republic,1983,6949.83032,12.51,8.846472523872313,13.63
kgz,Kyrgyz Republic,1984,6880.84051,12.65,8.836496090616754,12.51
kgz,Kyrgyz Republic,1985,6471.15557,14.17,8.775109975874757,12.65
kgz,Kyrgyz Republic,1986,6216.82927,15.2,8.73501529209396,14.17
kgz,Kyrgyz Republic,1987,5999.58548,14.73,8.699445659156932,15.2
kgz,Kyrgyz Republic,1988,6479.7034,12.15,8.77643001669383,14.73
kgz,Kyrgyz Republic,1989,6503.98494,12.04,8.78017033572681,12.15
kgz,Kyrgyz Republic,1990,6508.76799,11.05,8.780905468444866,12.04
kgz,Kyrgyz Republic,1991,5863.51681,13.3,8.676504840785388,11.05
kgz,Kyrgyz Republic,1992,4968.25684,18.02,8.51082432114976,13.3
kgz,Kyrgyz Republic,1993,4207.55192,23.38,8.344636265858107,18.02
kgz,Kyrgyz Republic,1994,3348.37956,31.7,8.116231794359194,23.38
kgz,Kyrgyz Republic,1995,3118.39356,34.2,8.045073263589543,31.7
kgz,Kyrgyz Republic,1996,3273.8666,32.56,8.09372701183524,34.2
kgz,Kyrgyz Republic,1997,3529.73246,28.39,8.168977356686835,32.56
kgz,Kyrgyz Republic,1998,3534.35761,28.66,8.170286839044813,28.39
kgz,Kyrgyz Republic,1999,3594.55127,41.61,8.187174441780265,28.66
kgz,Kyrgyz Republic,2000,3730.63998,39.14,8.22433507432782,41.61
kgz,Kyrgyz Republic,2001,3878.12216,32.47,8.263106336080053,39.14
kgz,Kyrgyz Republic,2002,3829.19618,31.36,8.25041018547429,32.47
kgz,Kyrgyz Republic,2003,4043.10627,25.3,8.304768554232256,31.36
kgz,Kyrgyz Republic,2004,4262.81316,12.08,8.357684587514786,25.3
kgz,Kyrgyz Republic,2005,4196.50495,13.73,8.342007303076578,12.08
kgz,Kyrgyz Republic,2006,4270.37212,8.95,8.359456249966527,13.73
kgz,Kyrgyz Republic,2007,4581.30527,8.58,8.429739229955093,8.95
kgz,Kyrgyz Republic,2008,4908.8137,4.09,8.498787582635115,8.58
kgz,Kyrgyz Republic,2009,4976.42441,1.96,8.512466922180625,4.09
kgz,Kyrgyz Republic,2010,4876.47965,3.29,8.492178855328412,1.96
kgz,Kyrgyz Republic,2011,5092.85166,1.75,8.535593200208709,3.29
kgz,Kyrgyz Republic,2012,4993.39432,2.95,8.515871181946673,1.75
kgz,Kyrgyz Republic,2013,5418.54062,3.16,8.597581799874584,2.95
kgz,Kyrgyz Republic,2014,5513.75447,1.38,8.615001062119342,3.16
kgz,Kyrgyz Republic,2015,5600.21433,2.48,8.630560149205126,1.38
kgz,Kyrgyz Republic,2016,5715.01041,1.43,8.650851397749562,2.48
kgz,Kyrgyz Republic,2017,5861.222,1.58,8.676113393254402,1.43
kgz,Kyrgyz Republic,2018,5951.82877,0.98,8.691453807617924,1.58
kgz,Kyrgyz Republic,2019,6087.60194,0.94,8.71400951304119,0.98
kgz,Kyrgyz Republic,2020,5537.79547,1.77,8.619351770943448,0.94
kgz,Kyrgyz Republic,2021,5736.47883,0.96,8.654600856828832,1.77
kgz,Kyrgyz Republic,2022,6139.77789,0.53,8.722543846219782,0.96
khm,Cambodia,1960,1915.60514,71.5,7.557788851697262,
khm,Cambodia,1961,1873.03392,72.49,7.535314812264088,71.5
khm,Cambodia,1962,1998.39355,70.45,7.6000989117840385,72.49
khm,Cambodia,1963,2123.30489,68.35,7.660729064203982,70.45
khm,Cambodia,1964,2038.85125,69.44,7.620141815485637,68.35
khm,Cambodia,1965,2109.40583,68.35,7.65416158965779,69.44
khm,Cambodia,1966,2181.59926,67.25,7.687813492330735,68.35
khm,Cambodia,1967,2267.36676,66.12,7.726374419513086,67.25
khm,Cambodia,1968,2343.11329,64.97,7.759235789878328,66.12
khm,Cambodia,1969,2351.15029,64.97,7.762659972485832,64.97
khm,Cambodia,1970,2137.11796,68.35,7.667213452672676,64.97
khm,Cambodia,1971,2042.52859,70.45,7.621943824188213,68.35
khm,Cambodia,1972,1931.71727,72.49,7.566164663483926,70.45
khm,Cambodia,1973,2057.47699,70.45,7.629235749013598,72.49
khm,Cambodia,1974,1842.11239,74.52,7.518668230154769,70.45
khm,Cambodia,1975,1733.01643,76.33,7.457618770340024,74.52
khm,Cambodia,1976,1854.56213,74.52,7.525403898660179,76.33
khm,Cambodia,1977,1837.9782,75.43,7.516421442127122,74.52
khm,Cambodia,1978,1989.06916,72.49,7.5954220494912965,75.43
khm,Cambodia,1979,1899.55359,74.52,7.5493741849172595,72.49
khm,Cambodia,1980,1849.6143,75.35,7.522732409849556,74.52
khm,Cambodia,1981,1832.21616,75.35,7.513281529540029,75.35
khm,Cambodia,1982,1838.69061,75.35,7.516808972277772,75.35
khm,Cambodia,1983,1876.20507,74.41,7.537006435958746,75.35
khm,Cambodia,1984,1919.30286,74.45,7.5597173053373306,74.41
khm,Cambodia,1985,1960.52829,73.48,7.5809692516206235,74.45
khm,Cambodia,1986,1982.56169,73.48,7.592145070301037,73.48
khm,Cambodia,1987,2171.52972,70.44,7.683187138273114,73.48
khm,Cambodia,1988,2318.19144,68.29,7.748542608927768,70.44
khm,Cambodia,1989,2385.64554,68.29,7.777225033365494,68.29
khm,Cambodia,1990,2398.05802,69.37,7.782414530457396,68.29
khm,Cambodia,1991,2476.19031,68.29,7.814476492724754,69.37
khm,Cambodia,1992,2515.66469,68.29,7.830292337873771,68.29
khm,Cambodia,1993,2472.64388,68.29,7.813043253917018,68.29
khm,Cambodia,1994,1702.53557,80.44,7.439873930610115,68.29
khm,Cambodia,1995,1723.22113,78.84,7.451950568397512,80.44
khm,Cambodia,1996,1698.13522,78.01,7.437285998565152,78.84
khm,Cambodia,1997,1657.01824,78.01,7.412775025211481,78.01
khm,Cambodia,1998,1660.29774,77.15,7.4147522267130315,78.01
khm,Cambodia,1999,1825.32941,74.45,7.509515748358811,77.15
khm,Cambodia,2000,1961.44747,71.43,7.581437984765894,74.45
khm,Cambodia,2001,2065.2722,69.38,7.6330173126888,71.43
khm,Cambodia,2002,2152.3577,68.29,7.6743191249412,69.38
khm,Cambodia,2003,2325.43103,66.07,7.751660690086306,68.29
khm,Cambodia,2004,2502.53676,62.55,7.825060200392178,66.07
khm,Cambodia,2005,2787.71365,57.37,7.93297705857115,62.55
khm,Cambodia,2006,3041.77375,53.33,8.020196094642337,57.37
khm,Cambodia,2007,3305.02309,50.28,8.103198738645649,53.33
khm,Cambodia,2008,3496.42884,47.67,8.15949739515647,50.28
khm,Cambodia,2009,3582.53377,49.03,8.183825586036127,47.67
khm,Cambodia,2010,3711.53751,46.26,8.219201492932505,49.03
khm,Cambodia,2011,3921.97912,43.66,8.27435168292774,46.26
khm,Cambodia,2012,4159.16354,40.99,8.333069260922215,43.66
khm,Cambodia,2013,4419.39887,37.91,8.393758963560154,40.99
khm,Cambodia,2014,4702.73062,34.8,8.455898601971603,37.91
khm,Cambodia,2015,4968.57277,32.17,8.510887908835674,34.8
khm,Cambodia,2016,5283.72965,29.62,8.572387500442307,32.17
khm,Cambodia,2017,5632.03126,25.66,8.636225448248611,29.62
khm,Cambodia,2018,6050.59088,23.53,8.707911212371565,25.66
khm,Cambodia,2019,6448.88456,21.13,8.771662458400481,23.53
khm,Cambodia,2020,6128.78244,23.21,8.7207513860373,21.13
khm,Cambodia,2021,6225.53265,22.15,8.736414283937384,23.21
khm,Cambodia,2022,6458.36815,20.14,8.77313195650665,22.15
kir,Kiribati,1960,3272.90986,4.34,8.093434733639198,
kir,Kiribati,1961,3357.57895,4.0,8.118975442640663,4.34
kir,Kiribati,1962,3443.15552,3.69,8.144143632228356,4.0
kir,Kiribati,1963,3531.87153,3.42,8.169583187902647,3.69
kir,Kiribati,1964,3622.52086,3.13,8.194925432632363,3.42
kir,Kiribati,1965,3716.16398,2.89,8.220447227054839,3.13
kir,Kiribati,1966,3811.61307,2.65,8.245807756474345,2.89
kir,Kiribati,1967,3908.81386,2.44,8.270989246342461,2.65
kir,Kiribati,1968,4007.71297,2.22,8.29597602592882,2.44
kir,Kiribati,1969,4110.42807,2.03,8.321282455351374,2.22
kir,Kiribati,1970,4215.78363,1.86,8.346590767746727,2.03
kir,Kiribati,1971,4015.63394,2.24,8.297950506818708,1.86
kir,Kiribati,1972,4400.13665,1.54,8.389390876242281,2.24
kir,Kiribati,1973,5204.96441,0.84,8.557368143369592,1.54
kir,Kiribati,1974,7398.93287,0.27,8.90909106203671,0.84
kir,Kiribati,1975,7613.31351,0.23,8.937653771333123,0.27
kir,Kiribati,1976,5436.0079,0.77,8.600800228544445,0.23
kir,Kiribati,1977,5048.82951,0.95,8.526911715206204,0.77
kir,Kiribati,1978,4960.93142,1.05,8.509348788379658,0.95
kir,Kiribati,1979,4263.89264,1.74,8.357937787292306,1.05
kir,Kiribati,1980,2300.78324,10.42,7.7410048830773865,1.74
kir,Kiribati,1981,2407.36484,10.79,7.786288000870965,10.42
kir,Kiribati,1982,2477.3581,10.67,7.814947989084526,10.79
kir,Kiribati,1983,2288.87091,11.11,7.735813922556234,10.67
kir,Kiribati,1984,2545.88898,10.95,7.842235172510667,11.11
kir,Kiribati,1985,2260.71261,12.93,7.723435356724561,10.95
kir,Kiribati,1986,2200.2972,12.27,7.696347721131543,12.93
kir,Kiribati,1987,2168.42163,11.66,7.681754822433278,12.27
kir,Kiribati,1988,2608.57507,12.42,7.866559401040098,11.66
kir,Kiribati,1989,2410.11091,12.75,7.787428046172667,12.42
kir,Kiribati,1990,2316.69618,13.75,7.7478973893779255,12.75
kir,Kiribati,1991,2173.07431,13.71,7.683898176634451,13.75
kir,Kiribati,1992,2506.22638,14.72,7.826533466571567,13.71
kir,Kiribati,1993,2472.24143,14.38,7.8128804796661875,14.72
kir,Kiribati,1994,2484.24256,14.41,7.8177230872393215,14.38
kir,Kiribati,1995,2499.6104,14.42,7.823890158711977,14.41
kir,Kiribati,1996,2465.90657,14.24,7.81031479573972,14.42
kir,Kiribati,1997,2451.99965,14.25,7.804659154315472,14.24
kir,Kiribati,1998,2523.90964,13.72,7.8335644227033,14.25
kir,Kiribati,1999,2391.71773,13.89,7.779767102254441,13.72
kir,Kiribati,2000,2505.66286,13.82,7.826308593285111,13.89
kir,Kiribati,2001,2384.28348,14.56,7.776653930512052,13.82
kir,Kiribati,2002,2372.64843,13.58,7.771762091224695,14.56
kir,Kiribati,2003,2293.03555,13.54,7.737631786444657,13.58
kir,Kiribati,2004,2227.16408,14.2,7.708484342136482,13.54
kir,Kiribati,2005,2212.14122,12.26,7.70171620328068,14.2
kir,Kiribati,2006,2280.04051,14.41,7.731948489334505,12.26
kir,Kiribati,2007,2297.18898,13.43,7.739441471834286,14.41
kir,Kiribati,2008,2179.61155,13.0,7.686901951832359,13.43
kir,Kiribati,2009,2141.59941,11.84,7.669308216711148,13.0
kir,Kiribati,2010,2119.64018,11.78,7.659001626845805,11.84
kir,Kiribati,2011,2150.38302,10.59,7.6734012540922985,11.78
kir,Kiribati,2012,2242.01379,9.23,7.715129754371441,10.59
kir,Kiribati,2013,2382.37034,7.63,7.775851212221623,9.23
kir,Kiribati,2014,2381.34837,7.42,7.775422148257987,7.63
kir,Kiribati,2015,2615.84119,5.54,7.869341003547789,7.42
kir,Kiribati,2016,2761.93353,5.07,7.92368626778537,5.54
kir,Kiribati,2017,2822.66919,4.22,7.945438237539955,5.07
kir,Kiribati,2018,2877.60161,2.99,7.964712451875281,4.22
kir,Kiribati,2019,2927.48488,2.41,7.981898930642139,2.99
kir,Kiribati,2020,2834.68581,2.43,7.949686384623439,2.41
kir,Kiribati,2021,3020.494,1.91,8.013175673150734,2.43
kir,Kiribati,2022,3107.77605,2.02,8.041662652906824,1.91
kna,St. Kitts and Nevis,1960,4107.29675,25.52,8.320520366033435,
kna,St. Kitts and Nevis,1961,4122.37792,24.19,8.32418544089643,25.52
kna,St. Kitts and Nevis,1962,4137.70337,24.19,8.327896171347446,24.19
kna,St. Kitts and Nevis,1963,4152.21481,24.19,8.33139716001996,24.19
kna,St. Kitts and Nevis,1964,4166.95668,22.91,8.334941235400093,24.19
kna,St. Kitts and Nevis,1965,4180.89368,22.91,8.338280301710105,22.91
kna,St. Kitts and Nevis,1966,4197.06096,21.68,8.34213978788858,22.91
kna,St. Kitts and Nevis,1967,4211.39357,21.68,8.345548886155077,21.68
kna,St. Kitts and Nevis,1968,4225.90974,20.51,8.34898983968951,21.68
kna,St. Kitts and Nevis,1969,4241.56734,20.51,8.352688135580559,20.51
kna,St. Kitts and Nevis,1970,4256.39163,20.51,8.356177045115121,20.51
kna,St. Kitts and Nevis,1971,4525.83568,17.26,8.417557519745635,20.51
kna,St. Kitts and Nevis,1972,4716.513,15.31,8.45882503436725,17.26
kna,St. Kitts and Nevis,1973,4860.36123,14.2,8.488868041292907,15.31
kna,St. Kitts and Nevis,1974,5076.70662,12.62,8.532418027183564,14.2
kna,St. Kitts and Nevis,1975,5165.92433,11.77,8.54983932585203,12.62
kna,St. Kitts and Nevis,1976,5444.62341,10.51,8.602383870440788,11.77
kna,St. Kitts and Nevis,1977,5754.66448,9.34,8.65776601884827,10.51
kna,St. Kitts and Nevis,1978,6042.81637,8.17,8.70662546867497,9.34
kna,St. Kitts and Nevis,1979,6514.20659,6.76,8.781740700101468,8.17
kna,St. Kitts and Nevis,1980,7021.27124,5.48,8.856699568944435,6.76
kna,St. Kitts and Nevis,1981,7550.48074,5.09,8.92936651438814,5.48
kna,St. Kitts and Nevis,1982,8016.8346,4.76,8.98929893467134,5.09
kna,St. Kitts and Nevis,1983,8049.53102,4.73,8.99336911033043,4.76
kna,St. Kitts and Nevis,1984,9030.53406,3.79,9.108366787519303,4.73
kna,St. Kitts and Nevis,1985,9794.58454,2.96,9.189584913960957,3.79
kna,St. Kitts and Nevis,1986,10900.40254,2.12,9.296554997810558,2.96
kna,St. Kitts and Nevis,1987,12019.61191,1.53,9.394294920546331,2.12
kna,St. Kitts and Nevis,1988,13542.91757,1.0,9.513619001097677,1.53
kna,St. Kitts and Nevis,1989,14824.73046,0.79,9.60405204225039,1.0
kna,St. Kitts and Nevis,1990,15908.90989,0.63,9.67463460169969,0.79
kna,St. Kitts and Nevis,1991,15538.7982,0.71,9.651095285023727,0.63
kna,St. Kitts and Nevis,1992,15981.40671,0.65,9.679181244857668,0.71
kna,St. Kitts and Nevis,1993,16771.79631,0.48,9.727453963571069,0.65
kna,St. Kitts and Nevis,1994,17349.3747,0.44,9.761311744379714,0.48
kna,St. Kitts and Nevis,1995,17959.96491,0.35,9.795900388068091,0.44
kna,St. Kitts and Nevis,1996,18679.37213,0.29,9.835175099333574,0.35
kna,St. Kitts and Nevis,1997,19610.55207,0.23,9.883823071267347,0.29
kna,St. Kitts and Nevis,1998,19174.0598,0.25,9.861313592438796,0.23
kna,St. Kitts and Nevis,1999,19431.89979,0.22,9.874671313711115,0.25
kna,St. Kitts and Nevis,2000,20983.72711,0.15,9.951502516791923,0.22
kna,St. Kitts and Nevis,2001,21721.90173,0.16,9.986076326844849,0.15
kna,St. Kitts and Nevis,2002,21781.74987,0.16,9.988827736234834,0.16
kna,St. Kitts and Nevis,2003,20727.10175,0.15,9.939197386200677,0.16
kna,St. Kitts and Nevis,2004,21353.81277,0.16,9.968985586787474,0.15
kna,St. Kitts and Nevis,2005,23227.34239,0.08,10.05308541500111,0.16
kna,St. Kitts and Nevis,2006,23750.28261,0.07,10.075349708760411,0.08
kna,St. Kitts and Nevis,2007,23685.70446,0.07,10.07262695779078,0.07
kna,St. Kitts and Nevis,2008,26123.91089,0.04,10.170606299977074,0.07
kna,St. Kitts and Nevis,2009,25079.80936,0.03,10.12981839344205,0.04
kna,St. Kitts and Nevis,2010,24997.56725,0.04,10.126533789115413,0.03
kna,St. Kitts and Nevis,2011,25380.00873,0.03,10.14171708523995,0.04
kna,St. Kitts and Nevis,2012,25114.05726,0.03,10.131183018549496,0.03
kna,St. Kitts and Nevis,2013,26532.10166,0.04,10.186110662237684,0.03
kna,St. Kitts and Nevis,2014,28530.30722,0.04,10.258722212463622,0.04
kna,St. Kitts and Nevis,2015,28729.56645,0.04,10.265682061361735,0.04
kna,St. Kitts and Nevis,2016,29867.02656,0.03,10.304510360222311,0.04
kna,St. Kitts and Nevis,2017,29948.92001,0.03,10.30724854312715,0.03
kna,St. Kitts and Nevis,2018,30576.24867,0.03,10.327978799296277,0.03
kna,St. Kitts and Nevis,2019,31512.19431,0.03,10.358129870854123,0.03
kna,St. Kitts and Nevis,2020,26736.92836,0.04,10.193800973451967,0.03
kna,St. Kitts and Nevis,2021,26896.61771,0.04,10.199755821996805,0.04
kna,St. Kitts and Nevis,2022,29712.68558,0.03,10.299329357505066,0.04
kor,South Korea,1960,1762.64108,50.49,7.474568576873033,
kor,South Korea,1961,1800.28495,48.42,7.4957002369108094,50.49
kor,South Korea,1962,1791.46926,48.39,7.490791377792324,48.42
kor,South Korea,1963,1877.66496,44.37,7.537784241296669,48.39
kor,South Korea,1964,1973.6149,40.51,7.587622114842101,44.37
kor,South Korea,1965,2028.542,38.64,7.615072587386557,40.51
kor,South Korea,1966,2190.89064,33.42,7.6920634250681506,38.64
kor,South Korea,1967,2284.24208,30.15,7.733789554651531,33.42
kor,South Korea,1968,2478.33993,25.57,7.81534423195764,30.15
kor,South Korea,1969,2745.17467,20.34,7.917599983977485,25.57
kor,South Korea,1970,2906.42118,18.13,7.974677768246253,20.34
kor,South Korea,1971,3115.59287,15.32,8.044174740559416,18.13
kor,South Korea,1972,3241.65905,13.68,8.083840530201382,15.32
kor,South Korea,1973,3617.64519,10.77,8.193578593152894,13.68
kor,South Korea,1974,3851.37528,9.5,8.256185579079949,10.77
kor,South Korea,1975,4041.4232,8.37,8.304352186147865,9.5
kor,South Korea,1976,4454.86809,6.51,8.401752730038933,8.37
kor,South Korea,1977,4876.96247,5.11,8.492277860375953,6.51
kor,South Korea,1978,5273.39292,4.27,8.570429252210428,5.11
kor,South Korea,1979,5589.21413,3.78,8.628593971292984,4.27
kor,South Korea,1980,5359.56758,4.0,8.58663857543728,3.78
kor,South Korea,1981,5909.05703,3.65,8.684241542678352,4.0
kor,South Korea,1982,6478.63526,3.17,8.776265159140644,3.65
kor,South Korea,1983,7351.21356,2.73,8.902620688781774,3.17
kor,South Korea,1984,8147.5156,2.35,9.005468325407644,2.73
kor,South Korea,1985,8816.33771,2.03,9.084361837147224,2.35
kor,South Korea,1986,9788.93422,1.68,9.189007865451336,2.03
kor,South Korea,1987,11041.41783,1.44,9.309408738215527,1.68
kor,South Korea,1988,12474.56877,1.23,9.431447352487178,1.44
kor,South Korea,1989,13521.03376,1.02,9.512001808212382,1.23
kor,South Korea,1990,15042.97471,0.87,9.618666364515795,1.02
kor,South Korea,1991,16383.91126,0.8,9.7040551115648,0.87
kor,South Korea,1992,17119.33828,0.76,9.747963997079571,0.8
kor,South Korea,1993,18009.37843,0.67,9.798647925081372,0.76
kor,South Korea,1994,19374.60941,0.62,9.871718694534472,0.67
kor,South Korea,1995,20914.21995,0.55,9.948184586981878,0.62
kor,South Korea,1996,22227.50249,0.51,10.009085652018682,0.55
kor,South Korea,1997,23258.04721,0.49,10.054406467690123,0.51
kor,South Korea,1998,21794.22141,0.57,9.98940014070336,0.49
kor,South Korea,1999,24013.38446,0.51,10.086366639714463,0.57
kor,South Korea,2000,25861.5996,0.46,10.160514506561327,0.51
kor,South Korea,2001,26795.53081,0.45,10.195990391771922,0.46
kor,South Korea,2002,28587.43844,0.4,10.26072268494,0.45
kor,South Korea,2003,29230.37327,0.4,10.282963628122967,0.4
kor,South Korea,2004,30525.00934,0.4,10.326301604957564,0.4
kor,South Korea,2005,31672.64627,0.38,10.363208693667454,0.4
kor,South Korea,2006,33076.42929,0.37,10.406576201654918,0.38
kor,South Korea,2007,34729.10397,0.36,10.45533334552047,0.37
kor,South Korea,2008,35425.44575,0.35,10.475185647401382,0.36
kor,South Korea,2009,35452.77854,0.41,10.47595690801432,0.35
kor,South Korea,2010,37610.97291,0.46,10.535051119515868,0.41
kor,South Korea,2011,38698.4611,0.4,10.563555113369349,0.46
kor,South Korea,2012,39420.41939,0.36,10.582039219665845,0.4
kor,South Korea,2013,40483.25341,0.3,10.608643671532183,0.36
kor,South Korea,2014,41518.09423,0.25,10.633884616738161,0.3
kor,South Korea,2015,42459.90289,0.23,10.656315448160896,0.25
kor,South Korea,2016,43538.02127,0.16,10.68138988749951,0.23
kor,South Korea,2017,44787.64824,0.16,10.709687671459811,0.16
kor,South Korea,2018,45890.43041,0.12,10.73401188651247,0.16
kor,South Korea,2019,46757.26145,0.06,10.752724847788823,0.12
kor,South Korea,2020,46361.59578,0.03,10.74422671834532,0.06
kor,South Korea,2021,48419.64325,0.03,10.787660862641694,0.03
kor,South Korea,2022,49777.9293,0.03,10.815326978029484,0.03
kwt,Kuwait,1982,33877.99251,0.03,10.430520894058871,
kwt,Kuwait,1983,35472.26616,0.02,10.476506435210892,0.03
kwt,Kuwait,1984,36175.64132,0.02,10.496141279607917,0.02
kwt,Kuwait,1985,33364.07627,0.03,10.415235039355773,0.02
kwt,Kuwait,1986,34918.15368,0.03,10.460762135703487,0.03
kwt,Kuwait,1987,34961.77712,0.02,10.462010661429465,0.03
kwt,Kuwait,1988,31875.68425,0.04,10.369598748896989,0.02
kwt,Kuwait,1989,37576.28331,0.01,10.534128367331379,0.04
kwt,Kuwait,1990,28477.12306,0.06,10.256856344271752,0.01
kwt,Kuwait,1991,20545.20783,0.48,9.930382997109616,0.06
kwt,Kuwait,1992,34188.16891,0.03,10.439634924896144,0.48
lao,Lao,1960,950.01954,67.46,6.8564825528041125,
lao,Lao,1961,956.02264,65.86,6.862781594779356,67.46
lao,Lao,1962,961.96221,65.85,6.868975167149837,65.86
lao,Lao,1963,966.62125,64.19,6.873806743444111,65.85
lao,Lao,1964,972.43989,64.17,6.879808263813661,64.19
lao,Lao,1965,978.1962,62.44,6.8857102634115535,64.17
lao,Lao,1966,983.89061,62.43,6.891514722173369,62.44
lao,Lao,1967,989.52352,60.63,6.897223534340725,62.43
lao,Lao,1968,995.09531,60.62,6.902838521515848,60.63
lao,Lao,1969,1000.60641,58.76,6.908361505189892,60.62
lao,Lao,1970,1006.0572,58.74,6.9137942078902,58.76
lao,Lao,1971,1028.11388,56.85,6.935481218089774,58.74
lao,Lao,1972,1033.62209,54.92,6.940824504703986,56.85
lao,Lao,1973,1093.05531,51.08,6.996732090738842,54.92
lao,Lao,1974,1102.76622,49.15,7.005577047559716,51.08
lao,Lao,1975,1146.4464,47.22,7.044422350223851,49.15
lao,Lao,1976,1162.90575,45.28,7.058677108821987,47.22
lao,Lao,1977,1122.45286,47.15,7.023271623188915,45.28
lao,Lao,1978,1116.03252,47.12,7.0175352823016475,47.15
lao,Lao,1979,1078.97141,48.99,6.983763468150833,47.12
lao,Lao,1980,1166.83153,43.1,7.062047260254447,48.99
lao,Lao,1981,1388.73016,33.69,7.236145054623168,43.1
lao,Lao,1982,1482.08728,34.23,7.301206697509199,33.69
lao,Lao,1983,1529.33613,33.61,7.332589018263001,34.23
lao,Lao,1984,1622.73978,31.52,7.391871221942737,33.61
lao,Lao,1985,1734.01799,29.09,7.458196532142494,31.52
lao,Lao,1986,1788.7494,29.58,7.489271995440835,29.09
lao,Lao,1987,1746.2521,31.66,7.465227113147399,29.58
lao,Lao,1988,1701.18567,34.04,7.439080739878212,31.66
lao,Lao,1989,1888.38441,27.03,7.543476932971881,34.04
lao,Lao,1990,1997.54628,26.01,7.599674846333235,27.03
lao,Lao,1991,2029.66793,25.79,7.615627477374168,26.01
lao,Lao,1992,2088.17962,24.23,7.644047970206814,25.79
lao,Lao,1993,2155.94745,28.7,7.675985557891396,24.23
lao,Lao,1994,2273.81616,30.51,7.729214826715226,28.7
lao,Lao,1995,2376.23618,35.39,7.773273077899351,30.51
lao,Lao,1996,2486.35979,38.75,7.818574988067014,35.39
lao,Lao,1997,2604.67054,42.18,7.865061474020282,38.75
lao,Lao,1998,2658.85383,41.6,7.885650417938108,42.18
lao,Lao,1999,2803.33226,36.86,7.938564081421284,41.6
lao,Lao,2000,2916.10923,33.18,7.9780055512747206,36.86
lao,Lao,2001,3033.61249,29.61,8.01750942927269,33.18
lao,Lao,2002,3163.07732,26.59,8.059300668153883,29.61
lao,Lao,2003,3304.59077,24.63,8.103067923136672,26.59
lao,Lao,2004,3464.16562,23.84,8.15022708031767,24.63
lao,Lao,2005,3651.7154,22.82,8.202952308776743,23.84
lao,Lao,2006,3880.73142,21.61,8.263778925160763,22.82
lao,Lao,2007,4129.17689,20.42,8.325833365850015,21.61
lao,Lao,2008,4379.65438,18.19,8.38472509158124,20.42
lao,Lao,2009,4631.96746,16.4,8.440736994184977,18.19
lao,Lao,2010,4946.10564,14.44,8.506355806526944,16.4
lao,Lao,2011,5266.87867,13.27,8.569193183334255,14.44
lao,Lao,2012,5608.96956,11.73,8.632122302501276,13.27
lao,Lao,2013,5974.47369,10.91,8.69525128756432,11.73
lao,Lao,2014,6341.2123,10.23,8.754825243663149,10.91
lao,Lao,2015,6703.74124,9.5,8.810421043564974,10.23
lao,Lao,2016,7063.25545,8.81,8.862661336105884,9.5
lao,Lao,2017,7432.45963,7.9,8.91361212330688,8.81
lao,Lao,2018,7775.08575,7.71,8.958679765925524,7.9
lao,Lao,2019,8075.27502,7.11,8.996562205715223,7.71
lao,Lao,2020,7995.59502,7.41,8.986646046513734,7.11
lao,Lao,2021,8080.43553,7.12,8.99720105229019,7.41
lao,Lao,2022,8183.03287,7.08,9.009818127383545,7.12
lbn,Lebanon,1960,8141.30549,0.22,9.004705825744031,
lbn,Lebanon,1961,8462.65644,0.17,9.043418403312586,0.22
lbn,Lebanon,1962,8570.15281,0.14,9.056040842237993,0.17
lbn,Lebanon,1963,8426.98419,0.16,9.039194239658098,0.14
lbn,Lebanon,1964,8705.93356,0.12,9.071760090564629,0.16
lbn,Lebanon,1965,9316.46947,0.09,9.139539023680399,0.12
lbn,Lebanon,1966,9678.35981,0.07,9.177647724798152,0.09
lbn,Lebanon,1967,8966.51523,0.08,9.10125238793162,0.07
lbn,Lebanon,1968,9817.49971,0.06,9.191921756913075,0.08
lbn,Lebanon,1969,9766.5487,0.05,9.18671842776581,0.06
lbn,Lebanon,1970,10162.90176,0.04,9.22649928665397,0.05
lbn,Lebanon,1971,10844.70888,0.03,9.291432579193899,0.04
lbn,Lebanon,1972,11872.46036,0.02,9.381976741609533,0.03
lbn,Lebanon,1973,12143.15493,0.02,9.4045209097635,0.02
lbn,Lebanon,1974,12173.23887,0.01,9.406995286153075,0.02
lbn,Lebanon,1975,8367.6399,0.06,9.032127152395967,0.01
lbn,Lebanon,1976,3573.37668,3.97,8.181266276480123,0.06
lbn,Lebanon,1977,6518.11345,0.24,8.782340264891934,3.97
lbn,Lebanon,1978,6298.69376,0.28,8.74809755119924,0.24
lbn,Lebanon,1979,6868.39408,0.15,8.834685599520926,0.28
lbn,Lebanon,1980,7076.24517,0.09,8.864498702785719,0.15
lbn,Lebanon,1981,7378.97895,0.1,8.906390554364231,0.09
lbn,Lebanon,1982,4781.96844,0.8,8.472607548247433,0.1
lbn,Lebanon,1983,5956.32437,0.32,8.692208853368633,0.8
lbn,Lebanon,1984,8697.32927,0.05,9.070771277054758,0.32
lbn,Lebanon,1985,10894.6093,0.02,9.296023386249257,0.05
lbn,Lebanon,1986,10135.89763,0.03,9.223838622305143,0.02
lbn,Lebanon,1987,11854.01553,0.01,9.380421952453219,0.03
lbn,Lebanon,1988,8624.2458,0.05,9.062332794597896,0.01
lbn,Lebanon,1989,5064.11156,0.67,8.529933993597153,0.05
lbn,Lebanon,1990,4962.6449,0.23,8.509694123561607,0.67
lbn,Lebanon,1991,7208.52175,0.03,8.883019181518684,0.23
lbn,Lebanon,1992,8115.19841,0.02,9.001493929434151,0.03
lbn,Lebanon,1993,8878.50235,0.01,9.091388167483204,0.02
lbn,Lebanon,1994,9564.08602,0.01,9.165770322682478,0.01
lbn,Lebanon,1995,10137.14874,0.01,9.223962048254924,0.01
lbn,Lebanon,2001,11634.75954,0.01,9.36175240856967,0.01
lbr,Liberia,1960,3635.91093,12.43,8.19861495829765,
lbr,Liberia,1961,3888.21085,10.89,8.265704395076963,12.43
lbr,Liberia,1962,4158.01815,8.85,8.332793833487797,10.89
lbr,Liberia,1963,4446.54768,7.64,8.399883271822796,8.85
lbr,Liberia,1964,4528.72598,7.1,8.41819593830342,7.64
lbr,Liberia,1965,4507.02313,7.09,8.413392154694343,7.1
lbr,Liberia,1966,5006.5032,5.3,8.518492986316733,7.09
lbr,Liberia,1967,4946.59272,5.68,8.506454279154465,5.3
lbr,Liberia,1968,5014.07061,5.29,8.520003361187888,5.68
lbr,Liberia,1969,5206.15748,4.92,8.557597334808868,5.29
lbr,Liberia,1970,5369.04372,4.59,8.588405093432812,4.92
lbr,Liberia,1971,5466.24888,4.29,8.606347897833444,4.59
lbr,Liberia,1972,5487.043,4.28,8.610144773733207,4.29
lbr,Liberia,1973,5520.21119,4.27,8.616171397597252,4.28
lbr,Liberia,1974,5526.57985,4.27,8.61732443121263,4.27
lbr,Liberia,1975,5155.98894,4.88,8.547914218983077,4.27
lbr,Liberia,1976,5241.26356,4.55,8.564317885650716,4.88
lbr,Liberia,1977,5131.51461,4.87,8.543156140202441,4.55
lbr,Liberia,1978,5259.0253,4.54,8.567700984378305,4.87
lbr,Liberia,1979,5333.34883,4.53,8.581734618174588,4.54
lbr,Liberia,1980,4829.9718,5.55,8.482595908120258,4.53
lbr,Liberia,1981,4478.09578,7.17,8.40695318594291,5.55
lbr,Liberia,1982,4390.2464,7.88,8.387140632056767,7.17
lbr,Liberia,1983,4090.23002,8.29,8.316356487064262,7.88
lbr,Liberia,1984,3940.2005,9.01,8.278986889322086,8.29
lbr,Liberia,1985,3765.16398,10.46,8.233546693070416,9.01
lbr,Liberia,1986,3654.02659,11.11,8.203585013868235,10.46
lbr,Liberia,1987,3675.51286,10.67,8.209447955651717,11.11
lbr,Liberia,1988,3755.0785,10.87,8.230864469439107,10.67
lbr,Liberia,1989,3850.08671,11.11,8.255850949106133,10.87
lbr,Liberia,1990,1970.51446,25.16,7.58604993484716,11.11
lbr,Liberia,1991,1890.22945,27.72,7.544453502801449,25.16
lbr,Liberia,1992,1141.59794,48.54,7.040184261676065,27.72
lbr,Liberia,1993,725.66049,69.96,6.587082260816846,48.54
lbr,Liberia,1994,562.39617,78.93,6.332206530373693,69.96
lbr,Liberia,1995,528.23223,81.63,6.269536016555054,78.93
lbr,Liberia,1996,570.03777,80.46,6.345702621791185,81.63
lbr,Liberia,1997,1077.24865,58.09,6.982165523304166,80.46
lbr,Liberia,1998,1256.30839,52.45,7.135932850329232,58.09
lbr,Liberia,1999,1441.08555,47.19,7.273151962731384,52.45
lbr,Liberia,2000,1773.49234,40.3,7.480705955061412,47.19
lbr,Liberia,2001,1809.79138,40.37,7.500966857948457,40.3
lbr,Liberia,2002,1876.64189,41.42,7.537239229891794,40.37
lbr,Liberia,2003,1290.02676,57.51,7.162418241326606,41.42
lbr,Liberia,2004,1296.5855,55.78,7.1674895495841175,57.51
lbr,Liberia,2005,1309.06143,56.22,7.17706569376217,55.78
lbr,Liberia,2006,1342.61658,56.54,7.202375660601647,56.22
lbr,Liberia,2007,1402.31948,54.26,7.245882916100143,56.54
lbr,Liberia,2008,1450.60369,47.98,7.279735086701066,54.26
lbr,Liberia,2009,1486.86272,46.31,7.304423622090792,47.98
lbr,Liberia,2010,1538.85083,41.35,7.338791202565496,46.31
lbr,Liberia,2011,1601.03374,36.46,7.378404787103199,41.35
lbr,Liberia,2012,1668.9729,31.77,7.419963686262184,36.46
lbr,Liberia,2013,1774.52058,27.79,7.481285569652435,31.77
lbr,Liberia,2014,1750.14385,26.37,7.4674532635393245,27.79
lbr,Liberia,2015,1714.09048,26.89,7.446637886562579,26.37
lbr,Liberia,2016,1653.3105,28.07,7.410534920471627,26.89
lbr,Liberia,2017,1661.30291,27.8,7.41535745903118,28.07
lbr,Liberia,2018,1647.97444,28.35,7.407302200640403,27.8
lbr,Liberia,2019,1575.76665,31.02,7.362497194734349,28.35
lbr,Liberia,2020,1497.37692,32.68,7.3114701362945995,31.02
lbr,Liberia,2021,1539.20892,31.93,7.339023875112945,32.68
lbr,Liberia,2022,1578.99837,29.73,7.364545981956186,31.93
lby,Libya,1960,3308.46065,44.71,8.10423829977401,
lby,Libya,1961,3405.03099,43.44,8.133009319863781,44.71
lby,Libya,1962,4230.48071,31.99,8.35007090860945,43.44
lby,Libya,1963,5344.34541,22.83,8.583794348232514,31.99
lby,Libya,1964,7066.32761,15.29,8.86309619112395,22.83
lby,Libya,1965,8471.03186,10.46,9.044407605491648,15.29
lby,Libya,1966,9360.5044,9.36,9.144254456908573,10.46
lby,Libya,1967,9759.41615,8.96,9.185987856921088,9.36
lby,Libya,1968,12180.82557,5.58,9.407618319755052,8.96
lby,Libya,1969,12766.85374,3.85,9.454607539656978,5.58
lby,Libya,1970,12522.89915,3.68,9.43531417934946,3.85
lby,Libya,1971,11550.15241,5.6,9.354453911533874,3.68
lby,Libya,1972,12132.14953,3.89,9.403614193988039,5.6
lby,Libya,1973,11818.95942,4.16,9.377460251551739,3.89
lby,Libya,1974,13786.84144,0.78,9.531469897416441,4.16
lby,Libya,1975,13847.06783,0.7,9.535828780176695,0.78
lby,Libya,1976,16600.07256,0.43,9.71716234541942,0.7
lby,Libya,1977,17910.30119,0.36,9.793131311775443,0.43
lby,Libya,1978,18222.23197,0.33,9.810397664408997,0.36
lby,Libya,1979,19189.5274,0.3,9.862119961288377,0.33
lby,Libya,1980,18679.1404,0.29,9.835162693593391,0.3
lby,Libya,1981,15306.40766,0.49,9.636026821014926,0.29
lby,Libya,1982,15683.46649,0.48,9.66036234663881,0.49
lby,Libya,1983,15020.34314,0.59,9.61716077059645,0.48
lby,Libya,1984,13881.15197,1.13,9.538287225573677,0.59
lby,Libya,1985,14816.48596,0.63,9.603495756024088,1.13
lby,Libya,1986,13126.75288,2.39,9.482407631304353,0.63
lby,Libya,1987,11119.41492,6.59,9.316447951312437,2.39
lby,Libya,1988,11327.16715,5.73,9.334959291867678,6.59
lby,Libya,1989,12144.49037,4.64,9.404630878431508,5.73
lby,Libya,1990,13562.45979,3.45,9.515060945485793,4.64
lby,Libya,1991,15870.39358,0.6,9.672210613464982,3.45
lby,Libya,1992,15607.76257,0.66,9.65552367011651,0.6
lby,Libya,1993,15169.59118,0.68,9.627048122737516,0.66
lby,Libya,1994,15600.96715,0.54,9.655088188110778,0.68
lby,Libya,1995,15401.70596,0.54,9.64223355888982,0.54
lby,Libya,1996,15887.98641,0.43,9.67331853092205,0.54
lby,Libya,1997,16827.35268,0.4,9.730760977129565,0.43
lby,Libya,1998,16284.91933,0.39,9.697994764059747,0.4
lby,Libya,1999,16433.90703,0.38,9.70710198130098,0.39
lby,Libya,2000,16980.38363,0.34,9.739814052660767,0.38
lby,Libya,2001,16648.99624,0.34,9.720105207705437,0.34
lby,Libya,2002,16355.17401,0.38,9.702299579475651,0.34
lby,Libya,2003,18291.09457,0.22,9.814169584864894,0.38
lby,Libya,2004,18855.45539,0.21,9.844557561615064,0.22
lby,Libya,2005,20743.89301,0.12,9.940007169569256,0.21
lby,Libya,2006,21719.57712,0.06,9.985969304245076,0.12
lby,Libya,2007,22619.89506,0.06,10.026585110402056,0.06
lby,Libya,2008,22178.26602,0.06,10.006868080210817,0.06
lby,Libya,2009,20672.92354,0.07,9.936580081474483,0.06
lby,Libya,2010,21109.96793,0.07,9.957500621655992,0.07
lby,Libya,2011,10739.09317,2.29,9.281645929674944,0.07
lby,Libya,2012,20595.58004,0.11,9.932831770591084,2.29
lby,Libya,2013,16553.14265,0.26,9.714331250996246,0.11
lby,Libya,2014,12495.79297,0.75,9.433147304240556,0.26
lby,Libya,2015,12192.13862,0.87,9.408546647612448,0.75
lby,Libya,2016,11828.71138,0.98,9.378285022890557,0.87
lby,Libya,2017,15424.05543,0.55,9.64368361059387,0.98
lby,Libya,2018,16380.85155,0.4,9.70386834323526,0.55
lby,Libya,2019,14333.42244,0.38,9.570349322732453,0.4
lby,Libya,2020,9976.0374,0.87,9.20794123635044,0.38
lby,Libya,2021,12641.50977,1.46,9.444741104397115,0.87
lby,Libya,2022,11456.07681,1.56,9.346275593961469,1.46
lca,St. Lucia,1960,2487.0258,92.94,7.818842817694107,
lca,St. Lucia,1961,2581.81472,92.52,7.856247810504957,92.94
lca,St. Lucia,1962,2670.03737,91.58,7.8898477475510305,92.52
lca,St. Lucia,1963,2759.05303,91.08,7.9226427947647196,91.58
lca,St. Lucia,1964,2848.86732,90.55,7.954676762686888,91.08
lca,St. Lucia,1965,2931.95258,90.0,7.983423889615181,90.55
lca,St. Lucia,1966,3011.23309,89.42,8.010104938305178,90.0
lca,St. Lucia,1967,3097.29699,88.81,8.038285071403887,89.42
lca,St. Lucia,1968,3196.35195,87.48,8.069765422850715,88.81
lca,St. Lucia,1969,3302.43673,86.78,8.102415877999485,87.48
lca,St. Lucia,1970,3400.21225,86.05,8.13159313512639,86.78
lca,St. Lucia,1971,3528.1188,85.29,8.168520090029132,86.05
lca,St. Lucia,1972,3582.93379,84.5,8.183937238205944,85.29
lca,St. Lucia,1973,3600.3287,84.51,8.18878042583166,84.5
lca,St. Lucia,1974,3773.16833,82.82,8.235670333334346,84.51
lca,St. Lucia,1975,3912.04688,81.94,8.271816014722987,82.82
lca,St. Lucia,1976,4588.78267,75.74,8.431370054371644,81.94
lca,St. Lucia,1977,4960.77778,72.09,8.509317817909366,75.74
lca,St. Lucia,1978,5275.84712,69.49,8.570894536920031,72.09
lca,St. Lucia,1979,5378.07276,68.15,8.5900853659303,69.49
lca,St. Lucia,1980,5023.64392,70.55,8.52191082984005,68.15
lca,St. Lucia,1981,5470.52665,69.9,8.60713017048893,70.55
lca,St. Lucia,1982,5777.3522,69.8,8.661700759822176,69.9
lca,St. Lucia,1983,6155.7606,68.36,8.725143605313688,69.8
lca,St. Lucia,1984,6733.4909,65.73,8.814848995437487,68.36
lca,St. Lucia,1985,7560.79687,62.49,8.930731869703404,65.73
lca,St. Lucia,1986,8782.58939,56.18,9.08052656228346,62.49
lca,St. Lucia,1987,9208.96793,54.89,9.127933063252495,56.18
lca,St. Lucia,1988,10733.19938,48.67,9.28109696266229,54.89
lca,St. Lucia,1989,11972.39743,44.83,9.390359065047054,48.67
lca,St. Lucia,1990,13287.91677,40.66,9.494610387727459,44.83
lca,St. Lucia,1991,13427.31026,41.19,9.505045990977857,40.66
lca,St. Lucia,1992,14549.49555,38.09,9.585311601895524,41.19
lca,St. Lucia,1993,14671.6962,38.57,9.593675488175002,38.09
lca,St. Lucia,1994,14942.21863,38.42,9.611945950338754,38.57
lca,St. Lucia,1995,15217.84046,38.13,9.630223733043717,38.42
lca,St. Lucia,1996,15682.04182,37.26,9.660271503539,38.13
lca,St. Lucia,1997,15592.99891,38.06,9.654577304681721,37.26
lca,St. Lucia,1998,16598.63339,35.51,9.717075645052057,38.06
lca,St. Lucia,1999,17068.36423,34.77,9.744981984014577,35.51
lca,St. Lucia,2000,17094.41493,35.01,9.746507076860642,34.77
lca,St. Lucia,2001,16544.95503,37.05,9.713836502310315,35.01
lca,St. Lucia,2002,16666.96197,37.23,9.721183713785209,37.05
lca,St. Lucia,2003,17441.56304,35.54,9.766611317300205,37.23
lca,St. Lucia,2004,18770.48958,32.69,9.840041212351744,35.54
lca,St. Lucia,2005,18740.06188,33.22,9.838418857814709,32.69
lca,St. Lucia,2006,19947.63643,0.09,9.900865940612613,33.22
lca,St. Lucia,2007,20314.52634,0.06,9.919091492373491,0.09
lca,St. Lucia,2008,21350.20787,0.05,9.968816754909138,0.06
lca,St. Lucia,2009,20775.71543,0.08,9.941540056194485,0.05
lca,St. Lucia,2010,20849.05512,0.08,9.945063908214445,0.08
lca,St. Lucia,2011,21637.86869,0.05,9.982200238738487,0.08
lca,St. Lucia,2012,21515.89963,0.06,9.976547458481713,0.05
lca,St. Lucia,2013,21029.28889,0.08,9.953671454049905,0.06
lca,St. Lucia,2014,21214.47733,0.08,9.962439120519358,0.08
lca,St. Lucia,2015,21142.97333,0.08,9.959062899013677,0.08
lca,St. Lucia,2016,21775.47377,0.06,9.988539559004105,0.08
lca,St. Lucia,2017,22422.59704,0.07,10.017824525778535,0.06
lca,St. Lucia,2018,22981.91793,0.04,10.042463008755593,0.07
lca,St. Lucia,2019,22738.24711,0.06,10.03180368034044,0.04
lca,St. Lucia,2020,17142.04406,0.16,9.749289441750706,0.06
lca,St. Lucia,2021,19101.1653,0.11,9.857504622644862,0.16
lca,St. Lucia,2022,22962.28181,0.05,10.041608227464083,0.11
lka,Sri Lanka,1960,2172.89477,50.13,7.683815552944868,
lka,Sri Lanka,1961,2190.84858,50.02,7.692044227211825,50.13
lka,Sri Lanka,1962,2164.3154,49.97,7.679859377959753,50.02
lka,Sri Lanka,1963,2176.01033,47.91,7.685248355207213,49.97
lka,Sri Lanka,1964,2193.28324,47.85,7.693154896484667,47.91
lka,Sri Lanka,1965,2179.64751,47.79,7.686918450048917,47.85
lka,Sri Lanka,1966,2133.97157,47.73,7.665740109373704,47.79
lka,Sri Lanka,1967,2255.03631,43.67,7.720921353802709,47.73
lka,Sri Lanka,1968,2325.6637,41.62,7.751760739650419,43.67
lka,Sri Lanka,1969,2393.22796,39.59,7.780398344549752,41.62
lka,Sri Lanka,1970,2472.25769,35.69,7.8128870566721105,39.59
lka,Sri Lanka,1971,2396.18423,37.51,7.78163284693049,35.69
lka,Sri Lanka,1972,2391.59521,37.43,7.779715874161459,37.51
lka,Sri Lanka,1973,2417.18875,35.45,7.79036047033128,37.43
lka,Sri Lanka,1974,2441.61662,35.37,7.800415648078766,35.45
lka,Sri Lanka,1975,2447.68131,33.42,7.802896451334038,35.37
lka,Sri Lanka,1976,2465.89714,33.34,7.810310971581033,33.42
lka,Sri Lanka,1977,2529.74245,31.42,7.835872778120783,33.34
lka,Sri Lanka,1978,2649.77087,27.81,7.882228451091084,31.42
lka,Sri Lanka,1979,2742.86632,24.4,7.916758754788296,27.81
lka,Sri Lanka,1980,2831.68592,22.65,7.9486275447085095,24.4
lka,Sri Lanka,1981,3085.84564,21.78,8.034581012229449,22.65
lka,Sri Lanka,1982,3294.65433,20.9,8.100056533997929,21.78
lka,Sri Lanka,1983,3445.39089,19.73,8.144792642903589,20.9
lka,Sri Lanka,1984,3674.06638,18.42,8.209054333113217,19.73
lka,Sri Lanka,1985,3863.14653,16.99,8.259237293606226,18.42
lka,Sri Lanka,1986,4028.59744,16.12,8.301173564587636,16.99
lka,Sri Lanka,1987,4085.514,15.56,8.315202825572042,16.12
lka,Sri Lanka,1988,4233.22566,14.8,8.350719548809437,15.56
lka,Sri Lanka,1989,4389.45161,14.17,8.38695958027087,14.8
lka,Sri Lanka,1990,4725.14235,12.7,8.460652966458161,14.17
lka,Sri Lanka,1991,4963.18272,12.38,8.509802491351401,12.7
lka,Sri Lanka,1992,4991.03772,12.63,8.515399127044738,12.38
lka,Sri Lanka,1993,5244.50914,12.44,8.56493693017829,12.63
lka,Sri Lanka,1994,5472.72143,12.41,8.607531290889998,12.44
lka,Sri Lanka,1995,5677.24265,12.42,8.644220944903049,12.41
lka,Sri Lanka,1996,5863.58357,12.39,8.67651622637907,12.42
lka,Sri Lanka,1997,6147.39813,11.73,8.723784202989242,12.39
lka,Sri Lanka,1998,6227.93106,11.54,8.736799463528461,11.73
lka,Sri Lanka,1999,6344.75278,11.1,8.755383416426449,11.54
lka,Sri Lanka,2000,6608.71259,10.37,8.796144146856506,11.1
lka,Sri Lanka,2001,6381.1372,11.86,8.761101604969276,10.37
lka,Sri Lanka,2002,6539.77854,11.6,8.78565858149258,11.86
lka,Sri Lanka,2003,6854.39425,10.38,8.832645221935806,11.6
lka,Sri Lanka,2004,7156.22946,9.16,8.875738509514191,10.38
lka,Sri Lanka,2005,7533.6151,8.11,8.927130298547674,9.16
lka,Sri Lanka,2006,8037.25742,6.78,8.99184318706398,8.11
lka,Sri Lanka,2007,8505.18757,5.62,9.048431558672606,6.78
lka,Sri Lanka,2008,8932.08535,5.06,9.097405168445071,5.62
lka,Sri Lanka,2009,9173.15096,4.34,9.12403612236759,5.06
lka,Sri Lanka,2010,9832.18622,3.83,9.193416591261789,4.34
lka,Sri Lanka,2011,10618.4926,3.49,9.270352344985186,3.83
lka,Sri Lanka,2012,11447.69377,3.06,9.345543571227914,3.49
lka,Sri Lanka,2013,12249.72234,2.86,9.413258549593543,3.06
lka,Sri Lanka,2014,12909.96631,2.3,9.465754874232326,2.86
lka,Sri Lanka,2015,13329.77934,1.96,9.497755859397332,2.3
lka,Sri Lanka,2016,13845.61468,1.66,9.53572383187486,1.96
lka,Sri Lanka,2017,14572.48582,1.45,9.586890496853526,1.66
lka,Sri Lanka,2018,14759.82489,1.18,9.59966423426295,1.45
lka,Sri Lanka,2019,14637.44429,1.24,9.591338201920934,1.18
lka,Sri Lanka,2020,13886.65137,1.47,9.53868332461,1.24
lka,Sri Lanka,2021,14316.13522,1.36,9.569142517217113,1.47
lka,Sri Lanka,2022,13249.06506,1.8,9.491682267415355,1.36
lso,Lesotho,1960,808.06084,72.06,6.69463735271612,
lso,Lesotho,1961,794.14674,72.08,6.677268255254795,72.06
lso,Lesotho,1962,884.8219,68.33,6.785386381817999,72.08
lso,Lesotho,1963,946.89978,65.38,6.853193258652327,68.33
lso,Lesotho,1964,989.59536,63.37,6.897296132304149,65.38
lso,Lesotho,1965,973.91647,64.4,6.881325540211364,63.37
lso,Lesotho,1966,942.5823,65.43,6.84862323646482,64.4
lso,Lesotho,1967,1008.30395,62.4,6.916024940876372,65.43
lso,Lesotho,1968,968.98476,63.44,6.876248884212908,62.4
lso,Lesotho,1969,946.1115,64.47,6.8523604267998275,63.44
lso,Lesotho,1970,932.72681,64.49,6.838112349824902,64.47
lso,Lesotho,1971,815.39075,69.4,6.703667446195225,64.49
lso,Lesotho,1972,935.59193,64.53,6.84117940919185,69.4
lso,Lesotho,1973,1135.59191,56.25,7.034909300586121,64.53
lso,Lesotho,1974,1159.09865,55.22,7.0553979561972735,56.25
lso,Lesotho,1975,1024.04155,60.5,6.931512380948138,55.22
lso,Lesotho,1976,1146.89674,55.28,7.044815086921585,60.5
lso,Lesotho,1977,1293.42354,51.08,7.165047888939651,55.28
lso,Lesotho,1978,1484.13766,44.82,7.302589182228358,51.08
lso,Lesotho,1979,1267.53859,51.14,7.144832180761244,44.82
lso,Lesotho,1980,1181.69751,53.26,7.0747072515089595,51.14
lso,Lesotho,1981,1222.8396,54.87,7.10893097418318,53.26
lso,Lesotho,1982,1276.78006,54.37,7.1520966094056755,54.87
lso,Lesotho,1983,1290.65103,54.57,7.162902044469018,54.37
lso,Lesotho,1984,1368.63584,53.95,7.221569785520247,54.57
lso,Lesotho,1985,1391.09114,53.98,7.237843710984786,53.95
lso,Lesotho,1986,1420.80661,53.4,7.258980024535642,53.98
lso,Lesotho,1987,1405.51794,54.04,7.2481611544060005,53.4
lso,Lesotho,1988,1506.85958,52.72,7.317783015784777,54.04
lso,Lesotho,1989,1584.5928,52.12,7.368082744787384,52.72
lso,Lesotho,1990,1673.41253,51.78,7.422620251582957,52.12
lso,Lesotho,1991,1713.75665,51.05,7.44644311124828,51.78
lso,Lesotho,1992,1781.40409,50.26,7.485157146942141,51.05
lso,Lesotho,1993,1792.70844,50.43,7.491482850232083,50.26
lso,Lesotho,1994,1847.59534,50.01,7.5216402563623195,50.43
lso,Lesotho,1995,1858.31787,51.22,7.527426986549356,50.01
lso,Lesotho,1996,1922.50485,52.99,7.561384224133444,51.22
lso,Lesotho,1997,1958.72742,54.1,7.5800502658437345,52.99
lso,Lesotho,1998,1962.85472,55.96,7.582155182368009,54.1
lso,Lesotho,1999,1957.4962,58.33,7.579421486611477,55.96
lso,Lesotho,2000,2018.82258,59.82,7.610269739265852,58.33
lso,Lesotho,2001,2079.02974,61.31,7.639656592710003,59.82
lso,Lesotho,2002,2084.95818,63.39,7.642504076477789,61.31
lso,Lesotho,2003,2176.65739,62.4,7.685545671724985,63.39
lso,Lesotho,2004,2217.41832,59.98,7.7040988792325065,62.4
lso,Lesotho,2005,2302.38253,55.73,7.741699748369778,59.98
lso,Lesotho,2006,2400.48772,51.44,7.783427212356994,55.73
lso,Lesotho,2007,2484.13606,47.69,7.817680216110464,51.44
lso,Lesotho,2008,2597.78691,43.21,7.862415173081437,47.69
lso,Lesotho,2009,2543.48624,44.84,7.841290954379895,43.21
lso,Lesotho,2010,2651.37805,40.98,7.882834802685237,44.84
lso,Lesotho,2011,2749.31958,37.76,7.919108734591344,40.98
lso,Lesotho,2012,2894.22705,33.64,7.970473359538981,37.76
lso,Lesotho,2013,2914.37516,32.94,7.977410722462863,33.64
lso,Lesotho,2014,2930.61724,37.12,7.982968341941006,32.94
lso,Lesotho,2015,2986.95867,35.23,8.002010981495006,37.12
lso,Lesotho,2016,3057.26092,32.77,8.025274669900536,35.23
lso,Lesotho,2017,2924.68096,32.81,7.980940680212736,32.77
lso,Lesotho,2018,2846.41828,33.94,7.953816739038222,32.81
lso,Lesotho,2019,2773.2864,33.75,7.927788321927024,33.94
lso,Lesotho,2020,2517.11042,36.44,7.830866863859203,33.75
lso,Lesotho,2021,2544.7825,35.91,7.8418004636429774,36.44
lso,Lesotho,2022,2577.54544,35.91,7.854592845221654,35.91
ltu,Lithuania,1960,11000.85548,10.81,9.305728319665597,
ltu,Lithuania,1961,11435.99253,9.75,9.34452090024157,10.81
ltu,Lithuania,1962,11562.86886,7.69,9.355554282717247,9.75
ltu,Lithuania,1963,11138.26167,9.32,9.318141457319507,7.69
ltu,Lithuania,1964,12415.20185,6.09,9.426676956368294,9.32
ltu,Lithuania,1965,12968.55394,4.68,9.470282778419314,6.09
ltu,Lithuania,1966,13453.64839,4.05,9.507005604008874,4.68
ltu,Lithuania,1967,13908.50356,3.46,9.54025569897217,4.05
ltu,Lithuania,1968,14584.5915,2.56,9.587720873681953,3.46
ltu,Lithuania,1969,14659.26467,2.64,9.59282781524676,2.56
ltu,Lithuania,1970,15646.80028,1.41,9.65802172011246,2.64
ltu,Lithuania,1971,15912.24783,1.38,9.674844395450226,1.41
ltu,Lithuania,1972,15849.32485,1.37,9.670882182183671,1.38
ltu,Lithuania,1973,17023.48373,0.6,9.74234906567119,1.37
ltu,Lithuania,1974,17174.50526,0.58,9.751181310853239,0.6
ltu,Lithuania,1975,17326.86656,0.57,9.760013556205726,0.58
ltu,Lithuania,1976,17480.57951,0.4,9.768845801405982,0.57
ltu,Lithuania,1977,17635.65611,0.38,9.777678046968141,0.4
ltu,Lithuania,1978,17792.10844,0.38,9.786510291905836,0.38
ltu,Lithuania,1979,17949.94873,0.25,9.795342537644936,0.38
ltu,Lithuania,1980,18109.18927,0.23,9.804174782895819,0.25
ltu,Lithuania,1981,18787.18176,0.16,9.84093009499561,0.23
ltu,Lithuania,1982,19478.67536,0.07,9.87707557488442,0.16
ltu,Lithuania,1983,19600.76397,0.08,9.883323822520207,0.07
ltu,Lithuania,1984,19743.22366,0.07,9.890565605632213,0.08
ltu,Lithuania,1985,19044.71571,0.13,9.85454495152379,0.07
ltu,Lithuania,1986,19620.20013,0.07,9.884314933373142,0.13
ltu,Lithuania,1987,19886.87295,0.06,9.89781514229353,0.07
ltu,Lithuania,1990,19949.09441,0.07,9.900939028305261,0.06
ltu,Lithuania,1991,18812.80559,0.23,9.842293065346011,0.07
ltu,Lithuania,1992,14850.77443,2.72,9.605807293039422,0.23
ltu,Lithuania,1993,12520.26379,6.82,9.435103713920949,2.72
ltu,Lithuania,1994,11393.14657,9.41,9.340767275532418,6.82
ltu,Lithuania,1995,11923.94361,7.82,9.386303725669034,9.41
ltu,Lithuania,1996,12638.977,0.01,9.444540730881249,7.82
ltu,Lithuania,1997,13807.16042,0.23,9.532942607592771,0.01
ltu,Lithuania,1998,14964.64492,0.41,9.613445692641452,0.23
ltu,Lithuania,1999,14924.31356,0.44,9.610746944573293,0.41
ltu,Lithuania,2000,15572.75456,0.38,9.653278163759824,0.44
ltu,Lithuania,2001,16741.67663,0.71,9.7256564961368,0.38
ltu,Lithuania,2002,18034.14359,0.57,9.800022106210697,0.71
ltu,Lithuania,2003,20124.46223,0.21,9.909691380439055,0.57
ltu,Lithuania,2004,21703.07383,0.19,9.985209180649047,0.21
ltu,Lithuania,2005,23794.49118,1.91,10.077209369842656,0.19
ltu,Lithuania,2006,25998.13053,1.58,10.165779911726188,1.91
ltu,Lithuania,2007,29260.05645,0.7,10.28397860382721,1.58
ltu,Lithuania,2008,30369.42416,0.17,10.321191597043441,0.7
ltu,Lithuania,2009,26184.70551,1.78,10.172930760135165,0.17
ltu,Lithuania,2010,26887.49131,0.95,10.199416450377422,1.78
ltu,Lithuania,2011,29240.74879,0.76,10.283318521948958,0.95
ltu,Lithuania,2012,30920.3304,0.46,10.339169188284629,0.76
ltu,Lithuania,2013,32474.64135,0.87,10.388214797597909,0.46
ltu,Lithuania,2014,33975.08438,1.32,10.433382722607137,0.87
ltu,Lithuania,2015,35251.29869,0.39,10.47025764983126,1.32
ltu,Lithuania,2016,36618.14684,0.8,10.508299211814212,0.39
ltu,Lithuania,2017,38774.4892,0.41,10.565517814521476,0.8
ltu,Lithuania,2018,41019.79016,0.91,10.621809916059899,0.41
ltu,Lithuania,2019,43062.32284,0.54,10.670403713727232,0.91
ltu,Lithuania,2020,43091.79737,0.27,10.671087941738106,0.54
ltu,Lithuania,2021,45873.52732,0.26,10.733643482825242,0.27
ltu,Lithuania,2022,46651.21458,0.26,10.75045424194942,0.26
lux,Luxembourg,1960,21338.36165,0.03,9.968261748244016,
lux,Luxembourg,1961,21961.35728,0.02,9.997039700635174,0.03
lux,Luxembourg,1962,21988.07022,0.02,9.998255322535575,0.02
lux,Luxembourg,1963,22415.14405,0.02,10.017492083069001,0.02
lux,Luxembourg,1964,23979.31805,0.01,10.084946989895228,0.02
lux,Luxembourg,1965,24154.01342,0.01,10.092205832436722,0.01
lux,Luxembourg,1966,24269.60573,0.01,10.09698005343006,0.01
lux,Luxembourg,1967,24301.14596,0.01,10.098278787064434,0.01
lux,Luxembourg,1968,25360.80856,0.01,10.140960291323658,0.01
lux,Luxembourg,2003,113887.9356,0.05,11.642970222841932,0.01
lux,Luxembourg,2004,117865.5346,0.01,11.677299716393382,0.05
lux,Luxembourg,2005,119947.1266,0.03,11.694806312999674,0.01
lux,Luxembourg,2009,127891.4399,0.03,11.758937057258347,0.03
lux,Luxembourg,2010,131432.0596,0.01,11.786245340052501,0.03
lux,Luxembourg,2011,129885.3698,0.06,11.774407569679962,0.01
lux,Luxembourg,2012,128895.4051,0.03,11.76675654127872,0.06
lux,Luxembourg,2013,129945.4538,0.08,11.774870055232972,0.03
lux,Luxembourg,2014,130247.6617,0.14,11.777193007055235,0.08
lux,Luxembourg,2015,130097.2562,0.28,11.776037574347379,0.14
lux,Luxembourg,2016,133661.6497,0.1,11.803066883499742,0.28
lux,Luxembourg,2017,132169.834,0.27,11.791842995792829,0.1
lux,Luxembourg,2018,131733.8846,0.23,11.788539140895583,0.27
lux,Luxembourg,2019,132724.7527,0.08,11.796032734199054,0.23
lux,Luxembourg,2021,136772.4438,0.05,11.826073829669465,0.08
lux,Luxembourg,2022,132573.9944,0.06,11.794896216836078,0.05
lva,Latvia,1960,9022.76433,0.55,9.107506032845906,
lva,Latvia,1961,9445.5642,0.45,9.153300513461215,0.55
lva,Latvia,1962,9619.71377,0.4,9.17156978957885,0.45
lva,Latvia,1963,9332.76144,0.41,9.141286224326171,0.4
lva,Latvia,1964,10476.30973,0.27,9.256871770864468,0.41
lva,Latvia,1965,11019.02301,0.19,9.307378422696868,0.27
lva,Latvia,1966,11512.27808,0.13,9.351169403939116,0.19
lva,Latvia,1967,11984.55867,0.1,9.39137432266107,0.13
lva,Latvia,1968,12656.01685,0.07,9.445888021390873,0.1
lva,Latvia,1969,12806.73129,0.06,9.457726193711462,0.07
lva,Latvia,1970,13766.3362,0.04,9.529981485150278,0.06
lva,Latvia,1971,14097.98438,0.03,9.553787114374632,0.04
lva,Latvia,1972,14139.40427,0.03,9.556720807728523,0.03
lva,Latvia,1973,15292.157,0.02,9.635095361569773,0.03
lva,Latvia,1974,15457.62131,0.01,9.64585744937217,0.02
lva,Latvia,1975,15624.87597,0.01,9.656619536653096,0.01
lva,Latvia,1976,15793.94037,0.01,9.667381624566039,0.01
lva,Latvia,1977,15964.83408,0.01,9.678143712360772,0.01
lva,Latvia,1994,10870.31931,0.4,9.293791355028794,0.01
lva,Latvia,1995,10898.90733,0.44,9.296417818238245,0.4
lva,Latvia,1996,11246.71372,1.8,9.327831251181248,0.44
lva,Latvia,1997,12366.17297,2.49,9.422720037567188,1.8
lva,Latvia,1998,13270.62735,1.88,9.493308402018885,2.49
lva,Latvia,1999,13723.90657,1.68,9.526894596173179,1.88
lva,Latvia,2000,14631.5001,1.36,9.590932024642893,1.68
lva,Latvia,2001,15755.35528,1.14,9.664935604238613,1.36
lva,Latvia,2002,17128.81367,0.89,9.748517334395734,1.14
lva,Latvia,2003,18734.42372,0.79,9.838117951213738,0.89
lva,Latvia,2004,20570.08999,0.4,9.93159335745513,0.79
lva,Latvia,2005,23183.29827,2.51,10.05118739624524,0.4
lva,Latvia,2006,26380.36588,1.2,10.180375295773304,2.51
lva,Latvia,2007,29365.76926,0.04,10.287584964105921,1.2
lva,Latvia,2008,28681.14263,0.04,10.263995134575447,0.04
lva,Latvia,2009,24505.49003,0.37,10.106652454287147,0.04
lva,Latvia,2010,24119.73078,1.43,10.090785489087287,0.37
lva,Latvia,2011,25308.73221,1.17,10.138904761806527,1.43
lva,Latvia,2012,27496.54546,1.13,10.221815656127491,1.17
lva,Latvia,2013,28375.18429,1.23,10.253270249564375,1.13
lva,Latvia,2014,29243.74125,0.85,10.283420855405248,1.23
lva,Latvia,2015,30599.61331,0.75,10.32874265093252,0.85
lva,Latvia,2016,31668.51484,0.69,10.363078243579913,0.75
lva,Latvia,2017,33036.39159,0.79,10.405365008292975,0.69
lva,Latvia,2018,34729.70628,0.42,10.45535068846078,0.79
lva,Latvia,2019,35208.19346,0.3,10.469034103249745,0.42
lva,Latvia,2020,34225.8976,0.46,10.440737876255401,0.3
lva,Latvia,2021,36912.01306,0.42,10.51629233422795,0.46
lva,Latvia,2022,37681.04524,0.4,10.53691246822063,0.42
mar,Morocco,1960,2188.45529,42.14,7.69095122690433,
mar,Morocco,1961,2281.39294,38.62,7.732541473997968,42.14
mar,Morocco,1962,2355.77556,35.25,7.76462527707576,38.62
mar,Morocco,1963,2446.15422,33.58,7.8022723641369085,35.25
mar,Morocco,1964,2465.11847,31.96,7.809995146173832,33.58
mar,Morocco,1965,2437.59664,31.93,7.798767849265561,31.96
mar,Morocco,1966,2408.15573,33.45,7.786616476264483,31.93
mar,Morocco,1967,2449.68228,31.81,7.80371361349673,33.45
mar,Morocco,1968,2509.38945,30.24,7.827794755524525,31.81
mar,Morocco,1969,2606.14559,27.3,7.865627623353745,30.24
mar,Morocco,1970,2649.25657,25.88,7.882034339999025,27.3
mar,Morocco,1971,2692.40885,24.52,7.898191555161315,25.88
mar,Morocco,1972,2693.41635,24.5,7.898565685391814,24.52
mar,Morocco,1973,2709.65879,24.47,7.904577998197623,24.5
mar,Morocco,1974,2776.83927,21.94,7.9290686066256235,24.47
mar,Morocco,1975,2888.1817,20.72,7.968382413546085,21.94
mar,Morocco,1976,3108.52136,17.37,8.041902445167207,20.72
mar,Morocco,1977,3183.81354,16.34,8.06583498369169,17.37
mar,Morocco,1978,3168.08143,16.33,8.060881456518118,16.34
mar,Morocco,1979,3217.20287,15.33,8.076267587109585,16.33
mar,Morocco,1980,3317.33688,13.45,8.106917595442113,15.33
mar,Morocco,1981,3293.23822,15.77,8.09962662108995,13.45
mar,Morocco,1982,3629.55376,14.42,8.19686498857277,15.77
mar,Morocco,1983,3578.12079,14.74,8.182593022582127,14.42
mar,Morocco,1984,3696.52034,13.86,8.215147207484383,14.74
mar,Morocco,1985,3886.80894,12.65,8.26534377605526,13.86
mar,Morocco,1986,4132.82952,9.75,8.326717565173208,12.65
mar,Morocco,1987,3979.21328,11.15,8.288839410397813,9.75
mar,Morocco,1988,4371.53,7.36,8.382868341230362,11.15
mar,Morocco,1989,4470.30523,7.14,8.405211969392692,7.36
mar,Morocco,1990,4707.6158,6.46,8.456936859272835,7.14
mar,Morocco,1991,4945.55518,5.21,8.506244508735687,6.46
mar,Morocco,1992,4747.32519,6.55,8.465336620523521,5.21
mar,Morocco,1993,4622.96899,7.91,8.438792416200208,6.55
mar,Morocco,1994,5019.51317,7.22,8.521088229895447,7.91
mar,Morocco,1995,4661.20989,9.19,8.447030326468076,7.22
mar,Morocco,1996,5141.33474,8.05,8.545068001781765,9.19
mar,Morocco,1997,4969.39377,9.49,8.511053133783566,8.05
mar,Morocco,1998,5233.47973,9.25,8.562831676162379,9.49
mar,Morocco,1999,5223.66957,9.27,8.560955416658667,9.25
mar,Morocco,2000,5262.19116,9.21,8.568302789332625,9.27
mar,Morocco,2001,5571.15868,8.37,8.625358332831834,9.21
mar,Morocco,2002,5681.19619,7.68,8.644917086373782,8.37
mar,Morocco,2003,5935.52988,6.76,8.688711583597673,7.68
mar,Morocco,2004,6109.49798,6.12,8.717599885123901,6.76
mar,Morocco,2005,6201.10325,5.84,8.732482498751494,6.12
mar,Morocco,2006,6572.15745,4.87,8.790597436569508,5.84
mar,Morocco,2007,6685.63947,4.57,8.807717142403197,4.87
mar,Morocco,2008,6948.25428,3.63,8.84624572427336,4.57
mar,Morocco,2009,7088.24049,3.15,8.866192420885408,3.63
mar,Morocco,2010,7210.63672,2.8,8.883312537059448,3.15
mar,Morocco,2011,7503.79297,2.27,8.923163901019755,2.8
mar,Morocco,2012,7628.64404,2.07,8.939665394199734,2.27
mar,Morocco,2013,7839.03223,1.78,8.966870665674083,2.07
mar,Morocco,2014,7951.79834,1.71,8.981153388356901,1.78
mar,Morocco,2015,8198.80859,1.59,9.011744128793724,1.71
mar,Morocco,2016,8141.94043,1.58,9.00478381265198,1.59
mar,Morocco,2017,8450.00879,1.44,9.041922760587365,1.58
mar,Morocco,2018,8611.75,1.38,9.0608828288014,1.44
mar,Morocco,2019,8768.17578,1.31,9.0788840568883,1.38
mar,Morocco,2020,8054.56299,1.64,8.993994040880468,1.31
mar,Morocco,2021,8623.26562,1.39,9.06221913414252,1.64
mar,Morocco,2022,8666.0791,1.37,9.0671717298834,1.39
mda,Moldova,1960,7014.93299,15.29,8.855796440103196,
mda,Moldova,1961,7356.3516,14.35,8.903319382298088,15.29
mda,Moldova,1962,7502.45811,13.49,8.922985993826758,14.35
mda,Moldova,1963,7289.66817,14.33,8.894213305448186,13.49
mda,Moldova,1964,8225.36592,11.19,9.014978063397777,14.33
mda,Moldova,1965,8693.98111,9.86,9.070386238783552,11.19
mda,Moldova,1966,9129.81544,8.65,9.119300758707805,9.86
mda,Moldova,1967,9549.94599,7.54,9.164290777961401,8.65
mda,Moldova,1968,10136.36212,6.55,9.223884447487515,7.54
mda,Moldova,1969,10310.63151,6.1,9.240930827317515,6.55
mda,Moldova,1970,11140.80947,5.28,9.318370174216644,6.1
mda,Moldova,1971,11444.92655,4.93,9.345301814716445,5.28
mda,Moldova,1972,11517.99801,4.6,9.351666135293552,4.93
mda,Moldova,1973,12498.51811,3.79,9.433365365062643,4.6
mda,Moldova,1974,12640.04207,3.79,9.444624996018094,3.79
mda,Moldova,1975,12783.16853,3.79,9.455884625997253,3.79
mda,Moldova,1976,12927.91566,3.57,9.467144256915338,3.79
mda,Moldova,1977,13074.3018,3.58,9.478403887889723,3.57
mda,Moldova,1978,13222.3455,3.38,9.489663518243395,3.58
mda,Moldova,1979,13372.06554,3.38,9.500923148814248,3.38
mda,Moldova,1980,13523.48091,3.38,9.512182780216246,3.38
mda,Moldova,1981,14247.623,3.11,9.564345364765416,3.38
mda,Moldova,1982,15017.56707,2.86,9.6169759328372,3.11
mda,Moldova,1983,15587.35152,2.75,9.654215064361528,2.86
mda,Moldova,1984,15825.79408,2.66,9.669396424584425,2.75
mda,Moldova,1985,14192.78652,3.09,9.560489122968637,2.66
mda,Moldova,1986,15047.84477,2.92,9.618990055271095,3.09
mda,Moldova,1987,14959.95197,2.93,9.613132040961817,2.92
mda,Moldova,1988,14816.65101,2.96,9.60350689558047,2.93
mda,Moldova,1989,15707.61753,2.77,9.661901066661969,2.96
mda,Moldova,1990,15057.0714,2.93,9.619603020292274,2.77
mda,Moldova,1991,12543.18788,3.96,9.43693299878517,2.93
mda,Moldova,1992,8884.02104,7.26,9.09200955331408,3.96
mda,Moldova,1993,8781.81472,7.37,9.080438353199263,7.26
mda,Moldova,1994,6083.75393,12.9,8.713377207130607,7.37
mda,Moldova,1995,6025.91653,13.21,8.70382486795143,12.9
mda,Moldova,1996,5690.07246,14.2,8.646478261661436,13.21
mda,Moldova,1997,5815.49518,14.08,8.668281216959215,14.2
mda,Moldova,1998,5454.66196,24.51,8.604225927511093,14.08
mda,Moldova,1999,5296.88384,34.83,8.574873971910078,24.51
mda,Moldova,2000,5439.47218,31.57,8.601437309407393,34.83
mda,Moldova,2001,5807.35467,24.18,8.666880439794209,31.57
mda,Moldova,2002,6301.55086,14.15,8.74855105033916,24.18
mda,Moldova,2003,6766.93984,6.2,8.819804245990253,14.15
mda,Moldova,2004,7320.24172,7.4,8.89839862826807,6.2
mda,Moldova,2005,7928.45439,11.14,8.978213388948637,7.4
mda,Moldova,2006,8376.23856,2.21,9.033154233520145,11.14
mda,Moldova,2007,8695.70584,1.11,9.070584601181979,2.21
mda,Moldova,2008,9446.53942,1.23,9.153403754478783,1.11
mda,Moldova,2009,8944.8927,0.87,9.098838000342644,1.23
mda,Moldova,2010,9649.95099,0.54,9.174708115563657,0.87
mda,Moldova,2011,10217.30878,0.24,9.231838500313465,0.54
mda,Moldova,2012,10158.38547,0.24,9.226054798071802,0.24
mda,Moldova,2013,11080.06346,0.06,9.312902687721696,0.24
mda,Moldova,2015,11691.07975,0.02,9.366581415470167,0.06
mda,Moldova,2016,12377.36668,0.12,9.423624816020228,0.02
mda,Moldova,2017,13118.82194,0.03,9.481803267308075,0.12
mda,Moldova,2018,13895.50437,0.01,9.539320640186409,0.03
mda,Moldova,2019,14621.24014,0.02,9.590230554603743,0.01
mda,Moldova,2020,13559.26002,0.07,9.514824989208886,0.02
mda,Moldova,2021,15682.07033,0.04,9.660273321540409,0.07
mda,Moldova,2022,15358.01536,0.05,9.639392790020214,0.04
mdg,Madagascar,1960,2175.46019,48.16,7.684995502751748,
mdg,Madagascar,1961,2193.4793,46.75,7.693244283588866,48.16
mdg,Madagascar,1962,2180.76136,46.76,7.687429342516772,46.75
mdg,Madagascar,1963,2074.60536,49.68,7.63752622662497,46.76
mdg,Madagascar,1964,2113.4766,48.24,7.656089548263509,49.68
mdg,Madagascar,1965,2053.9904,48.28,7.627539716670376,48.24
mdg,Madagascar,1966,2049.55873,48.29,7.625379795303523,48.28
mdg,Madagascar,1967,2154.52326,45.41,7.675324753005971,48.29
mdg,Madagascar,1968,2232.35972,43.98,7.71081447539009,45.41
mdg,Madagascar,1969,2253.33484,42.57,7.72016654900773,43.98
mdg,Madagascar,1970,2299.42762,41.15,7.740415510076671,42.57
mdg,Madagascar,1971,2325.34363,39.8,7.751623104949893,41.15
mdg,Madagascar,1972,2229.35459,42.64,7.709467401039008,39.8
mdg,Madagascar,1973,2112.51738,44.11,7.6556355864164205,42.64
mdg,Madagascar,1974,2082.65118,45.54,7.641396966844252,44.11
mdg,Madagascar,1975,2045.19482,45.56,7.623248330443005,45.54
mdg,Madagascar,1976,1919.77235,48.42,7.5599618902837875,45.56
mdg,Madagascar,1977,1904.27565,48.43,7.551856979032207,48.42
mdg,Madagascar,1978,1795.69259,51.28,7.493146070514863,48.43
mdg,Madagascar,1979,1908.44484,48.45,7.554043969488329,51.28
mdg,Madagascar,1980,1861.17224,48.46,7.52896180475073,48.45
mdg,Madagascar,1981,1723.60208,56.21,7.452171612517469,48.46
mdg,Madagascar,1982,1699.847,59.09,7.438293525994064,56.21
mdg,Madagascar,1983,1704.15817,60.23,7.440826525851447,59.09
mdg,Madagascar,1984,1686.84419,60.8,7.430614719063048,60.23
mdg,Madagascar,1985,1699.01582,62.27,7.437804432988205,60.8
mdg,Madagascar,1986,1699.53653,62.37,7.438110863462389,62.27
mdg,Madagascar,1987,1706.81747,63.46,7.442385786789936,62.37
mdg,Madagascar,1988,1748.99464,63.55,7.466796410405559,63.46
mdg,Madagascar,1989,1820.66171,62.35,7.506955290915844,63.55
mdg,Madagascar,1990,1882.9049,62.19,7.540571022867683,62.35
mdg,Madagascar,1991,1721.43084,69.15,7.450911107704943,62.19
mdg,Madagascar,1992,1698.58619,70.24,7.437551531087967,69.15
mdg,Madagascar,1993,1689.67217,71.19,7.432289806851609,70.24
mdg,Madagascar,1994,1644.73086,71.69,7.405332038871492,71.19
mdg,Madagascar,1995,1627.41075,71.22,7.39474553386935,71.69
mdg,Madagascar,1996,1616.12006,70.41,7.387783530875792,71.22
mdg,Madagascar,1997,1628.24251,68.81,7.395256497385223,70.41
mdg,Madagascar,1998,1642.9086,67.94,7.404223486544643,68.81
mdg,Madagascar,1999,1670.24698,66.29,7.420726786691394,67.94
mdg,Madagascar,2000,1694.67393,68.32,7.435245629627329,66.29
mdg,Madagascar,2001,1745.16802,69.12,7.464606116534228,68.32
mdg,Madagascar,2002,1486.11958,74.54,7.303923693103339,69.12
mdg,Madagascar,2003,1586.25455,73.6,7.369130887424799,74.54
mdg,Madagascar,2004,1623.16057,74.02,7.392130496693643,73.6
mdg,Madagascar,2005,1652.10454,74.0,7.409805232950444,74.02
mdg,Madagascar,2006,1691.25894,74.56,7.433228465502069,74.0
mdg,Madagascar,2007,1736.46208,74.26,7.459605034917192,74.56
mdg,Madagascar,2008,1798.6291,74.5,7.494780042600061,74.26
mdg,Madagascar,2009,1675.25797,77.63,7.423722444340844,74.5
mdg,Madagascar,2010,1635.24511,79.26,7.399547986468406,77.63
mdg,Madagascar,2011,1614.55138,80.77,7.386812413786101,79.26
mdg,Madagascar,2012,1617.79083,79.95,7.388816812376417,80.77
mdg,Madagascar,2013,1610.60231,80.03,7.3843634936085225,79.95
mdg,Madagascar,2014,1620.35789,79.84,7.390402323580341,80.03
mdg,Madagascar,2015,1627.58061,79.64,7.394849902810074,79.84
mdg,Madagascar,2016,1648.91227,79.44,7.407871119203755,79.64
mdg,Madagascar,2017,1669.72764,79.18,7.420415802289851,79.44
mdg,Madagascar,2018,1678.78623,79.0,7.425826329138449,79.18
mdg,Madagascar,2019,1707.83154,78.58,7.442979739507678,79.0
mdg,Madagascar,2020,1545.72714,80.78,7.3432497193919115,78.58
mdg,Madagascar,2021,1577.43246,80.11,7.363553778918766,80.78
mdg,Madagascar,2022,1602.71368,79.78,7.379453521559284,80.11
mdv,Maldives,1960,2613.29283,71.96,7.868366325831747,
mdv,Maldives,1961,2671.51911,70.52,7.890402544656913,71.96
mdv,Maldives,1962,2729.40117,69.01,7.911837512469562,70.52
mdv,Maldives,1963,2789.44558,67.44,7.933598138222725,69.01
mdv,Maldives,1964,2850.38384,64.19,7.955208944895819,67.44
mdv,Maldives,1965,2912.20701,62.51,7.976666495388803,64.19
mdv,Maldives,1966,2974.90625,60.83,7.997967804878155,62.51
mdv,Maldives,1967,3039.71142,59.16,8.019517862262775,60.83
mdv,Maldives,1968,3105.36819,57.49,8.040887567047706,59.16
mdv,Maldives,1969,3169.4043,55.85,8.061298931231457,57.49
mdv,Maldives,1970,3237.97352,54.23,8.082702956316556,55.85
mdv,Maldives,1971,3282.44295,52.63,8.09634322598022,54.23
mdv,Maldives,1972,3231.59194,54.18,8.080730155481884,52.63
mdv,Maldives,1973,3152.50792,54.17,8.05595358012775,54.18
mdv,Maldives,1974,3203.45723,52.57,8.071985889967632,54.17
mdv,Maldives,1975,2838.14749,60.69,7.950906826066579,52.57
mdv,Maldives,1976,2755.88025,60.67,7.921492180536422,60.69
mdv,Maldives,1977,2963.9537,55.7,7.994279365511246,60.67
mdv,Maldives,1978,3287.72662,49.42,8.097951607950495,55.7
mdv,Maldives,1979,3514.25866,46.37,8.164583874461524,49.42
mdv,Maldives,1980,4016.20403,38.19,8.29809246436394,46.37
mdv,Maldives,1981,4447.50923,35.65,8.400099494861053,38.19
mdv,Maldives,1982,4584.41723,32.35,8.430418273013528,35.65
mdv,Maldives,1983,4920.16105,32.25,8.501096542690455,32.35
mdv,Maldives,1984,5856.93005,26.77,8.675380863044246,32.25
mdv,Maldives,1985,6514.98416,22.77,8.781860058243634,26.77
mdv,Maldives,1986,6916.36576,23.11,8.84164573146607,22.77
mdv,Maldives,1987,7430.21404,19.27,8.913309944833887,23.11
mdv,Maldives,1988,8039.41989,18.77,8.992112206584785,19.27
mdv,Maldives,1989,8781.97196,15.13,9.080456258222009,18.77
mdv,Maldives,1990,8823.64682,17.31,9.085190535200315,15.13
mdv,Maldives,1991,8831.00242,18.04,9.086023811503415,17.31
mdv,Maldives,1992,9145.30985,17.18,9.120996442153666,18.04
mdv,Maldives,1993,9415.02871,15.42,9.150062490475875,17.18
mdv,Maldives,1994,9878.00434,13.65,9.198065780460668,15.42
mdv,Maldives,1995,10783.17689,13.46,9.285742503273163,13.65
mdv,Maldives,1996,11391.02351,11.49,9.340580912807887,13.46
mdv,Maldives,1997,12113.61825,11.16,9.402085573919035,11.49
mdv,Maldives,1998,12792.66349,9.51,9.456627120742198,11.16
mdv,Maldives,1999,13357.52998,8.65,9.499835548261375,9.51
mdv,Maldives,2000,13643.94781,8.61,9.521051318406624,8.65
mdv,Maldives,2001,12884.92356,9.23,9.46381319058924,8.61
mdv,Maldives,2002,13586.38972,8.92,9.516823814751282,9.23
mdv,Maldives,2003,15196.64198,5.94,9.628829760059006,8.92
mdv,Maldives,2004,15837.69504,5.23,9.670148139628544,5.94
mdv,Maldives,2005,13823.02455,7.6,9.534090926488245,5.23
mdv,Maldives,2006,16732.71966,4.92,9.725121342634035,7.6
mdv,Maldives,2007,17375.84649,4.21,9.76283638809519,4.92
mdv,Maldives,2008,18307.67501,3.73,9.815075650359695,4.21
mdv,Maldives,2009,16218.08905,4.64,9.693882506302105,3.73
mdv,Maldives,2010,16730.01442,2.81,9.724959655905185,4.64
mdv,Maldives,2011,17581.76767,0.74,9.774617716241233,2.81
mdv,Maldives,2012,17390.14752,0.82,9.763659090348575,0.74
mdv,Maldives,2013,17986.89076,0.17,9.797398480434385,0.82
mdv,Maldives,2014,18765.35922,0.02,9.839767854471425,0.17
mdv,Maldives,2015,18829.44816,0.02,9.84317731479584,0.02
mex,Mexico,1960,6195.71106,37.35,8.731612567137578,
mex,Mexico,1961,6259.48894,36.13,8.741853821783867,37.35
mex,Mexico,1962,6330.97344,36.21,8.753209285305505,36.13
mex,Mexico,1963,6658.0724,33.78,8.803585292212224,36.21
mex,Mexico,1964,7255.87709,29.12,8.88956705256661,33.78
mex,Mexico,1965,7463.4367,27.98,8.917771270761786,29.12
mex,Mexico,1966,7712.85462,26.87,8.950643647059355,27.98
mex,Mexico,1967,7922.02837,24.64,8.977402559341822,26.87
mex,Mexico,1968,8325.22152,22.49,9.02704492350364,24.64
mex,Mexico,1969,8478.97904,21.46,9.045345325311326,22.49
mex,Mexico,1970,8762.4808,20.46,9.078234340184952,21.46
mex,Mexico,1971,8817.83384,19.49,9.084531522465227,20.46
mex,Mexico,1972,9255.50862,17.58,9.13297417973743,19.49
mex,Mexico,1973,9701.12494,16.66,9.17999713096298,17.58
mex,Mexico,1974,9967.80562,14.92,9.207115740435816,16.66
mex,Mexico,1975,10223.41675,14.09,9.232436127846091,14.92
mex,Mexico,1976,10360.96493,13.32,9.245800651437607,14.09
mex,Mexico,1977,10416.88674,13.34,9.251183493313265,13.32
mex,Mexico,1978,11013.80977,11.86,9.306905198019011,13.34
mex,Mexico,1979,11740.65113,9.89,9.370812554365394,11.86
mex,Mexico,1980,12441.44918,8.76,9.428788853077453,9.89
mex,Mexico,1981,13966.96086,7.51,9.544449880982091,8.76
mex,Mexico,1982,14106.62773,8.06,9.554400017699582,7.51
mex,Mexico,1983,13532.3153,9.13,9.512835829954305,8.06
mex,Mexico,1984,14021.41056,9.01,9.548340766084026,9.13
mex,Mexico,1985,14303.97823,8.97,9.568292975460235,9.01
mex,Mexico,1986,13696.8841,9.97,9.524923647992077,8.97
mex,Mexico,1987,13937.63651,9.5,9.542348122593971,9.97
mex,Mexico,1988,14200.64818,9.78,9.561042889026456,9.5
mex,Mexico,1989,14892.97908,8.8,9.608645178198115,9.78
mex,Mexico,1990,15841.15468,8.73,9.670366559176244,8.8
mex,Mexico,1991,16273.74164,8.4,9.697308145500745,8.73
mex,Mexico,1992,16640.00505,8.45,9.719565017860731,8.4
mex,Mexico,1993,16863.94888,9.01,9.732933420027196,8.45
mex,Mexico,1994,17391.17589,8.7,9.76371822380869,9.01
mex,Mexico,1995,16144.99144,12.68,9.689365152997128,8.7
mex,Mexico,1996,16915.30402,14.64,9.735974054449683,12.68
mex,Mexico,1997,17918.65866,14.9,9.793597832164904,14.64
mex,Mexico,1998,18779.0132,15.42,9.840495206120787,14.9
mex,Mexico,1999,19120.57055,14.19,9.858520026641346,15.42
mex,Mexico,2000,19908.14321,11.36,9.898884133543087,14.19
mex,Mexico,2001,19620.26506,9.53,9.884318242712094,11.36
mex,Mexico,2002,19395.26617,7.75,9.872784303420012,9.53
mex,Mexico,2003,19422.80593,7.81,9.874203218019872,7.75
mex,Mexico,2004,19911.1135,7.39,9.899033322164419,7.81
mex,Mexico,2005,20124.2296,8.21,9.909679820808696,7.39
mex,Mexico,2006,20853.26453,5.72,9.945265787153057,8.21
mex,Mexico,2007,21036.09314,6.23,9.953994962347275,5.72
mex,Mexico,2008,20956.7633,6.65,9.95021670380064,6.23
mex,Mexico,2009,19376.05357,6.56,9.87179323054958,6.65
mex,Mexico,2010,20058.38548,5.18,9.90640257373051,6.56
mex,Mexico,2011,20457.60017,4.57,9.926109738882278,5.18
mex,Mexico,2012,20898.93572,4.5,9.94745351416827,4.57
mex,Mexico,2013,20805.34804,4.35,9.942965349948112,4.5
mex,Mexico,2014,21069.76616,4.3,9.9555944084927,4.35
mex,Mexico,2015,21408.92832,3.15,9.971563325216497,4.3
mex,Mexico,2016,21578.26336,2.52,9.97944176106044,3.15
mex,Mexico,2017,21777.52251,2.33,9.988633639328146,2.52
mex,Mexico,2018,21997.77301,2.15,9.998696500398491,2.33
mex,Mexico,2019,21704.18595,1.93,9.985260421847219,2.15
mex,Mexico,2020,19728.48178,2.39,9.889818646233266,1.93
mex,Mexico,2021,20782.58774,1.74,9.941870787217574,2.39
mex,Mexico,2022,21392.11146,1.35,9.970777509687164,1.74
mhl,Marshall Islands,1981,2866.22013,6.27,7.960749412835649,
mhl,Marshall Islands,1982,2827.5803,6.02,7.947176607233344,6.27
mhl,Marshall Islands,1983,3142.57512,5.06,8.0527978447133,6.02
mhl,Marshall Islands,1984,3081.17555,5.31,8.033066475227283,5.06
mhl,Marshall Islands,1985,2863.01797,5.45,7.95963158171132,5.31
mhl,Marshall Islands,1986,3344.22184,4.08,8.11498931171713,5.45
mhl,Marshall Islands,1987,3611.10581,3.6,8.191769322980532,4.08
mhl,Marshall Islands,1988,3781.5461,3.52,8.2378882261513,3.6
mhl,Marshall Islands,1989,3667.90546,3.85,8.207376058780289,3.52
mhl,Marshall Islands,1990,3900.02392,3.87,8.268737965432262,3.85
mhl,Marshall Islands,1991,3820.17466,3.84,8.248051423068468,3.87
mhl,Marshall Islands,1992,4021.68972,3.4,8.299457421658058,3.84
mhl,Marshall Islands,1993,4203.32995,3.15,8.3436323353738,3.4
mhl,Marshall Islands,1994,4398.29848,2.81,8.3889730360242,3.15
mhl,Marshall Islands,1995,4711.424,2.76,8.457745476772784,2.81
mhl,Marshall Islands,1996,4189.098,3.58,8.340240715278304,2.76
mhl,Marshall Islands,1997,3887.95484,4.22,8.265638550286535,3.58
mhl,Marshall Islands,1998,3817.27494,4.36,8.247292080541525,4.22
mhl,Marshall Islands,1999,3727.63344,4.64,8.223528844790888,4.36
mhl,Marshall Islands,2000,3800.07744,4.26,8.242776724454197,4.64
mhl,Marshall Islands,2001,4017.18911,3.86,8.298337710672136,4.26
mhl,Marshall Islands,2002,4126.32541,3.53,8.325142558674443,3.86
mhl,Marshall Islands,2003,4044.94902,3.74,8.305224226199327,3.53
mhl,Marshall Islands,2004,4012.28804,3.64,8.297116941120867,3.74
mhl,Marshall Islands,2005,4074.82182,3.29,8.312582299565616,3.64
mhl,Marshall Islands,2006,4076.50248,3.36,8.3129946644678,3.29
mhl,Marshall Islands,2007,4222.31016,3.37,8.348137688523838,3.36
mhl,Marshall Islands,2008,3909.90973,3.6,8.271269565756382,3.37
mhl,Marshall Islands,2009,4047.51962,3.31,8.305859532976731,3.6
mhl,Marshall Islands,2010,4269.35843,2.98,8.35921884434844,3.31
mhl,Marshall Islands,2011,4259.11602,2.83,8.356816910688597,2.98
mhl,Marshall Islands,2012,4244.04434,2.57,8.353271947370155,2.83
mhl,Marshall Islands,2013,4469.85358,2.22,8.405110930918994,2.57
mhl,Marshall Islands,2014,4491.99194,2.31,8.410051521555744,2.22
mhl,Marshall Islands,2015,4670.10918,2.28,8.448937729404648,2.31
mhl,Marshall Islands,2016,4896.52196,1.84,8.4962804279869,2.28
mhl,Marshall Islands,2017,5199.34448,1.47,8.556287835084634,1.84
mhl,Marshall Islands,2018,5635.3075,1.35,8.636806994638956,1.47
mhl,Marshall Islands,2019,6405.07565,1.02,8.764846025346174,1.35
mhl,Marshall Islands,2020,6417.18441,1.14,8.766734735065505,1.02
mhl,Marshall Islands,2021,6705.87529,0.99,8.810739330074247,1.14
mhl,Marshall Islands,2022,6844.33468,1.28,8.831176535043811,0.99
mkd,North Macedonia,1960,4860.58178,20.72,8.48891341754906,
mkd,North Macedonia,1961,4929.30217,19.31,8.502952709350577,20.72
mkd,North Macedonia,1962,4976.40283,19.23,8.512462585724364,19.31
mkd,North Macedonia,1963,5788.38156,13.66,8.663608008177055,19.23
mkd,North Macedonia,1964,7409.08656,7.14,8.910462439436547,13.66
mkd,North Macedonia,1965,6711.22549,8.93,8.811536849653374,7.14
mkd,North Macedonia,1966,7226.76909,7.65,8.885547339755517,8.93
mkd,North Macedonia,1967,7473.3005,7.04,8.919092014549639,7.65
mkd,North Macedonia,1968,7643.83768,6.46,8.941655070179179,7.04
mkd,North Macedonia,1969,8363.16246,4.91,9.031591919236128,6.46
mkd,North Macedonia,1970,8937.43944,3.6,9.09800441103525,4.91
mkd,North Macedonia,1971,9407.34068,3.18,9.149245586900323,3.6
mkd,North Macedonia,1972,9746.64881,2.47,9.184678793114584,3.18
mkd,North Macedonia,1973,10224.68282,2.12,9.232559960380971,2.47
mkd,North Macedonia,1974,10686.98659,1.54,9.276782073728564,2.12
mkd,North Macedonia,1975,11052.65784,1.28,9.310426206530343,1.54
mkd,North Macedonia,1976,11410.63675,1.05,9.342301247609262,1.28
mkd,North Macedonia,1977,11994.25686,0.68,9.392183219206997,1.05
mkd,North Macedonia,1978,12831.49403,0.4,9.459657898998476,0.68
mkd,North Macedonia,1979,13597.10981,0.21,9.517612535169262,0.4
mkd,North Macedonia,1980,13618.21783,0.2,9.519163721655913,0.21
mkd,North Macedonia,1981,13680.65186,0.23,9.523737840626083,0.2
mkd,North Macedonia,1982,13745.92667,0.23,9.528497817024515,0.23
mkd,North Macedonia,1983,13412.82201,0.31,9.503966394852066,0.23
mkd,North Macedonia,1984,13807.75424,0.25,9.532985614787064,0.31
mkd,North Macedonia,1985,13661.9787,0.27,9.52237197622163,0.25
mkd,North Macedonia,1986,14580.01162,0.15,9.587406802544498,0.27
mkd,North Macedonia,1987,14361.28488,0.16,9.572291314922568,0.15
mkd,North Macedonia,1988,13886.20083,0.24,9.53865087997689,0.16
mkd,North Macedonia,1989,14134.72809,0.19,9.556390033296042,0.24
mkd,North Macedonia,1990,12713.52078,0.43,9.450421334478289,0.19
mkd,North Macedonia,1991,11973.81093,0.72,9.390477121315536,0.43
mkd,North Macedonia,1992,11271.25181,1.02,9.330010675399665,0.72
mkd,North Macedonia,1993,10514.48801,1.35,9.260509395558088,1.02
mkd,North Macedonia,1994,10388.95468,1.46,9.24849847075473,1.35
mkd,North Macedonia,1995,10254.37446,1.57,9.235459670108696,1.46
mkd,North Macedonia,1996,10326.39768,1.51,9.242458777190745,1.57
mkd,North Macedonia,1997,10553.29839,1.43,9.264193733643282,1.51
mkd,North Macedonia,1998,10877.77861,1.26,9.29447732768902,1.43
mkd,North Macedonia,1999,11322.168,4.08,9.334517852854297,1.26
mkd,North Macedonia,2000,11809.58873,6.66,9.376667084706973,4.08
mkd,North Macedonia,2001,11422.40041,4.64,9.34333165464258,6.66
mkd,North Macedonia,2002,11686.62394,1.73,9.366200213782179,4.64
mkd,North Macedonia,2003,11953.65794,1.69,9.388792614285148,1.73
mkd,North Macedonia,2004,12570.3932,0.99,9.439099581922425,1.69
mkd,North Macedonia,2005,13252.08051,2.03,9.491909838710718,0.99
mkd,North Macedonia,2006,14028.64075,3.19,9.548856286721064,2.03
mkd,North Macedonia,2007,15043.63907,1.67,9.618710527677855,3.19
mkd,North Macedonia,2008,15983.2583,0.93,9.679297097159045,1.67
mkd,North Macedonia,2009,16055.28825,10.0,9.683793560270885,0.93
mkd,North Macedonia,2010,16730.16875,8.23,9.72496888060065,10.0
mkd,North Macedonia,2011,17200.28883,9.8,9.752681455102413,8.23
mkd,North Macedonia,2012,17189.04892,7.51,9.752027769330274,9.8
mkd,North Macedonia,2013,17757.24956,5.86,9.784549137435894,7.51
mkd,North Macedonia,2014,18451.19,5.07,9.822884146033712,5.86
mkd,North Macedonia,2015,19214.0158,5.91,9.863395281286406,5.07
mkd,North Macedonia,2016,19824.6806,4.61,9.894682935402269,5.91
mkd,North Macedonia,2017,20119.94289,4.68,9.909466785740461,4.61
mkd,North Macedonia,2018,20804.77627,3.53,9.942937867694235,4.68
mkd,North Macedonia,2019,21765.68543,3.19,9.988089945794684,3.53
mkd,North Macedonia,2020,20970.28714,3.49,9.95086181669683,3.19
mkd,North Macedonia,2021,22142.97287,2.69,10.005275473219509,3.49
mkd,North Macedonia,2022,22820.9765,2.62,10.035435413911584,2.69
mli,Mali,1960,1092.76791,89.3,6.996469123451253,
mli,Mali,1961,1068.52274,89.75,6.974032356704009,89.3
mli,Mali,1962,1041.56763,89.74,6.948482193782459,89.75
mli,Mali,1963,1086.67834,89.26,6.990880927966233,89.74
mli,Mali,1964,1032.20774,89.72,6.939455224233306,89.26
mli,Mali,1965,1027.12129,89.7,6.934515304220976,89.72
mli,Mali,1966,1040.73593,89.69,6.947683366886896,89.7
mli,Mali,1967,1027.86013,89.68,6.9352343764467825,89.69
mli,Mali,1968,1047.56306,89.2,6.954221850461644,89.68
mli,Mali,1969,1020.52044,89.66,6.928068011446668,89.2
mli,Mali,1970,1066.06742,88.69,6.971731848504471,89.66
mli,Mali,1971,1071.91609,88.17,6.977203064313427,88.69
mli,Mali,1972,1102.03761,87.63,7.004916117987108,88.17
mli,Mali,1973,1053.18606,88.66,6.95957519168192,87.63
mli,Mali,1974,1006.40705,89.13,6.914141891088572,88.66
mli,Mali,1975,1106.25572,87.59,7.008736366930241,89.13
mli,Mali,1976,1225.66573,85.24,7.111239428422916,87.59
mli,Mali,1977,1279.54613,83.93,7.154260708095705,85.24
mli,Mali,1978,1227.50185,84.59,7.11273636679585,83.93
mli,Mali,1979,1396.33862,81.08,7.241608818378227,84.59
mli,Mali,1980,1259.57579,83.82,7.138530268654731,81.08
mli,Mali,1981,1243.36915,85.43,7.125580030525348,83.82
mli,Mali,1982,1141.83818,86.84,7.040394681401655,85.43
mli,Mali,1983,1183.01828,86.92,7.0758243160990695,86.84
mli,Mali,1984,1218.35102,87.25,7.1052536005102604,86.92
mli,Mali,1985,1250.14599,84.68,7.131015615476692,87.25
mli,Mali,1986,1316.96961,84.53,7.183088626306202,84.68
mli,Mali,1987,1341.69507,84.87,7.201689071146804,84.53
mli,Mali,1988,1346.88602,83.95,7.205550555161193,84.87
mli,Mali,1989,1497.99379,83.56,7.311882018541202,83.95
mli,Mali,1990,1608.62074,84.32,7.383132407585907,83.56
mli,Mali,1991,1717.95379,82.73,7.448889204627158,84.32
mli,Mali,1992,1627.9844,83.65,7.395097964206992,82.73
mli,Mali,1993,1643.65044,83.46,7.404674925270417,83.65
mli,Mali,1994,1665.59941,83.14,7.417940343633937,83.46
mli,Mali,1995,1648.98994,80.58,7.407918221873919,83.14
mli,Mali,1996,1724.82228,79.48,7.452879298070952,80.58
mli,Mali,1997,1772.25675,76.37,7.480009013445605,79.48
mli,Mali,1998,1849.6078,70.77,7.522728895597194,76.37
mli,Mali,1999,1905.1402,67.17,7.552310880653288,70.77
mli,Mali,2000,1854.02231,68.85,7.5251127794946076,67.17
mli,Mali,2001,2085.90553,55.58,7.642958346903371,68.85
mli,Mali,2002,2093.25341,55.1,7.6464747901289565,55.58
mli,Mali,2003,2217.92891,51.59,7.704329115999,55.1
mli,Mali,2004,2186.81189,53.89,7.690200004174528,51.59
mli,Mali,2005,2280.77116,51.14,7.732268892832442,53.89
mli,Mali,2006,2358.76971,49.26,7.7658954527686745,51.14
mli,Mali,2007,2378.00868,49.18,7.774018727370222,49.26
mli,Mali,2008,2458.1025,48.99,7.807144989826105,49.18
mli,Mali,2009,2498.01449,47.03,7.823251491309212,48.99
mli,Mali,2010,2594.41565,45.89,7.861116587198165,47.03
mli,Mali,2011,2612.84826,46.61,7.868196192651867,45.89
mli,Mali,2012,2523.17698,42.04,7.833274092831709,46.61
mli,Mali,2013,2508.92142,38.59,7.827608226625267,42.04
mli,Mali,2014,2615.67031,33.54,7.869275676347396,38.59
mli,Mali,2015,2686.55974,37.63,7.896016747033118,33.54
mli,Mali,2016,2759.10958,27.75,7.922663290717448,37.63
mli,Mali,2017,2816.19329,21.97,7.943141354837095,27.75
mli,Mali,2018,2862.40632,17.78,7.959417920689412,21.97
mli,Mali,2019,2916.17069,16.04,7.978026627080698,17.78
mli,Mali,2020,2796.41038,18.95,7.936091866546261,16.04
mli,Mali,2021,2796.22794,19.7,7.936026623635983,18.95
mli,Mali,2022,2808.52247,20.07,7.940413812652606,19.7
mlt,Malta,1960,2895.57557,24.46,7.970939185444592,
mlt,Malta,1961,2859.17892,24.29,7.9582897716863235,24.46
mlt,Malta,1962,2729.92769,27.23,7.912030400648726,24.29
mlt,Malta,1963,2721.14014,27.14,7.908806240580858,27.23
mlt,Malta,1964,2796.48698,24.02,7.93611925843103,27.14
mlt,Malta,1965,3006.62798,20.99,8.008574457343475,24.02
mlt,Malta,1966,3328.86166,15.62,8.11038568068872,20.99
mlt,Malta,1967,3536.55537,12.25,8.170908473076228,15.62
mlt,Malta,1968,3872.60383,9.67,8.261682384068447,12.25
mlt,Malta,1969,4075.59331,8.25,8.312771612622681,9.67
mlt,Malta,1970,4546.48194,5.91,8.422109012871704,8.25
mlt,Malta,1971,4640.31795,5.4,8.442538166579556,5.91
mlt,Malta,1972,4938.54696,4.09,8.504826429263183,5.4
mlt,Malta,1973,5095.19961,3.71,8.536054122514525,4.09
mlt,Malta,1974,5560.7281,2.53,8.623484331908411,3.71
mlt,Malta,1975,6565.24025,1.42,8.78954438164993,2.53
mlt,Malta,1976,7616.87333,0.99,8.938121240327723,1.42
mlt,Malta,1977,8453.65171,0.83,9.042353782028714,0.99
mlt,Malta,1978,9229.80897,0.76,9.130193630641333,0.83
mlt,Malta,1979,10027.3056,0.72,9.213067210769672,0.76
mlt,Malta,1980,10430.15972,0.69,9.252456861396263,0.72
mlt,Malta,1981,11231.25723,0.69,9.326455994271228,0.69
mlt,Malta,1982,11732.00388,0.68,9.370075760816688,0.69
mlt,Malta,1983,11937.69594,0.69,9.38745639847627,0.68
mlt,Malta,1984,12410.41929,0.68,9.426291664090433,0.69
mlt,Malta,1985,12944.76512,0.7,9.468446747563705,0.68
mlt,Malta,1986,13373.74802,0.68,9.501048961401585,0.7
mlt,Malta,1987,14181.58281,0.67,9.559699416564808,0.68
mlt,Malta,1988,15461.66421,0.63,9.646118962531679,0.67
mlt,Malta,1989,16893.65874,0.6,9.734693608012387,0.63
mlt,Malta,1990,18050.97561,0.57,9.80095501271587,0.6
mlt,Malta,1991,18722.11764,0.56,9.837460865428667,0.57
mlt,Malta,1992,19406.20066,0.54,9.873347915632786,0.56
mlt,Malta,1993,20081.09299,0.52,9.907534004097219,0.54
mlt,Malta,1994,21025.58432,0.51,9.953495276131543,0.52
mlt,Malta,1995,22211.29199,0.48,10.008356086740925,0.51
mlt,Malta,1996,22906.59353,0.47,10.03918007517352,0.48
mlt,Malta,1997,23936.36716,0.45,10.083154219894526,0.47
mlt,Malta,1998,25007.61887,0.45,10.126935812222026,0.45
mlt,Malta,1999,26040.33094,0.42,10.167401805151119,0.45
mlt,Malta,2000,30472.6794,0.37,10.324585803788073,0.42
mlt,Malta,2001,30125.32912,0.38,10.313121595878505,0.37
mlt,Malta,2002,30781.2392,0.37,10.334660666491494,0.38
mlt,Malta,2003,31725.70052,0.36,10.364882373347475,0.37
mlt,Malta,2004,31699.24739,0.36,10.364048217943155,0.36
mlt,Malta,2005,32482.84961,0.35,10.388467524725215,0.36
mlt,Malta,2006,33165.59803,0.34,10.409268413758488,0.35
mlt,Malta,2007,34758.54591,0.44,10.456180746225852,0.34
mlt,Malta,2008,36111.44129,0.12,10.49436502734924,0.44
mlt,Malta,2009,35403.97747,0.39,10.474579450719792,0.12
mlt,Malta,2010,37492.67548,0.19,10.531900872347629,0.39
mlt,Malta,2011,37704.496,0.19,10.537534623619946,0.19
mlt,Malta,2012,38899.98733,0.11,10.568749203899543,0.19
mlt,Malta,2013,40882.02394,0.02,10.61844573294754,0.11
mlt,Malta,2015,46127.62084,0.05,10.739167200108016,0.02
mlt,Malta,2016,46922.18901,0.09,10.756245955771215,0.05
mlt,Malta,2017,51578.98126,0.15,10.85086952856173,0.09
mlt,Malta,2018,53367.94767,0.11,10.884965613838729,0.15
mlt,Malta,2019,53342.21379,0.26,10.884483300249343,0.11
mlt,Malta,2020,50392.95912,0.28,10.827606744300507,0.26
mlt,Malta,2021,56802.01025,0.24,10.947326995808323,0.28
mlt,Malta,2022,57781.49999,0.23,10.96442393405017,0.24
mmr,Myanmar,1960,985.52672,85.87,6.893176239365758,
mmr,Myanmar,1961,981.27612,86.81,6.888853887850616,85.87
mmr,Myanmar,1962,1038.27886,84.94,6.945319678897956,86.81
mmr,Myanmar,1963,1070.48018,83.9,6.975862593145587,84.94
mmr,Myanmar,1964,1030.30781,84.97,6.937612881238705,83.9
mmr,Myanmar,1965,1052.32577,83.93,6.958758012661013,84.97
mmr,Myanmar,1966,979.46889,86.89,6.887010475777598,83.93
mmr,Myanmar,1967,952.37483,87.75,6.858958686292042,86.89
mmr,Myanmar,1968,996.8859,86.01,6.9046363200827106,87.75
mmr,Myanmar,1969,1004.00352,86.02,6.911750806221624,86.01
mmr,Myanmar,1970,1031.36192,85.05,6.938635460244949,86.02
mmr,Myanmar,1971,1028.49264,85.07,6.935849553014903,85.05
mmr,Myanmar,1972,994.92622,86.98,6.902668583655521,85.07
mmr,Myanmar,1973,982.78993,86.99,6.890395394359285,86.98
mmr,Myanmar,1974,990.69663,87.01,6.8984083623379915,86.99
mmr,Myanmar,1975,1004.47606,86.11,6.9122213512183714,87.01
mmr,Myanmar,1976,1031.1575,85.14,6.93843723665618,86.11
mmr,Myanmar,1977,1058.93353,85.15,6.9650175768703955,85.14
mmr,Myanmar,1978,1089.90523,84.11,6.99384602648913,85.15
mmr,Myanmar,1979,1116.80655,83.0,7.018228596962256,84.11
mmr,Myanmar,1980,1166.11196,80.67,7.061430382883947,83.0
mmr,Myanmar,1981,1196.02093,80.05,7.086755434357454,80.67
mmr,Myanmar,1982,1219.1142,78.13,7.105879808440267,80.05
mmr,Myanmar,1983,1235.93727,76.43,7.119584884302504,78.13
mmr,Myanmar,1984,1249.55279,77.16,7.1305409982821075,76.43
mmr,Myanmar,1985,1231.83888,77.42,7.116263356320338,77.16
mmr,Myanmar,1986,1172.3242,78.35,7.066743553044788,77.42
mmr,Myanmar,1987,1065.51089,80.11,6.971209672040173,78.35
mmr,Myanmar,1988,967.97815,83.15,6.875209514707769,80.11
mmr,Myanmar,1989,974.97415,82.6,6.882410957825863,83.15
mmr,Myanmar,1990,965.91875,82.4,6.873079720944247,82.6
mmr,Myanmar,1991,930.99294,82.28,6.83625169400449,82.4
mmr,Myanmar,1992,992.47317,80.19,6.900199979450362,82.28
mmr,Myanmar,1993,1023.54507,78.25,6.931027439305249,80.19
mmr,Myanmar,1994,1069.54265,77.3,6.974986406175209,78.25
mmr,Myanmar,1995,1113.44753,74.54,7.015216363898791,77.3
mmr,Myanmar,1996,1154.47794,72.62,7.051403520773102,74.54
mmr,Myanmar,1997,1189.08128,70.53,7.080936254320704,72.62
mmr,Myanmar,1998,1228.08594,69.43,7.113212089971697,70.53
mmr,Myanmar,1999,1330.87257,64.26,7.1935900737666625,69.43
mmr,Myanmar,2000,1480.20467,58.39,7.299935647737446,64.26
mmr,Myanmar,2001,1613.49953,55.44,7.386160720199753,58.39
mmr,Myanmar,2002,1771.33976,50.41,7.4794914657971185,55.44
mmr,Myanmar,2003,1978.38482,44.4,7.590036043310807,50.41
mmr,Myanmar,2004,2206.92628,38.16,7.699356002889607,44.4
mmr,Myanmar,2005,2465.03768,31.74,7.8099623723640175,38.16
mmr,Myanmar,2006,2744.36713,27.28,7.917305773627971,31.74
mmr,Myanmar,2007,3028.21296,23.53,8.015727942335275,27.28
mmr,Myanmar,2008,3290.85083,19.18,8.098901421267621,23.53
mmr,Myanmar,2009,3594.33403,16.22,8.187114004037555,19.18
mmr,Myanmar,2010,3893.79031,13.77,8.267138334970138,16.22
mmr,Myanmar,2011,4078.61221,12.65,8.313512064928066,13.77
mmr,Myanmar,2012,4340.99945,10.54,8.375859888600669,12.65
mmr,Myanmar,2013,4666.95376,9.23,8.44826183803701,10.54
mmr,Myanmar,2014,5006.50667,8.35,8.518493679415021,9.23
mmr,Myanmar,2015,5313.88616,6.79,8.578078703433158,8.35
mmr,Myanmar,2016,5580.98977,4.72,8.627121417781916,6.79
mmr,Myanmar,2017,5877.87466,2.52,8.678950523172063,4.72
mmr,Myanmar,2018,6201.26341,2.03,8.732508326080165,2.52
mmr,Myanmar,2019,6562.98898,1.93,8.78920141536215,2.03
mmr,Myanmar,2020,5926.8345,2.85,8.687245538334038,1.93
mmr,Myanmar,2021,5178.44718,3.86,8.552260518112089,2.85
mmr,Myanmar,2022,5350.47667,3.72,8.584940933117394,3.86
mne,Montenegro,1960,4201.909,17.29,8.343294224816326,
mne,Montenegro,1961,5098.5355,9.96,8.536708620612245,17.29
mne,Montenegro,1962,5031.33339,10.63,8.523440315439457,9.96
mne,Montenegro,1963,5758.07188,7.29,8.658357954595418,10.63
mne,Montenegro,1964,6765.47119,4.81,8.819587189324963,7.29
mne,Montenegro,1965,6980.69912,4.41,8.850904351199148,4.81
mne,Montenegro,1966,7341.66128,3.75,8.90132042842431,4.41
mne,Montenegro,1967,7524.27008,3.43,8.925889085576788,3.75
mne,Montenegro,1968,7935.44555,2.85,8.979094781352654,3.43
mne,Montenegro,1969,8782.8974,1.95,9.080561632191138,2.85
mne,Montenegro,1970,9504.00977,1.52,9.159469069590113,1.95
mne,Montenegro,1971,9897.32204,1.19,9.200019498520582,1.52
mne,Montenegro,1972,10449.69754,0.98,9.254328313433415,1.19
mne,Montenegro,1973,10443.34234,0.93,9.25371995770993,0.98
mne,Montenegro,1974,11106.34817,0.76,9.315272131031032,0.93
mne,Montenegro,1975,11494.76094,0.68,9.349646640112821,0.76
mne,Montenegro,1976,12123.63966,0.57,9.402912516521889,0.68
mne,Montenegro,1977,13472.68564,0.44,9.508419628892531,0.57
mne,Montenegro,1978,14262.83205,0.36,9.56541227523149,0.44
mne,Montenegro,1979,14313.95621,0.33,9.568990299051164,0.36
mne,Montenegro,1980,17762.25799,0.18,9.78483114754125,0.33
mne,Montenegro,1981,17186.28988,0.19,9.751867244948421,0.18
mne,Montenegro,1982,17759.91741,0.19,9.78469936619751,0.19
mne,Montenegro,1983,17571.89234,0.19,9.774055878284276,0.19
mne,Montenegro,1984,18306.9117,0.18,9.815033956047746,0.19
mne,Montenegro,1985,18484.67943,0.18,9.82469752905103,0.18
mne,Montenegro,1986,19242.14893,0.17,9.864858408731191,0.18
mne,Montenegro,1987,18446.40109,0.19,9.822624567568807,0.17
mne,Montenegro,1988,17961.77305,0.2,9.796001059143835,0.19
mne,Montenegro,1989,18139.62418,0.21,9.805854005703685,0.2
mne,Montenegro,1990,16673.21876,0.23,9.72155904408855,0.21
mne,Montenegro,1991,15170.21917,0.27,9.627089519832149,0.23
mne,Montenegro,1992,11704.00615,0.36,9.367686468161203,0.27
mne,Montenegro,1993,7542.21817,1.07,8.928271604740143,0.36
mne,Montenegro,1994,7763.18332,0.94,8.957147750708852,1.07
mne,Montenegro,1995,9006.08142,0.6,9.105655341460224,0.94
mne,Montenegro,1996,11689.30764,0.35,9.366429826022665,0.6
mne,Montenegro,1997,12695.10831,0.3,9.44897202580778,0.35
mne,Montenegro,1998,13559.98032,0.29,9.514878110165899,0.3
mne,Montenegro,1999,12497.8298,0.32,9.43331029221739,0.29
mne,Montenegro,2000,13282.74747,0.31,9.4942212894333,0.32
mne,Montenegro,2001,13581.45852,0.31,9.516460797407355,0.31
mne,Montenegro,2002,13976.90186,0.3,9.545161378924876,0.31
mne,Montenegro,2003,14443.43883,0.29,9.577995530216414,0.3
mne,Montenegro,2004,15216.20192,0.28,9.630116054938973,0.29
mne,Montenegro,2005,15972.78646,0.26,9.678641706890726,0.28
mne,Montenegro,2006,17449.70872,0.13,9.767078235227645,0.26
mne,Montenegro,2007,18751.30328,0.21,9.839018537249636,0.13
mne,Montenegro,2008,20145.93819,0.16,9.910757968395071,0.21
mne,Montenegro,2011,20080.62756,0.27,9.90751082630535,0.16
mne,Montenegro,2012,19499.94456,1.3,9.878166901470873,0.27
mne,Montenegro,2013,20154.0802,1.15,9.911162038191366,1.3
mne,Montenegro,2015,21138.97652,1.96,9.958873843871894,1.15
mne,Montenegro,2016,21737.99444,1.57,9.9868169043498,1.96
mne,Montenegro,2017,22740.38639,2.02,10.031897758804849,1.57
mne,Montenegro,2018,23877.72407,2.84,10.080701256013118,2.02
mne,Montenegro,2019,24835.37457,1.87,10.12002430977118,2.84
mne,Montenegro,2020,21039.32187,1.81,9.954148435818924,1.87
mne,Montenegro,2021,23842.06192,2.03,10.079206607372134,1.81
mne,Montenegro,2022,25429.02514,1.87,10.143646522644001,2.03
mng,Mongolia,1960,1554.70909,60.95,7.349043726725764,
mng,Mongolia,1961,1620.39636,59.18,7.390426064967088,60.95
mng,Mongolia,1962,1687.46261,55.71,7.430981265464177,59.18
mng,Mongolia,1963,1761.23674,53.93,7.473771534440759,55.71
mng,Mongolia,1964,1838.3585,50.41,7.516628332862323,53.93
mng,Mongolia,1965,1915.29694,48.61,7.557627949646398,50.41
mng,Mongolia,1966,1993.84796,46.83,7.5978216988684615,48.61
mng,Mongolia,1967,2083.32352,43.35,7.641719743651244,46.83
mng,Mongolia,1968,2169.05735,41.59,7.682047951233432,43.35
mng,Mongolia,1969,2262.29088,38.22,7.724133242573001,41.59
mng,Mongolia,1970,2361.33947,36.53,7.766984309045466,38.22
mng,Mongolia,1971,2429.5146,34.88,7.795446763294869,36.53
mng,Mongolia,1972,2476.62663,33.25,7.814652683367944,34.88
mng,Mongolia,1973,2650.76421,30.18,7.882603258538497,33.25
mng,Mongolia,1974,2713.96053,28.65,7.906164297179261,30.18
mng,Mongolia,1975,2842.03099,25.79,7.952274212890346,28.65
mng,Mongolia,1976,2907.21441,25.71,7.974950654288951,25.79
mng,Mongolia,1977,3088.09179,23.0,8.035308635443828,25.71
mng,Mongolia,1978,3271.44134,20.45,8.092985943536169,23.0
mng,Mongolia,1979,3359.09686,19.19,8.119427425159628,20.45
mng,Mongolia,1980,3530.95059,16.76,8.169322402627422,19.19
mng,Mongolia,1981,3780.39981,15.1,8.237585052861668,16.76
mng,Mongolia,1982,4045.63014,13.74,8.305392599807233,15.1
mng,Mongolia,1983,4228.63079,12.82,8.34963352933398,13.74
mng,Mongolia,1984,4420.86371,12.18,8.394090365484056,12.82
mng,Mongolia,1985,4610.62846,11.43,8.436119452078843,12.18
mng,Mongolia,1986,4973.52394,10.09,8.511883910092495,11.43
mng,Mongolia,1987,5075.29726,9.89,8.532140375593649,10.09
mng,Mongolia,1988,5260.13065,9.31,8.56791114382633,9.89
mng,Mongolia,1989,5389.21944,8.99,8.592155837089615,9.31
mng,Mongolia,1990,5205.57521,10.1,8.557485485990243,8.99
mng,Mongolia,1991,4727.38364,12.39,8.46112718679765,10.1
mng,Mongolia,1992,4364.97175,15.13,8.381366996316906,12.39
mng,Mongolia,1993,4313.96979,16.36,8.369613824142942,15.13
mng,Mongolia,1994,4451.42353,16.18,8.40097921838701,16.36
mng,Mongolia,1995,4754.97625,14.79,8.466946980224641,16.18
mng,Mongolia,1996,4879.08414,20.05,8.492712805004297,14.79
mng,Mongolia,1997,5086.85049,24.52,8.534414153787354,20.05
mng,Mongolia,1998,5269.83372,28.42,8.569754088855465,24.52
mng,Mongolia,1999,5436.94166,23.44,8.600971986906266,28.42
mng,Mongolia,2000,5499.26802,24.02,8.612370275090939,23.44
mng,Mongolia,2001,5659.42226,18.99,8.641077091782355,24.02
mng,Mongolia,2002,5913.39851,13.86,8.684975989118936,18.99
mng,Mongolia,2003,6305.11321,10.6,8.74911620382862,13.86
mng,Mongolia,2004,6950.37134,7.28,8.846550367347321,10.6
mng,Mongolia,2005,7418.6352,5.66,8.91175038393328,7.28
mng,Mongolia,2006,7996.2096,4.01,8.986722908383287,5.66
mng,Mongolia,2007,8729.25736,2.54,9.07443557763215,4.01
mng,Mongolia,2008,9378.25723,1.85,9.146149228362718,2.54
mng,Mongolia,2009,9101.86854,1.96,9.11623500549272,1.85
mng,Mongolia,2010,9507.11882,1.62,9.159796146440181,1.96
mng,Mongolia,2011,10960.09593,1.1,9.302016313200928,1.62
mng,Mongolia,2012,12078.91853,0.67,9.399216941818892,1.1
mng,Mongolia,2013,13210.09457,0.46,9.488736556461223,0.67
mng,Mongolia,2014,13943.42771,0.4,9.542763544332367,0.46
mng,Mongolia,2015,13974.59673,0.62,9.544996441077425,0.4
mng,Mongolia,2016,13898.1457,0.87,9.53951070734213,0.62
mng,Mongolia,2017,14401.53751,0.86,9.575090251392195,0.87
mng,Mongolia,2018,15230.24088,0.89,9.631038261916464,0.86
mng,Mongolia,2019,15790.69611,0.68,9.6671761917751,0.89
mng,Mongolia,2020,14801.34208,0.67,9.602473136722006,0.68
mng,Mongolia,2021,14792.25091,0.42,9.60185873547042,0.67
mng,Mongolia,2022,15310.43495,0.24,9.636289897784437,0.42
moz,Mozambique,1960,524.0759,82.81,6.261636521159925,
moz,Mozambique,1961,522.47478,82.81,6.258576714731448,82.81
moz,Mozambique,1962,532.03505,82.13,6.276709370630071,82.81
moz,Mozambique,1963,533.41775,82.13,6.279304888284607,82.13
moz,Mozambique,1964,541.79442,81.43,6.294886630594637,82.13
moz,Mozambique,1965,549.57223,81.43,6.309140211975097,81.43
moz,Mozambique,1966,557.52315,80.72,6.323504027135826,81.43
moz,Mozambique,1967,586.68307,79.24,6.374484759200481,80.72
moz,Mozambique,1968,603.17206,78.47,6.402202495992312,79.24
moz,Mozambique,1969,626.16684,76.86,6.439616853162485,78.47
moz,Mozambique,1970,615.21401,76.87,6.421970191014056,76.86
moz,Mozambique,1971,624.81015,76.87,6.437447843591988,76.87
moz,Mozambique,1972,623.87736,76.87,6.435953810591675,76.87
moz,Mozambique,1973,618.72036,76.88,6.4276534097052105,76.87
moz,Mozambique,1974,614.34664,76.88,6.42055932910354,76.88
moz,Mozambique,1975,596.24024,77.69,6.390643673095831,76.88
moz,Mozambique,1976,586.7175,77.7,6.374543443337663,77.69
moz,Mozambique,1977,560.01301,78.48,6.32796001560219,77.7
moz,Mozambique,1978,535.10606,79.99,6.282464970239116,78.48
moz,Mozambique,1979,518.79309,80.71,6.251505133155438,79.99
moz,Mozambique,1980,511.71134,80.66,6.237760676988194,80.71
moz,Mozambique,1981,549.00615,80.31,6.308109643632579,80.66
moz,Mozambique,1982,524.5937,81.92,6.262624058210834,80.31
moz,Mozambique,1983,458.64646,84.9,6.128279673622161,81.92
moz,Mozambique,1984,436.00971,86.16,6.077664513743249,84.9
moz,Mozambique,1985,425.12181,86.26,6.052375739623817,86.16
moz,Mozambique,1986,422.26559,86.85,6.045634476261517,86.26
moz,Mozambique,1987,477.06862,84.95,6.167660337984199,86.85
moz,Mozambique,1988,528.4891,83.72,6.270022180688902,84.95
moz,Mozambique,1989,571.20617,82.88,6.347750212787764,83.72
moz,Mozambique,1990,582.81382,83.02,6.367867787149026,82.88
moz,Mozambique,1991,592.47052,82.5,6.3843011164971895,83.02
moz,Mozambique,1992,532.78768,84.06,6.278122995835713,82.5
moz,Mozambique,1993,562.33844,82.82,6.332103875045872,84.06
moz,Mozambique,1994,554.76653,82.59,6.318547358574724,82.82
moz,Mozambique,1995,530.06295,83.01,6.2729957730780495,82.59
moz,Mozambique,1996,574.76896,81.76,6.3539681513549535,83.01
moz,Mozambique,1997,623.44344,81.26,6.435258047292442,81.76
moz,Mozambique,1998,672.76033,81.11,6.511389144375789,81.26
moz,Mozambique,1999,730.07918,80.78,6.593152994013877,81.11
moz,Mozambique,2000,719.34845,81.28,6.578345871757707,80.78
moz,Mozambique,2001,792.39659,80.48,6.675062011433006,81.28
moz,Mozambique,2002,847.42533,80.26,6.742202729178336,80.48
moz,Mozambique,2003,886.47313,79.43,6.787250814846213,80.26
moz,Mozambique,2004,936.22742,77.95,6.841858417050611,79.43
moz,Mozambique,2005,973.32303,76.65,6.880716020921751,77.95
moz,Mozambique,2006,1043.9713,74.51,6.9507872776432595,76.65
moz,Mozambique,2007,1096.58921,72.64,6.999959923417618,74.51
moz,Mozambique,2008,1142.8423,70.83,7.041273684022322,72.64
moz,Mozambique,2009,1179.2234,69.35,7.072611365200191,70.83
moz,Mozambique,2010,1224.23021,68.46,7.110067525452792,69.35
moz,Mozambique,2011,1275.5296,67.16,7.151116743898251,68.46
moz,Mozambique,2012,1338.51595,65.64,7.199316779213652,67.16
moz,Mozambique,2013,1385.83255,65.23,7.234056357155278,65.64
moz,Mozambique,2014,1449.92927,64.48,7.279270054914526,65.23
moz,Mozambique,2015,1512.59975,64.29,7.321585138143587,64.48
moz,Mozambique,2016,1537.90853,65.59,7.338178674954977,64.29
moz,Mozambique,2017,1532.00736,67.44,7.334334154466542,65.59
moz,Mozambique,2018,1538.83512,69.13,7.338780993596645,67.44
moz,Mozambique,2019,1528.88988,70.85,7.332297182406719,69.13
moz,Mozambique,2020,1466.12477,73.56,7.290377987965538,70.85
moz,Mozambique,2021,1457.23541,73.7,7.284296364866618,73.56
moz,Mozambique,2022,1476.6656,73.27,7.297541852023181,73.7
mrt,Mauritania,1960,1576.20345,82.26,7.362774354725681,
mrt,Mauritania,1961,1719.59454,79.45,7.449843809460073,82.26
mrt,Mauritania,1962,1737.39792,79.42,7.4601438246338985,79.45
mrt,Mauritania,1963,1678.8229,80.36,7.425848172062137,79.42
mrt,Mauritania,1964,2306.74977,67.93,7.74359478675128,80.36
mrt,Mauritania,1965,2655.99793,61.23,7.8845757312285505,67.93
mrt,Mauritania,1966,2678.26126,59.82,7.892923079371672,61.23
mrt,Mauritania,1967,2823.92441,57.01,7.945882831257723,59.82
mrt,Mauritania,1968,3150.1052,51.43,8.055191128087413,57.01
mrt,Mauritania,1969,3094.91793,52.77,8.037516667804272,51.43
mrt,Mauritania,1970,3426.01966,47.27,8.13915441733812,52.77
mrt,Mauritania,1971,3429.95017,47.23,8.140301012357664,47.27
mrt,Mauritania,1972,3415.92979,47.19,8.136205001418551,47.23
mrt,Mauritania,1973,3365.38788,48.5,8.121298504380896,47.19
mrt,Mauritania,1974,3625.10785,44.46,8.19563931857034,48.5
mrt,Mauritania,1975,3962.75918,40.54,8.284695824248406,44.46
mrt,Mauritania,1976,4192.49336,38.03,8.34105090991555,40.54
mrt,Mauritania,1977,4143.89996,38.01,8.329392642721281,38.03
mrt,Mauritania,1978,3799.33749,43.01,8.242581985777825,38.01
mrt,Mauritania,1979,4140.66097,37.96,8.328610708665295,43.01
mrt,Mauritania,1980,4126.21782,39.04,8.325116484288158,37.96
mrt,Mauritania,1981,4246.43131,38.4,8.353834217415152,39.04
mrt,Mauritania,1982,3877.29954,40.09,8.262894195455106,38.4
mrt,Mauritania,1983,3929.82591,39.82,8.276350406172211,40.09
mrt,Mauritania,1984,3801.95651,41.8,8.243271084266487,39.82
mrt,Mauritania,1985,3885.53542,41.8,8.26501607055164,41.8
mrt,Mauritania,1986,4065.12209,40.93,8.31019905597123,41.8
mrt,Mauritania,1987,4111.81262,41.24,8.321619237030552,40.93
mrt,Mauritania,1988,4115.86691,41.66,8.3226047616401,41.24
mrt,Mauritania,1989,4226.61359,40.88,8.349156381673282,41.66
mrt,Mauritania,1990,4140.43936,42.39,8.3285571867923,40.88
mrt,Mauritania,1991,4192.81643,42.74,8.341127966102679,42.39
mrt,Mauritania,1992,4197.92448,43.54,8.342345510699946,42.74
mrt,Mauritania,1993,4380.03149,42.83,8.384811192842365,43.54
mrt,Mauritania,1994,4255.53026,37.95,8.355974653689525,42.83
mrt,Mauritania,1995,4507.08771,31.4,8.413406483339983,37.95
mrt,Mauritania,1996,4800.56872,21.05,8.47648967321072,31.4
mrt,Mauritania,1997,4577.87414,23.04,8.42899000777985,21.05
mrt,Mauritania,1998,4653.4727,21.88,8.4453690370565,23.04
mrt,Mauritania,1999,4786.73173,20.78,8.47360314646011,21.88
mrt,Mauritania,2000,4556.78573,21.96,8.42437277018913,20.78
mrt,Mauritania,2001,4479.34501,22.68,8.407232111595311,21.96
mrt,Mauritania,2002,4486.13711,22.88,8.408747278589901,22.68
mrt,Mauritania,2003,4733.72513,21.03,8.46246772543933,22.88
mrt,Mauritania,2004,4896.03471,19.59,8.496180913627816,21.03
mrt,Mauritania,2005,5238.92547,17.19,8.563871693309702,19.59
mrt,Mauritania,2006,6101.8421,12.85,8.716345988180088,17.19
mrt,Mauritania,2007,5888.90125,12.85,8.68082471425244,12.85
mrt,Mauritania,2008,5746.05454,12.66,8.656268731314585,12.85
mrt,Mauritania,2009,5608.36041,12.25,8.632013693767785,12.66
mrt,Mauritania,2010,5605.76389,11.4,8.63155061346353,12.25
mrt,Mauritania,2011,5653.2172,10.3,8.639980078013956,11.4
mrt,Mauritania,2012,5716.25196,9.14,8.65106861785434,10.3
mrt,Mauritania,2013,5769.72871,8.47,8.660380341065773,9.14
mrt,Mauritania,2014,5837.85204,6.79,8.672118206796895,8.47
mrt,Mauritania,2015,5969.5424,6.4,8.694425553532644,6.79
mrt,Mauritania,2016,5866.28145,6.59,8.676976228270476,6.4
mrt,Mauritania,2017,6050.62181,5.98,8.707916324255935,6.59
mrt,Mauritania,2018,6153.63791,5.62,8.72479871599691,5.98
mrt,Mauritania,2019,6162.21045,5.55,8.72619083144586,5.62
mrt,Mauritania,2020,5963.2355,5.87,8.693368481886775,5.55
mrt,Mauritania,2021,5836.56581,6.11,8.6718978566224,5.87
mrt,Mauritania,2022,6053.26179,5.93,8.708352544584733,6.11
mus,Mauritius,1960,4442.78445,22.85,8.399036587241824,
mus,Mauritius,1961,4600.45037,21.21,8.433909484206394,22.85
mus,Mauritius,1962,5163.33911,14.7,8.549338763528493,21.21
mus,Mauritius,1963,5146.40297,14.64,8.546053297199064,14.7
mus,Mauritius,1964,5443.56648,12.47,8.60218972797744,14.64
mus,Mauritius,1965,4989.37956,15.66,8.515066844341773,12.47
mus,Mauritius,1966,4856.25569,15.59,8.488022985801242,15.66
mus,Mauritius,1967,4711.70105,16.75,8.457804278921458,15.59
mus,Mauritius,1968,4426.18001,19.34,8.395292190818745,16.75
mus,Mauritius,1969,4191.34774,22.23,8.34077761752046,19.34
mus,Mauritius,1970,4192.21312,22.17,8.34098406440324,22.23
mus,Mauritius,1971,4144.25874,22.11,8.329479219248881,22.17
mus,Mauritius,1972,4431.40819,17.73,8.39647268837386,22.11
mus,Mauritius,1973,4824.63721,14.05,8.481490821308897,17.73
mus,Mauritius,1974,5066.99593,11.93,8.530503402238958,14.05
mus,Mauritius,1975,4987.07644,11.89,8.51460513328107,11.93
mus,Mauritius,1976,5917.93373,7.01,8.685742634857577,11.89
mus,Mauritius,1977,6115.48583,5.77,8.718579493861533,7.01
mus,Mauritius,1978,6156.79523,5.73,8.725311666277914,5.77
mus,Mauritius,1979,6181.27776,5.17,8.729280286361949,5.73
mus,Mauritius,1980,5398.76295,8.22,8.593925122975438,5.17
mus,Mauritius,1981,5855.69908,7.81,8.67517066770879,8.22
mus,Mauritius,1982,6246.28979,7.06,8.739742932860258,7.81
mus,Mauritius,1983,6286.729,7.16,8.746196182634552,7.06
mus,Mauritius,1984,6594.74938,6.56,8.794029062913038,7.16
mus,Mauritius,1985,7058.08805,5.68,8.861929479362841,6.56
mus,Mauritius,1986,7711.02034,4.64,8.950405797619652,5.68
mus,Mauritius,1987,8488.25643,3.83,9.046438890723437,4.64
mus,Mauritius,1988,9128.71969,3.27,9.11918073264947,3.83
mus,Mauritius,1989,9638.43538,2.98,9.17351406945246,3.27
mus,Mauritius,1990,10441.21825,2.61,9.253516545241837,2.98
mus,Mauritius,1991,10648.63829,2.4,9.273187302868877,2.61
mus,Mauritius,1992,11055.34903,2.14,9.31066966493246,2.4
mus,Mauritius,1993,11346.14877,1.94,9.336633649910544,2.14
mus,Mauritius,1994,11533.95024,1.82,9.35305015996456,1.94
mus,Mauritius,1995,11799.63417,1.59,9.375823807430795,1.82
mus,Mauritius,1996,12198.24257,1.43,9.40904716870557,1.59
mus,Mauritius,1997,12618.1192,1.29,9.442889091708134,1.43
mus,Mauritius,1998,13126.66215,1.21,9.482400719441657,1.29
mus,Mauritius,1999,13192.41076,1.04,9.487397000807446,1.21
mus,Mauritius,2000,14021.36627,0.96,9.548337607338352,1.04
mus,Mauritius,2001,14267.12388,0.99,9.565713140051814,0.96
mus,Mauritius,2002,14295.52068,0.83,9.567701528017526,0.99
mus,Mauritius,2003,14934.18232,0.74,9.61140797990468,0.83
mus,Mauritius,2004,15390.75057,0.59,9.641521995624215,0.74
mus,Mauritius,2005,15487.53309,0.55,9.64779066249686,0.59
mus,Mauritius,2006,16086.48209,0.4,9.685734576553665,0.55
mus,Mauritius,2007,16859.11109,0.38,9.732646507152891,0.4
mus,Mauritius,2008,17638.14144,0.36,9.777818963465753,0.38
mus,Mauritius,2009,18117.4412,0.39,9.804630355497281,0.36
mus,Mauritius,2010,18819.99841,0.46,9.842675328654776,0.39
mus,Mauritius,2011,19556.04878,0.49,9.881039918070552,0.46
mus,Mauritius,2012,20183.70007,0.5,9.912630630420553,0.49
mus,Mauritius,2013,20811.49499,0.44,9.94326075678809,0.5
mus,Mauritius,2014,21568.86485,0.34,9.979006111665518,0.44
mus,Mauritius,2015,22335.28362,0.28,10.013922932160934,0.34
mus,Mauritius,2016,23182.04341,0.23,10.051133267020486,0.28
mus,Mauritius,2017,24073.23256,0.18,10.088855820056544,0.23
mus,Mauritius,2018,25024.13379,0.16,10.127595989798136,0.18
mus,Mauritius,2019,25739.3549,0.14,10.155776418675995,0.16
mus,Mauritius,2020,21994.66598,0.26,9.998555247488833,0.14
mus,Mauritius,2021,22737.57294,0.23,10.03177403073767,0.26
mus,Mauritius,2022,24788.7665,0.2,10.118145865824346,0.23
mwi,Malawi,1960,646.10422,80.54,6.470960822039462,
mwi,Malawi,1961,671.93404,78.88,6.510160180943751,80.54
mwi,Malawi,1962,627.59694,81.73,6.441898145129974,78.88
mwi,Malawi,1963,600.16935,82.66,6.3972118653911085,81.73
mwi,Malawi,1964,571.72447,83.55,6.348657179522909,82.66
mwi,Malawi,1965,652.00121,79.33,6.480046417753152,83.55
mwi,Malawi,1966,709.81971,76.4,6.5650110082123225,79.33
mwi,Malawi,1967,719.38667,75.42,6.578399001759856,76.4
mwi,Malawi,1968,699.85331,76.64,6.550870755940381,75.42
mwi,Malawi,1969,732.48838,74.53,6.596447477284167,76.64
mwi,Malawi,1970,765.91117,72.28,6.641066196958567,74.53
mwi,Malawi,1971,846.93098,68.58,6.741619203728454,72.28
mwi,Malawi,1972,901.63057,64.63,6.804204868539401,68.58
mwi,Malawi,1973,918.08011,63.34,6.82228465260826,64.63
mwi,Malawi,1974,947.51492,62.04,6.853842683534451,63.34
mwi,Malawi,1975,955.25034,60.72,6.861973442254714,62.04
mwi,Malawi,1976,967.20672,60.86,6.874412247167266,60.72
mwi,Malawi,1977,975.35108,59.51,6.882797488235146,60.86
mwi,Malawi,1978,1019.438,56.59,6.927006774040685,59.51
mwi,Malawi,1979,1020.05498,56.73,6.927611806786443,56.59
mwi,Malawi,1980,1036.86472,55.38,6.943956746489292,56.73
mwi,Malawi,1981,1000.94565,60.95,6.90870048213686,55.38
mwi,Malawi,1982,1022.4224,61.81,6.929929992616444,60.95
mwi,Malawi,1983,1052.32362,61.81,6.958755969565369,61.81
mwi,Malawi,1984,1089.60837,61.2,6.993573617083805,61.81
mwi,Malawi,1985,1126.13231,60.96,7.026544306237027,61.2
mwi,Malawi,1986,1084.04804,62.43,6.988457498360781,60.96
mwi,Malawi,1987,1054.06764,63.48,6.960411901615263,62.43
mwi,Malawi,1988,1042.80178,64.52,6.949666389000736,63.48
mwi,Malawi,1989,1038.01397,65.63,6.945064522209449,64.52
mwi,Malawi,1990,1075.74189,65.18,6.980765832763961,65.63
mwi,Malawi,1991,1130.04774,63.15,7.030015158601584,65.18
mwi,Malawi,1992,1013.61416,66.87,6.921277598917242,63.15
mwi,Malawi,1993,1093.92833,63.9,6.997530468952931,66.87
mwi,Malawi,1994,993.97596,67.34,6.901713021253445,63.9
mwi,Malawi,1995,1155.50842,61.56,7.052295716576679,67.34
mwi,Malawi,1996,1219.51113,59.33,7.106205344305594,61.56
mwi,Malawi,1997,1242.9446,58.7,7.125238520927756,59.33
mwi,Malawi,1998,1254.1082,58.21,7.134180001362172,58.7
mwi,Malawi,1999,1260.87187,59.55,7.139558720968825,58.21
mwi,Malawi,2000,1246.68825,61.27,7.128245914424827,59.55
mwi,Malawi,2001,1156.01263,65.48,7.052731974778175,61.27
mwi,Malawi,2002,1145.60656,67.14,7.04368952244697,65.48
mwi,Malawi,2003,1179.46015,67.61,7.072812112774655,67.14
mwi,Malawi,2004,1210.29196,67.6,7.098616898741414,67.61
mwi,Malawi,2005,1215.72811,68.04,7.103098443775303,67.6
mwi,Malawi,2006,1237.46547,68.49,7.120820591023246,68.04
mwi,Malawi,2007,1318.03456,68.15,7.183896936266473,68.49
mwi,Malawi,2008,1377.884,67.9,7.228304268059299,68.15
mwi,Malawi,2009,1449.27141,67.9,7.278816233269251,67.9
mwi,Malawi,2010,1504.37514,68.03,7.316132901599235,67.9
mwi,Malawi,2011,1533.2289,67.11,7.335131182793922,68.03
mwi,Malawi,2012,1518.14804,67.84,7.325246476257164,67.11
mwi,Malawi,2013,1555.50607,66.66,7.349556218612302,67.84
mwi,Malawi,2014,1597.56484,64.42,7.376235773847408,66.66
mwi,Malawi,2015,1597.69145,64.74,7.376315022576508,64.42
mwi,Malawi,2016,1593.59549,65.31,7.373748056756048,64.74
mwi,Malawi,2017,1613.05936,66.04,7.385887878440009,65.31
mwi,Malawi,2018,1638.91666,67.48,7.401790729372926,66.04
mwi,Malawi,2019,1687.28945,68.93,7.430878644591845,67.48
mwi,Malawi,2020,1656.43985,69.92,7.412425909580521,68.93
mwi,Malawi,2021,1687.59358,69.8,7.431058876023938,69.92
mwi,Malawi,2022,1659.95934,70.44,7.414548387074703,69.8
mys,Malaysia,1960,2898.57836,34.99,7.971975675087464,
mys,Malaysia,1961,3001.42011,33.79,8.006840825646012,34.99
mys,Malaysia,1962,3071.71125,32.6,8.029990095709211,33.79
mys,Malaysia,1963,3132.36046,31.43,8.049542139888162,32.6
mys,Malaysia,1964,3211.19955,30.28,8.074399837907535,31.43
mys,Malaysia,1965,3336.40336,28.0,8.112648667440443,30.28
mys,Malaysia,1966,3419.9485,26.89,8.13738077146374,28.0
mys,Malaysia,1967,3395.26127,26.92,8.130135994321869,26.89
mys,Malaysia,1968,3565.33975,24.75,8.17901462985027,26.92
mys,Malaysia,1969,3651.05795,23.75,8.202772253893409,24.75
mys,Malaysia,1970,3761.14914,22.76,8.232479812031372,23.75
mys,Malaysia,1971,4164.93063,19.01,8.334454899000054,22.76
mys,Malaysia,1972,4393.21452,17.31,8.387816475016622,19.01
mys,Malaysia,1973,4840.83939,14.02,8.484843412359785,17.31
mys,Malaysia,1974,5082.81576,12.5,8.533620670478756,14.02
mys,Malaysia,1975,4986.49036,12.51,8.51448760662036,12.5
mys,Malaysia,1976,5432.85087,10.36,8.600219297251547,12.51
mys,Malaysia,1977,5703.18826,9.0,8.648780641307823,10.36
mys,Malaysia,1978,5968.19604,7.72,8.694199989869565,9.0
mys,Malaysia,1979,6312.30438,6.5,8.750256083796506,7.72
mys,Malaysia,1980,6616.35607,5.36,8.797300054783724,6.5
mys,Malaysia,1981,7256.73514,5.09,8.889685301436957,5.36
mys,Malaysia,1982,7752.60107,4.45,8.955783687974433,5.09
mys,Malaysia,1983,8210.29954,3.84,9.013144686555586,4.45
mys,Malaysia,1984,8815.51639,3.08,9.084268673944315,3.84
mys,Malaysia,1985,8643.48823,3.25,9.064561510645017,3.08
mys,Malaysia,1986,8626.28393,3.14,9.06256909227007,3.25
mys,Malaysia,1987,9005.60026,2.31,9.105601913911519,3.14
mys,Malaysia,1988,9864.40667,2.1,9.196688271691016,2.31
mys,Malaysia,1989,10809.46591,1.72,9.28817750238216,2.1
mys,Malaysia,1990,11691.29277,1.83,9.366599636033527,1.72
mys,Malaysia,1991,12495.76091,1.69,9.433144738573759,1.83
mys,Malaysia,1992,13293.57097,2.37,9.495035811627021,1.69
mys,Malaysia,1993,14283.56269,2.5,9.566864692871833,2.37
mys,Malaysia,1994,15248.72556,2.56,9.63225120870734,2.5
mys,Malaysia,1995,16369.07855,2.58,9.70314937983771,2.56
mys,Malaysia,1996,17597.75535,1.14,9.7755266359609,2.58
mys,Malaysia,1997,18456.55072,0.84,9.823174639026949,1.14
mys,Malaysia,1998,16709.54592,2.2,9.723735447072999,0.84
mys,Malaysia,1999,17340.61007,2.44,9.760806432529934,2.2
mys,Malaysia,2000,18455.11576,1.83,9.82309688799929,2.44
mys,Malaysia,2001,18132.46258,2.04,9.805459123537657,1.83
mys,Malaysia,2002,18678.23787,2.23,9.835114374892136,2.04
mys,Malaysia,2003,19314.02394,2.07,9.868586740041472,2.23
mys,Malaysia,2004,20166.7395,1.67,9.911789966914549,2.07
mys,Malaysia,2005,20777.09389,1.23,9.941606403573788,1.67
mys,Malaysia,2006,21466.88772,1.01,9.974266920886844,1.23
mys,Malaysia,2007,22333.7585,0.95,10.013854646837219,1.01
mys,Malaysia,2008,22924.91822,0.97,10.039979729833679,0.95
mys,Malaysia,2009,22122.93767,0.89,10.004370252876193,0.97
mys,Malaysia,2010,23307.96985,0.48,10.056550634714847,0.89
mys,Malaysia,2011,24115.81812,0.23,10.090623257699948,0.48
mys,Malaysia,2012,25006.35878,0.13,10.126885422708556,0.23
mys,Malaysia,2013,25736.35256,0.07,10.15565976792357,0.13
mys,Malaysia,2014,26818.43173,0.06,10.19684468122593,0.07
mys,Malaysia,2015,27699.62789,0.05,10.229174258511192,0.06
mys,Malaysia,2016,28425.37076,0.04,10.25503736198134,0.05
mys,Malaysia,2017,29551.54576,0.03,10.293891331449204,0.04
mys,Malaysia,2018,30459.96553,0.02,10.32416849480045,0.03
mys,Malaysia,2019,31300.50866,0.01,10.351389627514408,0.02
mys,Malaysia,2020,29200.45263,0.02,10.28193948916363,0.01
mys,Malaysia,2021,29822.84918,0.01,10.303030129696827,0.02
nam,Namibia,1960,6169.07897,52.82,8.727304830229992,
nam,Namibia,1961,6074.92594,53.15,8.711925077187937,52.82
nam,Namibia,1962,6737.19133,50.03,8.815398400438644,53.15
nam,Namibia,1963,7136.64152,48.58,8.872997569322303,50.03
nam,Namibia,1964,7965.72649,45.52,8.982903428479784,48.58
nam,Namibia,1965,8201.64025,44.9,9.012089443736718,45.52
nam,Namibia,1966,8345.07437,45.12,9.029426747979532,44.9
nam,Namibia,1967,7942.00957,46.1,8.97992161667662,45.12
nam,Namibia,1968,7878.56501,47.1,8.971901060938787,46.1
nam,Namibia,1969,8044.37031,46.52,8.99272778538739,47.1
nam,Namibia,1970,8145.76693,46.68,9.005253676210529,46.52
nam,Namibia,1971,8289.07519,45.98,9.022693684608413,46.68
nam,Namibia,1972,8170.2316,46.03,9.008252535065482,45.98
nam,Namibia,1973,8213.11879,46.17,9.013488007290775,46.03
nam,Namibia,1974,8516.66762,45.56,9.049780418901113,46.17
nam,Namibia,1975,8434.27018,46.05,9.040058468415177,45.56
nam,Namibia,1976,8300.3902,47.05,9.02405780472785,46.05
nam,Namibia,1977,8102.38028,48.08,8.999913159220025,47.05
nam,Namibia,1978,8163.80706,47.28,9.007465890627444,48.08
nam,Namibia,1979,8269.82904,47.43,9.020369115494509,47.28
nam,Namibia,1980,8610.28502,47.07,9.060712700242048,47.43
nam,Namibia,1981,8542.5507,47.68,9.052814919002563,47.07
nam,Namibia,1982,8301.69494,48.44,9.024214982575293,47.68
nam,Namibia,1983,7921.5849,49.77,8.977346578424772,48.44
nam,Namibia,1984,7684.77688,50.65,8.946996622369703,49.77
nam,Namibia,1985,7494.76676,51.37,8.921960290639538,50.65
nam,Namibia,1986,7626.03249,50.91,8.939323000833296,51.37
nam,Namibia,1987,7649.49945,50.82,8.942395493307307,50.91
nam,Namibia,1988,7409.20299,51.62,8.910478153800828,50.82
nam,Namibia,1989,7247.86039,52.95,8.88846158567196,51.62
nam,Namibia,1990,7106.51469,54.09,8.86876720429858,52.95
nam,Namibia,1991,7444.25558,52.83,8.915197950864318,54.09
nam,Namibia,1992,7773.36625,51.75,8.95845858634996,52.83
nam,Namibia,1993,7424.18899,53.11,8.912498730769178,51.75
nam,Namibia,1994,7429.94553,53.56,8.913273806594757,53.11
nam,Namibia,1995,7511.34524,53.31,8.924169855214947,53.56
nam,Namibia,1996,7550.04541,53.18,8.929308856794519,53.31
nam,Namibia,1997,7672.08911,52.6,8.945344231459325,53.18
nam,Namibia,1998,7729.62505,52.5,8.952815634583548,52.6
nam,Namibia,1999,7795.76623,40.13,8.961336074287665,52.5
nam,Namibia,2000,7874.98348,39.84,8.971446365913856,40.13
nam,Namibia,2001,7796.34528,40.03,8.961410349025874,39.84
nam,Namibia,2002,8027.2393,39.03,8.9905959495721,40.03
nam,Namibia,2003,8225.77575,38.39,9.01502788729551,39.03
nam,Namibia,2004,9116.47953,35.01,9.11783899209748,38.39
nam,Namibia,2005,9234.0936,34.37,9.130657739467802,35.01
nam,Namibia,2006,9764.89304,33.15,9.186548889845772,34.37
nam,Namibia,2007,10156.50296,31.7,9.225869465032748,33.15
nam,Namibia,2008,10283.26448,29.34,9.238273045019021,31.7
nam,Namibia,2009,10165.05149,25.82,9.226710791470179,29.34
nam,Namibia,2010,10614.62016,28.0,9.269987590171635,25.82
nam,Namibia,2011,10965.27298,25.34,9.302488556118934,28.0
nam,Namibia,2012,11266.60895,22.75,9.329598670008814,25.34
nam,Namibia,2013,11593.57538,20.71,9.358206377113078,22.75
nam,Namibia,2014,11982.69636,20.17,9.391218918130896,20.71
nam,Namibia,2015,12166.56584,17.45,9.406446963744846,20.17
nam,Namibia,2016,11846.78808,15.03,9.379812061721836,17.45
nam,Namibia,2017,11408.72531,16.45,9.342133719700335,15.03
nam,Namibia,2018,11214.38604,16.93,9.324952700917207,16.45
nam,Namibia,2019,10813.30447,16.72,9.288532550322165,16.93
nam,Namibia,2020,9652.24827,18.96,9.174946148544242,16.72
nam,Namibia,2021,9709.09931,17.43,9.180818797971659,18.96
nam,Namibia,2022,9953.09752,15.17,9.205639090248901,17.43
ner,Niger,1960,1566.53136,70.48,7.35661912934284,
ner,Niger,1961,1600.71537,68.81,7.3782059145556556,70.48
ner,Niger,1962,1725.02123,65.32,7.452994636636103,68.81
ner,Niger,1963,1851.29718,59.74,7.523641850740041,65.32
ner,Niger,1964,1804.4037,61.63,7.497985456075256,59.74
ner,Niger,1965,1884.98791,57.8,7.541676686068439,61.63
ner,Niger,1966,1821.37944,59.72,7.507349427049804,57.8
ner,Niger,1967,1791.01078,59.73,7.490535421026406,59.72
ner,Niger,1968,1765.52302,61.62,7.476202254082644,59.73
ner,Niger,1969,1649.58879,65.3,7.408281317652796,61.62
ner,Niger,1970,1669.1507,65.3,7.42007021317459,65.3
ner,Niger,1971,1717.11546,61.61,7.448401103831727,65.3
ner,Niger,1972,1585.07994,67.08,7.368390120370793,61.61
ner,Niger,1973,1278.86274,79.34,7.153726477602474,67.08
ner,Niger,1974,1353.2125,76.65,7.210236674227176,79.34
ner,Niger,1975,1279.08388,78.04,7.153899381914723,76.65
ner,Niger,1976,1251.55257,79.37,7.1321401155829065,78.04
ner,Niger,1977,1309.94812,76.66,7.177742812357541,79.37
ner,Niger,1978,1443.68788,72.13,7.2749561465045955,76.66
ner,Niger,1979,1501.98173,68.81,7.314540668468476,72.13
ner,Niger,1980,1468.95174,70.65,7.2923043233537665,68.81
ner,Niger,1981,1504.26652,73.09,7.316060696257209,70.65
ner,Niger,1982,1520.42153,73.46,7.326742897762003,73.09
ner,Niger,1983,1461.11534,76.08,7.286955354562081,73.46
ner,Niger,1984,1202.83122,82.82,7.092433406879948,76.08
ner,Niger,1985,1255.96251,81.53,7.135657497856547,82.82
ner,Niger,1986,1306.08461,80.56,7.17478909334278,81.53
ner,Niger,1987,1275.32123,81.46,7.15095337095773,80.56
ner,Niger,1988,1351.60939,80.33,7.209051302137695,81.46
ner,Niger,1989,1359.23639,80.51,7.214678343101154,80.33
ner,Niger,1990,1336.25617,82.31,7.197627079728034,80.51
ner,Niger,1991,1303.37703,82.88,7.172713890603509,82.31
ner,Niger,1992,1263.14087,83.61,7.141356652156148,82.88
ner,Niger,1993,1235.6913,84.51,7.119385849541539,83.61
ner,Niger,1994,1228.6173,84.92,7.113644669698572,84.51
ner,Niger,1995,1197.61746,84.52,7.08808941215746,84.92
ner,Niger,1996,1175.80142,85.08,7.069705253655807,84.52
ner,Niger,1997,1156.896,84.3,7.0534958355130914,85.08
ner,Niger,1998,1239.94734,82.88,7.122824189955367,84.3
ner,Niger,1999,1202.00557,83.05,7.091746749027844,82.88
ner,Niger,2000,1148.48705,83.6,7.0462007464887435,83.05
ner,Niger,2001,1194.89312,82.12,7.085812021035132,83.6
ner,Niger,2002,1214.9214,81.27,7.102434662324048,82.12
ner,Niger,2003,1207.39718,81.05,7.096222230762447,81.27
ner,Niger,2004,1171.01571,81.23,7.065626779391585,81.05
ner,Niger,2005,1216.43613,79.83,7.103680657762628,81.23
ner,Niger,2006,1245.65818,78.53,7.127419327842601,79.83
ner,Niger,2007,1241.91548,78.26,7.1244102086480225,78.53
ner,Niger,2008,1293.68022,68.37,7.165246319327184,78.26
ner,Niger,2009,1273.85258,74.32,7.1498011151509795,68.37
ner,Niger,2010,1336.5641,64.07,7.197857495521283,74.32
ner,Niger,2011,1318.10131,59.81,7.183947578572718,64.07
ner,Niger,2012,1403.18971,55.98,7.246503288352718,59.81
ner,Niger,2013,1423.26169,53.14,7.260706481393104,55.98
ner,Niger,2014,1462.82123,52.97,7.288122199432147,53.14
ner,Niger,2015,1471.66135,53.14,7.294147211679394,52.97
ner,Niger,2016,1500.00859,53.72,7.313226113740571,53.14
ner,Niger,2017,1520.00154,53.68,7.3264666269977035,53.72
ner,Niger,2018,1574.33838,50.8,7.361590386812537,53.68
ner,Niger,2019,1612.63735,49.57,7.385626223337036,50.8
ner,Niger,2020,1615.69272,50.14,7.387519072485668,49.57
ner,Niger,2021,1585.59922,52.21,7.368717671648256,50.14
ner,Niger,2022,1717.51892,47.79,7.448636040047473,52.21
nga,Nigeria,1960,2195.32862,61.53,7.6940870272874555,
nga,Nigeria,1961,2180.44439,61.5,7.68728398363268,61.53
nga,Nigeria,1962,2250.17804,60.03,7.718764620956829,61.5
nga,Nigeria,1963,2409.52003,55.56,7.787182848973829,60.03
nga,Nigeria,1964,2456.0585,55.55,7.806313108201601,55.56
nga,Nigeria,1965,2470.26044,54.05,7.812078865359027,55.55
nga,Nigeria,1966,2323.55434,58.5,7.750853335383041,54.05
nga,Nigeria,1967,1919.89684,67.01,7.560026734411697,58.5
nga,Nigeria,1968,1872.0682,68.34,7.534799087997853,67.01
nga,Nigeria,1969,2254.25509,59.94,7.720574860334659,68.34
nga,Nigeria,1970,2779.17632,48.07,7.9299098750130055,59.94
nga,Nigeria,1971,3073.08552,42.21,8.030437391225842,48.07
nga,Nigeria,1972,3170.49556,40.78,8.061643182729076,42.21
nga,Nigeria,1973,3337.47885,37.97,8.112970965609774,40.78
nga,Nigeria,1974,3633.39275,33.88,8.197922132626422,37.97
nga,Nigeria,1975,3512.51022,36.62,8.16408622324631,33.88
nga,Nigeria,1976,3742.59967,32.61,8.227535747869688,36.62
nga,Nigeria,1977,3877.26487,31.33,8.262885253624678,32.61
nga,Nigeria,1978,3627.71466,33.98,8.196358158748396,31.33
nga,Nigeria,1979,3598.29491,35.34,8.188215376132078,33.98
nga,Nigeria,1980,3589.93327,35.29,8.185888893565838,35.34
nga,Nigeria,1981,3373.47617,38.73,8.123698996162288,35.29
nga,Nigeria,1982,3158.16222,42.25,8.057745561450702,38.73
nga,Nigeria,1983,2816.47893,47.24,7.943242777390756,42.25
nga,Nigeria,1984,2702.14073,48.66,7.901799600805585,47.24
nga,Nigeria,1985,2835.54653,47.41,7.94998997712371,48.66
nga,Nigeria,1986,2798.80932,49.16,7.936949362864768,47.41
nga,Nigeria,1987,2793.34152,49.97,7.934993835591314,49.16
nga,Nigeria,1988,2961.45526,49.38,7.99343606839372,49.97
nga,Nigeria,1989,2996.97103,50.62,8.005357400936944,49.38
nga,Nigeria,1990,3225.87858,48.8,8.078960620035106,50.62
nga,Nigeria,1991,3185.47925,50.38,8.066358027644258,48.8
nga,Nigeria,1992,3266.66491,50.98,8.091524838235307,50.38
nga,Nigeria,1993,3181.41615,53.53,8.065081706832842,50.98
nga,Nigeria,1994,3090.00444,55.58,8.035927806783963,53.53
nga,Nigeria,1995,3049.41546,57.34,8.022705198774762,55.58
nga,Nigeria,1996,3121.99204,56.59,8.046226551424466,57.34
nga,Nigeria,1997,3156.20944,57.14,8.05712704224803,56.59
nga,Nigeria,1998,3177.71792,57.29,8.063918582930683,57.14
nga,Nigeria,1999,3134.04569,57.98,8.050080001622716,57.29
nga,Nigeria,2000,3226.14641,57.1,8.079043642032252,57.98
nga,Nigeria,2001,3345.83079,55.84,8.115470309437178,57.1
nga,Nigeria,2002,3767.95512,51.85,8.234287724797294,55.84
nga,Nigeria,2003,3957.28466,50.21,8.28331337713511,51.85
nga,Nigeria,2004,4220.82992,47.15,8.347787051201434,50.21
nga,Nigeria,2005,4379.91111,45.52,8.384783708644008,47.15
nga,Nigeria,2006,4525.52325,43.97,8.41748848480789,45.52
nga,Nigeria,2007,4694.80547,42.52,8.454211957344144,43.97
nga,Nigeria,2008,4872.93098,40.51,8.491450878983708,42.52
nga,Nigeria,2009,5113.47496,38.14,8.539634483392383,40.51
nga,Nigeria,2010,5359.51848,35.69,8.586629414208472,38.14
nga,Nigeria,2011,5488.00482,34.7,8.610320047685219,35.69
nga,Nigeria,2012,5563.64168,34.41,8.624008151257145,34.7
nga,Nigeria,2013,5775.86635,32.95,8.66144354145454,34.41
nga,Nigeria,2014,5980.19182,31.7,8.6962079233533,32.95
nga,Nigeria,2015,5985.09435,31.62,8.697027382278844,31.7
nga,Nigeria,2016,5744.55788,32.32,8.656008229967266,31.62
nga,Nigeria,2017,5651.73413,31.82,8.639717702712158,32.32
nga,Nigeria,2018,5628.74079,31.23,8.635641035371938,31.82
nga,Nigeria,2019,5628.17765,30.71,8.635540983123452,31.23
nga,Nigeria,2020,5410.69355,32.47,8.59613256140578,30.71
nga,Nigeria,2021,5491.70034,32.21,8.610993202398518,32.47
nga,Nigeria,2022,5552.83765,32.08,8.622064364365448,32.21
nic,Nicaragua,1960,4544.11015,16.56,8.421587200864227,
nic,Nicaragua,1961,4743.09403,15.77,8.46444495068634,16.56
nic,Nicaragua,1962,5152.25169,13.29,8.547189119463598,15.77
nic,Nicaragua,1963,5516.57468,11.74,8.61551241767784,13.29
nic,Nicaragua,1964,6016.6566,9.04,8.702287001961324,11.74
nic,Nicaragua,1965,6457.29589,7.93,8.772965916262935,9.04
nic,Nicaragua,1966,6521.29857,7.94,8.782828802267463,7.93
nic,Nicaragua,1967,6767.75945,6.96,8.819925358396734,7.94
nic,Nicaragua,1968,6631.50028,7.47,8.799586344157131,6.96
nic,Nicaragua,1969,6893.19874,7.02,8.83829051461857,7.47
nic,Nicaragua,1970,6770.69502,7.03,8.820359022379948,7.02
nic,Nicaragua,1971,6912.08798,7.06,8.841027038990847,7.03
nic,Nicaragua,1972,6951.99391,6.62,8.84678379093794,7.06
nic,Nicaragua,1973,7120.69645,6.64,8.870760815633583,6.62
nic,Nicaragua,1974,7811.88119,5.07,8.963401083227563,6.64
nic,Nicaragua,1975,7769.72857,5.45,8.957990509675586,5.07
nic,Nicaragua,1976,7941.96972,5.1,8.979916599042276,5.45
nic,Nicaragua,1977,8214.19437,4.78,9.013618957494385,5.1
nic,Nicaragua,1978,7462.19263,5.88,8.917604568242869,4.78
nic,Nicaragua,1979,5347.19361,13.06,8.584327143382406,5.88
nic,Nicaragua,1980,5424.42236,13.15,8.598666695320183,13.06
nic,Nicaragua,1981,5568.12213,12.77,8.624813136040945,13.15
nic,Nicaragua,1982,5396.69381,13.18,8.593541787638854,12.77
nic,Nicaragua,1983,5529.1504,12.36,8.617789447993648,13.18
nic,Nicaragua,1984,5333.08988,13.09,8.58168606401193,12.36
nic,Nicaragua,1985,5018.38446,15.23,8.520863340173243,13.09
nic,Nicaragua,1986,4876.42619,15.73,8.492167892441888,15.23
nic,Nicaragua,1987,4753.86746,15.76,8.466713767851225,15.73
nic,Nicaragua,1988,4087.02628,18.85,8.315572913687964,15.76
nic,Nicaragua,1989,3942.20937,20.15,8.27949659893542,18.85
nic,Nicaragua,1990,3847.98763,21.36,8.255305597123465,20.15
nic,Nicaragua,1991,3759.13593,21.97,8.231944404123466,21.36
nic,Nicaragua,1992,3704.23524,22.53,8.217232103468636,21.97
nic,Nicaragua,1993,3629.90864,23.44,8.196962758898099,22.53
nic,Nicaragua,1994,3695.31013,22.57,8.214819762201182,23.44
nic,Nicaragua,1995,3863.21974,21.31,8.25925624429985,22.57
nic,Nicaragua,1996,4061.52062,20.48,8.309312719420138,21.31
nic,Nicaragua,1997,4181.25497,19.15,8.338366712515594,20.48
nic,Nicaragua,1998,4297.84996,18.9,8.365870167332993,19.15
nic,Nicaragua,1999,4562.03785,18.26,8.425524699609564,18.9
nic,Nicaragua,2000,4710.4306,18.66,8.457534605336988,18.26
nic,Nicaragua,2001,4812.59182,19.07,8.478991057894548,18.66
nic,Nicaragua,2002,4813.51285,19.04,8.47918241878961,19.07
nic,Nicaragua,2003,4898.9078,19.51,8.496767561294092,19.04
nic,Nicaragua,2004,5119.93712,18.14,8.540897436708137,19.51
nic,Nicaragua,2005,5290.82139,17.74,8.573728785010584,18.14
nic,Nicaragua,2006,5451.78121,17.02,8.603697661783745,17.74
nic,Nicaragua,2007,5664.51335,15.78,8.641976265094241,17.02
nic,Nicaragua,2008,5789.17233,7.87,8.663744612162446,15.78
nic,Nicaragua,2009,5530.86828,8.79,8.61810009484941,7.87
nic,Nicaragua,2010,5701.1279,8.09,8.648419311440515,8.79
nic,Nicaragua,2011,5976.25284,6.62,8.69554903515459,8.09
nic,Nicaragua,2012,6275.78769,5.19,8.744454284408821,6.62
nic,Nicaragua,2013,6494.14961,4.17,8.778656990586514,5.19
nic,Nicaragua,2014,6712.2175,3.51,8.811684652270413,4.17
nic,Nicaragua,2015,6939.03286,3.23,8.84491768644101,3.51
nic,Nicaragua,2016,7158.758,3.52,8.876091781220975,3.23
nic,Nicaragua,2017,7391.19684,3.13,8.908044954820996,3.52
nic,Nicaragua,2018,7049.02753,3.32,8.860644947284763,3.13
nic,Nicaragua,2019,6756.59376,3.53,8.818274160389182,3.32
nic,Nicaragua,2020,6523.36985,4.21,8.783146369560201,3.53
nic,Nicaragua,2021,7119.16923,2.99,8.870546316418467,4.21
nic,Nicaragua,2022,7277.82265,3.14,8.892587009916971,2.99
nld,Netherlands,1960,16060.59518,1.56,9.684124046589897,
nld,Netherlands,1961,15948.34964,1.57,9.677110632013118,1.56
nld,Netherlands,1962,16609.0466,1.46,9.717702801802812,1.57
nld,Netherlands,1963,16890.81628,1.41,9.734525337822896,1.46
nld,Netherlands,1964,18027.25532,1.3,9.799640076101385,1.41
nld,Netherlands,1965,18655.77164,1.2,9.833910848509264,1.3
nld,Netherlands,1966,18843.07231,1.2,9.843900608614463,1.2
nld,Netherlands,1967,19547.60291,1.1,9.880607944596655,1.2
nld,Netherlands,1968,20561.71593,1.0,9.93118617571689,1.1
nld,Netherlands,1969,21612.51339,0.9,9.981027749540226,1.0
nld,Netherlands,1970,22540.84559,0.86,10.02308430197439,0.9
nld,Netherlands,1971,23132.34491,0.82,10.048987129680523,0.86
nld,Netherlands,1972,23467.99013,0.78,10.063392649472966,0.82
nld,Netherlands,1973,24361.57903,0.71,10.100762540330622,0.78
nld,Netherlands,1974,25042.5241,0.68,10.128330622849438,0.71
nld,Netherlands,1975,24732.97199,0.68,10.115892530811909,0.68
nld,Netherlands,1976,25591.46082,0.65,10.150014013104819,0.68
nld,Netherlands,1977,25902.22695,0.63,10.162084226616818,0.65
nld,Netherlands,1978,26234.06192,0.63,10.174813918668105,0.63
nld,Netherlands,1979,26509.36599,0.6,10.185253383116283,0.63
nld,Netherlands,1980,26844.31232,0.58,10.19780924584016,0.6
nld,Netherlands,1981,27832.68275,0.62,10.233966247646158,0.58
nld,Netherlands,1982,28279.12642,0.64,10.249879229151496,0.62
nld,Netherlands,1983,29298.31594,0.63,10.285285316902812,0.64
nld,Netherlands,1984,30755.09239,0.57,10.333810865702336,0.63
nld,Netherlands,1985,32093.51149,0.5,10.37640915441831,0.57
nld,Netherlands,1986,33303.31758,0.42,10.41341229803312,0.5
nld,Netherlands,1987,34227.05632,0.23,10.440771730747684,0.42
nld,Netherlands,1988,36211.62555,0.52,10.497135494047004,0.23
nld,Netherlands,1989,38700.79736,0.41,10.563615482423193,0.52
nld,Netherlands,1990,41198.9813,0.43,10.626168809303776,0.41
nld,Netherlands,1991,42034.43255,1.02,10.646244384013547,0.43
nld,Netherlands,1992,42586.51213,1.1,10.659292865457155,1.02
nld,Netherlands,1993,42973.58321,1.21,10.66834086193564,1.1
nld,Netherlands,1994,44128.29525,0.59,10.69485647133388,1.21
nld,Netherlands,1995,45424.09257,0.86,10.723797916620152,0.59
nld,Netherlands,1996,46917.03019,0.32,10.756136005580897,0.86
nld,Netherlands,1997,48802.08149,0.22,10.79552824441521,0.32
nld,Netherlands,1998,50882.05071,0.36,10.837265502036692,0.22
nld,Netherlands,1999,53228.5099,0.22,10.88234943216235,0.36
nld,Netherlands,2000,55211.00112,0.23,10.91891750806062,0.22
nld,Netherlands,2001,56177.87032,0.24,10.936278191787336,0.23
nld,Netherlands,2002,56063.70601,0.25,10.934243930453833,0.24
nld,Netherlands,2003,55971.60417,0.26,10.932599772721776,0.25
nld,Netherlands,2004,57000.49232,0.27,10.950815183972368,0.26
nld,Netherlands,2005,58119.36479,0.13,10.970254188340254,0.27
nld,Netherlands,2006,60160.42039,0.05,11.004769946464998,0.13
nld,Netherlands,2007,62432.47586,0.03,11.041840865446584,0.05
nld,Netherlands,2008,63566.68986,0.14,11.059844867786616,0.03
nld,Netherlands,2009,60980.28095,0.12,11.01830582777991,0.14
nld,Netherlands,2010,61518.55401,0.04,11.027094099514477,0.12
nld,Netherlands,2011,62318.14162,0.11,11.040007860138516,0.04
nld,Netherlands,2012,61480.8126,0.07,11.026480414871626,0.11
nld,Netherlands,2013,61281.28881,0.08,11.023229835688092,0.07
nld,Netherlands,2014,62045.85638,0.08,11.035629009676121,0.08
nld,Netherlands,2015,63081.39414,0.06,11.052181141974156,0.08
nld,Netherlands,2016,64267.73636,0.05,11.070813016957763,0.06
nld,Netherlands,2017,65666.00366,0.18,11.092336622452821,0.05
nld,Netherlands,2018,66758.26401,0.1,11.1088333739925,0.18
nld,Netherlands,2019,67847.85429,0.08,11.125023040444606,0.1
nld,Netherlands,2020,64862.19225,0.03,11.08002017901259,0.08
nld,Netherlands,2021,68573.56488,0.07,11.13566238784347,0.03
nld,Netherlands,2022,71324.03603,0.07,11.174988660813364,0.07
nor,Norway,1960,15117.56935,0.76,9.623612879535555,
nor,Norway,1961,15926.7078,0.68,9.675752714878929,0.76
nor,Norway,1962,16232.21526,0.64,9.694753142876564,0.68
nor,Norway,1963,16712.3702,0.62,9.723904454738303,0.64
nor,Norway,1964,17401.71625,0.57,9.764324115395974,0.62
nor,Norway,1965,18169.55055,0.53,9.807502425255993,0.57
nor,Norway,1966,18689.52798,0.52,9.835718644913996,0.53
nor,Norway,1967,19674.49724,0.47,9.887078519718962,0.52
nor,Norway,1968,19928.82635,0.44,9.899922522862703,0.47
nor,Norway,1969,20639.89913,0.42,9.934981332471153,0.44
nor,Norway,1970,20892.76656,0.41,9.947158280439647,0.42
nor,Norway,1971,21845.20641,0.37,9.991736790185024,0.41
nor,Norway,1972,22795.95452,0.36,10.034338365866043,0.37
nor,Norway,1973,23635.41254,0.33,10.070501397697388,0.36
nor,Norway,1974,24428.20926,0.32,10.103493860705548,0.33
nor,Norway,1975,25513.43481,0.3,10.146960447701113,0.32
nor,Norway,1976,26857.90925,0.28,10.198315628253887,0.3
nor,Norway,1977,27852.7205,0.27,10.2346859246062,0.28
nor,Norway,1978,28754.18945,0.27,10.26653875560937,0.27
nor,Norway,1979,29904.62554,0.25,10.305768447748363,0.27
nor,Norway,1980,31197.84967,0.24,10.34810445058909,0.25
nor,Norway,1981,33192.31728,0.25,10.41007372089688,0.24
nor,Norway,1982,34380.69534,0.25,10.445250503863205,0.25
nor,Norway,1983,36492.44245,0.22,10.504860461967112,0.25
nor,Norway,1984,39526.85296,0.18,10.58473554168722,0.22
nor,Norway,1985,42495.10269,0.11,10.657144117449397,0.18
nor,Norway,1986,44714.46458,0.04,10.708052320650669,0.11
nor,Norway,1987,46207.62058,0.1,10.740900011086515,0.04
nor,Norway,1988,47157.03355,0.15,10.761238450849325,0.1
nor,Norway,1989,48982.26959,0.2,10.799213666508987,0.15
nor,Norway,1990,51326.55588,0.22,10.845963555699463,0.2
nor,Norway,1991,53377.72691,0.24,10.885148838874606,0.22
nor,Norway,1992,55669.60022,0.28,10.927189499905136,0.24
nor,Norway,1993,57591.47119,0.3,10.96112976610254,0.28
nor,Norway,1994,60822.99932,0.3,11.015723274714539,0.3
nor,Norway,1995,63662.03669,0.3,11.061343693569677,0.3
nor,Norway,1996,67142.00851,0.3,11.114565185338286,0.3
nor,Norway,1997,70898.35414,0.29,11.169002498428489,0.3
nor,Norway,1998,72897.93906,0.27,11.19681564681523,0.29
nor,Norway,1999,74386.38911,0.22,11.217028262015349,0.27
nor,Norway,2000,76788.74651,0.17,11.248813378581513,0.22
nor,Norway,2001,78367.82866,0.18,11.269168773397933,0.17
nor,Norway,2002,79347.25467,0.19,11.281589127624471,0.18
nor,Norway,2003,79881.05934,0.19,11.28829404908428,0.19
nor,Norway,2004,82786.9453,0.25,11.324025662483908,0.19
nor,Norway,2005,84553.41831,0.2,11.345138782959507,0.25
nor,Norway,2006,85988.98405,0.15,11.361974474589246,0.2
nor,Norway,2007,87562.62169,0.15,11.380109492828575,0.15
nor,Norway,2008,86795.5118,0.22,11.371310191938298,0.15
nor,Norway,2009,83883.37384,0.07,11.337182706429187,0.22
nor,Norway,2010,83256.78807,0.13,11.329684942896996,0.07
nor,Norway,2011,83092.43422,0.09,11.327708932414762,0.13
nor,Norway,2012,84237.14957,0.13,11.341391309222077,0.09
nor,Norway,2013,84070.45839,0.14,11.339410516594555,0.13
nor,Norway,2014,84830.2558,0.11,11.348407548239884,0.14
nor,Norway,2015,85550.29426,0.16,11.356859718940374,0.11
nor,Norway,2016,85787.61744,0.28,11.359629956179964,0.16
nor,Norway,2017,87194.11154,0.28,11.37589207940593,0.28
nor,Norway,2018,87338.4708,0.22,11.377546318299144,0.28
nor,Norway,2019,87725.72833,0.18,11.381970502839293,0.22
nor,Norway,2020,86096.05089,0.19,11.363218822813398,0.18
nor,Norway,2021,88984.13867,0.18,11.396213415640695,0.19
nor,Norway,2022,91051.0832,0.17,11.41917598184501,0.18
npl,Nepal,1960,1171.85458,78.8,7.06634288394029,
npl,Nepal,1961,1175.30843,77.37,7.069285885749859,78.8
npl,Nepal,1962,1175.92858,77.37,7.069813395321836,77.37
npl,Nepal,1963,1177.53764,77.37,7.071180791409394,77.37
npl,Nepal,1964,1198.87501,75.86,7.0891389043892685,77.37
npl,Nepal,1965,1184.55351,75.86,7.077121197757873,75.86
npl,Nepal,1966,1236.8427,72.6,7.120317201816758,75.86
npl,Nepal,1967,1185.36747,75.86,7.0778081067635945,72.6
npl,Nepal,1968,1165.18152,75.86,7.0606321650213015,75.86
npl,Nepal,1969,1190.85086,74.26,7.082423339012209,75.86
npl,Nepal,1970,1195.72137,74.26,7.0865049391418395,74.26
npl,Nepal,1971,1151.66081,75.87,7.048960362137228,74.26
npl,Nepal,1972,1157.86243,75.87,7.054330851421126,75.87
npl,Nepal,1973,1122.88614,75.87,7.0236575604619755,75.87
npl,Nepal,1974,1163.27868,74.26,7.058997745482078,75.87
npl,Nepal,1975,1149.87321,74.26,7.047406963105165,74.26
npl,Nepal,1976,1168.68356,72.58,7.063633231928218,74.26
npl,Nepal,1977,1171.85307,72.58,7.066341595383674,72.58
npl,Nepal,1978,1190.26645,70.81,7.081932468605043,72.58
npl,Nepal,1979,1184.51095,70.81,7.077085267963033,70.81
npl,Nepal,1980,1124.98321,74.1,7.025523390082705,70.81
npl,Nepal,1981,1248.70519,71.54,7.129862445435037,74.1
npl,Nepal,1982,1306.97091,72.64,7.175467456299254,71.54
npl,Nepal,1983,1264.06575,72.46,7.142088590759008,72.64
npl,Nepal,1984,1380.67498,68.99,7.230327774515067,72.46
npl,Nepal,1985,1457.33184,66.96,7.284362535925141,68.99
npl,Nepal,1986,1505.59064,66.28,7.316940552021142,66.96
npl,Nepal,1987,1519.12271,64.6,7.325888282743107,66.28
npl,Nepal,1988,1636.14176,61.95,7.4000961637755145,64.6
npl,Nepal,1989,1711.59365,60.31,7.445180174556813,61.95
npl,Nepal,1990,1793.20863,61.28,7.491761824895178,60.31
npl,Nepal,1991,1858.70408,60.58,7.527634792694482,61.28
npl,Nepal,1992,1881.16598,59.74,7.539647065705799,60.58
npl,Nepal,1993,1900.36545,58.71,7.549801488764424,59.74
npl,Nepal,1994,2004.84966,57.14,7.603324354385697,58.71
npl,Nepal,1995,2025.49153,55.07,7.613567680950467,57.14
npl,Nepal,1996,2087.95592,53.24,7.643940837668575,55.07
npl,Nepal,1997,2150.13721,50.46,7.6732869376900394,53.24
npl,Nepal,1998,2172.48237,47.77,7.683625742031821,50.46
npl,Nepal,1999,2227.62481,45.24,7.708691189200628,47.77
npl,Nepal,2000,2326.07294,41.5,7.751936691142401,45.24
npl,Nepal,2001,2401.67725,40.91,7.783922626417843,41.5
npl,Nepal,2002,2368.99727,43.18,7.770222051773149,40.91
npl,Nepal,2003,2428.772,40.8,7.795141058808113,43.18
npl,Nepal,2004,2511.46651,37.29,7.828622128440631,40.8
npl,Nepal,2005,2570.84456,33.47,7.851989746472789,37.29
npl,Nepal,2006,2634.01895,28.12,7.876266076658516,33.47
npl,Nepal,2007,2702.77225,23.26,7.902033284494929,28.12
npl,Nepal,2008,2848.10016,17.69,7.954407440452794,23.26
npl,Nepal,2009,2959.22635,12.92,7.992683144912231,17.69
npl,Nepal,2010,3085.31407,9.82,8.034408736668194,12.92
npl,Nepal,2011,3176.65041,7.52,8.063582590443433,9.82
npl,Nepal,2012,3316.50074,6.13,8.106665512092375,7.52
npl,Nepal,2013,3426.55796,4.79,8.13931152610243,6.13
npl,Nepal,2014,3621.73169,3.67,8.194707557841921,4.79
npl,Nepal,2015,3745.26182,3.35,8.228246805390109,3.67
npl,Nepal,2016,3743.74458,2.74,8.227841614116468,3.35
npl,Nepal,2017,4071.70432,1.82,8.311816942627308,2.74
npl,Nepal,2018,4371.38572,1.23,8.382835336222733,1.82
npl,Nepal,2019,4607.52455,1.13,8.43544601779891,1.23
npl,Nepal,2020,4412.54204,1.18,8.392206228674919,1.13
npl,Nepal,2021,4546.2297,0.91,8.422053531072644,1.18
npl,Nepal,2022,4763.38751,0.71,8.468714355879017,0.91
nru,Nauru,2004,7328.33621,19.19,8.899503785487092,
nru,Nauru,2005,7240.16555,21.59,8.887399351140438,19.19
nru,Nauru,2006,7730.48873,24.71,8.95292736467987,21.59
nru,Nauru,2007,6123.69092,15.86,8.719920285223045,24.71
nru,Nauru,2008,7415.60076,10.13,8.911341270845082,15.86
nru,Nauru,2009,7007.89149,10.96,8.854792148763476,10.13
nru,Nauru,2010,6966.78567,9.94,8.848909230957082,10.96
nru,Nauru,2011,7926.22136,6.25,8.97793170169751,9.94
nru,Nauru,2012,9766.46483,3.88,9.186709840253199,6.25
nru,Nauru,2013,9882.09256,2.75,9.198479565886824,3.88
nru,Nauru,2014,11264.07883,2.33,9.329374076775323,2.75
nru,Nauru,2015,11344.10275,2.67,9.336453306382511,2.33
nru,Nauru,2016,11630.96039,2.66,9.361425820779118,2.67
nru,Nauru,2017,10763.82305,3.2,9.28394607265556,2.66
nru,Nauru,2018,10490.85563,2.24,9.258259264317571,3.2
nru,Nauru,2019,11273.14078,1.85,9.330178253212805,2.24
nru,Nauru,2020,11441.25845,1.61,9.34498126325438,1.85
nru,Nauru,2021,12196.64515,1.44,9.408916205200379,1.61
nru,Nauru,2022,12458.74051,1.44,9.43017770456772,1.44
nzl,New Zealand,1960,18228.2555,0.11,9.81072816918262,
nzl,New Zealand,1961,18654.90658,0.1,9.833864477870003,0.11
nzl,New Zealand,1962,18530.08903,0.1,9.827151123908985,0.1
nzl,New Zealand,1963,19197.93638,0.09,9.862558072031128,0.1
nzl,New Zealand,1964,19660.65875,0.07,9.886374900260865,0.09
nzl,New Zealand,1965,20467.16361,0.03,9.926577105791248,0.07
nzl,New Zealand,1966,21270.49602,0.02,9.965076228091624,0.03
nzl,New Zealand,1967,19835.47578,0.03,9.895227319552607,0.02
nzl,New Zealand,1968,19468.61423,0.03,9.876558921205579,0.03
nzl,New Zealand,1969,21102.29416,0.02,9.957137041515788,0.03
nzl,New Zealand,1970,20493.28379,0.02,9.927852491447343,0.02
nzl,New Zealand,1971,20953.91919,0.02,9.95008098136257,0.02
nzl,New Zealand,1972,21399.05348,0.01,9.971101970125229,0.02
nzl,New Zealand,1973,22400.98792,0.01,10.016860340442026,0.01
nzl,New Zealand,1974,23157.93431,0.01,10.050092735567452,0.01
nzl,New Zealand,1975,22346.07074,0.01,10.014405778769506,0.01
nzl,New Zealand,1976,22382.77775,0.01,10.016047091679614,0.01
nzl,New Zealand,1977,21207.32824,0.01,9.96210207262752,0.01
nzl,New Zealand,1978,21150.18481,0.01,9.959403922497714,0.01
nzl,New Zealand,1979,21469.92372,0.01,9.974408338002053,0.01
nzl,New Zealand,1980,21521.14485,0.01,9.976791212210127,0.01
nzl,New Zealand,1981,23304.36286,0.01,10.056395869235521,0.01
nzl,New Zealand,1982,24445.75391,0.01,10.104211815608963,0.01
nzl,New Zealand,1983,24929.34275,0.01,10.12380081235138,0.01
nzl,New Zealand,1984,26690.52768,0.01,10.192064012903769,0.01
nzl,New Zealand,1991,28729.70919,0.01,10.26568702975016,0.01
nzl,New Zealand,1992,28738.24334,0.01,10.265984035287579,0.01
omn,Oman,1960,1984.33597,71.69,7.593039613226209,
omn,Oman,1961,1958.76217,72.82,7.5800680067970685,71.69
omn,Oman,1962,2300.66227,65.24,7.740952303947735,72.82
omn,Oman,1963,2340.28151,64.28,7.758026504534675,65.24
omn,Oman,1964,2281.39321,65.5,7.732541592346711,64.28
omn,Oman,1965,2233.16792,65.77,7.7111764482963085,65.5
omn,Oman,1966,2291.40929,64.67,7.736922317741261,65.77
omn,Oman,1967,3709.38908,42.07,8.21862247357853,64.67
omn,Oman,1968,6561.04151,17.64,8.788904636104318,42.07
omn,Oman,1969,8017.94474,7.8,8.989437401185686,17.64
omn,Oman,1970,8054.07703,7.8,8.99393370555737,7.8
omn,Oman,1971,7869.94596,7.72,8.970806474805917,7.8
omn,Oman,1972,8312.96356,6.87,9.025571450025751,7.72
omn,Oman,1973,6903.65131,9.92,8.839805725983762,6.87
omn,Oman,1974,7935.97377,7.28,8.979161343767714,9.92
omn,Oman,1975,9666.82977,4.15,9.176455692916779,7.28
omn,Oman,1976,10559.91994,3.12,9.26482097579212,4.15
omn,Oman,1977,10972.48201,2.68,9.303145782007617,3.12
omn,Oman,1978,11307.41225,2.39,9.333213740985826,2.68
omn,Oman,1979,11248.06428,2.39,9.327951328827858,2.39
omn,Oman,1980,11378.86356,2.12,9.33951283977629,2.39
omn,Oman,1981,13204.92037,1.34,9.488344794421494,2.12
omn,Oman,1982,15079.45026,0.9,9.621088185990288,1.34
omn,Oman,1983,16998.17824,0.52,9.740861454943117,0.9
omn,Oman,1984,19003.07437,0.31,9.85235605400629,0.52
omn,Oman,1985,22051.8013,0.14,10.001149569148392,0.31
omn,Oman,1986,21818.62239,0.14,9.990519122196885,0.14
omn,Oman,1987,21215.81784,0.11,9.962502306975878,0.14
omn,Oman,1988,22647.153,0.13,10.027789427646617,0.11
omn,Oman,1989,23078.74382,0.12,10.046667291931117,0.13
omn,Oman,1990,26933.16211,0.09,10.201113598518889,0.12
omn,Oman,1991,28072.10718,0.09,10.24253173529509,0.09
omn,Oman,1992,29900.85522,0.09,10.305642361645315,0.09
omn,Oman,1993,31206.06475,0.08,10.348367737920464,0.09
omn,Oman,1994,32212.28841,0.07,10.380103286370945,0.08
omn,Oman,1995,33914.8592,0.07,10.431608521816203,0.07
omn,Oman,1996,35112.65838,0.06,10.466316982046683,0.07
omn,Oman,1997,37467.24815,0.05,10.531222447670977,0.06
omn,Oman,1998,37836.64788,0.05,10.541033432561022,0.05
omn,Oman,1999,38091.55917,0.04,10.547747992475786,0.05
omn,Oman,2000,40524.4461,0.04,10.60966067840436,0.04
omn,Oman,2001,42340.35105,0.03,10.653495835868465,0.04
omn,Oman,2002,41867.99254,0.04,10.642276912795719,0.03
omn,Oman,2003,40743.64932,0.04,10.615055261615954,0.04
omn,Oman,2004,41072.01082,0.04,10.6230821665507,0.04
omn,Oman,2005,41481.61379,0.04,10.633005566842218,0.04
omn,Oman,2006,42653.91573,0.03,10.660874359490936,0.04
omn,Oman,2007,43898.2691,0.03,10.689630170039935,0.03
omn,Oman,2008,46798.95737,0.03,10.753616203238767,0.03
omn,Oman,2009,48443.3598,0.02,10.788150555294763,0.03
omn,Oman,2010,48191.61451,0.02,10.782940312082088,0.02
omn,Oman,2011,44440.30926,0.03,10.701902202775257,0.02
omn,Oman,2012,41964.08286,0.03,10.644569361399041,0.03
omn,Oman,2013,40854.48535,0.04,10.617771894750113,0.03
omn,Oman,2014,39639.98705,0.04,10.58759366175366,0.04
omn,Oman,2015,39813.78871,0.04,10.591968581272585,0.04
omn,Oman,2016,39860.98939,0.04,10.593153415084425,0.04
omn,Oman,2017,38691.10771,0.05,10.563365077680167,0.04
omn,Oman,2018,38673.60454,0.05,10.562912593083778,0.05
omn,Oman,2019,38292.38597,0.05,10.553006355666547,0.05
omn,Oman,2020,37560.59987,0.04,10.53371090417443,0.05
omn,Oman,2021,38719.45877,0.09,10.5640975632453,0.04
omn,Oman,2022,39780.21228,0.15,10.59112488874365,0.09
pak,Pakistan,1960,1198.75564,93.53,7.089039331087519,
pak,Pakistan,1961,1229.25695,93.1,7.1141651601300415,93.53
pak,Pakistan,1962,1272.18008,92.14,7.148487306206696,93.1
pak,Pakistan,1963,1311.87072,91.63,7.17920942806362,92.14
pak,Pakistan,1964,1362.65073,90.52,7.217187147941562,91.63
pak,Pakistan,1965,1398.21184,89.93,7.242949442072356,90.52
pak,Pakistan,1966,1460.30077,88.65,7.2863977003352,89.93
pak,Pakistan,1967,1467.68077,88.68,7.291438726398731,88.65
pak,Pakistan,1968,1510.37452,87.99,7.320112925545551,88.68
pak,Pakistan,1969,1562.68262,86.45,7.354159251580995,87.99
pak,Pakistan,1970,1674.52865,83.71,7.4232870016728425,86.45
pak,Pakistan,1971,1635.21897,84.68,7.399532000969491,83.71
pak,Pakistan,1972,1598.44019,85.6,7.376783551472081,84.68
pak,Pakistan,1973,1654.15232,83.72,7.411043963241866,85.6
pak,Pakistan,1974,1669.58005,83.74,7.420327406721788,83.72
pak,Pakistan,1975,1675.93358,82.7,7.424125650185137,83.74
pak,Pakistan,1976,1702.08928,81.57,7.43961176369175,82.7
pak,Pakistan,1977,1710.84724,81.57,7.444743988784246,81.57
pak,Pakistan,1978,1785.46192,79.1,7.4874324394477885,81.57
pak,Pakistan,1979,1794.67564,79.1,7.492579582643954,79.1
pak,Pakistan,1980,1888.25767,76.3,7.543409815147442,79.1
pak,Pakistan,1981,2046.43709,74.09,7.6238555551716685,76.3
pak,Pakistan,1982,2200.47243,72.95,7.696427357201969,74.09
pak,Pakistan,1983,2327.42856,72.1,7.752519314802604,72.95
pak,Pakistan,1984,2399.59577,71.06,7.783055572983585,72.1
pak,Pakistan,1985,2581.70245,69.46,7.8562043246419995,71.06
pak,Pakistan,1986,2697.30457,68.15,7.900008245944281,69.46
pak,Pakistan,1987,2814.82106,67.15,7.942653971945888,68.15
pak,Pakistan,1988,2978.67554,66.72,7.999234031037994,67.15
pak,Pakistan,1989,3117.72366,66.38,8.04485841836488,66.72
pak,Pakistan,1990,3250.23643,65.33,8.086483020370105,66.38
pak,Pakistan,1991,3326.05597,54.18,8.10954248763293,65.33
pak,Pakistan,1992,3465.33893,41.8,8.150565722136214,54.18
pak,Pakistan,1993,3448.67151,41.02,8.145744366301866,41.8
pak,Pakistan,1994,3486.92639,31.62,8.1567759366163,41.02
pak,Pakistan,1995,3559.07166,31.94,8.177255020176835,31.62
pak,Pakistan,1996,3612.50494,25.47,8.1921566998938,31.94
pak,Pakistan,1997,3554.79376,24.86,8.176052326489764,25.47
pak,Pakistan,1998,3550.16665,28.02,8.174749825029615,24.86
pak,Pakistan,1999,3582.29593,29.87,8.183759195065218,28.02
pak,Pakistan,2000,3621.88037,31.64,8.194748609184481,29.87
pak,Pakistan,2001,3640.97303,33.26,8.200006240842313,31.64
pak,Pakistan,2002,3646.92199,32.6,8.201638800396195,33.26
pak,Pakistan,2003,3751.99908,27.96,8.230044064923527,32.6
pak,Pakistan,2004,3939.02923,22.74,8.278689583608516,27.96
pak,Pakistan,2005,4114.79452,20.23,8.322344177478016,22.74
pak,Pakistan,2006,4248.39333,18.34,8.354296150443327,20.23
pak,Pakistan,2007,4306.74362,16.09,8.367937356929897,18.34
pak,Pakistan,2008,4268.21132,13.56,8.35895012384823,16.09
pak,Pakistan,2009,4288.37383,12.1,8.36366287945437,13.56
pak,Pakistan,2010,4228.78177,12.06,8.349669232925107,12.1
pak,Pakistan,2011,4246.06711,10.14,8.353748447602262,12.06
pak,Pakistan,2012,4292.0211,9.76,8.364513019861525,10.14
pak,Pakistan,2013,4407.14706,8.52,8.390982833924443,9.76
pak,Pakistan,2014,4520.23463,7.52,8.416319180771072,8.52
pak,Pakistan,2015,4645.28631,6.48,8.44360828766915,7.52
pak,Pakistan,2016,4886.61212,5.72,8.494254524363711,6.48
pak,Pakistan,2017,5031.56061,5.43,8.523485475410345,5.72
pak,Pakistan,2018,5255.06351,5.4,8.566947368870752,5.43
pak,Pakistan,2019,5295.95295,5.75,8.574698213513937,5.4
pak,Pakistan,2020,5135.01459,5.7,8.543837963643918,5.75
pak,Pakistan,2021,5367.27365,4.94,8.588075358393313,5.7
pak,Pakistan,2022,5526.27928,4.29,8.617270043475207,4.94
pan,Panama,1960,4022.75652,26.96,8.299722648119749,
pan,Panama,1961,4315.88566,24.28,8.370057833904767,26.96
pan,Panama,1962,4529.27135,22.61,8.418316355649724,24.28
pan,Panama,1963,4786.37923,21.01,8.473529502688168,22.61
pan,Panama,1964,4835.90162,20.3,8.483822868268865,21.01
pan,Panama,1965,5098.38877,18.85,8.536679841345846,20.3
pan,Panama,1966,5304.64344,17.47,8.57633783672516,18.85
pan,Panama,1967,5568.91705,16.14,8.624955888524527,17.47
pan,Panama,1968,5778.69278,15.54,8.661932773458041,16.14
pan,Panama,1969,6046.73866,14.31,8.707274341214593,15.54
pan,Panama,1970,6588.63284,11.94,8.793101146186238,14.31
pan,Panama,1971,7013.28137,10.86,8.855560968935556,11.94
pan,Panama,1972,7128.14012,10.37,8.871805626645427,10.86
pan,Panama,1973,7302.82943,9.89,8.896017145192346,10.37
pan,Panama,1974,7265.22915,9.92,8.890855117144946,9.89
pan,Panama,1975,7186.77903,9.96,8.879998371204769,9.92
pan,Panama,1976,7112.57168,9.99,8.869619156415437,9.96
pan,Panama,1977,6993.57185,10.03,8.852746698992279,9.99
pan,Panama,1978,7503.96807,8.56,8.923187235613042,10.03
pan,Panama,1979,7646.17007,8.11,8.941960157011863,8.56
pan,Panama,1980,8595.3159,6.35,9.058972671068242,8.11
pan,Panama,1981,9652.89078,5.37,9.175012712167387,6.35
pan,Panama,1982,10248.4616,5.79,9.234882885497374,5.37
pan,Panama,1983,9928.54243,7.43,9.20316896177388,5.79
pan,Panama,1984,10188.97743,8.11,9.229061770837864,7.43
pan,Panama,1985,10693.95358,8.53,9.277433774747433,8.11
pan,Panama,1986,11035.50457,9.16,9.308873042158416,8.53
pan,Panama,1987,10978.63555,10.46,9.303706440492942,9.16
pan,Panama,1988,9663.9655,13.58,9.176159350217892,10.46
pan,Panama,1989,9892.55939,14.29,9.199538176779592,13.58
pan,Panama,1990,10780.16822,14.71,9.285463449164983,14.29
pan,Panama,1991,11590.47243,14.86,9.35793869736673,14.71
pan,Panama,1992,12324.44566,12.31,9.419340021023134,14.86
pan,Panama,1993,12772.66302,10.86,9.45506246448228,12.31
pan,Panama,1994,12911.09719,10.63,9.465842467835953,10.86
pan,Panama,1995,12911.65928,9.69,9.465886002305307,10.63
pan,Panama,1996,12169.10436,13.18,9.406655589189583,9.69
pan,Panama,1997,12837.61701,10.63,9.460134968898293,13.18
pan,Panama,1998,13638.82564,9.85,9.52067583091672,10.63
pan,Panama,1999,14067.06567,8.22,9.551591576119586,9.85
pan,Panama,2000,14371.4668,9.21,9.573000047628685,8.22
pan,Panama,2001,14249.01225,12.72,9.564442867504873,9.21
pan,Panama,2002,14350.55017,9.65,9.571543559825654,12.72
pan,Panama,2003,14811.56391,9.49,9.603163499931172,9.65
pan,Panama,2004,15741.34696,8.93,9.66404609391357,9.49
pan,Panama,2005,16743.71687,8.23,9.725778354642213,8.93
pan,Panama,2006,18075.76479,9.15,9.802327358165032,8.23
pan,Panama,2007,20109.67673,7.06,9.908956407550471,9.15
pan,Panama,2008,21790.55657,4.53,9.989231970063129,7.06
pan,Panama,2009,21786.09268,2.64,9.989027094741486,4.53
pan,Panama,2010,22739.11062,3.86,10.031841655721736,2.64
pan,Panama,2011,24999.46059,2.77,10.126609527217564,3.86
pan,Panama,2012,26926.88528,3.78,10.200880519257634,2.77
pan,Panama,2013,28135.3279,2.57,10.244781286322302,3.78
pan,Panama,2014,28931.80445,3.19,10.272696768994305,2.57
pan,Panama,2015,29933.15557,1.88,10.306722026963122,3.19
pan,Panama,2016,30765.23716,1.94,10.334140667904833,1.88
pan,Panama,2017,31979.81227,2.02,10.372860116139321,1.94
pan,Panama,2018,32681.44636,1.65,10.394562806256506,2.02
pan,Panama,2019,33163.72691,1.22,10.409211994670786,1.65
pan,Panama,2020,26881.79871,1.96,10.199204708692934,1.22
pan,Panama,2021,30932.76278,1.44,10.33957118532401,1.96
pan,Panama,2022,33833.02651,1.46,10.429192720084798,1.44
per,Peru,1960,5617.89644,6.61,8.633712573888022,
per,Peru,1961,5885.14077,5.87,8.680185939544234,6.61
per,Peru,1962,6124.17058,5.2,8.719998610733215,5.87
per,Peru,1963,6167.95818,5.21,8.727123135064538,5.2
per,Peru,1964,6363.76966,4.91,8.758376194585178,5.21
per,Peru,1965,6520.72576,4.62,8.782740961609315,4.91
per,Peru,1966,6828.2803,4.09,8.828828134624171,4.62
per,Peru,1967,6856.28956,3.83,8.832921693924852,4.09
per,Peru,1968,6590.56457,4.37,8.793394294540228,3.83
per,Peru,1969,6564.44603,4.38,8.789423400845967,4.37
per,Peru,1970,6787.32166,3.86,8.822811689127205,4.38
per,Peru,1971,6857.22655,3.87,8.833058345968565,3.86
per,Peru,1972,6848.13155,3.63,8.831731127625387,3.87
per,Peru,1973,7000.41137,3.4,8.853724193453587,3.63
per,Peru,1974,7260.21824,3.19,8.890165167973091,3.4
per,Peru,1975,7456.14071,2.98,8.916793228236708,3.19
per,Peru,1976,7319.4815,2.99,8.898294771113225,2.98
per,Peru,1977,7097.61199,3.21,8.867513667017993,2.99
per,Peru,1978,6774.90059,3.68,8.82097997257752,3.21
per,Peru,1979,6884.21706,3.45,8.836986687920913,3.68
per,Peru,1980,7026.32556,3.23,8.857419168216833,3.45
per,Peru,1981,7541.53177,3.13,8.928180592889216,3.23
per,Peru,1982,7584.39154,3.36,8.933847669711929,3.13
per,Peru,1983,6728.41036,4.09,8.81409419265843,3.36
per,Peru,1984,6978.01555,4.09,8.850519850176452,4.09
per,Peru,1985,7083.96092,4.07,8.865588482230251,4.09
per,Peru,1986,7800.6709,4.25,8.961965021799305,4.07
per,Peru,1987,8363.7629,5.01,9.031663712466186,4.25
per,Peru,1988,7612.07774,4.31,8.937491441185749,5.01
per,Peru,1989,6648.82787,10.48,8.802195857963879,4.31
per,Peru,1990,6341.64348,13.5,8.754893237813306,10.48
per,Peru,1991,6350.52887,15.13,8.756293375032772,13.5
per,Peru,1992,6190.31921,17.17,8.730741933008153,15.13
per,Peru,1993,6386.83311,18.42,8.761993823581877,17.17
per,Peru,1994,7034.32533,18.29,8.858557063030629,18.42
per,Peru,1995,7413.87861,17.28,8.911109010498677,18.29
per,Peru,1996,7482.29794,22.15,8.920295235018763,17.28
per,Peru,1997,7824.40453,20.58,8.965002914110167,22.15
per,Peru,1998,7656.30693,19.54,8.943285022454594,20.58
per,Peru,1999,7639.87921,19.92,8.941137071826159,19.54
per,Peru,2000,7724.22627,19.21,8.952116937526375,19.92
per,Peru,2001,7663.7208,20.35,8.944252888924476,19.21
per,Peru,2002,7981.43617,18.29,8.98487364542893,20.35
per,Peru,2003,8220.07656,15.44,9.014334801875465,18.29
per,Peru,2004,8537.15543,16.85,9.052183143474531,15.44
per,Peru,2005,8986.11141,18.71,9.103435487728188,16.85
per,Peru,2006,9578.48689,16.21,9.167274913813923,18.71
per,Peru,2007,10310.62675,13.83,9.240930365658004,16.21
per,Peru,2008,11168.72285,11.32,9.320872548015025,13.83
per,Peru,2009,11212.67064,9.38,9.324799724980345,11.32
per,Peru,2010,12059.01802,7.43,9.397568042422071,9.38
per,Peru,2011,12726.59998,6.87,9.451449568681713,7.43
per,Peru,2012,13395.39938,6.4,9.50266659713707,6.87
per,Peru,2013,14052.13762,5.72,9.550529806961444,6.4
per,Peru,2014,14244.56602,5.15,9.564130781041463,5.72
per,Peru,2015,14542.79309,5.13,9.584850829613114,5.15
per,Peru,2016,14917.44895,4.85,9.610286877235195,5.13
per,Peru,2017,15069.52211,4.73,9.62042957977068,4.85
per,Peru,2018,15386.26016,3.83,9.641230192754128,4.73
per,Peru,2019,15463.54324,3.28,9.646240483462805,3.83
per,Peru,2020,13609.59996,6.39,9.518530702120213,3.28
per,Peru,2021,15280.55121,3.05,9.63433613602274,6.39
per,Peru,2022,15559.82164,2.93,9.65244733494175,3.05
phl,Philippines,1960,2763.68961,49.12,7.924321881186656,
phl,Philippines,1961,2813.10969,47.48,7.942045801686242,49.12
phl,Philippines,1962,2842.28541,45.87,7.952363729371227,47.48
phl,Philippines,1963,2928.50034,44.26,7.982245741630223,45.87
phl,Philippines,1964,2920.10473,44.23,7.979374761057498,44.26
phl,Philippines,1965,2962.76331,42.61,7.993877662506361,44.23
phl,Philippines,1966,2980.73986,40.98,7.999926823852056,42.61
phl,Philippines,1967,3025.89061,40.96,8.014960743661826,40.98
phl,Philippines,1968,3063.62246,39.34,8.027353305252852,40.96
phl,Philippines,1969,3094.3746,37.75,8.037341096848865,39.34
phl,Philippines,1970,3098.11694,37.72,8.038549767197923,37.75
phl,Philippines,1971,3154.21325,36.13,8.056494377792843,37.72
phl,Philippines,1972,3211.79897,34.56,8.074586485934892,36.13
phl,Philippines,1973,3380.31653,31.53,8.125724632021365,34.56
phl,Philippines,1974,3382.15411,31.5,8.126268096131762,31.53
phl,Philippines,1975,3451.22109,30.02,8.146483386534163,31.5
phl,Philippines,1976,3628.88686,27.14,8.196681230094388,30.02
phl,Philippines,1977,3704.27549,25.76,8.217242969350178,27.14
phl,Philippines,1978,3766.20769,24.39,8.233823856395349,25.76
phl,Philippines,1979,3844.76122,23.05,8.254466778580941,24.39
phl,Philippines,1980,3907.62066,21.72,8.270683940897577,23.05
phl,Philippines,1981,4128.96035,22.37,8.325780923030585,21.72
phl,Philippines,1982,4303.8766,21.89,8.367271430426882,22.37
phl,Philippines,1983,4361.14099,22.01,8.380488997061057,21.89
phl,Philippines,1984,4017.37695,25.48,8.298384468642295,22.01
phl,Philippines,1985,3694.18579,28.7,8.214515454567522,25.48
phl,Philippines,1986,3766.67637,28.32,8.2339482921352,28.7
phl,Philippines,1987,3887.5802,27.58,8.26554218649977,28.32
phl,Philippines,1988,4145.28966,26.08,8.32972794691306,27.58
phl,Philippines,1989,4410.47403,25.16,8.391737452460196,26.08
phl,Philippines,1990,4553.02619,25.6,8.423547387569501,25.16
phl,Philippines,1991,4433.42834,27.16,8.396928455387302,25.6
phl,Philippines,1992,4355.54139,27.25,8.379204196141128,27.16
phl,Philippines,1993,4352.64175,26.73,8.378538238601983,27.25
phl,Philippines,1994,4449.2787,25.66,8.40049727213466,26.73
phl,Philippines,1995,4556.37461,23.68,8.424282544628527,25.66
phl,Philippines,1996,4714.91525,20.66,8.458486220356702,23.68
phl,Philippines,1997,4845.58875,18.64,8.485824033970134,20.66
phl,Philippines,1998,4703.30194,18.58,8.456020081457678,18.64
phl,Philippines,1999,4737.47636,17.41,8.463259859404618,18.58
phl,Philippines,2000,4827.84656,15.22,8.482155800436496,17.41
phl,Philippines,2001,4861.25528,15.38,8.489051971609763,15.22
phl,Philippines,2002,4934.5461,15.04,8.504015971953669,15.38
phl,Philippines,2003,5076.67025,14.52,8.532410863064579,15.04
phl,Philippines,2004,5298.45613,15.06,8.57517076087881,14.52
phl,Philippines,2005,5447.69536,15.44,8.602947928497903,15.06
phl,Philippines,2006,5630.26197,15.89,8.63591125113468,15.44
phl,Philippines,2007,5882.26257,14.1,8.679696757695998,15.89
phl,Philippines,2008,6016.67532,12.7,8.70229011331903,14.1
phl,Philippines,2009,5980.50897,12.23,8.696260955362987,12.7
phl,Philippines,2010,6273.03928,12.53,8.744016249833873,12.23
phl,Philippines,2011,6388.31297,13.49,8.762225501559936,12.53
phl,Philippines,2012,6697.55621,13.62,8.809497994067383,13.49
phl,Philippines,2013,7016.53846,12.07,8.856025278541521,13.62
phl,Philippines,2014,7340.36159,10.73,8.901143383337962,12.07
phl,Philippines,2015,7691.76309,8.86,8.947905306702374,10.73
phl,Philippines,2016,8131.82538,7.7,9.003540701325358,8.86
phl,Philippines,2017,8584.13623,6.62,9.057671154408276,7.7
phl,Philippines,2018,9016.2866,5.61,9.10678784314695,6.62
phl,Philippines,2019,9452.29397,5.32,9.154012739177372,5.61
phl,Philippines,2020,8455.18457,7.66,9.042535090780992,5.32
phl,Philippines,2021,8857.78995,7.32,9.089052571174214,7.66
phl,Philippines,2022,9457.10395,6.34,9.154521478812985,7.32
plw,Palau,1960,20497.26003,0.37,9.928046499120427,
plw,Palau,1961,21565.88266,0.23,9.978867838455315,0.37
plw,Palau,1962,22688.47876,0.16,10.029612531013303,0.23
plw,Palau,1963,23869.77514,0.09,10.080368299095795,0.16
plw,Palau,1964,25111.91909,0.05,10.131097876551005,0.09
plw,Palau,1965,26419.57032,0.01,10.181860314507276,0.05
plw,Palau,1980,21086.4982,0.28,9.956388218908904,0.01
plw,Palau,1981,18533.00928,0.48,9.827308706525615,0.28
plw,Palau,1982,18688.92761,0.5,9.835686521061335,0.48
plw,Palau,1983,17957.03023,0.69,9.79573697350654,0.5
plw,Palau,1984,17845.8446,0.7,9.789525964588496,0.69
plw,Palau,1985,15760.98465,1.24,9.665292839252093,0.7
plw,Palau,1986,15307.30429,1.38,9.636085398034382,1.24
plw,Palau,1987,14803.53359,1.6,9.60262118733559,1.38
plw,Palau,1988,17543.65298,0.72,9.772447509920337,1.6
plw,Palau,1989,17855.17668,0.71,9.790048755247023,0.72
plw,Palau,1990,18619.06658,0.52,9.831941419606732,0.71
plw,Palau,1991,18600.36004,0.54,9.830936216503195,0.52
plw,Palau,1992,16973.22674,0.84,9.739392483936381,0.54
plw,Palau,1993,14510.58014,1.86,9.582633327160295,0.84
plw,Palau,1994,15174.67372,1.43,9.627383114543333,1.86
plw,Palau,1995,16396.83946,1.11,9.704843879386544,1.43
plw,Palau,1996,17623.41584,0.76,9.776983742222454,1.11
plw,Palau,1997,17568.19465,0.75,9.773845424052066,0.76
plw,Palau,1998,17506.77883,0.84,9.77034344662071,0.75
plw,Palau,1999,16221.85322,1.28,9.694114576383216,0.84
plw,Palau,2000,15586.24569,1.44,9.654144117784973,1.28
plw,Palau,2001,16425.81813,1.13,9.706609652157994,1.44
plw,Palau,2002,17071.35331,0.95,9.745157092669425,1.13
plw,Palau,2003,16377.65552,1.13,9.703673216515762,0.95
plw,Palau,2004,16893.73505,0.97,9.73469812508171,1.13
plw,Palau,2005,17474.70511,0.77,9.768509691995392,0.97
plw,Palau,2006,17615.35108,0.76,9.776526021317569,0.77
plw,Palau,2007,18177.88694,0.63,9.807961131053256,0.76
plw,Palau,2008,17436.43087,0.75,9.766317024569362,0.63
plw,Palau,2009,16420.39584,1.11,9.706279489902204,0.75
plw,Palau,2010,16530.84558,0.97,9.712983343771707,1.11
plw,Palau,2011,17682.60864,0.73,9.780336872818884,0.97
plw,Palau,2012,18219.69799,0.6,9.810258594935625,0.73
plw,Palau,2013,17783.62931,0.71,9.7860336114097,0.6
plw,Palau,2014,18561.44049,0.53,9.828841615936248,0.71
plw,Palau,2015,20021.31442,0.4,9.904552706058649,0.53
plw,Palau,2016,19902.9819,0.36,9.898624843708165,0.4
plw,Palau,2017,19237.92655,0.4,9.864638950740828,0.36
plw,Palau,2018,19256.92763,0.45,9.865626151858894,0.4
plw,Palau,2019,19312.79055,0.37,9.868522878187125,0.45
plw,Palau,2020,18160.25457,0.51,9.806990670228837,0.37
plw,Palau,2021,15663.17159,1.17,9.65906747713581,0.51
plw,Palau,2022,15477.55264,1.17,9.647146036453668,1.17
png,Papua New Guinea,1960,1349.98822,85.35,7.207851145468478,
png,Papua New Guinea,1961,1422.23641,84.15,7.259985848302981,85.35
png,Papua New Guinea,1962,1500.02852,82.88,7.3132394002428835,84.15
png,Papua New Guinea,1963,1546.67425,81.51,7.343862259557413,82.88
png,Papua New Guinea,1964,1663.46045,79.2,7.416655320003069,81.51
png,Papua New Guinea,1965,1815.6501,76.46,7.504198864385339,79.2
png,Papua New Guinea,1966,1897.85657,74.39,7.548480407294369,76.46
png,Papua New Guinea,1967,1951.75289,73.28,7.576483165721733,74.39
png,Papua New Guinea,1968,2009.98883,72.14,7.60588444382375,73.28
png,Papua New Guinea,1969,2148.8291,68.56,7.672678368119568,72.14
png,Papua New Guinea,1970,2348.32337,63.63,7.761456892930333,68.56
png,Papua New Guinea,1971,2459.85701,62.37,7.807858501220766,63.63
png,Papua New Guinea,1972,2561.05698,59.86,7.848175335073454,62.37
png,Papua New Guinea,1973,2687.25852,57.31,7.8962768153756375,59.86
png,Papua New Guinea,1974,2715.37624,56.02,7.906685801035831,57.31
png,Papua New Guinea,1975,2652.37527,57.3,7.883210845819819,56.02
png,Papua New Guinea,1976,2528.3274,58.56,7.835313256374788,57.3
png,Papua New Guinea,1977,2515.00651,58.55,7.830030670999674,58.56
png,Papua New Guinea,1978,2691.71373,55.99,7.897933344099611,58.55
png,Papua New Guinea,1979,2701.8659,54.7,7.901697887384764,55.99
png,Papua New Guinea,1980,2597.66478,55.85,7.862368158882361,54.7
png,Papua New Guinea,1981,2685.67534,57.75,7.895687498593756,55.85
png,Papua New Guinea,1982,2740.96849,58.96,7.9160666004322575,57.75
png,Papua New Guinea,1983,2838.93515,58.53,7.951184313661883,58.96
png,Papua New Guinea,1984,2822.64179,59.51,7.945428530368783,58.53
png,Papua New Guinea,1985,2921.5969,57.93,7.979885629337655,59.51
png,Papua New Guinea,1986,3056.96192,57.14,8.025176865156396,57.93
png,Papua New Guinea,1987,3208.81915,57.03,8.073658282401137,57.14
png,Papua New Guinea,1988,3299.05843,56.95,8.10139238249944,57.03
png,Papua New Guinea,1989,3230.45738,57.93,8.080379009907013,56.95
png,Papua New Guinea,1990,3105.03102,60.04,8.04077898465584,57.93
png,Papua New Guinea,1991,3305.75314,58.48,8.103419605296573,60.04
png,Papua New Guinea,1992,3647.2562,54.62,8.201730437861452,58.48
png,Papua New Guinea,1993,4173.325,50.43,8.336468359178875,54.62
png,Papua New Guinea,1994,4278.72638,50.29,8.36141066952533,50.43
png,Papua New Guinea,1995,4002.47127,51.97,8.294667266831366,50.29
png,Papua New Guinea,1996,4170.68141,50.84,8.335834709117128,51.97
png,Papua New Guinea,1997,3875.17791,53.0,8.262346852991577,50.84
png,Papua New Guinea,1998,3606.10963,54.47,8.190384805408726,53.0
png,Papua New Guinea,1999,3552.20634,52.31,8.175324193641048,54.47
png,Papua New Guinea,2000,3350.12137,53.37,8.116751854013573,52.31
png,Papua New Guinea,2001,3237.16538,53.29,8.082453343137079,53.37
png,Papua New Guinea,2002,3127.237,53.33,8.047905146079255,53.29
png,Papua New Guinea,2003,3091.31069,52.86,8.036350451477519,53.33
png,Papua New Guinea,2004,3072.34331,52.38,8.03019584258078,52.86
png,Papua New Guinea,2005,3161.25688,49.98,8.058724974336096,52.38
png,Papua New Guinea,2006,3218.72622,47.73,8.07674097642359,49.98
png,Papua New Guinea,2007,3363.92381,44.97,8.120863372203774,47.73
png,Papua New Guinea,2008,3246.19449,44.56,8.085238663100299,44.97
png,Papua New Guinea,2009,3356.31321,41.85,8.11859839159938,44.56
png,Papua New Guinea,2010,3579.17141,39.43,8.182886602885455,41.85
png,Papua New Guinea,2011,3514.83277,39.53,8.164747227010569,39.43
png,Papua New Guinea,2012,3577.45177,39.44,8.182406029858248,39.53
png,Papua New Guinea,2013,3615.28324,38.19,8.19292548283753,39.44
png,Papua New Guinea,2014,3998.61805,36.5,8.293704092907472,38.19
png,Papua New Guinea,2015,4154.52333,34.3,8.331952978686813,36.5
png,Papua New Guinea,2016,4275.74859,33.16,8.360714474813038,34.3
png,Papua New Guinea,2017,4322.22282,33.21,8.37152509057365,33.16
png,Papua New Guinea,2018,4211.14547,34.01,8.345489972803916,33.21
png,Papua New Guinea,2019,4301.61139,32.94,8.366744973343925,34.01
png,Papua New Guinea,2020,4077.63132,34.48,8.31327153998515,32.94
png,Papua New Guinea,2021,3976.9038,35.31,8.288258855827879,34.48
png,Papua New Guinea,2022,4125.49303,33.96,8.324940814050787,35.31
pol,Poland,1960,6123.0256,0.9,8.71981163242626,
pol,Poland,1961,6488.23606,0.64,8.777745979227076,0.9
pol,Poland,1962,6291.53097,0.66,8.746959717534411,0.64
pol,Poland,1963,6558.56489,0.56,8.788527091236903,0.66
pol,Poland,1964,6745.32386,0.44,8.816604782314979,0.56
pol,Poland,1965,7013.46672,0.36,8.855587397014084,0.44
pol,Poland,1966,7351.22026,0.3,8.9026216001955,0.36
pol,Poland,1967,7514.94454,0.26,8.92464892225299,0.3
pol,Poland,1968,7862.88367,0.21,8.969908697274418,0.26
pol,Poland,1969,7681.73373,0.19,8.946600546758653,0.21
pol,Poland,1970,7975.84064,0.16,8.984172331502252,0.19
pol,Poland,1971,8441.82089,0.13,9.040953309581004,0.16
pol,Poland,1972,8836.44135,0.1,9.086639512364572,0.13
pol,Poland,1973,9228.4271,0.08,9.130043901274199,0.1
pol,Poland,1974,9678.49847,0.06,9.17766205150324,0.08
pol,Poland,1975,10039.89642,0.05,9.214322076459435,0.06
pol,Poland,1976,10408.5755,0.04,9.250385312668296,0.05
pol,Poland,1977,10732.0291,0.03,9.280987923058797,0.04
pol,Poland,1978,11074.7088,0.02,9.312419301113932,0.03
pol,Poland,1979,11065.92304,0.01,9.31162566879805,0.02
pol,Poland,1980,10432.47928,0.01,9.25267922636261,0.01
pol,Poland,1986,11573.4481,0.29,9.356468796531663,0.01
pol,Poland,1990,12235.11832,0.05,9.412065646447093,0.29
pol,Poland,1991,11393.39907,0.14,9.340789437733218,0.05
pol,Poland,1992,11700.56271,0.21,9.367392214501121,0.14
pol,Poland,1994,12828.01755,1.98,9.459386928913139,0.21
pol,Poland,1995,13853.44664,1.84,9.536289335529894,1.98
pol,Poland,1996,14739.7198,3.01,9.59830115606468,1.84
pol,Poland,1997,15722.89484,0.14,9.66287319915687,3.01
pol,Poland,1998,16494.75232,0.05,9.710797568090719,0.14
pol,Poland,1999,17319.2511,0.09,9.759573942151569,0.05
pol,Poland,2000,18334.49982,0.16,9.81653980006787,0.09
pol,Poland,2001,18612.30925,0.13,9.831578428450829,0.16
pol,Poland,2002,19019.6872,0.14,9.85322989011767,0.13
pol,Poland,2003,19741.60119,0.11,9.890483423679674,0.14
pol,Poland,2004,20793.47082,0.17,9.942394313526972,0.11
pol,Poland,2005,21513.65483,0.24,9.976443120891878,0.17
pol,Poland,2006,22886.21627,0.08,10.038290098715034,0.24
pol,Poland,2007,24468.67846,0.06,10.105149148439693,0.08
pol,Poland,2008,25549.19487,0.02,10.148361083197962,0.06
pol,Poland,2009,26206.23389,0.03,10.173752596180034,0.02
pol,Poland,2010,27112.13338,0.01,10.207736632867586,0.03
pol,Poland,2011,28521.66126,0.03,10.258419121779935,0.01
pol,Poland,2012,28952.91573,0.03,10.273426193991796,0.03
pol,Poland,2013,29168.62421,0.01,10.280848897196861,0.03
pol,Poland,2014,30334.87866,0.01,10.320053440368397,0.01
pol,Poland,2020,37852.80213,0.15,10.541460288622023,0.01
pol,Poland,2021,41059.58478,0.1,10.622779578003527,0.15
pol,Poland,2022,43405.02158,0.09,10.67833041800353,0.1
prk,North Korea,1960,1402.57326,63.02,7.246063871326753,
prk,North Korea,1961,1420.23238,63.02,7.258575785093775,63.02
prk,North Korea,1962,1410.18094,63.02,7.251473301380241,63.02
prk,North Korea,1963,1484.06692,60.09,7.302541517050229,63.02
prk,North Korea,1964,1503.17016,58.59,7.315331596917656,60.09
prk,North Korea,1965,1522.51931,58.9,7.32812168259065,58.59
prk,North Korea,1966,1542.11751,57.39,7.340911757445409,58.9
prk,North Korea,1967,1561.96799,56.09,7.353701837231902,57.39
prk,North Korea,1968,1582.07399,56.09,7.366491917145425,56.09
prk,North Korea,1969,1602.4388,55.12,7.379281997737943,56.09
prk,North Korea,1970,1623.06575,53.6,7.392072078092671,55.12
prk,North Korea,1971,1698.36299,52.85,7.437420119054114,53.6
prk,North Korea,1972,1813.41859,48.27,7.502969066620754,52.85
prk,North Korea,1973,1941.70003,42.91,7.571319172450787,48.27
prk,North Korea,1974,2085.20991,39.13,7.64262480542438,42.91
prk,North Korea,1975,2247.00413,33.77,7.717353110189871,39.13
prk,North Korea,1976,2287.64543,32.25,7.735278371085095,33.77
prk,North Korea,1977,2332.1885,30.64,7.7545623761076055,32.25
prk,North Korea,1978,2378.42162,29.21,7.7741923617872075,30.64
prk,North Korea,1979,2425.24587,27.77,7.793688187922718,29.21
prk,North Korea,1980,2470.51541,27.77,7.812182075870075,27.77
prk,North Korea,1981,2508.93762,26.59,7.827614683562327,27.77
prk,North Korea,1982,2550.12032,25.21,7.843895821353053,26.59
prk,North Korea,1983,2590.86519,24.0,7.85974714910429,25.21
prk,North Korea,1984,2632.22284,24.0,7.875583954514769,24.0
prk,North Korea,1985,2673.13926,22.7,7.891008813547257,24.0
prk,North Korea,1986,2655.50576,22.7,7.884390408943137,22.7
prk,North Korea,1987,2636.94563,22.7,7.877376568014071,22.7
prk,North Korea,1988,2618.50076,22.7,7.870357203962006,22.7
prk,North Korea,1989,2607.79243,22.7,7.866259330155187,22.7
prk,North Korea,1990,2597.3189,22.7,7.862234999657302,22.7
prk,North Korea,1991,2437.86059,25.21,7.798876126289768,22.7
prk,North Korea,1992,2222.20632,29.21,7.706255819174304,25.21
prk,North Korea,1993,2081.50589,33.75,7.640846896321154,29.21
prk,North Korea,1994,1999.15648,35.37,7.600480610576318,33.75
prk,North Korea,1995,1876.20267,39.87,7.537005156780061,35.37
prk,North Korea,1996,1782.11558,43.25,7.485556465635647,39.87
prk,North Korea,1997,1642.80395,46.49,7.404159786510971,43.25
prk,North Korea,1998,1609.68608,48.26,7.383794457600711,46.49
prk,North Korea,1999,1688.38598,44.74,7.43152831015437,48.26
prk,North Korea,2000,1672.45101,44.74,7.422045500093559,44.74
prk,North Korea,2001,1711.88224,42.9,7.445348769289159,44.74
prk,North Korea,2002,1710.91213,42.9,7.444781916641229,42.9
prk,North Korea,2003,1721.85746,42.9,7.451158905719523,42.9
prk,North Korea,2004,1737.6171,41.2,7.460269970851414,42.9
prk,North Korea,2005,1782.7741,39.47,7.485925913257651,41.2
prk,North Korea,2006,1745.03059,41.2,7.464527364568838,39.47
prk,North Korea,2007,1706.62299,41.2,7.442271837241093,41.2
prk,North Korea,2008,1745.35003,39.47,7.464710404778871,41.2
prk,North Korea,2009,1712.06133,41.2,7.445453379658169,39.47
prk,North Korea,2010,1686.7512,41.2,7.430559590934583,41.2
prk,North Korea,2011,1692.53105,41.2,7.433980350260692,41.2
prk,North Korea,2012,1706.01735,41.2,7.441916897988187,41.2
prk,North Korea,2013,1715.65043,41.2,7.447547547174563,41.2
prk,North Korea,2014,1725.2835,39.47,7.453146663787923,41.2
prk,North Korea,2015,1698.31089,41.2,7.437389441984813,39.47
prk,North Korea,2016,1754.18272,39.13,7.469758340824595,41.2
prk,North Korea,2017,1684.82459,41.2,7.42941673647738,39.13
prk,North Korea,2018,1607.76,44.74,7.382597184868122,41.2
prk,North Korea,2019,1494.08,44.74,7.309265911782572,44.74
prk,North Korea,2020,1445.36,48.26,7.276113704465672,44.74
prk,North Korea,2021,1521.92,48.26,7.327727974622308,48.26
prk,North Korea,2022,1373.44,48.26,7.2250738205622245,48.26
prt,Portugal,1960,5852.01875,12.39,8.674541966167691,
prt,Portugal,1961,6178.94232,10.91,8.728902390173584,12.39
prt,Portugal,1962,6554.89845,8.9,8.787967904086951,10.91
prt,Portugal,1963,6868.7693,7.92,8.8347402279751,8.9
prt,Portugal,1964,7228.99173,6.92,8.885854848996322,7.92
prt,Portugal,1965,7723.026,5.98,8.951961535130993,6.92
prt,Portugal,1966,8000.2513,5.18,8.987228232668611,5.98
prt,Portugal,1967,8562.02614,4.31,9.055092139725225,5.18
prt,Portugal,1968,9408.26839,3.68,9.149344197580136,4.31
prt,Portugal,1969,9623.41199,3.49,9.171954157492012,3.68
prt,Portugal,1970,10451.78107,2.99,9.25452768019074,3.49
prt,Portugal,1971,11113.83989,2.58,9.315946447581696,2.99
prt,Portugal,1972,11917.75916,2.25,9.385784933014133,2.58
prt,Portugal,1973,13112.85977,1.98,9.481348689506426,2.25
prt,Portugal,1974,13023.09288,1.97,9.474479435939505,1.98
prt,Portugal,1975,12108.75195,2.13,9.401683771781151,1.97
prt,Portugal,1976,12663.77503,2.02,9.446500836873682,2.13
prt,Portugal,1977,13200.66566,1.84,9.488022536090853,2.02
prt,Portugal,1978,13402.97716,1.77,9.503232137380946,1.84
prt,Portugal,1979,13996.60026,1.66,9.546569740535906,1.77
prt,Portugal,1980,14467.33708,1.61,9.579648772282116,1.66
prt,Portugal,1981,15478.15916,1.59,9.647185222759832,1.61
prt,Portugal,1982,16280.7854,1.55,9.697740881636106,1.59
prt,Portugal,1983,16670.0137,1.6,9.721366797580135,1.55
prt,Portugal,1984,16745.75236,1.64,9.725899914645957,1.6
prt,Portugal,1985,17385.87359,1.65,9.763413292819985,1.64
prt,Portugal,1986,18225.17015,1.56,9.810558892910096,1.65
prt,Portugal,1987,19859.04819,1.44,9.896415010468804,1.56
prt,Portugal,1988,21577.91426,1.37,9.979425582611873,1.44
prt,Portugal,1989,23575.11346,1.32,10.067946920215421,1.37
prt,Portugal,1990,25935.18916,1.21,10.163355980377565,1.32
prt,Portugal,1991,27153.22696,1.18,10.209251175021096,1.21
prt,Portugal,1992,27707.41228,1.12,10.229455247714995,1.18
prt,Portugal,1993,27281.58036,1.11,10.213967041364501,1.12
prt,Portugal,1994,27579.00685,1.1,10.224810140909222,1.11
prt,Portugal,1995,28616.71679,1.09,10.261746329199367,1.1
prt,Portugal,1996,29588.43922,1.06,10.295138997129147,1.09
prt,Portugal,1997,30834.7098,1.03,10.336396275998137,1.06
prt,Portugal,1998,32233.68829,1.0,10.38076740481192,1.03
prt,Portugal,1999,33382.71849,0.96,10.415793634582757,1.0
prt,Portugal,2000,34490.82,0.93,10.448448480655514,0.96
prt,Portugal,2001,34989.77279,0.93,10.462811091771059,0.93
prt,Portugal,2002,35139.00933,0.93,10.467067169254896,0.93
prt,Portugal,2003,34749.20143,0.93,10.45591187029723,0.93
prt,Portugal,2004,35351.62552,0.55,10.473099653860151,0.93
prt,Portugal,2005,35622.73481,0.56,10.480739331268683,0.55
prt,Portugal,2006,36193.11836,0.12,10.496624279189977,0.56
prt,Portugal,2007,37083.19514,0.36,10.520919184791635,0.12
prt,Portugal,2008,37198.64961,0.19,10.524027738795896,0.36
prt,Portugal,2009,36050.61782,0.18,10.492679280430321,0.19
prt,Portugal,2010,36703.11402,0.17,10.510616881124244,0.18
prt,Portugal,2011,36127.29481,0.5,10.494803947549409,0.17
prt,Portugal,2012,34804.63319,0.73,10.457505794544215,0.5
prt,Portugal,2013,34651.7718,0.89,10.453104137509875,0.73
prt,Portugal,2014,35097.40968,0.58,10.46588260844013,0.89
prt,Portugal,2015,35803.35741,0.56,10.485796950393732,0.58
prt,Portugal,2016,36636.29768,0.39,10.508794767831063,0.56
prt,Portugal,2017,37943.11506,0.4,10.54384334502106,0.39
prt,Portugal,2018,39123.61476,0.31,10.574481521720458,0.4
prt,Portugal,2019,40188.28668,0.16,10.60133085602944,0.31
prt,Portugal,2020,36852.22839,0.48,10.514671367702292,0.16
prt,Portugal,2021,38657.66772,0.25,10.562500422954932,0.48
prt,Portugal,2022,41070.86131,0.24,10.623054178486239,0.25
pry,Paraguay,1960,3155.52316,15.04,8.056909580563197,
pry,Paraguay,1961,3242.20879,14.25,8.084010101825875,15.04
pry,Paraguay,1962,3286.28009,13.47,8.097511532335378,14.25
pry,Paraguay,1963,3298.27762,12.76,8.101155677866624,13.47
pry,Paraguay,1964,3330.0082,12.79,8.11073004543392,12.76
pry,Paraguay,1965,3450.3299,11.45,8.146225128642206,12.79
pry,Paraguay,1966,3377.3874,12.14,8.124857731010671,11.45
pry,Paraguay,1967,3526.62363,10.84,8.16809621345611,12.14
pry,Paraguay,1968,3524.73661,10.88,8.167560991887273,10.84
pry,Paraguay,1969,3571.64163,10.3,8.180780609415653,10.88
pry,Paraguay,1970,3699.47899,9.75,8.215947275203648,10.3
pry,Paraguay,1971,3807.73998,9.21,8.24479111101687,9.75
pry,Paraguay,1972,3957.06267,8.16,8.283257279015883,9.21
pry,Paraguay,1973,4139.8759,7.15,8.328421090524666,8.16
pry,Paraguay,1974,4371.30886,6.21,8.382817753542863,7.15
pry,Paraguay,1975,4565.6982,5.37,8.42632672766475,6.21
pry,Paraguay,1976,4777.69258,4.62,8.471712985087462,5.37
pry,Paraguay,1977,5177.4002,3.71,8.552058317371744,4.62
pry,Paraguay,1978,5627.35597,3.02,8.635394978495116,3.71
pry,Paraguay,1979,6114.22429,2.47,8.718373186436075,3.02
pry,Paraguay,1980,6638.41314,1.85,8.80062822896927,2.47
pry,Paraguay,1981,7416.347,1.65,8.9114418968738,1.85
pry,Paraguay,1982,7385.49842,1.89,8.907273683547926,1.65
pry,Paraguay,1983,7134.4991,2.25,8.87269732422303,1.89
pry,Paraguay,1984,7306.29948,2.28,8.89649219748145,2.25
pry,Paraguay,1985,7538.47825,2.06,8.92777561702545,2.28
pry,Paraguay,1986,7457.56116,2.05,8.916983717495066,2.06
pry,Paraguay,1987,7697.23671,1.83,8.948616674601777,2.05
pry,Paraguay,1988,8150.96626,1.65,9.005891758716487,1.83
pry,Paraguay,1989,8645.51656,1.47,9.064796148790352,1.65
pry,Paraguay,1990,9001.17585,1.48,9.105110497784388,1.47
pry,Paraguay,1991,9095.56602,4.05,9.115542323210368,1.48
pry,Paraguay,1992,9064.17948,7.02,9.112085603923976,4.05
pry,Paraguay,1993,9306.47903,8.63,9.138466106472002,7.02
pry,Paraguay,1994,9568.47095,10.74,9.166228696341959,8.63
pry,Paraguay,1995,10007.78061,12.61,9.211118130443639,10.74
pry,Paraguay,1996,9966.11995,11.92,9.206946614691054,12.61
pry,Paraguay,1997,10194.89587,10.91,9.229642469126086,11.92
pry,Paraguay,1998,10054.4127,10.6,9.21576689174903,10.91
pry,Paraguay,1999,9773.59705,11.12,9.187439850256293,10.6
pry,Paraguay,2000,9409.92057,10.34,9.149519791523609,11.12
pry,Paraguay,2001,9266.47124,9.65,9.134157921579606,10.34
pry,Paraguay,2002,9333.5949,13.96,9.141375525096539,9.65
pry,Paraguay,2003,9650.79944,9.06,9.174796034425013,13.96
pry,Paraguay,2004,9961.97786,6.26,9.206530911185467,9.06
pry,Paraguay,2005,10098.54606,6.73,9.220146738011469,6.26
pry,Paraguay,2006,10512.34007,8.43,9.260305090848,6.73
pry,Paraguay,2007,11014.72226,8.33,9.30698804421133,8.43
pry,Paraguay,2008,11660.62392,4.93,9.363972967906866,8.33
pry,Paraguay,2009,11550.16197,6.08,9.354454739228236,4.93
pry,Paraguay,2010,12738.57656,5.95,9.452390192899593,6.08
pry,Paraguay,2011,13109.46657,5.68,9.48108988714275,5.95
pry,Paraguay,2012,12834.80159,3.61,9.459915634673875,5.68
pry,Paraguay,2013,13700.70305,2.35,9.525202428017765,3.61
pry,Paraguay,2014,14219.35442,2.62,9.562359302889234,2.35
pry,Paraguay,2015,14427.60023,2.25,9.576898333710531,2.62
pry,Paraguay,2016,14826.66369,2.09,9.604182439491945,2.25
pry,Paraguay,2017,15320.33665,1.19,9.636936417596226,2.09
pry,Paraguay,2018,15592.98414,1.64,9.6545763574613,1.19
pry,Paraguay,2019,15321.32455,1.3,9.637000898434513,1.64
pry,Paraguay,2020,14991.66062,1.13,9.615249366815357,1.3
pry,Paraguay,2021,15406.16706,0.87,9.642523166681197,1.13
pry,Paraguay,2022,15259.14563,1.58,9.632934315721938,0.87
pse,Palestine,1960,2376.04697,8.61,7.773193448805659,
pse,Palestine,1961,2389.16677,8.6,7.778699952340199,8.61
pse,Palestine,1962,2458.44945,7.91,7.80728612532273,8.6
pse,Palestine,1963,2529.88046,7.22,7.835927331593439,7.91
pse,Palestine,1964,2607.38767,6.63,7.8661041063688355,7.22
pse,Palestine,1965,2694.71408,5.6,7.899047384950483,6.63
pse,Palestine,1966,2874.25081,4.71,7.963547331446457,5.6
pse,Palestine,1967,2777.53372,5.12,7.929318661854132,4.71
pse,Palestine,1968,2537.32917,6.62,7.838867298916316,5.12
pse,Palestine,1969,2655.29531,5.59,7.884311155362618,6.62
pse,Palestine,1970,2828.47543,4.71,7.947493128162487,5.59
pse,Palestine,1971,3114.25211,3.68,8.043744309296677,4.71
pse,Palestine,1972,3496.45651,2.41,8.15950530891413,3.68
pse,Palestine,1973,3207.58744,3.12,8.073274357224996,2.41
pse,Palestine,1974,3723.93031,2.03,8.222534924473196,3.12
pse,Palestine,1975,3604.65553,2.22,8.189981491755475,2.03
pse,Palestine,1976,4000.64105,1.53,8.294209889761365,2.22
pse,Palestine,1977,3810.77778,1.86,8.245588589018942,1.53
pse,Palestine,1978,4140.84814,1.38,8.328655910571745,1.86
pse,Palestine,1979,3927.42393,1.69,8.275739001387143,1.38
pse,Palestine,1980,4338.0177,1.12,8.375172771599797,1.69
pse,Palestine,1981,3918.63662,1.77,8.273499071267297,1.12
pse,Palestine,1982,4086.82611,1.5,8.315523935558561,1.77
pse,Palestine,1983,3762.07472,1.79,8.232725871439385,1.5
pse,Palestine,1984,3779.8555,1.78,8.237441060369715,1.79
pse,Palestine,1985,3591.60515,1.96,8.186354498546951,1.78
pse,Palestine,1986,4097.02022,1.44,8.318015212853219,1.96
pse,Palestine,1987,3808.20964,1.65,8.24491444691693,1.44
pse,Palestine,1988,3578.81573,1.78,8.182787222991823,1.65
pse,Palestine,1989,3485.16159,1.83,8.156269689408074,1.78
pse,Palestine,1990,3936.40643,1.33,8.278023512495704,1.83
pse,Palestine,1991,3537.95471,1.77,8.171304073620274,1.33
pse,Palestine,1992,4111.03744,1.33,8.321430694129576,1.77
pse,Palestine,1993,4265.82829,1.19,8.358391647400769,1.33
pse,Palestine,1994,4639.12627,0.99,8.442281323609588,1.19
pse,Palestine,1995,4657.96039,0.94,8.446332946758496,0.99
pse,Palestine,1996,4426.07312,1.02,8.395268041034857,0.94
pse,Palestine,1997,4775.5471,0.78,8.471263822267742,1.02
pse,Palestine,1998,5253.17518,0.56,8.566587968960636,0.78
pse,Palestine,1999,5478.57427,0.55,8.608600176384023,0.56
pse,Palestine,2000,4829.81047,0.75,8.482562505711071,0.55
pse,Palestine,2001,4226.68901,0.96,8.349174225586738,0.75
pse,Palestine,2002,3572.22475,1.54,8.180943859949824,0.96
pse,Palestine,2003,3936.54946,1.08,8.278059847006405,1.54
pse,Palestine,2004,4603.27791,0.74,8.434523917836536,1.08
pse,Palestine,2005,4964.9129,0.48,8.5101510335258,0.74
pse,Palestine,2006,4760.95564,0.24,8.468203691780811,0.48
pse,Palestine,2007,4805.25922,1.28,8.477466267920118,0.24
pse,Palestine,2008,5004.56469,0.74,8.518105712941798,1.28
pse,Palestine,2009,5279.29973,0.27,8.571548741010643,0.74
pse,Palestine,2010,5432.24363,0.17,8.600107519116413,0.27
pse,Palestine,2011,5805.32115,0.22,8.666530215599147,0.17
pse,Palestine,2012,6009.10926,0.3,8.701031806894536,0.22
pse,Palestine,2013,6142.20204,0.38,8.722938595282278,0.3
pse,Palestine,2014,5990.42662,0.49,8.697917910610053,0.38
pse,Palestine,2015,6072.65032,0.57,8.71155041478979,0.49
pse,Palestine,2016,6464.13353,0.56,8.774024257475192,0.57
pse,Palestine,2017,6426.79522,0.63,8.7682312824084,0.56
pse,Palestine,2018,6342.93748,0.65,8.755097265050559,0.63
pse,Palestine,2019,6269.89135,0.66,8.743514304928182,0.65
pse,Palestine,2020,5423.68255,0.97,8.59853030099006,0.66
pse,Palestine,2021,5663.12161,0.87,8.641730540366721,0.97
pse,Palestine,2022,5753.08396,0.55,8.657491330881605,0.87
rou,Romania,1960,3342.57804,8.09,8.114497656497111,
rou,Romania,1961,3591.22072,6.01,8.186247457110245,8.09
rou,Romania,1962,3712.05064,5.36,8.219339736054415,6.01
rou,Romania,1963,3976.99834,3.79,8.288282627807554,5.36
rou,Romania,1964,4150.97724,3.28,8.331099065021867,3.79
rou,Romania,1965,4405.96472,2.14,8.390714520067407,3.28
rou,Romania,1966,4763.52326,1.32,8.46874285409912,2.14
rou,Romania,1967,5065.8947,0.92,8.530286044715908,1.32
rou,Romania,1968,5123.55649,0.75,8.541604103845039,0.92
rou,Romania,1969,5304.88036,0.6,8.576382498484634,0.75
rou,Romania,1970,5475.92876,0.48,8.608117176827733,0.6
rou,Romania,1971,6132.85215,0.26,8.721415198046959,0.48
rou,Romania,1972,6553.17263,0.21,8.787704582351902,0.26
rou,Romania,1973,6896.62116,0.16,8.838786883693016,0.21
rou,Romania,1974,7414.94147,0.12,8.911252361081674,0.16
rou,Romania,1975,7870.71523,0.08,8.970904217841147,0.12
rou,Romania,1976,8427.44835,0.06,9.039249318344256,0.08
rou,Romania,1977,8806.0301,0.04,9.083192004433863,0.06
rou,Romania,1978,9215.60453,0.03,9.128653470773639,0.04
rou,Romania,1979,9598.12548,0.02,9.169323095889723,0.03
rou,Romania,1980,9799.77409,0.01,9.190114612352145,0.02
rou,Romania,1993,11353.93386,6.12,9.337319558453885,0.01
rou,Romania,1994,12018.27219,10.32,9.394183453164608,6.12
rou,Romania,1995,13025.89439,1.86,9.474694531442587,10.32
rou,Romania,1996,13783.45942,1.67,9.531224559504885,1.86
rou,Romania,1997,13367.14462,2.39,9.500555081094513,1.67
rou,Romania,1998,13252.7296,1.82,9.491958817744898,2.39
rou,Romania,1999,13395.06791,5.83,9.502641851768022,1.82
rou,Romania,2000,13926.91126,6.73,9.541578309237,5.83
rou,Romania,2001,15029.22008,5.01,9.617751590515745,6.73
rou,Romania,2002,16321.47101,4.86,9.700236759872812,5.01
rou,Romania,2003,16997.02513,3.54,9.740793615372464,4.86
rou,Romania,2004,18988.32604,1.3,9.851579650368535,3.54
rou,Romania,2005,20120.47984,1.13,9.909493472835855,1.3
rou,Romania,2006,22014.45635,1.36,9.99945462335848,1.13
rou,Romania,2007,24083.33279,0.52,10.089275294746015,1.36
rou,Romania,2008,26871.97991,0.04,10.19883938367351,0.52
rou,Romania,2009,25687.0848,0.01,10.15374360760431,0.04
rou,Romania,2010,24900.23033,0.05,10.12263233261082,0.01
rou,Romania,2011,26147.93946,0.02,10.1715256694477,0.05
rou,Romania,2012,26764.58126,0.01,10.19483469764625,0.02
rou,Romania,2013,26939.03876,0.03,10.201331768555695,0.01
rou,Romania,2014,28153.10728,7.3,10.245413010424578,0.03
rou,Romania,2015,29178.74452,5.18,10.281195795791323,7.3
rou,Romania,2017,32849.10773,3.58,10.399679861595615,5.18
rus,Russia,1960,8764.34457,16.55,9.078447016464619,
rus,Russia,1961,9341.69303,15.25,9.142242781391372,16.55
rus,Russia,1962,9989.01312,14.09,9.209241079976076,15.25
rus,Russia,1963,10357.04802,12.89,9.245422535055875,14.09
rus,Russia,1964,11012.61648,11.72,9.306796847260008,12.89
rus,Russia,1965,11620.86892,10.54,9.36055780557919,11.72
rus,Russia,1966,12462.32908,9.41,9.430465699431814,10.54
rus,Russia,1967,13278.58599,8.37,9.493907940704757,9.41
rus,Russia,1968,14144.69515,7.42,9.557094931718341,8.37
rus,Russia,1969,14555.20806,6.97,9.585704150821629,7.42
rus,Russia,1970,15826.86679,5.65,9.669464204668053,6.97
rus,Russia,1971,16534.59089,4.84,9.713209883047512,5.65
rus,Russia,1972,17052.61994,4.46,9.744059133076929,4.84
rus,Russia,1973,18437.46325,3.39,9.82213991985985,4.46
rus,Russia,1974,19139.00936,3.07,9.859483906091718,3.39
rus,Russia,1975,19947.47454,2.76,9.900857824831201,3.07
rus,Russia,1976,20586.13964,2.48,9.932373295314251,2.76
rus,Russia,1977,21241.34948,2.21,9.963705008177547,2.48
rus,Russia,1978,21669.75157,1.95,9.983672630228419,2.21
rus,Russia,1979,21920.95376,1.96,9.995198251064283,1.95
rus,Russia,1980,22731.77274,1.51,10.03151890500649,1.96
rus,Russia,1981,23053.12624,1.61,10.045556667861469,1.51
rus,Russia,1982,23232.43217,1.62,10.053304519810316,1.61
rus,Russia,1983,23718.67976,1.51,10.074018192203432,1.62
rus,Russia,1984,23837.84994,1.54,10.07902993003165,1.51
rus,Russia,1985,24223.3763,1.47,10.095073408712844,1.54
rus,Russia,1986,24854.51074,1.36,10.12079453376452,1.47
rus,Russia,1987,24870.61112,1.45,10.121442109072952,1.36
rus,Russia,1988,25323.22664,1.36,10.139477302578213,1.45
rus,Russia,1989,25627.09469,1.41,10.15140545709985,1.36
rus,Russia,1990,25100.29477,1.55,10.13063486887562,1.41
rus,Russia,1991,24112.96093,1.8,10.09050477284258,1.55
rus,Russia,1992,20873.7343,2.9,9.946246915545512,1.8
rus,Russia,1993,19320.4721,3.71,9.868920543285764,2.9
rus,Russia,1994,17105.00628,4.72,9.747126464555748,3.71
rus,Russia,1995,16600.83496,4.82,9.717208271874874,4.72
rus,Russia,1996,16187.14917,4.74,9.69197294531128,4.82
rus,Russia,1997,16617.2416,1.78,9.718196085922713,4.74
rus,Russia,1998,15921.8084,2.6,9.675445045912006,1.78
rus,Russia,1999,17151.06435,4.72,9.749815511892857,2.6
rus,Russia,2000,19109.81254,3.29,9.857957227662395,4.72
rus,Russia,2001,20330.95747,2.04,9.919900001922638,3.29
rus,Russia,2002,21542.91112,1.25,9.977802091067833,2.04
rus,Russia,2003,23377.38743,1.35,10.059524484984138,1.25
rus,Russia,2004,25313.33615,1.2,10.139086656389734,1.35
rus,Russia,2005,27180.8808,0.94,10.210269093361081,1.2
rus,Russia,2006,29644.43878,0.59,10.297029824607907,0.94
rus,Russia,2007,32352.78407,0.27,10.384455357122466,0.59
rus,Russia,2008,34169.8408,0.11,10.43909868604083,0.27
rus,Russia,2009,31584.80031,0.09,10.360431281007923,0.11
rus,Russia,2010,33063.58594,0.11,10.406187833127431,0.09
rus,Russia,2011,34444.64453,0.06,10.44710880804372,0.11
rus,Russia,2012,35740.69922,0.05,10.484045352595912,0.06
rus,Russia,2013,36260.06641,0.03,10.498472315801925,0.05
rus,Russia,2014,35853.24609,0.03,10.4871893883722,0.03
rus,Russia,2015,35037.15234,0.04,10.464164272912221,0.03
rus,Russia,2016,35005.44922,0.04,10.46325902035281,0.04
rus,Russia,2017,35570.39063,0.06,10.479268846889509,0.04
rus,Russia,2018,36536.69531,0.05,10.50607238550267,0.06
rus,Russia,2019,37319.32031,0.04,10.527266442308829,0.05
rus,Russia,2020,36376.33594,0.02,10.50167373067223,0.04
rus,Russia,2021,38638.42969,0.19,10.562002648007894,0.02
rus,Russia,2022,38214.49609,0.19,10.55097020140661,0.19
rwa,Rwanda,1960,1291.68383,71.77,7.163701940772992,
rwa,Rwanda,1961,1218.89408,74.24,7.105699234811864,71.77
rwa,Rwanda,1962,1317.07373,70.77,7.183167683471643,74.24
rwa,Rwanda,1963,1144.59453,76.57,7.0428057310015,70.77
rwa,Rwanda,1964,976.10505,81.29,6.883570213817777,76.57
rwa,Rwanda,1965,996.12634,80.48,6.903874096929707,81.29
rwa,Rwanda,1966,1000.01042,80.51,6.907765698927849,80.48
rwa,Rwanda,1967,1045.09587,78.7,6.9518639018177,80.51
rwa,Rwanda,1968,1055.58152,78.74,6.961847097844626,78.7
rwa,Rwanda,1969,1127.76501,75.69,7.027993085887363,78.74
rwa,Rwanda,1970,1170.52183,74.61,7.065204936906563,75.69
rwa,Rwanda,1971,1134.50688,75.79,7.033953368547035,74.61
rwa,Rwanda,1972,1089.85634,76.92,6.993801168371911,75.79
rwa,Rwanda,1973,1079.43935,77.13,6.984197064958265,76.92
rwa,Rwanda,1974,1042.02468,78.18,6.948920907253552,77.13
rwa,Rwanda,1975,975.55296,80.11,6.8830044486971484,78.18
rwa,Rwanda,1976,1113.02265,75.02,7.0148347014727905,80.11
rwa,Rwanda,1977,1116.03132,75.07,7.017534207063584,75.02
rwa,Rwanda,1978,1168.28369,72.76,7.0632910191702925,75.07
rwa,Rwanda,1979,1219.07012,70.29,7.1058436503863875,72.76
rwa,Rwanda,1980,1266.72508,68.99,7.144190171772541,70.29
rwa,Rwanda,1981,1318.74175,69.66,7.184433341280638,68.99
rwa,Rwanda,1982,1291.95675,70.34,7.163913208550041,69.66
rwa,Rwanda,1983,1335.5186,69.76,7.197074959821058,70.34
rwa,Rwanda,1984,1394.53706,72.17,7.240317782548044,69.76
rwa,Rwanda,1985,1425.36019,71.84,7.262179825675363,72.17
rwa,Rwanda,1986,1455.86068,71.0,7.283352537365169,71.84
rwa,Rwanda,1987,1414.43787,72.24,7.254487466129018,71.0
rwa,Rwanda,1988,1391.71768,71.99,7.238294004232446,72.24
rwa,Rwanda,1989,1313.19778,72.94,7.180220495099052,71.99
rwa,Rwanda,1990,1298.52419,74.29,7.168983660116806,72.94
rwa,Rwanda,1991,1217.83204,75.88,7.104827540567252,74.29
rwa,Rwanda,1992,1247.94653,74.54,7.129254703460237,75.88
rwa,Rwanda,1993,1087.37757,77.9,6.991524177314968,74.54
rwa,Rwanda,1994,644.33439,87.12,6.468217830476797,77.9
rwa,Rwanda,1995,1016.50626,77.56,6.924126791436059,87.12
rwa,Rwanda,1996,958.95226,78.67,6.865841292622425,77.56
rwa,Rwanda,1997,933.91083,78.74,6.839380962579111,78.67
rwa,Rwanda,1998,966.60265,77.29,6.8737875009756095,78.74
rwa,Rwanda,1999,994.62627,76.61,6.902367058560023,77.29
rwa,Rwanda,2000,1060.64365,74.55,6.96663121980561,76.61
rwa,Rwanda,2001,1131.0756,72.81,7.030924317383519,74.55
rwa,Rwanda,2002,1253.68904,69.24,7.133845715960452,72.81
rwa,Rwanda,2003,1246.67796,70.1,7.1282376605229665,69.24
rwa,Rwanda,2004,1298.40345,68.35,7.168890673313302,70.1
rwa,Rwanda,2005,1377.21062,66.75,7.227815442732923,68.35
rwa,Rwanda,2006,1459.38743,64.87,7.285772058165744,66.75
rwa,Rwanda,2007,1524.63641,64.1,7.329511240942892,64.87
rwa,Rwanda,2008,1646.69354,62.76,7.406524641218748,64.1
rwa,Rwanda,2009,1701.97716,61.42,7.439545889536814,62.76
rwa,Rwanda,2010,1779.15851,59.87,7.483895784314936,61.42
rwa,Rwanda,2011,1874.21498,59.06,7.535945173401352,59.87
rwa,Rwanda,2012,1988.0122,56.31,7.594890524018615,59.06
rwa,Rwanda,2013,2032.4048,54.65,7.616975001456603,56.31
rwa,Rwanda,2014,2106.21454,52.82,7.652647558350643,54.65
rwa,Rwanda,2015,2238.53942,51.9,7.713578887532667,52.82
rwa,Rwanda,2016,2316.63732,51.59,7.747871982184594,51.9
rwa,Rwanda,2017,2351.59687,51.74,7.762849895518539,51.59
rwa,Rwanda,2018,2493.44002,49.82,7.821418570155053,51.74
rwa,Rwanda,2019,2667.46458,46.72,7.888883704737235,49.82
rwa,Rwanda,2020,2520.31739,49.1,7.832140120987332,46.72
rwa,Rwanda,2021,2733.43567,45.75,7.913314584127269,49.1
rwa,Rwanda,2022,2892.45965,43.27,7.969862509100177,45.75
sau,Saudi Arabia,1960,11172.15347,3.13,9.32117966399184,
sau,Saudi Arabia,1961,12426.55667,2.64,9.427591128429151,3.13
sau,Saudi Arabia,1962,13820.65811,2.44,9.533919716303634,2.64
sau,Saudi Arabia,1963,14916.1151,1.56,9.61019745781493,2.44
sau,Saudi Arabia,1964,16108.05382,0.75,9.687074663162683,1.56
sau,Saudi Arabia,1965,17905.90069,0.4,9.792885584993085,0.75
sau,Saudi Arabia,1966,20325.60476,0.32,9.9196366884629,0.4
sau,Saudi Arabia,1967,21903.36509,0.33,9.994395561078179,0.32
sau,Saudi Arabia,1968,23612.00732,0.3,10.06951064637239,0.33
sau,Saudi Arabia,1969,25151.14149,0.24,10.132658561774257,0.3
sau,Saudi Arabia,1970,27209.02948,0.17,10.21130416337198,0.24
sau,Saudi Arabia,1971,31272.10301,0.05,10.35048170146839,0.17
sau,Saudi Arabia,1972,36425.04192,0.05,10.503011781920671,0.05
sau,Saudi Arabia,1973,43482.21422,0.03,10.68010726496151,0.05
sau,Saudi Arabia,1974,49245.46034,0.01,10.804572466514218,0.03
sau,Saudi Arabia,1975,45635.03262,0.02,10.728430959752957,0.01
sau,Saudi Arabia,1976,49857.92961,0.01,10.816932832148012,0.02
sau,Saudi Arabia,1977,53138.61315,0.01,10.88065912093034,0.01
sau,Saudi Arabia,1978,50800.61433,0.01,10.835663726603688,0.01
sau,Saudi Arabia,1979,53165.60477,0.01,10.881166939361407,0.01
sau,Saudi Arabia,1980,54629.62447,0.01,10.908331587304266,0.01
sau,Saudi Arabia,1981,58268.87447,0.01,10.97282334417916,0.01
sau,Saudi Arabia,1982,52844.95713,0.02,10.875117568202699,0.01
sau,Saudi Arabia,1983,46490.67857,0.05,10.747007110620268,0.02
sau,Saudi Arabia,1984,44697.53826,0.05,10.707673706601893,0.05
sau,Saudi Arabia,1985,40937.80064,0.06,10.619809136228504,0.05
sau,Saudi Arabia,1986,39570.84385,0.07,10.5858478596512,0.06
sau,Saudi Arabia,1987,38822.92759,0.08,10.566766268356545,0.07
sau,Saudi Arabia,1988,40745.45536,0.05,10.615099587541668,0.08
sau,Saudi Arabia,1989,41273.56933,0.05,10.627977606285713,0.05
sau,Saudi Arabia,1990,45937.52609,0.05,10.73503762390061,0.05
sau,Saudi Arabia,1991,49955.65651,0.04,10.818891021108588,0.05
sau,Saudi Arabia,1992,51510.35492,0.04,10.849538132848453,0.04
sau,Saudi Arabia,1993,50831.94433,0.03,10.836280261332432,0.04
sau,Saudi Arabia,1994,50604.17724,0.03,10.831789406018348,0.03
sau,Saudi Arabia,1995,50058.16726,0.03,10.820940953448611,0.03
sau,Saudi Arabia,1996,50910.88866,0.03,10.83783210225376,0.03
sau,Saudi Arabia,1997,51339.53609,0.03,10.846216418350025,0.03
sau,Saudi Arabia,1998,51967.77695,0.03,10.858379131447792,0.03
sau,Saudi Arabia,1999,50530.29916,0.04,10.83032841871173,0.03
sau,Saudi Arabia,2000,51649.9186,0.03,10.852243898554287,0.04
sau,Saudi Arabia,2001,49984.6681,0.03,10.819471599387239,0.03
sau,Saudi Arabia,2002,47847.63417,0.04,10.775776953025543,0.03
sau,Saudi Arabia,2003,50402.0537,0.03,10.827787201245155,0.04
sau,Saudi Arabia,2004,52846.12676,0.02,10.875139701195511,0.03
sau,Saudi Arabia,2005,54038.83725,0.01,10.89745827537337,0.02
sau,Saudi Arabia,2006,53859.94698,0.01,10.894142381961094,0.01
sau,Saudi Arabia,2007,53086.86599,0.02,10.879684831814162,0.01
sau,Saudi Arabia,2008,54355.42282,0.01,10.903299663469037,0.02
sau,Saudi Arabia,2009,51777.98146,0.02,10.85472026954065,0.01
sau,Saudi Arabia,2010,54911.54752,0.02,10.913478942720443,0.02
sau,Saudi Arabia,2011,58645.46489,0.01,10.979265526113204,0.02
sau,Saudi Arabia,2012,59471.68202,0.01,10.993255545804956,0.01
sau,Saudi Arabia,2013,57998.48168,0.01,10.968172111254875,0.01
sau,Saudi Arabia,2014,58872.26714,0.01,10.983125412237124,0.01
sau,Saudi Arabia,2015,58498.5399,0.01,10.976757073934108,0.01
sau,Saudi Arabia,2016,57308.46378,0.01,10.956203601742434,0.01
sau,Saudi Arabia,2017,57942.5485,0.01,10.967207255513081,0.01
sau,Saudi Arabia,2018,61359.46537,0.01,11.024504722997964,0.01
sau,Saudi Arabia,2019,62647.71413,0.01,11.045282473305818,0.01
sau,Saudi Arabia,2020,57420.73357,0.01,10.958160729107208,0.01
sau,Saudi Arabia,2021,62690.49666,0.01,11.045965146712305,0.01
sau,Saudi Arabia,2022,67178.59023,0.01,11.115109877980332,0.01
sdn,Sudan,1960,2072.90057,43.43,7.636704146982513,
sdn,Sudan,1961,2011.96481,45.04,7.6068670410070345,43.43
sdn,Sudan,1962,2089.0763,41.56,7.644477285542501,45.04
sdn,Sudan,1963,1969.12844,44.97,7.585346307593438,41.56
sdn,Sudan,1964,1892.52263,46.62,7.545665942967984,44.97
sdn,Sudan,1965,1966.80909,44.9,7.584167757247665,46.62
sdn,Sudan,1966,1889.31626,46.55,7.543970275404383,44.9
sdn,Sudan,1967,1776.00499,49.93,7.4821217332328525,46.55
sdn,Sudan,1968,1831.31697,46.49,7.512790642745152,49.93
sdn,Sudan,1969,1888.82459,44.77,7.543710004534504,46.49
sdn,Sudan,1970,1752.79215,48.12,7.46896530972262,44.77
sdn,Sudan,1971,1783.50983,46.39,7.486338516418184,48.12
sdn,Sudan,1972,1678.95742,49.77,7.4259282964224305,46.39
sdn,Sudan,1973,1581.14489,53.16,7.365904477539148,49.77
sdn,Sudan,1974,1704.3446,47.99,7.44093591699047,53.16
sdn,Sudan,1975,1867.84923,41.2,7.532542903539965,47.99
sdn,Sudan,1976,2122.2258,33.22,7.660220722560955,41.2
sdn,Sudan,1977,2270.81595,28.79,7.7278944952282185,33.22
sdn,Sudan,1978,2110.71849,31.68,7.6547836850951745,28.79
sdn,Sudan,1979,1892.15167,37.84,7.545469910246654,31.68
sdn,Sudan,1980,1854.0914,37.78,7.525150043724031,37.84
sdn,Sudan,1981,1978.25803,38.56,7.5899719536242465,37.78
sdn,Sudan,1982,2138.77419,37.7,7.66798813548727,38.56
sdn,Sudan,1983,2095.13085,38.87,7.647371288639694,37.7
sdn,Sudan,1984,1946.8814,41.52,7.573984089289837,38.87
sdn,Sudan,1985,1878.78473,45.38,7.538380426591602,41.52
sdn,Sudan,1986,2000.1662,43.83,7.600985556089468,45.38
sdn,Sudan,1987,2089.63879,38.95,7.644746502271223,43.83
sdn,Sudan,1988,2179.51132,38.88,7.68685596551676,38.95
sdn,Sudan,1989,2269.46036,35.68,7.7272973553416895,38.88
sdn,Sudan,1990,2182.28795,38.92,7.688129123772417,35.68
sdn,Sudan,1991,2313.98712,36.27,7.746727341618857,38.92
sdn,Sudan,1992,2433.68098,34.19,7.797160196756792,36.27
sdn,Sudan,1993,2511.32739,33.52,7.828566732976351,34.19
sdn,Sudan,1994,2502.53056,34.36,7.825057722903024,33.52
sdn,Sudan,1995,2612.00665,32.78,7.867874036334888,34.36
sdn,Sudan,1996,2729.73309,31.09,7.911959114168513,32.78
sdn,Sudan,1997,3144.11724,26.05,8.053288442930176,31.09
sdn,Sudan,1998,3231.27828,25.57,8.080633090249389,26.05
sdn,Sudan,1999,3277.3809,25.63,8.09479987630482,25.57
sdn,Sudan,2000,3417.72691,24.22,8.136730962882616,25.63
sdn,Sudan,2001,3566.51472,23.2,8.179344129005244,24.22
sdn,Sudan,2002,3703.35497,21.64,8.216994436432747,23.2
sdn,Sudan,2003,3861.226,20.41,8.258740028609719,21.64
sdn,Sudan,2004,3970.10127,20.43,8.286546882172013,20.41
sdn,Sudan,2005,4104.40877,19.4,8.319816984717084,20.43
sdn,Sudan,2006,4274.67822,17.97,8.36046410836248,19.4
sdn,Sudan,2007,4411.58603,18.04,8.391989547775424,17.97
sdn,Sudan,2008,4451.99211,17.82,8.401106940156668,18.04
sdn,Sudan,2009,4195.98319,19.51,8.341882963311786,17.82
sdn,Sudan,2010,4219.83691,18.7,8.347551759363816,19.51
sdn,Sudan,2011,4467.62598,15.94,8.404612445852557,18.7
sdn,Sudan,2012,4145.93164,17.8,8.329882804678414,15.94
sdn,Sudan,2013,4130.48584,17.54,8.326150315840286,17.8
sdn,Sudan,2014,4207.50049,15.95,8.344624042523659,17.54
sdn,Sudan,2015,4159.19434,16.21,8.333076666229957,15.95
sdn,Sudan,2016,4174.56103,16.33,8.336764489242125,16.21
sdn,Sudan,2017,4061.01831,16.81,8.309189036417823,16.33
sdn,Sudan,2018,3816.65991,19.07,8.247130950007032,16.81
sdn,Sudan,2019,3625.52319,21.28,8.195753885150314,19.07
sdn,Sudan,2020,3401.24976,23.41,8.13189821953516,21.28
sdn,Sudan,2021,3248.97559,25.75,8.08609502255993,23.41
sdn,Sudan,2022,3132.07715,26.88,8.04945168962979,25.75
sen,Senegal,1960,2903.33288,61.27,7.9736146250360616,
sen,Senegal,1961,2934.15557,60.19,7.9841749804737985,61.27
sen,Senegal,1962,2928.65971,60.23,7.982300160494887,60.19
sen,Senegal,1963,2907.49388,60.27,7.975046779489486,60.23
sen,Senegal,1964,2885.17341,60.31,7.967340284588159,60.27
sen,Senegal,1965,2886.023,60.36,7.96763470881003,60.31
sen,Senegal,1966,2878.86367,60.4,7.96515093624332,60.36
sen,Senegal,1967,2747.01158,62.71,7.918268901594216,60.4
sen,Senegal,1968,2826.06824,60.48,7.946641710157463,62.71
sen,Senegal,1969,2551.21362,65.0,7.844324454345755,60.48
sen,Senegal,1970,2668.1338,62.82,7.8891345557030865,65.0
sen,Senegal,1971,2573.93248,63.97,7.8531901562657875,62.82
sen,Senegal,1972,2645.73708,62.89,7.880704974658499,63.97
sen,Senegal,1973,2412.3916,66.21,7.788373899561153,62.89
sen,Senegal,1974,2428.91937,66.24,7.795201733720874,66.21
sen,Senegal,1975,2535.33417,64.11,7.8380807298226705,66.24
sen,Senegal,1976,2683.87345,61.93,7.8950163472035335,64.11
sen,Senegal,1977,2529.39106,64.17,7.835733865004586,61.93
sen,Senegal,1978,2323.11358,66.36,7.750663625247128,64.17
sen,Senegal,1979,2439.01752,65.32,7.799350581461954,66.36
sen,Senegal,1980,2282.19593,67.63,7.732893385632062,65.32
sen,Senegal,1981,2388.76779,68.18,7.778532942936484,67.63
sen,Senegal,1982,2656.92192,66.85,7.884923558801864,68.18
sen,Senegal,1983,2572.39329,69.03,7.85259198579828,66.85
sen,Senegal,1984,2559.59807,68.77,7.847605521240955,69.03
sen,Senegal,1985,2618.74939,68.63,7.8704521507348595,68.77
sen,Senegal,1986,2667.16114,68.59,7.888769942304309,68.63
sen,Senegal,1987,2770.83176,67.74,7.9269028284762895,68.59
sen,Senegal,1988,2784.23702,68.7,7.931729154324658,67.74
sen,Senegal,1989,2834.54755,68.36,7.949637609069057,68.7
sen,Senegal,1990,2848.46787,69.3,7.954536539235982,68.36
sen,Senegal,1991,2841.46022,69.35,7.952073360991107,69.3
sen,Senegal,1992,2799.4538,67.07,7.937179605705818,69.35
sen,Senegal,1993,2761.39883,64.04,7.923492652783838,67.07
sen,Senegal,1994,2688.71822,61.64,7.896819860893306,64.04
sen,Senegal,1995,2764.36505,58.55,7.9245662492491675,61.64
sen,Senegal,1996,2753.03031,59.21,7.920457514889483,58.55
sen,Senegal,1997,2772.3576,58.77,7.9274533563184555,59.21
sen,Senegal,1998,2869.50435,56.43,7.961894593490812,58.77
sen,Senegal,1999,2982.00365,53.24,8.000350719334666,56.43
sen,Senegal,2000,3025.6101,52.09,8.014868036079479,53.24
sen,Senegal,2001,3085.2906,52.19,8.034401129634118,52.09
sen,Senegal,2002,3019.10643,51.21,8.012716182480617,52.19
sen,Senegal,2003,3120.05929,49.11,8.045607283828097,51.21
sen,Senegal,2004,3197.14275,45.73,8.070012799298539,49.11
sen,Senegal,2005,3265.85849,43.17,8.091277944361465,45.73
sen,Senegal,2006,3270.7774,41.85,8.092782972639395,43.17
sen,Senegal,2007,3295.20445,42.18,8.100223493570097,41.85
sen,Senegal,2008,3344.52397,41.34,8.115079651523361,42.18
sen,Senegal,2009,3363.26324,40.49,8.120666984026304,41.34
sen,Senegal,2010,3403.56707,40.78,8.132579298878651,40.49
sen,Senegal,2011,3362.87941,41.67,8.12055285323236,40.78
sen,Senegal,2012,3405.10864,39.62,8.133032124095184,41.67
sen,Senegal,2013,3385.42591,40.55,8.127235000178773,39.62
sen,Senegal,2014,3484.0122,33.48,8.15593983968842,40.55
sen,Senegal,2015,3593.79477,27.04,8.186963962207194,33.48
sen,Senegal,2016,3710.05532,21.7,8.218802066541524,27.04
sen,Senegal,2017,3871.45147,15.41,8.261384772555134,21.7
sen,Senegal,2018,3998.28635,11.45,8.293621135807173,15.41
sen,Senegal,2019,4070.61227,10.2,8.311548702011882,11.45
sen,Senegal,2020,4018.04129,10.88,8.298549821578924,10.2
sen,Senegal,2021,4173.67741,10.37,8.336552799073079,10.88
sen,Senegal,2022,4228.73383,10.14,8.3496578962626,10.37
sgp,Singapore,1960,4672.46143,21.11,8.449441284614,
sgp,Singapore,1961,4887.13577,18.08,8.494361678754514,21.11
sgp,Singapore,1962,5092.31013,16.5,8.535486863164355,18.08
sgp,Singapore,1963,5463.3424,13.88,8.605816042616894,16.5
sgp,Singapore,1964,5127.29318,15.58,8.542333153686915,13.88
sgp,Singapore,1965,5385.08132,13.87,8.591387690683524,15.58
sgp,Singapore,1966,5824.93203,9.89,8.669902609696294,13.87
sgp,Singapore,1967,6398.45952,7.13,8.763812540374868,9.89
sgp,Singapore,1968,7146.38621,4.67,8.87436208274287,7.13
sgp,Singapore,1969,8004.91128,3.73,8.987810542296318,4.67
sgp,Singapore,1970,8972.98968,2.61,9.101974197180379,3.73
sgp,Singapore,1971,9890.00645,2.57,9.199280076790458,2.61
sgp,Singapore,1972,11016.11952,1.71,9.307114890022836,2.57
sgp,Singapore,1973,11996.10014,0.88,9.39233688761665,1.71
sgp,Singapore,1974,12545.531,0.57,9.4371197855253,0.88
sgp,Singapore,1975,12896.19951,0.5,9.464687935315325,0.57
sgp,Singapore,1976,13676.71592,0.32,9.523450098029002,0.5
sgp,Singapore,1977,14475.0922,0.37,9.580184672023673,0.32
sgp,Singapore,1978,15481.84538,0.34,9.647423350633016,0.37
sgp,Singapore,1979,16733.94134,0.33,9.72519435141137,0.34
sgp,Singapore,1980,18149.24746,0.24,9.80638437657446,0.33
sgp,Singapore,1981,20192.81946,0.18,9.913082347916822,0.24
sgp,Singapore,1982,21480.45895,0.16,9.97489891478188,0.18
sgp,Singapore,1983,23607.51479,0.12,10.069320363632846,0.16
sgp,Singapore,1984,25832.13386,0.05,10.15937449436956,0.12
sgp,Singapore,1985,26223.31755,0.05,10.174404276773721,0.05
sgp,Singapore,1986,27041.25628,0.05,10.205118989136837,0.05
sgp,Singapore,1987,30110.36779,0.05,10.312624836279957,0.05
sgp,Singapore,1988,33570.14126,0.05,10.42139229788897,0.05
sgp,Singapore,1989,37064.0319,0.03,10.520402287769544,0.05
sgp,Singapore,1990,40541.43199,0.02,10.610079742273124,0.03
sgp,Singapore,1991,42350.99634,0.02,10.653747226131678,0.02
sgp,Singapore,1992,44225.21491,0.01,10.697050378484805,0.02
sgp,Singapore,1993,48395.46196,0.01,10.787161327151846,0.01
slb,Solomon Islands,1960,1506.64141,59.54,7.3176382207433255,
slb,Solomon Islands,1961,1536.1095,58.32,7.337008200229173,59.54
slb,Solomon Islands,1962,1565.61687,58.34,7.356035191445375,58.32
slb,Solomon Islands,1963,1595.16355,57.08,7.374731549147115,58.34
slb,Solomon Islands,1964,1626.10693,55.78,7.393944050553117,57.08
slb,Solomon Islands,1965,1657.09155,54.4,7.412819266352938,55.78
slb,Solomon Islands,1966,1688.11743,52.98,7.431369240271739,54.4
slb,Solomon Islands,1967,1721.90486,51.55,7.451186433751714,52.98
slb,Solomon Islands,1968,1751.65422,50.11,7.468315889003995,51.55
slb,Solomon Islands,1969,1652.05698,53.08,7.409776445011528,50.11
slb,Solomon Islands,1970,1683.16063,51.67,7.428428632298358,53.08
slb,Solomon Islands,1971,1666.57246,51.71,7.418524377150586,51.67
slb,Solomon Islands,1972,1154.56329,67.95,7.051477447560488,51.71
slb,Solomon Islands,1973,1244.11391,64.54,7.1261788366311904,67.95
slb,Solomon Islands,1974,1518.27421,56.03,7.325329580640998,64.54
slb,Solomon Islands,1975,1293.66456,62.24,7.165234214253194,56.03
slb,Solomon Islands,1976,1424.54332,58.65,7.261606564145978,62.24
slb,Solomon Islands,1977,1580.24756,53.37,7.365336797291731,58.65
slb,Solomon Islands,1978,1667.64761,49.07,7.419169295611091,53.37
slb,Solomon Islands,1979,2015.69783,38.82,7.608720732044545,49.07
slb,Solomon Islands,1980,1833.19616,44.83,7.5138162579349785,38.82
slb,Solomon Islands,1981,1950.62743,44.15,7.575906358778834,44.83
slb,Solomon Islands,1982,1957.87811,46.8,7.579616568854438,44.15
slb,Solomon Islands,1983,2088.37063,46.86,7.64413943803969,46.8
slb,Solomon Islands,1984,2079.00027,47.12,7.639642417728134,46.86
slb,Solomon Islands,1985,2021.56181,49.53,7.611625664918104,47.12
slb,Solomon Islands,1986,2112.62823,51.6,7.655688057980838,49.53
slb,Solomon Islands,1987,2216.11023,49.88,7.703508789409827,51.6
slb,Solomon Islands,1988,2248.65985,49.85,7.718089695522861,49.88
slb,Solomon Islands,1989,2365.9816,50.42,7.768948267669546,49.85
slb,Solomon Islands,1990,2397.67223,50.3,7.782253641507968,50.42
slb,Solomon Islands,1991,2464.3537,48.51,7.809684861429437,50.3
slb,Solomon Islands,1992,2693.26107,45.12,7.898508032041544,48.51
slb,Solomon Islands,1993,2716.68462,45.99,7.907167526133919,45.12
slb,Solomon Islands,1994,2855.93846,43.31,7.957155775608274,45.99
slb,Solomon Islands,1995,3039.58815,41.24,8.01947730824875,43.31
slb,Solomon Islands,1996,2998.16408,41.26,8.0057554069848,41.24
slb,Solomon Islands,1997,2881.96726,42.98,7.966228416328389,41.26
slb,Solomon Islands,1998,2838.3031,43.72,7.950961652580991,42.98
slb,Solomon Islands,1999,2746.52265,43.93,7.918090899608309,43.72
slb,Solomon Islands,2000,2297.6439,50.97,7.7396394855655215,43.93
slb,Solomon Islands,2001,2070.03378,54.52,7.635320204966844,50.97
slb,Solomon Islands,2002,1971.19788,56.78,7.586396697851609,54.52
slb,Solomon Islands,2003,2058.41971,55.24,7.629693836320058,56.78
slb,Solomon Islands,2004,2169.68067,53.41,7.682335279023871,55.24
slb,Solomon Islands,2005,2284.10999,50.46,7.733731726358959,53.41
slb,Solomon Islands,2006,2340.83468,50.21,7.758262845603823,50.46
slb,Solomon Islands,2007,2387.51606,47.86,7.778008799033832,50.21
slb,Solomon Islands,2008,2492.18037,43.62,7.820913256902833,47.86
slb,Solomon Islands,2009,2513.16372,41.08,7.829297684645509,43.62
slb,Solomon Islands,2010,2682.28529,36.16,7.894424430294878,41.08
slb,Solomon Islands,2011,2777.47103,31.75,7.929296091216365,36.16
slb,Solomon Islands,2012,2743.45333,29.99,7.916972745237153,31.75
slb,Solomon Islands,2013,2783.59442,27.32,7.931498328370324,29.99
slb,Solomon Islands,2014,2716.41807,27.51,7.907069405404228,27.32
slb,Solomon Islands,2015,2664.73036,27.02,7.887858153244684,27.51
slb,Solomon Islands,2016,2715.23386,27.5,7.906633364938446,27.02
slb,Solomon Islands,2017,2703.66071,26.34,7.902361952218943,27.5
slb,Solomon Islands,2018,2686.12001,25.38,7.895853055906365,26.34
slb,Solomon Islands,2019,2661.59973,27.29,7.88668262326152,25.38
slb,Solomon Islands,2020,2515.12833,29.24,7.830079107076996,27.29
slb,Solomon Islands,2021,2518.42162,30.28,7.831387643001991,29.24
slb,Solomon Islands,2022,2517.92542,31.42,7.831190595420613,30.28
sle,Sierra Leone,1960,1505.43953,65.1,7.316840181057323,
sle,Sierra Leone,1961,1508.64598,65.13,7.3189678255444885,65.1
sle,Sierra Leone,1962,1593.25604,62.03,7.3735350251804705,65.13
sle,Sierra Leone,1963,1645.13971,60.44,7.405580589684302,62.03
sle,Sierra Leone,1964,1673.15489,58.82,7.422466278889044,60.44
sle,Sierra Leone,1965,1743.6629,57.18,7.463743294501353,58.82
sle,Sierra Leone,1966,1814.31937,53.81,7.503465673613014,57.18
sle,Sierra Leone,1967,1711.82768,57.21,7.445316897430105,53.81
sle,Sierra Leone,1968,1848.82482,53.84,7.522305483794333,57.21
sle,Sierra Leone,1969,1978.41886,48.56,7.590053249117692,53.84
sle,Sierra Leone,1970,2063.48009,46.82,7.632149200490891,48.56
sle,Sierra Leone,1971,2036.08414,46.86,7.618783702946178,46.82
sle,Sierra Leone,1972,2018.44883,48.63,7.610084589463863,46.86
sle,Sierra Leone,1973,2050.8482,46.9,7.626008742656564,48.63
sle,Sierra Leone,1974,2082.86909,46.92,7.6415015924305285,46.9
sle,Sierra Leone,1975,2040.67183,46.95,7.62103436105293,46.92
sle,Sierra Leone,1976,1984.70174,48.73,7.593223924904636,46.95
sle,Sierra Leone,1977,1960.13914,50.5,7.580770739500825,48.73
sle,Sierra Leone,1978,1993.52174,48.77,7.597658072204634,50.5
sle,Sierra Leone,1979,2051.23595,47.04,7.62619779289882,48.77
sle,Sierra Leone,1980,2063.63545,47.07,7.632224487939748,47.04
sle,Sierra Leone,1981,2184.80938,47.97,7.689283863449437,47.07
sle,Sierra Leone,1982,2258.54165,45.87,7.722474596368054,47.97
sle,Sierra Leone,1983,2241.19139,48.26,7.714762873991799,45.87
sle,Sierra Leone,1984,2329.0841,47.87,7.753230379150813,48.26
sle,Sierra Leone,1985,2248.40995,50.5,7.71797855648728,47.87
sle,Sierra Leone,1986,2243.15489,50.98,7.715638586973304,50.5
sle,Sierra Leone,1987,2298.40301,49.38,7.7399698172709055,50.98
sle,Sierra Leone,1988,2356.21957,53.45,7.764813736524068,49.38
sle,Sierra Leone,1989,2474.78588,54.58,7.813909158129,53.45
sle,Sierra Leone,1990,2545.11652,54.64,7.841931711826553,54.58
sle,Sierra Leone,1991,2499.81673,54.11,7.823972700169129,54.64
sle,Sierra Leone,1992,2134.07223,61.68,7.665787278524133,54.11
sle,Sierra Leone,1993,2185.88601,61.37,7.6897765219056815,61.68
sle,Sierra Leone,1994,2185.24505,62.35,7.689483252270982,61.37
sle,Sierra Leone,1995,2012.30748,66.01,7.607037342605006,62.35
sle,Sierra Leone,1996,1930.76515,65.15,7.565671654110289,66.01
sle,Sierra Leone,1997,1768.15329,67.65,7.477690941927833,65.15
sle,Sierra Leone,1998,1791.62048,67.39,7.490875785390829,67.65
sle,Sierra Leone,1999,1744.27789,69.07,7.464095932371891,67.39
sle,Sierra Leone,2000,1824.79416,67.28,7.509222470614334,69.07
sle,Sierra Leone,2001,1673.66366,71.57,7.422770310910093,67.28
sle,Sierra Leone,2002,2008.84405,64.51,7.605314736117485,71.57
sle,Sierra Leone,2003,2122.10412,62.07,7.660163384888189,64.51
sle,Sierra Leone,2004,2196.45543,60.19,7.694600171837323,62.07
sle,Sierra Leone,2005,2243.41579,57.73,7.715754889610174,60.19
sle,Sierra Leone,2006,2299.45302,55.5,7.740426556242896,57.73
sle,Sierra Leone,2007,2349.59932,50.43,7.762000090473405,55.5
sle,Sierra Leone,2008,2387.68198,47.35,7.778078291439666,50.43
sle,Sierra Leone,2009,2370.01474,46.19,7.770651453519119,47.35
sle,Sierra Leone,2010,2461.98105,42.53,7.808721609720463,46.19
sle,Sierra Leone,2011,2592.85894,38.48,7.860516383750391,42.53
sle,Sierra Leone,2012,2795.43889,26.41,7.935744400095408,38.48
sle,Sierra Leone,2013,3127.53945,23.57,8.048001856170384,26.41
sle,Sierra Leone,2014,2815.05858,22.92,7.942738350303981,23.57
sle,Sierra Leone,2015,2630.53499,32.43,7.874942522736074,22.92
sle,Sierra Leone,2016,2734.71899,28.63,7.913783963690707,32.43
sle,Sierra Leone,2017,2755.90429,28.12,7.921500903664049,28.63
sle,Sierra Leone,2018,2769.86968,26.34,7.926555551143235,28.12
sle,Sierra Leone,2019,2855.22907,25.68,7.956907353547488,26.34
sle,Sierra Leone,2020,2755.10252,27.22,7.9212099332358505,25.68
sle,Sierra Leone,2021,2851.95208,26.27,7.955758979148988,27.22
sle,Sierra Leone,2022,2937.37347,25.92,7.985271083482148,26.27
slv,El Salvador,1960,3608.14367,18.83,8.190948700234514,
slv,El Salvador,1961,3590.45219,18.92,8.186033431767525,18.83
slv,El Salvador,1962,3874.10233,17.04,8.262069258176679,18.92
slv,El Salvador,1963,3907.65694,17.1,8.270693225276677,17.04
slv,El Salvador,1964,4135.51648,15.99,8.32736750413188,17.1
slv,El Salvador,1965,4220.39492,15.47,8.347683985589835,15.99
slv,El Salvador,1966,4367.48415,14.42,8.381942412923207,15.47
slv,El Salvador,1967,4427.54617,13.98,8.395600797609394,14.42
slv,El Salvador,1968,4383.80696,14.53,8.385672794811661,13.98
slv,El Salvador,1969,4371.46211,14.58,8.38285281107795,14.53
slv,El Salvador,1970,4349.652,14.13,8.377851120882559,14.58
slv,El Salvador,1971,4426.10716,14.18,8.395275731795534,14.13
slv,El Salvador,1972,4551.25757,13.31,8.423158862767579,14.18
slv,El Salvador,1973,4658.95194,12.92,8.446545796245239,13.31
slv,El Salvador,1974,4827.855,12.54,8.482157548626402,12.92
slv,El Salvador,1975,4965.80732,12.17,8.510331165476474,12.54
slv,El Salvador,1976,5029.09785,11.8,8.522995893131215,12.17
slv,El Salvador,1977,5198.25871,11.45,8.556078985028691,11.8
slv,El Salvador,1978,5395.19362,10.73,8.59326376583416,11.45
slv,El Salvador,1979,5178.47677,11.15,8.552266232163895,10.73
slv,El Salvador,1980,4646.34286,12.81,8.443835707421968,11.15
slv,El Salvador,1981,4547.83147,13.97,8.422405798335117,12.81
slv,El Salvador,1982,4421.59843,15.33,8.394256545443904,13.97
slv,El Salvador,1983,4547.44027,15.4,8.422319775616627,15.33
slv,El Salvador,1984,4687.22074,15.51,8.452595093037312,15.4
slv,El Salvador,1985,4785.80836,15.77,8.473410225878075,15.51
slv,El Salvador,1986,4810.1633,16.08,8.478486312627465,15.77
slv,El Salvador,1987,4952.21507,15.98,8.507590244358331,16.08
slv,El Salvador,1988,5095.11902,16.01,8.536038305540998,15.98
slv,El Salvador,1989,5215.78762,16.18,8.559445385752989,16.01
slv,El Salvador,1990,5514.66258,17.35,8.615165747585612,16.18
slv,El Salvador,1991,5576.95982,19.13,8.626399071773319,17.35
slv,El Salvador,1992,5921.9482,17.47,8.686420761578363,19.13
slv,El Salvador,1993,6255.72677,15.64,8.74125260639925,17.47
slv,El Salvador,1994,6544.49123,14.39,8.78637894117434,15.64
slv,El Salvador,1995,6848.49366,13.11,8.831784003424284,14.39
slv,El Salvador,1996,6889.1288,15.02,8.837699911891056,13.11
slv,El Salvador,1997,7096.68455,16.78,8.867382989178664,15.02
slv,El Salvador,1998,7274.66483,17.59,8.892153019500707,16.78
slv,El Salvador,1999,7422.80156,14.16,8.912311833633442,17.59
slv,El Salvador,2000,7497.59169,13.16,8.92233713995819,14.16
slv,El Salvador,2001,7558.43492,13.84,8.930419426577718,13.16
slv,El Salvador,2002,7676.18413,14.22,8.945877844593927,13.84
slv,El Salvador,2003,7797.59635,13.73,8.961570804930144,14.22
slv,El Salvador,2004,7872.2645,11.11,8.971101038269245,13.73
slv,El Salvador,2005,8088.6992,11.08,8.99822320602414,11.11
slv,El Salvador,2006,8440.24662,8.17,9.040766807542242,11.08
slv,El Salvador,2007,8588.87985,5.63,9.058223604845468,8.17
slv,El Salvador,2008,8733.46566,8.15,9.074917552874686,5.63
slv,El Salvador,2009,8508.9752,7.89,9.048876791284258,8.15
slv,El Salvador,2010,8648.92983,6.78,9.065190873196943,7.89
slv,El Salvador,2011,8943.06192,5.75,9.098633306173268,6.78
slv,El Salvador,2012,9165.42035,5.12,9.123193023924726,5.75
slv,El Salvador,2013,9327.56424,4.14,9.140729192233215,5.12
slv,El Salvador,2014,9451.74461,3.79,9.153954618263386,4.14
slv,El Salvador,2015,9646.15432,2.61,9.174314598842226,3.79
slv,El Salvador,2016,9863.76121,3.05,9.196622836319202,2.61
slv,El Salvador,2017,10064.79349,2.47,9.216798820228032,3.05
slv,El Salvador,2018,10297.20361,2.13,9.239627643181754,2.47
slv,El Salvador,2019,10543.93833,1.61,9.263306407901208,2.13
slv,El Salvador,2020,9692.44932,3.22,9.17910244074627,1.61
slv,El Salvador,2021,10809.7134,3.77,9.288200397793355,3.22
slv,El Salvador,2022,11085.61781,3.4,9.313403854371943,3.77
som,Somalia,1960,1447.595,46.34,7.277658837690806,
som,Somalia,1961,1478.91962,44.19,7.299067113701803,46.34
som,Somalia,1962,1505.12403,42.37,7.31663058574743,44.19
som,Somalia,1963,1522.75905,42.2,7.328279132893811,42.37
som,Somalia,1964,1323.64418,52.68,7.188143954154651,42.2
som,Somalia,1965,1203.48567,57.44,7.0929773502141416,52.68
som,Somalia,1966,1336.94673,51.07,7.198143733376255,57.44
som,Somalia,1967,1376.81325,49.01,7.227526868616274,51.07
som,Somalia,1968,1362.39347,51.07,7.216998336324661,49.01
som,Somalia,1969,1160.22311,59.0,7.05636760181307,51.07
som,Somalia,1970,1226.33047,55.87,7.111781631560332,59.0
som,Somalia,1971,1235.37107,55.87,7.11912666547101,55.87
som,Somalia,1972,1406.66984,46.53,7.2489803742835734,55.87
som,Somalia,1973,1216.28937,55.87,7.103560002966041,46.53
som,Somalia,1974,1179.71096,57.44,7.073024738302224,55.87
som,Somalia,1975,1264.67703,54.28,7.142572056310934,57.44
som,Somalia,1976,1125.17461,60.53,7.025693511483756,54.28
som,Somalia,1977,1139.70617,59.0,7.038525762552396,60.53
som,Somalia,1978,1078.19182,62.03,6.983040676270184,59.0
som,Somalia,1979,936.49285,69.01,6.842141887044534,62.03
som,Somalia,1980,897.0608,71.7,6.799123641255603,69.01
som,Somalia,1981,923.05175,70.46,6.827685300103411,71.7
som,Somalia,1982,941.31041,69.17,6.847272957665506,70.46
som,Somalia,1983,837.05141,74.1,6.729885490347562,69.17
som,Somalia,1984,872.30165,71.7,6.771135292988456,74.1
som,Somalia,1985,958.23188,67.85,6.86508979461149,71.7
som,Somalia,1986,930.16347,69.17,6.835360344894377,67.85
som,Somalia,1987,1009.62772,65.08,6.917336947828412,69.17
som,Somalia,1988,986.65514,66.48,6.894320576149323,65.08
som,Somalia,1989,969.00418,66.48,6.8762689256069525,66.48
som,Somalia,1990,943.40187,67.84,6.849492353040268,66.48
som,Somalia,1991,929.14854,69.17,6.834268618389792,67.84
som,Somalia,1992,868.16457,71.7,6.766381293463347,69.17
som,Somalia,1993,872.61063,71.7,6.771489442600182,71.7
som,Somalia,1994,680.17649,81.44,6.522352308612052,71.7
som,Somalia,1995,677.26085,81.44,6.51805650150871,81.44
som,Somalia,1996,699.37563,80.48,6.550187979870073,81.44
som,Somalia,1997,676.56539,81.44,6.51702910221532,80.48
som,Somalia,1998,685.76286,80.48,6.530531882831812,81.44
som,Somalia,1999,701.04122,79.49,6.552566687017677,80.48
som,Somalia,2000,716.42269,78.48,6.574270341935141,79.49
som,Somalia,2001,733.19436,78.48,6.597410823628271,78.48
som,Somalia,2002,756.37389,76.35,6.62853581741538,78.48
som,Somalia,2003,781.35822,75.23,6.66103371305738,76.35
som,Somalia,2004,804.23113,74.08,6.689886702990289,75.23
som,Somalia,2005,829.94429,72.9,6.721358578056035,74.08
som,Somalia,2006,855.56388,70.44,6.7517607603283505,72.9
som,Somalia,2007,884.12801,69.15,6.78460185984633,70.44
som,Somalia,2008,915.86207,67.83,6.819865774733414,69.15
som,Somalia,2009,953.8074,65.07,6.860461764273952,67.83
som,Somalia,2010,994.86846,63.63,6.902610527414245,65.07
som,Somalia,2011,1053.98384,60.65,6.960332396915459,63.63
som,Somalia,2012,1114.40415,57.56,7.01607514643569,60.65
som,Somalia,2013,1197.29192,60.64,7.087817552182528,57.56
som,Somalia,2014,1258.82249,59.11,7.1379320312524515,60.64
som,Somalia,2015,1343.44297,55.98,7.20299097832688,59.11
som,Somalia,2016,1383.65853,54.39,7.232486378856918,55.98
som,Somalia,2017,1527.11216,51.17,7.33113375373275,54.39
som,Somalia,2018,1504.43909,51.17,7.316175410039518,51.17
som,Somalia,2019,1491.1076,51.17,7.307274478492196,51.17
som,Somalia,2020,1396.05343,55.97,7.241404556228869,51.17
som,Somalia,2021,1392.46426,54.38,7.238830305403837,55.97
som,Somalia,2022,1387.81374,55.97,7.2354849389784786,54.38
srb,Serbia,1960,6000.20299,4.5,8.699548579304581,
srb,Serbia,1961,6176.79523,4.01,8.72855484474978,4.5
srb,Serbia,1962,6523.2413,3.27,8.783126663293414,4.01
srb,Serbia,1963,7303.15487,2.14,8.896061707748812,3.27
srb,Serbia,1964,8057.0408,1.61,8.994301621683947,2.14
srb,Serbia,1965,8211.3388,1.46,9.013271258579627,1.61
srb,Serbia,1966,8925.01423,1.09,9.096613201044327,1.46
srb,Serbia,1967,9068.7787,1.08,9.112592881341481,1.09
srb,Serbia,1968,9220.43475,0.97,9.129177468367391,1.08
srb,Serbia,1969,10275.76624,0.71,9.23754360982,0.97
srb,Serbia,1970,10562.92326,0.66,9.265105342815232,0.71
srb,Serbia,1971,11559.96043,0.47,9.35530271921013,0.66
srb,Serbia,1972,12066.90589,0.41,9.398221934087358,0.47
srb,Serbia,1973,12755.16836,0.31,9.453691830018395,0.41
srb,Serbia,1974,13846.17379,0.22,9.535764212798663,0.31
srb,Serbia,1975,14230.72035,0.19,9.563158311728161,0.22
srb,Serbia,1976,14961.82146,0.15,9.61325699946448,0.19
srb,Serbia,1977,16164.92394,0.1,9.69059898492112,0.15
srb,Serbia,1978,17002.25601,0.08,9.741101320704217,0.1
srb,Serbia,1979,18511.38292,0.06,9.82614111482428,0.08
srb,Serbia,1980,18548.44112,0.05,9.828141027846621,0.06
srb,Serbia,1981,18954.25911,0.05,9.849783940402038,0.05
srb,Serbia,1982,19184.09195,0.05,9.861836670312522,0.05
srb,Serbia,1983,18881.7692,0.05,9.845952142936325,0.05
srb,Serbia,1984,19286.46677,0.05,9.867158925307786,0.05
srb,Serbia,1985,19363.34037,0.05,9.87113688572002,0.05
srb,Serbia,1986,20102.07817,0.05,9.908578480244918,0.05
srb,Serbia,1987,19857.86819,0.05,9.896355589944358,0.05
srb,Serbia,1988,19658.82298,0.05,9.886281523139877,0.05
srb,Serbia,1989,20097.9999,0.05,9.908375581633285,0.05
srb,Serbia,1990,17997.58641,0.07,9.797992939554325,0.05
srb,Serbia,1991,16017.72634,0.1,9.681451284207782,0.07
srb,Serbia,1992,11584.70776,0.23,9.357441210825385,0.1
srb,Serbia,1993,8088.11156,0.54,8.998150553879167,0.23
srb,Serbia,1994,8340.66473,0.48,9.028898196013541,0.54
srb,Serbia,1995,8887.14097,0.39,9.092360676108447,0.48
srb,Serbia,1996,9498.33756,0.33,9.15887206859124,0.39
srb,Serbia,1997,10434.84231,0.27,9.252905707753612,0.33
srb,Serbia,1998,11065.7794,0.24,9.311612688323512,0.27
srb,Serbia,1999,9886.37157,0.32,9.198912478634997,0.24
srb,Serbia,2000,10614.4698,0.27,9.269973424703377,0.32
srb,Serbia,2001,11418.6831,0.22,9.343006161324261,0.27
srb,Serbia,2002,12260.62781,0.18,9.414148416172592,0.22
srb,Serbia,2003,12927.99991,0.45,9.467150773799244,0.18
srb,Serbia,2004,13925.98811,0.85,9.541512021703477,0.45
srb,Serbia,2005,14857.66651,0.92,9.60627127431246,0.85
srb,Serbia,2006,15571.51567,0.53,9.653198605626562,0.92
srb,Serbia,2007,16904.35045,0.35,9.735326290860453,0.53
srb,Serbia,2008,17908.02822,0.1,9.793004395191645,0.35
srb,Serbia,2009,17456.40097,0.23,9.767461678134428,0.1
srb,Serbia,2010,17840.4348,0.16,9.789222778034313,0.23
srb,Serbia,2011,17985.57946,0.18,9.79732557468215,0.16
srb,Serbia,2012,17992.80975,4.06,9.797727498740235,0.18
srb,Serbia,2013,18162.1903,0.25,9.807097256115814,4.06
srb,Serbia,2014,17921.43481,4.99,9.79375275084601,0.25
srb,Serbia,2015,18246.78995,0.1,9.811744450388938,4.99
srb,Serbia,2016,18888.3266,4.19,9.846299370017803,0.1
srb,Serbia,2017,19437.90421,3.46,9.874980264075145,4.19
srb,Serbia,2018,20453.08158,0.05,9.925888838627133,3.46
srb,Serbia,2019,21539.92129,0.06,9.977663296571855,0.05
srb,Serbia,2020,21477.87722,1.6,9.974778717854658,0.06
srb,Serbia,2021,23404.99711,1.35,10.060704830256274,1.6
srb,Serbia,2022,24633.06978,1.3,10.111845119158174,1.35
ssd,South Sudan,1960,1864.07452,13.76,7.530519972987189,
ssd,South Sudan,1961,1901.49549,13.19,7.550395955553774,13.76
ssd,South Sudan,1962,1932.22436,12.68,7.566427136394476,13.19
ssd,South Sudan,1963,1951.87045,12.73,7.576543396942727,12.68
ssd,South Sudan,1964,1694.04752,15.9,7.434875926766603,12.73
ssd,South Sudan,1965,1537.906,18.14,7.338177029862287,15.9
ssd,South Sudan,1966,1705.83692,15.33,7.441811131454279,18.14
ssd,South Sudan,1967,1754.01367,14.11,7.4696619665163535,15.33
ssd,South Sudan,1968,1732.98589,14.76,7.457601147732085,14.11
ssd,South Sudan,1969,1473.56236,18.29,7.295438122286652,14.76
ssd,South Sudan,1970,1555.13847,16.86,7.349319868880287,18.29
ssd,South Sudan,1971,1564.20441,16.21,7.355132609496103,16.86
ssd,South Sudan,1972,1778.37272,13.13,7.4834540229012045,16.21
ssd,South Sudan,1973,1535.33114,16.3,7.336501363140072,13.13
ssd,South Sudan,1974,1486.87787,17.04,7.304433811278142,16.3
ssd,South Sudan,1975,1591.52641,15.08,7.372448840992253,17.04
ssd,South Sudan,1976,1413.80227,17.86,7.254037999337489,15.08
ssd,South Sudan,1977,1429.86879,17.9,7.2653379637994275,17.86
ssd,South Sudan,1978,1350.62211,18.68,7.208320587508745,17.9
ssd,South Sudan,1979,1171.3234,22.81,7.065889499678717,18.68
ssd,South Sudan,1980,1120.28565,23.72,7.021338976413642,22.81
ssd,South Sudan,1981,1150.9792,22.84,7.048368337316198,23.72
ssd,South Sudan,1982,1171.94929,21.99,7.066423701282786,22.84
ssd,South Sudan,1983,1040.54922,25.53,6.947503948895564,21.99
ssd,South Sudan,1984,1082.70894,23.72,6.987221457417703,25.53
ssd,South Sudan,1985,1187.54528,21.15,7.079643665708162,23.72
ssd,South Sudan,1986,1150.99485,21.99,7.0483819343417595,21.15
ssd,South Sudan,1987,1247.41195,18.77,7.128826243972382,21.99
ssd,South Sudan,1988,1217.16247,19.54,7.104277584487987,18.77
ssd,South Sudan,1989,1193.55753,19.54,7.084693647382146,19.54
ssd,South Sudan,1990,1160.24303,20.34,7.056384770777234,19.54
ssd,South Sudan,1991,1140.96395,20.34,7.0396287542709155,20.34
ssd,South Sudan,1992,1000.11308,24.61,6.907868352589076,20.34
ssd,South Sudan,1993,997.99161,23.72,6.9057448694625,24.61
ssd,South Sudan,1994,781.15456,32.46,6.660773030388079,23.72
ssd,South Sudan,1995,767.24984,32.46,6.642812484962841,32.46
ssd,South Sudan,1996,775.03025,32.46,6.652902060849673,32.46
ssd,South Sudan,1997,728.03187,34.57,6.590344824711008,32.46
ssd,South Sudan,1998,715.8547,34.57,6.573477213406072,34.57
ssd,South Sudan,1999,708.4967,34.57,6.563145401392294,34.57
ssd,South Sudan,2000,701.20667,34.57,6.552802665266527,34.57
ssd,South Sudan,2001,696.29345,34.57,6.545771195039399,34.57
ssd,South Sudan,2002,696.00116,34.57,6.545351326999698,34.57
ssd,South Sudan,2003,695.67877,33.51,6.544888016436949,34.57
ssd,South Sudan,2004,694.19612,33.5,6.542754514244679,33.51
ssd,South Sudan,2005,691.5774,33.51,6.538975075426736,33.5
ssd,South Sudan,2006,685.61683,33.51,6.530318914823583,33.51
ssd,South Sudan,2007,680.81284,33.51,6.523287437245826,33.51
ssd,South Sudan,2008,676.04252,34.07,6.5162559734731635,33.51
ssd,South Sudan,2009,671.30562,33.95,6.509224502725542,34.07
ssd,South Sudan,2010,665.518,35.06,6.500565684802226,33.95
ssd,South Sudan,2011,665.518,44.5,6.500565684802226,35.06
ssd,South Sudan,2012,325.292,56.49,5.784723240493224,44.5
ssd,South Sudan,2013,407.52,54.79,6.010090011231147,56.49
ssd,South Sudan,2014,408.16,56.36,6.011659254393502,54.79
ssd,South Sudan,2015,398.849,57.84,5.988582899145772,56.36
ssd,South Sudan,2016,339.143,64.33,5.826421847344203,57.84
ssd,South Sudan,2017,316.051,67.48,5.755903592969622,64.33
ssd,South Sudan,2018,492.682,69.12,6.1998639354951,67.48
ssd,South Sudan,2019,582.824,69.44,6.367885253981049,69.12
ssd,South Sudan,2020,625.73,72.37,6.4389189681550745,69.44
ssd,South Sudan,2021,1022.662,71.61,6.930164310575249,72.37
ssd,South Sudan,2022,1009.485,72.38,6.917195578801488,71.61
stp,Sao Tome and Principe,1960,1762.05032,54.84,7.47423336454464,
stp,Sao Tome and Principe,1961,1892.67808,49.44,7.545748078638981,54.84
stp,Sao Tome and Principe,1962,2013.8842,45.87,7.607820574108084,49.44
stp,Sao Tome and Principe,1963,2133.49374,42.2,7.66551616847798,45.87
stp,Sao Tome and Principe,1964,2247.62111,38.59,7.717627651434548,42.2
stp,Sao Tome and Principe,1965,2352.3997,35.02,7.763191235056461,38.59
stp,Sao Tome and Principe,1966,2485.38325,31.47,7.818182151991334,35.02
stp,Sao Tome and Principe,1967,2589.61052,28.11,7.8592627650072435,31.47
stp,Sao Tome and Principe,1968,2688.41763,26.49,7.8967080578782065,28.11
stp,Sao Tome and Principe,1969,2790.84745,23.4,7.934100574213794,26.49
stp,Sao Tome and Principe,1970,2887.87374,21.88,7.968275780220456,23.4
stp,Sao Tome and Principe,1971,2981.02788,19.13,8.00002344620059,21.88
stp,Sao Tome and Principe,1972,2978.51215,19.1,7.999179176294936,19.13
stp,Sao Tome and Principe,1973,2962.14223,19.05,7.9936680119058305,19.1
stp,Sao Tome and Principe,1974,3065.03533,17.73,8.02781437522068,19.05
stp,Sao Tome and Principe,1975,3149.49237,16.5,8.054996566452287,17.73
stp,Sao Tome and Principe,1976,3103.92391,16.44,8.04042236747172,16.5
stp,Sao Tome and Principe,1977,3711.23476,10.16,8.219119919636396,16.44
stp,Sao Tome and Principe,1978,3701.42756,10.11,8.216473851247235,10.16
stp,Sao Tome and Principe,1979,4183.43311,6.25,8.338887506603406,10.11
stp,Sao Tome and Principe,1980,4033.27562,6.84,8.302334133723438,6.25
stp,Sao Tome and Principe,1981,3725.61092,11.26,8.222986122735378,6.84
stp,Sao Tome and Principe,1982,3901.36387,11.2,8.26908148123977,11.26
stp,Sao Tome and Principe,1983,3760.02371,12.58,8.232180542215122,11.2
stp,Sao Tome and Principe,1984,3535.47532,15.17,8.170603030394842,12.58
stp,Sao Tome and Principe,1985,3855.69231,12.89,8.257305857422155,15.17
stp,Sao Tome and Principe,1986,3596.72856,14.62,8.18777997796242,12.89
stp,Sao Tome and Principe,1987,3467.93122,17.56,8.15131350494713,14.62
stp,Sao Tome and Principe,1988,3538.59393,17.23,8.171484732309771,17.56
stp,Sao Tome and Principe,1989,3660.73417,17.17,8.205418999175523,17.23
stp,Sao Tome and Principe,1990,3593.63359,18.94,8.186919111673191,17.17
stp,Sao Tome and Principe,1991,3575.46825,19.51,8.181851425572084,18.94
stp,Sao Tome and Principe,1992,3549.7125,20.29,8.174621893274432,19.51
stp,Sao Tome and Principe,1993,3543.1067,20.45,8.172759220133143,20.29
stp,Sao Tome and Principe,1994,3576.45601,20.22,8.182127647738419,20.45
stp,Sao Tome and Principe,1995,3604.51288,20.38,8.189941917149389,20.22
stp,Sao Tome and Principe,1996,3617.10293,20.29,8.19342868883224,20.38
stp,Sao Tome and Principe,1997,3613.63247,19.7,8.19246876979925,20.29
stp,Sao Tome and Principe,1998,3667.24374,20.61,8.207195634365256,19.7
stp,Sao Tome and Principe,1999,3724.92867,20.46,8.222802981637027,20.61
stp,Sao Tome and Principe,2000,3711.08247,19.7,8.21907888393412,20.46
stp,Sao Tome and Principe,2001,3776.45593,21.16,8.236541264150128,19.7
stp,Sao Tome and Principe,2002,3822.2203,22.08,8.248586763118167,21.16
stp,Sao Tome and Principe,2003,4048.06029,21.47,8.305993104631094,22.08
stp,Sao Tome and Principe,2004,4107.39949,21.26,8.320545379739846,21.47
stp,Sao Tome and Principe,2005,4292.15451,21.08,8.364544102636637,21.26
stp,Sao Tome and Principe,2006,4578.84967,20.48,8.429203081805873,21.08
stp,Sao Tome and Principe,2007,4648.90078,20.7,8.444386079238702,20.48
stp,Sao Tome and Principe,2008,4842.5292,20.18,8.485192425206183,20.7
stp,Sao Tome and Principe,2009,4903.61402,19.46,8.497727767340661,20.18
stp,Sao Tome and Principe,2010,4882.04796,22.07,8.49332007474734,19.46
stp,Sao Tome and Principe,2011,4876.47316,22.02,8.492177524449419,22.07
stp,Sao Tome and Principe,2012,4919.55294,24.79,8.500972939504143,22.02
stp,Sao Tome and Principe,2013,5072.112,20.49,8.531512577892185,24.79
stp,Sao Tome and Principe,2014,5223.09573,18.15,8.560845556815146,20.49
stp,Sao Tome and Principe,2015,5210.20378,20.11,8.558374247226272,18.15
stp,Sao Tome and Principe,2016,5388.50913,17.92,8.592024026384529,20.11
stp,Sao Tome and Principe,2017,5521.2025,16.83,8.616350959749436,17.92
stp,Sao Tome and Principe,2018,5674.72379,15.44,8.643777169799476,16.83
stp,Sao Tome and Principe,2019,5702.08347,15.91,8.648586908088728,15.44
stp,Sao Tome and Principe,2020,5742.94725,15.57,8.655727815727214,15.91
stp,Sao Tome and Principe,2021,5732.69456,15.73,8.65394095397295,15.57
stp,Sao Tome and Principe,2022,5632.13891,16.2,8.63624456195133,15.73
sur,Suriname,1960,8771.94886,5.33,9.079314279607424,
sur,Suriname,1961,8993.53328,5.34,9.104261073611504,5.33
sur,Suriname,1962,9218.36662,5.01,9.128953144674417,5.34
sur,Suriname,1963,9449.43395,4.67,9.153710119222843,5.01
sur,Suriname,1964,9683.83789,4.36,9.178213577934356,4.67
sur,Suriname,1965,9924.59016,4.06,9.202770811000011,4.36
sur,Suriname,1966,10170.26497,3.78,9.227223542783832,4.06
sur,Suriname,1967,10420.91409,3.53,9.251570036027921,3.78
sur,Suriname,1968,10676.58971,3.57,9.27580874597905,3.53
sur,Suriname,1969,10935.82789,3.33,9.29979964035017,3.57
sur,Suriname,1970,11203.2313,3.11,9.32395752460106,3.33
sur,Suriname,1971,11962.69078,2.71,9.389547983805407,3.11
sur,Suriname,1972,12651.72929,2.34,9.445549187579493,2.71
sur,Suriname,1973,13345.42171,2.01,9.498928661938812,2.34
sur,Suriname,1974,12589.6265,2.34,9.44062846019643,2.01
sur,Suriname,1975,14035.84949,1.73,9.549370013505117,2.34
sur,Suriname,1976,15457.55364,1.38,9.645853071586819,1.73
sur,Suriname,1977,17173.28666,1.01,9.75111035432693,1.38
sur,Suriname,1978,18199.84582,0.86,9.809168401600433,1.01
sur,Suriname,1979,17197.43489,1.02,9.752515517377592,0.86
sur,Suriname,1980,15785.22025,1.3,9.6668293540148,1.02
sur,Suriname,1981,16973.0787,1.07,9.739383761926838,1.3
sur,Suriname,1982,16316.66476,1.13,9.699942242436608,1.07
sur,Suriname,1983,15702.65882,1.24,9.661585328590395,1.13
sur,Suriname,1984,15385.1962,1.35,9.64116104035601,1.24
sur,Suriname,1985,17437.98706,1.35,9.76640626992991,1.35
sur,Suriname,1986,16971.38763,1.37,9.739284124478722,1.35
sur,Suriname,1987,15517.20726,1.58,9.64970483295761,1.37
sur,Suriname,1988,16599.90691,1.33,9.717152366497585,1.58
sur,Suriname,1989,17071.29166,1.28,9.745153481349911,1.33
sur,Suriname,1990,16146.21847,1.46,9.689441150768907,1.28
sur,Suriname,1991,16472.02342,1.38,9.709418670513317,1.46
sur,Suriname,1992,16436.78717,1.42,9.707277221896135,1.38
sur,Suriname,1993,15273.02022,1.62,9.633843166474499,1.42
sur,Suriname,1994,15701.58948,1.58,9.66151722697623,1.62
sur,Suriname,1995,15499.29876,1.62,9.648550060593598,1.58
sur,Suriname,1996,15402.53605,1.69,9.642287453415122,1.62
sur,Suriname,1997,16024.00537,1.6,9.681843212467914,1.69
sur,Suriname,1998,16135.60146,1.57,9.688783380518913,1.6
sur,Suriname,1999,15658.67233,1.61,9.658780184980058,1.57
sur,Suriname,2000,15730.67361,1.59,9.663367818403074,1.61
sur,Suriname,2001,16124.6014,1.59,9.6881014219786,1.59
sur,Suriname,2002,16306.29235,1.5,9.699306346045331,1.59
sur,Suriname,2003,17057.51916,1.36,9.744346391948511,1.5
sur,Suriname,2004,18291.02133,1.24,9.81416558072253,1.36
sur,Suriname,2005,18964.50522,1.17,9.85032436467115,1.24
sur,Suriname,2006,19898.56044,1.06,9.898402668397448,1.17
sur,Suriname,2007,20733.97283,0.96,9.939528833474172,1.06
sur,Suriname,2008,21400.36492,0.9,9.971163253201002,0.96
sur,Suriname,2009,21847.62245,0.84,9.991847382246263,0.9
sur,Suriname,2010,22772.47545,0.78,10.033307868563712,0.84
sur,Suriname,2011,23829.53329,0.71,10.07868098492408,0.78
sur,Suriname,2012,24193.84124,0.69,10.093853385540754,0.71
sur,Suriname,2013,24624.02199,0.64,10.11147774910945,0.69
sur,Suriname,2014,24414.35548,0.68,10.102926577621817,0.64
sur,Suriname,2015,23327.52525,0.77,10.057389283521053,0.68
sur,Suriname,2016,21950.41221,0.85,9.996541197825845,0.77
sur,Suriname,2017,22070.51376,0.81,10.001997777638651,0.85
sur,Suriname,2018,22938.53537,0.78,10.040573542524797,0.81
sur,Suriname,2019,22966.7406,0.74,10.041802387486658,0.78
sur,Suriname,2020,19091.36172,1.15,9.856991245763036,0.74
sur,Suriname,2021,18458.235,1.21,9.823265891351367,1.15
sur,Suriname,2022,18742.58738,1.14,9.838553613497869,1.21
svk,Slovak Republic,1960,10109.18723,0.35,9.221199916102337,
svk,Slovak Republic,1961,10426.33431,0.25,9.252090029843712,0.35
svk,Slovak Republic,1962,10516.17049,0.26,9.26066939815654,0.25
svk,Slovak Republic,1963,10258.73978,0.27,9.23588528272069,0.26
svk,Slovak Republic,1964,10667.59573,0.26,9.274965989008296,0.27
svk,Slovak Republic,1965,10993.41929,0.22,9.305052126396113,0.26
svk,Slovak Republic,1966,11410.74092,0.17,9.342310376768904,0.22
svk,Slovak Republic,1967,11858.69931,0.12,9.380816996217082,0.17
svk,Slovak Republic,1968,12375.73368,0.08,9.423492872952197,0.12
svk,Slovak Republic,1969,12638.05605,0.07,9.444467862360755,0.08
svk,Slovak Republic,1970,12861.18037,0.05,9.46196877973815,0.07
svk,Slovak Republic,1971,13240.91119,0.03,9.491066648119922,0.05
svk,Slovak Republic,1972,13634.49989,0.03,9.520358616205847,0.03
svk,Slovak Republic,1973,13992.62165,0.02,9.546285444670906,0.03
svk,Slovak Republic,1974,14385.06971,0.01,9.573946121994066,0.02
svk,Slovak Republic,1975,14686.51707,0.01,9.594685145753461,0.01
svk,Slovak Republic,1976,14797.76893,0.01,9.602231700415615,0.01
svk,Slovak Republic,1977,15342.83528,0.01,9.638403887047128,0.01
svk,Slovak Republic,1993,14118.05007,0.39,9.555209404485465,0.01
svk,Slovak Republic,1994,14930.33051,0.76,9.611150027595643,0.39
svk,Slovak Republic,1995,15816.45258,1.15,9.668805979767294,0.76
svk,Slovak Republic,1996,16761.11482,1.55,9.72681688853038,1.15
svk,Slovak Republic,1997,17657.04006,1.47,9.778889853088806,1.55
svk,Slovak Republic,1998,18304.25162,1.35,9.814888640807068,1.47
svk,Slovak Republic,1999,18197.95751,1.33,9.809064642041946,1.35
svk,Slovak Republic,2000,18368.86038,1.24,9.81841213926792,1.33
svk,Slovak Republic,2001,18941.46331,1.16,9.849108624051317,1.24
svk,Slovak Republic,2002,19778.75141,1.06,9.892363479321821,1.16
svk,Slovak Republic,2003,20755.65526,1.02,9.940574031176446,1.06
svk,Slovak Republic,2004,21867.34973,0.13,9.992749923428624,1.02
svk,Slovak Republic,2005,23279.38612,0.08,10.055323532081887,0.13
svk,Slovak Republic,2006,25341.72937,0.01,10.140207698192054,0.08
svk,Slovak Republic,2010,29745.86139,0.54,10.300445288355496,0.01
svk,Slovak Republic,2011,30468.76602,0.45,10.324457372964735,0.54
svk,Slovak Republic,2012,30894.25128,0.37,10.338325402859297,0.45
svk,Slovak Republic,2013,31078.12394,0.34,10.344259440368845,0.37
svk,Slovak Republic,2014,31888.74288,0.75,10.3700083387191,0.34
svk,Slovak Republic,2015,33507.72572,0.69,10.41953130973226,0.75
svk,Slovak Republic,2016,34116.38337,0.46,10.437532998625247,0.69
svk,Slovak Republic,2017,35042.71724,0.34,10.464323088847383,0.46
svk,Slovak Republic,2018,36415.72072,0.31,10.502755848300179,0.34
svk,Slovak Republic,2019,37194.13759,0.13,10.5239064361757,0.31
svk,Slovak Republic,2020,36201.41546,0.23,10.496853498154406,0.13
svk,Slovak Republic,2021,38346.09358,0.15,10.554407939286353,0.23
svk,Slovak Republic,2022,38623.67106,0.12,10.561620607394547,0.15
svn,Slovenia,1960,9700.73158,0.23,9.179956582266039,
svn,Slovenia,1961,10513.51842,0.12,9.260417176640054,0.23
svn,Slovenia,1962,10882.7258,0.08,9.294932022119996,0.12
svn,Slovenia,1963,12035.24868,0.04,9.395595013069752,0.08
svn,Slovenia,1964,13065.80489,0.03,9.477753782639578,0.04
svn,Slovenia,1965,13027.22573,0.02,9.474796733404965,0.03
svn,Slovenia,1966,13634.34617,0.03,9.520347341801374,0.02
svn,Slovenia,1967,13963.4069,0.02,9.544195393819608,0.03
svn,Slovenia,1968,14732.63215,0.02,9.597820186636204,0.02
svn,Slovenia,1969,16041.01322,0.02,9.682904047754647,0.02
svn,Slovenia,1970,17453.42611,0.01,9.767291247040605,0.02
svn,Slovenia,1971,18630.40607,0.01,9.832550259922773,0.01
svn,Slovenia,1972,19478.63927,0.01,9.87707372208731,0.01
svn,Slovenia,1994,23402.72575,0.01,10.060607779604672,0.01
svn,Slovenia,1995,24521.80937,0.02,10.107318178926377,0.01
svn,Slovenia,1996,25273.73099,0.03,10.13752083451742,0.02
svn,Slovenia,1997,26606.59927,0.04,10.18891455685699,0.03
svn,Slovenia,1999,28914.52268,0.04,10.272099262761097,0.04
svn,Slovenia,2000,29866.49515,0.01,10.304492567532886,0.04
svn,Slovenia,2001,30671.05794,0.01,10.331074750807481,0.01
svn,Slovenia,2002,31664.56603,0.01,10.36295354381951,0.01
svn,Slovenia,2004,34125.64025,0.05,10.43780429421602,0.01
svn,Slovenia,2005,35403.55285,0.1,10.474567457080187,0.05
svn,Slovenia,2006,37396.28215,0.05,10.529326570707335,0.1
svn,Slovenia,2007,39879.39188,0.03,10.593614975213272,0.05
svn,Slovenia,2009,37763.60268,0.01,10.539101025665824,0.03
svn,Slovenia,2010,38065.73615,0.01,10.54706984284137,0.01
svn,Slovenia,2012,37043.06469,0.02,10.51983642534815,0.01
svn,Slovenia,2013,36688.0835,0.02,10.510207281043634,0.02
swe,Sweden,1960,16476.87483,0.47,9.7097131513787,
swe,Sweden,1961,17224.61775,0.45,9.75409490405362,0.47
swe,Sweden,1962,17750.10758,0.44,9.784146855730265,0.45
swe,Sweden,1963,18479.35864,0.42,9.824409638965715,0.44
swe,Sweden,1964,19483.44043,0.4,9.8773201750519,0.42
swe,Sweden,1965,19917.34058,0.39,9.89934601720592,0.4
swe,Sweden,1966,20017.67552,0.39,9.904370938236061,0.39
swe,Sweden,1967,20458.08008,0.38,9.926133197370422,0.39
swe,Sweden,1968,20896.41524,0.37,9.947332903624506,0.38
swe,Sweden,1969,21704.47388,0.35,9.985273687863776,0.37
swe,Sweden,1970,22727.59725,0.33,10.031335202944069,0.35
swe,Sweden,1971,22670.76204,0.33,10.028831357405082,0.33
swe,Sweden,1972,22978.83716,0.33,10.042328947859572,0.33
swe,Sweden,1973,23696.04768,0.32,10.073063548659505,0.33
swe,Sweden,1974,24242.8376,0.31,10.095876496038217,0.32
swe,Sweden,1975,24632.99359,0.31,10.111842026156834,0.31
swe,Sweden,1976,24666.52885,0.31,10.113202496340426,0.31
swe,Sweden,1977,24049.38644,0.32,10.087864763358162,0.31
swe,Sweden,1978,24253.58835,0.31,10.096319858614551,0.32
swe,Sweden,1979,24977.25736,0.3,10.12572098421708,0.31
swe,Sweden,1980,25201.31844,0.3,10.13465159117854,0.3
swe,Sweden,1981,27088.96324,0.3,10.2068816633981,0.3
swe,Sweden,1982,28303.78284,0.3,10.25075074395634,0.3
swe,Sweden,1983,29442.78319,0.3,10.29020410607821,0.3
swe,Sweden,1984,31259.21147,0.26,10.350069378769279,0.3
swe,Sweden,1985,32471.18748,0.21,10.388108436032725,0.26
swe,Sweden,1986,33655.16988,0.15,10.423921960121868,0.21
swe,Sweden,1987,35148.86124,0.08,10.467347499558961,0.15
swe,Sweden,1988,36638.15889,0.08,10.508845568890191,0.08
swe,Sweden,1989,38312.31464,0.1,10.553526654559196,0.08
swe,Sweden,1990,39408.10064,0.1,10.581726674153241,0.1
swe,Sweden,1991,38752.02141,0.12,10.564938198840279,0.1
swe,Sweden,1992,38139.38547,0.12,10.549002766544268,0.12
swe,Sweden,1993,37196.02583,0.24,10.523957202027356,0.12
swe,Sweden,1994,38474.55145,0.28,10.5577523004195,0.24
swe,Sweden,1995,39885.39437,0.32,10.593765479973419,0.28
swe,Sweden,1996,40549.68247,0.28,10.610283228933369,0.32
swe,Sweden,1997,41797.06937,0.22,10.640581505289422,0.28
swe,Sweden,1998,43600.95594,0.17,10.682834354326129,0.22
swe,Sweden,1999,45484.2467,0.1,10.725121318615226,0.17
swe,Sweden,2000,47554.61213,0.03,10.769634058643081,0.1
swe,Sweden,2001,48121.13764,0.08,10.781476811538164,0.03
swe,Sweden,2003,49935.32894,0.34,10.81848402601911,0.08
swe,Sweden,2004,51863.66652,0.14,10.856373756940592,0.34
swe,Sweden,2005,53149.96078,0.37,10.88087264585825,0.14
swe,Sweden,2006,55344.698,0.37,10.921336143124016,0.37
swe,Sweden,2007,56739.80248,0.12,10.946231227214732,0.37
swe,Sweden,2008,55800.78651,0.19,10.929543243431358,0.12
swe,Sweden,2009,52966.61982,0.21,10.877417179400673,0.19
swe,Sweden,2010,55527.93981,0.24,10.924641593061189,0.21
swe,Sweden,2011,56853.83716,0.61,10.948238993119032,0.24
swe,Sweden,2012,56200.90226,0.18,10.93668809020131,0.61
swe,Sweden,2013,56360.70842,0.25,10.939527535486494,0.18
swe,Sweden,2014,57085.38536,0.51,10.95230341472266,0.25
swe,Sweden,2015,58975.97789,0.55,10.984885485571215,0.51
swe,Sweden,2016,59608.08746,0.31,10.995546539485204,0.55
swe,Sweden,2017,59883.66776,0.22,11.000159088494755,0.31
swe,Sweden,2018,60318.46072,0.28,11.007393483788594,0.22
swe,Sweden,2019,61232.48485,0.32,11.022433125879497,0.28
swe,Sweden,2020,59572.47476,0.16,10.994948913489882,0.32
swe,Sweden,2021,62731.70062,0.22,11.046622190877946,0.16
swe,Sweden,2022,63215.4363,0.22,11.054303795565097,0.22
swz,Eswatini,1960,942.88607,98.88,6.848945458791603,
swz,Eswatini,1961,1031.46413,98.72,6.938734557306559,98.88
swz,Eswatini,1962,1212.06373,98.32,7.100079747755099,98.72
swz,Eswatini,1963,1241.3799,98.23,7.1239788624516605,98.32
swz,Eswatini,1964,1382.41731,97.87,7.2315889196727845,98.23
swz,Eswatini,1965,1548.95573,97.31,7.345336260279603,97.87
swz,Eswatini,1966,1565.47947,97.3,7.355947426659391,97.31
swz,Eswatini,1967,1661.92628,96.89,7.4157326182342755,97.3
swz,Eswatini,1968,1535.50285,97.29,7.336613195952095,96.89
swz,Eswatini,1969,1551.7185,97.15,7.347118305426049,97.29
swz,Eswatini,1970,1948.5084,95.85,7.57481943577794,97.15
swz,Eswatini,1971,1956.2991,95.84,7.578809753015022,95.85
swz,Eswatini,1972,2132.76285,94.98,7.665173530855638,95.84
swz,Eswatini,1973,2134.09851,94.97,7.665799592933092,94.98
swz,Eswatini,1974,2457.57081,93.67,7.80692866544141,94.97
swz,Eswatini,1975,3162.25653,90.14,8.059041143510893,93.67
swz,Eswatini,1976,3454.59451,88.73,8.147460366072487,90.14
swz,Eswatini,1977,3366.47949,89.21,8.121622815585965,88.73
swz,Eswatini,1978,3287.27862,89.21,8.097815334294632,89.21
swz,Eswatini,1979,3229.41284,89.67,8.080055616410386,89.21
swz,Eswatini,1980,3172.28212,90.41,8.062206519531147,89.67
swz,Eswatini,1981,3439.23115,90.16,8.14300322247997,90.41
swz,Eswatini,1982,3487.15983,90.39,8.15684288158736,90.16
swz,Eswatini,1983,3418.75437,90.61,8.137031544414446,90.39
swz,Eswatini,1984,3450.01467,90.26,8.146133762190278,90.61
swz,Eswatini,1985,3456.4845,90.23,8.148007311070332,90.26
swz,Eswatini,1986,3999.82044,89.26,8.29400474909444,90.23
swz,Eswatini,1987,4312.91937,87.95,8.369370301828997,89.26
swz,Eswatini,1988,4571.20651,87.75,8.427532455609201,87.95
swz,Eswatini,1989,4962.75319,86.45,8.509715944348848,87.75
swz,Eswatini,1990,5423.1134,83.77,8.598425357557337,86.45
swz,Eswatini,1991,5327.67841,84.24,8.580670851915094,83.77
swz,Eswatini,1992,5324.0992,84.32,8.57999881194848,84.24
swz,Eswatini,1993,5358.82348,84.31,8.586499729971196,84.32
swz,Eswatini,1994,5505.99328,83.87,8.613592465215065,84.31
swz,Eswatini,1995,5789.40503,79.21,8.663784807083255,83.87
swz,Eswatini,1996,5906.38369,71.49,8.683789026329793,79.21
swz,Eswatini,1997,5996.38602,66.56,8.698912236736602,71.49
swz,Eswatini,1998,6078.06367,62.4,8.712441448907228,66.56
swz,Eswatini,1999,6191.65481,56.81,8.730957665976582,62.4
swz,Eswatini,2000,6238.11593,59.63,8.738433481477266,56.81
swz,Eswatini,2001,6253.49065,56.38,8.740895090825134,59.63
swz,Eswatini,2002,6466.889,55.46,8.774450437235581,56.38
swz,Eswatini,2003,6675.4961,53.98,8.806198802604078,55.46
swz,Eswatini,2004,6869.88342,52.77,8.834902415640098,53.98
swz,Eswatini,2005,7234.23245,52.02,8.886579544978925,52.77
swz,Eswatini,2006,7620.11392,50.83,8.938546598700173,52.02
swz,Eswatini,2007,7904.88179,49.54,8.975235795705071,50.83
swz,Eswatini,2008,7916.44946,49.01,8.976698083786708,49.54
swz,Eswatini,2009,7975.60776,47.65,8.984143132899822,49.01
swz,Eswatini,2010,8210.69699,44.74,9.013193094092772,47.65
swz,Eswatini,2011,8348.7743,43.25,9.029870016650971,44.74
swz,Eswatini,2012,8752.11471,39.04,9.077050631294334,43.25
swz,Eswatini,2013,9040.76475,35.98,9.1094990460471,39.04
swz,Eswatini,2014,9119.66363,36.1,9.118188199712757,35.98
swz,Eswatini,2015,9253.29094,35.58,9.132734544530033,36.1
swz,Eswatini,2016,9629.55566,36.37,9.172592362502295,35.58
swz,Eswatini,2017,9696.5516,35.15,9.179525596129897,36.37
swz,Eswatini,2018,9632.16197,35.46,9.172862983229477,35.15
swz,Eswatini,2019,10123.31602,34.66,9.222596559129853,35.46
swz,Eswatini,2020,9727.5139,35.26,9.182713633796263,34.66
swz,Eswatini,2021,9946.04055,32.73,9.20492981628226,35.26
swz,Eswatini,2022,9955.70905,33.25,9.205901439476698,32.73
syc,Seychelles,1960,4068.42173,9.07,8.311010421903237,
syc,Seychelles,1961,3836.39433,10.37,8.252288227904627,9.07
syc,Seychelles,1962,4071.10878,8.52,8.31167066885343,10.37
syc,Seychelles,1963,4460.33238,6.87,8.402978566900963,8.52
syc,Seychelles,1964,4496.36736,6.44,8.411025096420648,6.87
syc,Seychelles,1965,4018.30642,8.55,8.298615804288897,6.44
syc,Seychelles,1966,3936.46195,8.55,8.278037616630899,8.55
syc,Seychelles,1967,4220.48605,7.42,8.347705578122731,8.55
syc,Seychelles,1968,4626.64606,5.7,8.439587491492277,7.42
syc,Seychelles,1969,4367.74751,6.5,8.382002711266818,5.7
syc,Seychelles,1970,4708.03679,5.37,8.457026282708174,6.5
syc,Seychelles,1971,5311.32948,3.94,8.577597455779282,5.37
syc,Seychelles,1972,5514.85023,3.75,8.615199774473881,3.94
syc,Seychelles,1973,5899.28311,3.15,8.682586115731603,3.75
syc,Seychelles,1974,5852.40321,3.16,8.674607660996783,3.15
syc,Seychelles,1975,5899.35688,3.16,8.682598620562679,3.16
syc,Seychelles,1976,6713.99715,2.32,8.811949753053742,3.16
syc,Seychelles,1977,7136.213,1.92,8.872937522469092,2.32
syc,Seychelles,1978,7623.91557,1.68,8.939045371033474,1.92
syc,Seychelles,1979,8615.73339,1.19,9.061345274764147,1.68
syc,Seychelles,1980,8215.84313,1.29,9.0138196581934,1.19
syc,Seychelles,1981,8120.24933,1.54,9.002116138349338,1.29
syc,Seychelles,1982,8208.49439,1.5,9.01292479829644,1.54
syc,Seychelles,1983,8307.48909,1.0,9.024912686956746,1.5
syc,Seychelles,1984,8930.52015,1.36,9.097229919654628,1.0
syc,Seychelles,1985,9984.72651,0.98,9.208811855389673,1.36
syc,Seychelles,1986,10162.46755,1.72,9.226456560739036,0.98
syc,Seychelles,1987,10514.37445,1.42,9.260498595164085,1.72
syc,Seychelles,1988,11308.01028,1.27,9.333266627903976,1.42
syc,Seychelles,1989,12759.77642,1.61,9.454053034801696,1.27
syc,Seychelles,1990,14040.58349,0.65,9.549707235833056,1.61
syc,Seychelles,1991,14406.59066,0.7,9.575441065580609,0.65
syc,Seychelles,1992,15508.32625,0.39,9.649132336098551,0.7
syc,Seychelles,1993,16460.57599,0.22,9.708723466935941,0.39
syc,Seychelles,1994,15902.28553,0.45,9.674218121903298,0.22
syc,Seychelles,1995,15853.72563,0.31,9.671159807204711,0.45
syc,Seychelles,1996,17068.93699,0.3,9.745015540270026,0.31
syc,Seychelles,1997,19180.16344,0.2,9.861631869777556,0.3
syc,Seychelles,1998,19714.58941,0.22,9.889114219820447,0.2
syc,Seychelles,1999,19815.68624,0.44,9.89422913737408,0.22
syc,Seychelles,2000,20423.05769,1.43,9.92441982046957,0.44
syc,Seychelles,2001,19994.93405,1.02,9.903234222950898,1.43
syc,Seychelles,2002,19742.58721,1.59,9.890533368735666,1.02
syc,Seychelles,2003,18790.13164,1.15,9.841087098237148,1.59
syc,Seychelles,2004,18355.37732,0.88,9.81767785251616,1.15
syc,Seychelles,2005,19941.61082,0.55,9.90056382360308,0.88
syc,Seychelles,2006,21404.71221,0.37,9.971366373499173,0.55
syc,Seychelles,2007,23201.50044,0.53,10.05197222970105,0.37
syc,Seychelles,2008,22069.98573,0.2,10.001973852671506,0.53
syc,Seychelles,2009,21409.57396,0.25,9.971593482273175,0.2
syc,Seychelles,2010,21708.75545,1.04,9.985470935112136,0.25
syc,Seychelles,2011,24406.41298,0.82,10.102601203797496,1.04
syc,Seychelles,2012,24919.95521,0.8,10.12342417554825,0.82
syc,Seychelles,2013,24770.65146,1.19,10.1174148225009,0.8
syc,Seychelles,2014,25379.41807,0.76,10.14169381232151,1.19
syc,Seychelles,2015,27032.20839,0.75,10.204784337375953,0.76
syc,Seychelles,2016,29905.13474,0.67,10.305785475069577,0.75
syc,Seychelles,2017,31595.66806,0.54,10.360775303468902,0.67
syc,Seychelles,2018,32841.42425,0.51,10.399445931992567,0.54
syc,Seychelles,2019,34346.07089,0.46,10.444242906537484,0.51
syc,Seychelles,2020,30056.19943,0.51,10.3108242225126,0.46
syc,Seychelles,2021,29979.82727,0.49,10.30828001013232,0.51
syc,Seychelles,2022,27978.17706,0.61,10.239180094560206,0.49
syr,Syria,1960,4611.05412,26.12,8.436211769288118,
syr,Syria,1961,4662.71414,24.42,8.44735299104754,26.12
syr,Syria,1962,5668.59604,14.84,8.642696754067941,24.42
syr,Syria,1963,5229.74154,18.46,8.562117137099772,14.84
syr,Syria,1964,5312.49186,17.15,8.577816280996204,18.46
syr,Syria,1965,5059.72125,18.31,8.529066671831254,17.15
syr,Syria,1966,4447.25763,25.94,8.400042922270893,18.31
syr,Syria,1967,4559.60299,24.24,8.424990835121685,25.94
syr,Syria,1968,4512.69643,24.23,8.414650131887631,24.24
syr,Syria,1969,5121.77568,16.88,8.541256470408,24.23
syr,Syria,1970,4533.25188,22.53,8.419194815247554,16.88
syr,Syria,1971,4733.66123,20.97,8.462454226465576,22.53
syr,Syria,1972,5624.46034,12.12,8.634880282914573,20.97
syr,Syria,1973,4887.67665,17.98,8.494472346862977,12.12
syr,Syria,1974,5765.92329,10.98,8.659720574259694,17.98
syr,Syria,1975,6548.87348,6.79,8.787048326051442,10.98
syr,Syria,1976,6907.93339,5.47,8.840425796776536,6.79
syr,Syria,1977,6483.87139,6.7,8.777073047680442,5.47
syr,Syria,1978,6702.0048,5.38,8.810161984501118,6.7
syr,Syria,1979,6600.84333,5.95,8.794952697124424,5.38
syr,Syria,1980,7022.8313,4.2,8.856921734796895,5.95
syr,Syria,1981,7663.94751,3.92,8.944282470723277,4.2
syr,Syria,1982,7738.17267,3.98,8.953920849563056,3.92
syr,Syria,1983,7660.12456,4.11,8.943783523699032,3.98
syr,Syria,1984,7046.06494,5.68,8.860224575435492,4.11
syr,Syria,1985,7319.14607,4.89,8.898248943046562,5.68
syr,Syria,1986,6734.62792,6.67,8.815017841587109,4.89
syr,Syria,1987,6628.33483,7.0,8.799108894771996,6.67
syr,Syria,1988,7316.57126,4.83,8.897897090114656,7.0
syr,Syria,1989,6685.0687,7.7,8.807631766222206,4.83
syr,Syria,1990,7187.0244,7.55,8.880032512481463,7.7
syr,Syria,1991,7408.3325,6.82,8.91036065922805,7.55
syr,Syria,1992,7967.12494,5.21,8.983078971446432,6.82
syr,Syria,1993,8080.27404,4.78,8.997181066781597,5.21
syr,Syria,1994,8235.38155,4.22,9.016194974264582,4.78
syr,Syria,1995,8399.75219,3.74,9.03595748320576,4.22
syr,Syria,1996,8726.34408,3.03,9.074101784489923,3.74
syr,Syria,1997,8707.57749,2.59,9.071948901425365,3.03
syr,Syria,1998,8937.5665,1.29,9.098018627534023,2.59
syr,Syria,1999,8322.58625,2.62,9.026728332867993,1.29
syr,Syria,2000,8116.3478,2.58,9.001635553649988,2.62
syr,Syria,2001,7964.55343,2.51,8.982756154231245,2.58
syr,Syria,2002,8040.54924,2.22,8.992252673272592,2.51
syr,Syria,2003,8286.14301,3.46,9.022339881720848,2.22
syr,Syria,2004,8601.33902,1.61,9.059673170121613,3.46
syr,Syria,2005,8868.48394,1.82,9.09025914074024,1.61
syr,Syria,2006,8904.42055,2.19,9.094303123421316,1.82
syr,Syria,2007,8838.83743,2.27,9.08691063453973,2.19
syr,Syria,2008,8901.19344,2.01,9.093940641112406,2.27
syr,Syria,2009,9276.9505,1.85,9.135288161862384,2.01
syr,Syria,2010,9546.56049,1.45,9.163936210487082,1.85
syr,Syria,2011,9648.82427,0.99,9.174591349604565,1.45
syr,Syria,2012,7144.37245,4.44,8.874080255855825,0.99
syr,Syria,2013,5530.97473,10.54,8.618119341190171,4.44
syr,Syria,2014,5301.62535,12.34,8.575768722337958,10.54
syr,Syria,2015,5302.07414,11.42,8.575853370153693,12.34
syr,Syria,2016,5022.11272,13.32,8.52160598470658,11.42
syr,Syria,2017,4977.7921,9.2,8.51274171829486,13.32
syr,Syria,2018,4956.09296,6.48,8.508372999635268,9.2
syr,Syria,2019,4825.40602,5.23,8.481650159455537,6.48
syr,Syria,2020,4633.34952,10.81,8.441035323969752,5.23
syr,Syria,2021,4592.8386,22.08,8.432253543277263,10.81
syr,Syria,2022,4454.85373,26.09,8.401749506593736,22.08
tcd,Chad,1960,1344.56397,40.51,7.203825053602733,
tcd,Chad,1961,1344.72039,40.53,7.203941381948298,40.51
tcd,Chad,1962,1417.55204,37.24,7.256686747450065,40.53
tcd,Chad,1963,1355.48587,40.55,7.211915244686675,37.24
tcd,Chad,1964,1312.0175,42.16,7.179321307829713,40.55
tcd,Chad,1965,1307.88203,42.18,7.1761643368181804,42.16
tcd,Chad,1966,1262.07756,43.78,7.140514499215862,42.18
tcd,Chad,1967,1248.27409,43.81,7.129517148213121,43.78
tcd,Chad,1968,1226.02935,45.39,7.111536055850717,43.81
tcd,Chad,1969,1273.48254,43.8,7.149510584078175,45.39
tcd,Chad,1970,1304.2384,42.22,7.173374547862567,43.8
tcd,Chad,1971,1304.09025,42.23,7.173260950214387,42.22
tcd,Chad,1972,1192.29481,46.99,7.083635140871303,42.23
tcd,Chad,1973,1113.66499,50.12,7.015411648150249,46.99
tcd,Chad,1974,1241.41823,43.86,7.124009738904755,50.12
tcd,Chad,1975,1429.56861,35.88,7.265128006413333,43.86
tcd,Chad,1976,1383.58889,37.48,7.232436047253382,35.88
tcd,Chad,1977,1257.54969,43.87,7.136920416103737,37.48
tcd,Chad,1978,1230.4425,45.45,7.1151291397673155,43.87
tcd,Chad,1979,950.89404,58.91,6.857402636779411,45.45
tcd,Chad,1980,885.14001,61.71,6.785745835884923,58.91
tcd,Chad,1981,825.27097,69.27,6.715711780892134,61.71
tcd,Chad,1982,876.57785,68.91,6.776025519584243,69.27
tcd,Chad,1983,1009.11298,65.4,6.916826986334937,68.91
tcd,Chad,1984,1071.31182,65.65,6.976639176531645,65.4
tcd,Chad,1985,1162.13547,58.14,7.058014514093295,65.65
tcd,Chad,1986,1220.69011,60.99,7.107171641734192,58.14
tcd,Chad,1987,1254.27051,63.15,7.134309415632497,60.99
tcd,Chad,1988,1348.54028,59.03,7.206778012359855,63.15
tcd,Chad,1989,1379.32557,58.16,7.229349941298678,59.03
tcd,Chad,1990,1431.31281,61.09,7.266347351055801,58.16
tcd,Chad,1991,1498.77998,59.9,7.312406709477774,61.09
tcd,Chad,1992,1549.63137,58.04,7.345772355821799,59.9
tcd,Chad,1993,1342.01899,64.87,7.201930467953119,58.04
tcd,Chad,1994,1446.38425,62.76,7.276822100474643,64.87
tcd,Chad,1995,1416.0583,63.3,7.255632445722493,62.76
tcd,Chad,1996,1398.61685,63.78,7.2432390629592405,63.3
tcd,Chad,1997,1442.06525,63.31,7.273831566474419,63.78
tcd,Chad,1998,1504.61852,62.54,7.316294669969682,63.31
tcd,Chad,1999,1456.23322,63.87,7.283608394500842,62.54
tcd,Chad,2000,1407.47073,65.45,7.249549564060488,63.87
tcd,Chad,2001,1531.79032,62.56,7.334192474092685,65.45
tcd,Chad,2002,1617.6377,61.04,7.388722154127166,62.56
tcd,Chad,2003,1795.65899,57.22,7.4931273588965475,61.04
tcd,Chad,2004,2311.35318,42.76,7.745588424214352,57.22
tcd,Chad,2005,2607.45074,36.16,7.866128295037801,42.76
tcd,Chad,2006,2520.23726,37.78,7.832108326867212,36.16
tcd,Chad,2007,2573.03387,38.4,7.852840975817335,37.78
tcd,Chad,2008,2573.74658,39.31,7.853117929540728,38.4
tcd,Chad,2009,2465.52669,39.48,7.810160730995974,39.31
tcd,Chad,2010,2717.50763,36.65,7.907470426719113,39.48
tcd,Chad,2011,2742.69965,37.58,7.916697988041177,36.65
tcd,Chad,2012,2887.74825,34.3,7.968232325160468,37.58
tcd,Chad,2013,2864.7152,32.66,7.96022421757591,34.3
tcd,Chad,2014,2821.27515,30.02,7.94494424258027,32.66
tcd,Chad,2015,2823.36071,29.1,7.94568319550713,30.02
tcd,Chad,2016,2623.1207,31.47,7.872119994820369,29.1
tcd,Chad,2017,2496.49275,32.48,7.822642125870755,31.47
tcd,Chad,2018,2552.60616,32.31,7.844870139771409,32.48
tcd,Chad,2019,2604.91637,30.75,7.865155850025301,32.31
tcd,Chad,2020,2513.01578,31.06,7.829238816871271,30.75
tcd,Chad,2021,2435.07275,31.23,7.7977319118671025,31.06
tcd,Chad,2022,2655.71004,31.38,7.8844673329499155,31.23
tgo,Togo,1960,1290.51659,69.93,7.162797874558409,
tgo,Togo,1961,1353.34301,67.59,7.210333114148411,69.93
tgo,Togo,1962,1364.77091,66.38,7.218741862031946,67.59
tgo,Togo,1963,1397.40611,65.13,7.242373018514688,66.38
tgo,Togo,1964,1548.36619,59.82,7.344955583022058,65.13
tgo,Togo,1965,1713.02169,53.98,7.446014160240455,59.82
tgo,Togo,1966,1818.18704,50.78,7.505595151733633,53.98
tgo,Togo,1967,1862.13647,49.19,7.529479747310242,50.78
tgo,Togo,1968,1896.38231,47.6,7.5477033027836535,49.19
tgo,Togo,1969,2036.85298,42.85,7.619161238855268,47.6
tgo,Togo,1970,1943.21157,46.06,7.572097331766573,42.85
tgo,Togo,1971,2012.82144,42.91,7.60729271827769,46.06
tgo,Togo,1972,2017.19855,42.92,7.609464971384148,42.91
tgo,Togo,1973,1874.64222,47.74,7.536173104196822,42.92
tgo,Togo,1974,1897.39607,46.18,7.548237735701229,47.74
tgo,Togo,1975,1830.67951,47.8,7.512442493854283,46.18
tgo,Togo,1976,1770.14224,49.43,7.478815183920977,47.8
tgo,Togo,1977,1815.60902,47.86,7.504176238624607,49.43
tgo,Togo,1978,1941.46902,43.13,7.571200192309928,47.86
tgo,Togo,1979,1995.78695,41.58,7.598793712697499,43.13
tgo,Togo,1980,1843.32441,46.33,7.519325964968561,41.58
tgo,Togo,1981,1786.62147,51.89,7.488081668434981,46.33
tgo,Togo,1982,1718.39891,54.17,7.4491482700033576,51.89
tgo,Togo,1983,1611.31738,57.58,7.384807371842955,54.17
tgo,Togo,1984,1686.71633,57.15,7.430538917843948,57.58
tgo,Togo,1985,1727.32683,55.58,7.454330307491243,57.15
tgo,Togo,1986,1752.27065,55.85,7.468667740159046,55.58
tgo,Togo,1987,1684.95771,56.95,7.429495744548655,55.85
tgo,Togo,1988,1844.14289,56.59,7.519769890268423,56.95
tgo,Togo,1989,1915.93891,55.47,7.557963073888884,56.59
tgo,Togo,1990,2025.5292,57.38,7.613586278732365,55.47
tgo,Togo,1991,1969.18078,57.98,7.585372887527659,57.38
tgo,Togo,1992,1850.60052,60.01,7.52326547080484,57.98
tgo,Togo,1993,1583.24731,65.87,7.367233276358305,60.01
tgo,Togo,1994,1818.40833,61.31,7.505716853478127,65.87
tgo,Togo,1995,1879.34317,59.72,7.538677617117827,61.31
tgo,Togo,1996,1973.5034,58.8,7.587565617928882,59.72
tgo,Togo,1997,2156.38406,54.91,7.676188051600647,58.8
tgo,Togo,1998,2061.03874,55.97,7.630965377414434,54.91
tgo,Togo,1999,2066.41709,56.89,7.6335715121694205,55.97
tgo,Togo,2000,2005.61984,57.43,7.603708439096711,56.89
tgo,Togo,2001,1975.28003,58.34,7.588465454626119,57.43
tgo,Togo,2002,1998.77466,58.09,7.600289601783125,58.34
tgo,Togo,2003,2088.43982,57.05,7.64417256858312,58.09
tgo,Togo,2004,2033.905,58.55,7.617712869519713,57.05
tgo,Togo,2005,1908.64738,60.06,7.554150092153707,58.55
tgo,Togo,2006,1914.8838,60.14,7.557412220922536,60.06
tgo,Togo,2007,1847.634,61.97,7.5216611806387,60.14
tgo,Togo,2008,1872.596,61.6,7.535080982435008,61.97
tgo,Togo,2009,1924.85687,60.97,7.562606890710792,61.6
tgo,Togo,2010,1988.95211,59.34,7.595363201138264,60.97
tgo,Togo,2011,2048.81549,58.36,7.625017095379968,59.34
tgo,Togo,2012,2121.42903,56.62,7.659845211337125,58.36
tgo,Togo,2013,2188.07011,55.99,7.690775205990116,56.62
tgo,Togo,2014,2253.48526,55.02,7.72023330117299,55.99
tgo,Togo,2015,2317.54781,53.19,7.748264927216427,55.02
tgo,Togo,2016,2355.26827,46.33,7.764409915036999,53.19
tgo,Togo,2017,2389.21245,40.15,7.778719071793845,46.33
tgo,Togo,2018,2442.64694,31.84,7.800837541779884,40.15
tgo,Togo,2019,2501.03087,28.08,7.824458273864219,31.84
tgo,Togo,2020,2490.05294,28.47,7.820059250276917,28.08
tgo,Togo,2021,2577.20196,27.59,7.854459577779486,28.47
tgo,Togo,2022,2662.25917,26.34,7.8869303533444395,27.59
tha,Thailand,1960,1832.0135,66.96,7.513170914202558,
tha,Thailand,1961,1848.634,65.72,7.5222022669584145,66.96
tha,Thailand,1962,1911.27324,64.45,7.5555249167507705,65.72
tha,Thailand,1963,1983.96745,61.84,7.592853881460234,64.45
tha,Thailand,1964,2031.84578,60.52,7.616699910148859,61.84
tha,Thailand,1965,2103.53888,59.18,7.651376386339672,60.52
tha,Thailand,1966,2252.90989,55.06,7.719977944070927,59.18
tha,Thailand,1967,2339.81197,53.6,7.757825850422281,55.06
tha,Thailand,1968,2430.55768,50.76,7.795876007946356,53.6
tha,Thailand,1969,2526.96999,47.94,7.834776231575691,50.76
tha,Thailand,1970,2891.48292,40.88,7.969524770612125,47.94
tha,Thailand,1971,2925.06315,40.94,7.981071349176491,40.88
tha,Thailand,1972,2939.62837,39.61,7.986038447581067,40.94
tha,Thailand,1973,3123.54389,36.93,8.046723498379643,39.61
tha,Thailand,1974,3155.36846,35.62,8.056860554210235,36.93
tha,Thailand,1975,3206.25143,35.7,8.072857754922879,35.62
tha,Thailand,1976,3396.2557,31.81,8.130428839060828,35.7
tha,Thailand,1977,3621.99312,29.3,8.194779738938518,31.81
tha,Thailand,1978,3877.20775,25.6,8.262870521481615,29.3
tha,Thailand,1979,3966.12135,24.41,8.28554390619107,25.6
tha,Thailand,1980,4034.72381,23.25,8.30269312978637,24.41
tha,Thailand,1981,4385.41584,22.68,8.386039732693101,23.25
tha,Thailand,1982,4671.22573,22.26,8.449176785174743,22.68
tha,Thailand,1983,4932.35805,21.63,8.503572458972778,22.26
tha,Thailand,1984,5215.78047,20.87,8.559444014914023,21.63
tha,Thailand,1985,5449.57923,20.29,8.603293679172204,20.87
tha,Thailand,1986,5705.43732,19.78,8.649174914923583,20.29
tha,Thailand,1987,6222.4309,18.85,8.735915929318697,19.78
tha,Thailand,1988,7077.26714,17.58,8.86464311499654,18.85
tha,Thailand,1989,8009.01589,15.25,8.988323172339694,17.58
tha,Thailand,1990,9018.79314,13.51,9.107065805878724,15.25
tha,Thailand,1991,9602.79825,11.88,9.16980981935761,13.51
tha,Thailand,1992,10216.05013,10.05,9.231715304708949,11.88
tha,Thailand,1993,10870.03201,7.78,9.293764924913127,10.05
tha,Thailand,1994,11535.61289,5.6,9.353194302269598,7.78
tha,Thailand,1995,12262.03659,4.5,9.414263312333839,5.6
tha,Thailand,1996,12744.62859,3.9,9.452865174761424,4.5
tha,Thailand,1997,12200.63242,3.54,9.40924306708274,3.9
tha,Thailand,1998,11098.15816,3.17,9.314534442000735,3.54
tha,Thailand,1999,11438.18745,4.72,9.344712812695581,3.17
tha,Thailand,2000,11791.25763,4.92,9.375113657053857,4.72
tha,Thailand,2001,12050.57636,3.98,9.396867768480343,4.92
tha,Thailand,2002,12644.97588,2.61,9.445015251628936,3.98
tha,Thailand,2003,13405.24847,2.09,9.503401586119313,2.61
tha,Thailand,2004,14099.036,1.75,9.55386170523468,2.09
tha,Thailand,2005,14542.32913,1.53,9.58481892601673,1.75
tha,Thailand,2006,15118.03226,1.31,9.623643499729988,1.53
tha,Thailand,2007,15792.72969,0.72,9.667304966912775,1.31
tha,Thailand,2008,15923.78276,0.51,9.675569041726222,0.72
tha,Thailand,2009,15680.89203,0.44,9.66019818195461,0.51
tha,Thailand,2010,16730.36979,0.39,9.724980897143647,0.44
tha,Thailand,2011,16766.34771,0.17,9.727129043978339,0.39
tha,Thailand,2012,17869.63766,0.21,9.790858331506941,0.17
tha,Thailand,2013,18242.42567,0.12,9.811505241080289,0.21
tha,Thailand,2014,18324.61447,0.14,9.816000488061508,0.12
tha,Thailand,2015,18811.99751,0.07,9.842250110702608,0.14
tha,Thailand,2016,19370.60878,0.08,9.8715121849211,0.07
tha,Thailand,2017,20094.67788,0.06,9.908210276896648,0.08
tha,Thailand,2018,20879.90278,0.06,9.946542385855468,0.06
tha,Thailand,2019,21277.83927,0.11,9.965421400236332,0.06
tha,Thailand,2020,19957.25714,0.05,9.901348122587088,0.11
tha,Thailand,2021,20242.77,0.02,9.91555297174475,0.05
tha,Thailand,2022,20762.79526,0.02,9.94091797465126,0.02
tjk,Tajikistan,1960,5137.08343,15.55,8.544240771332074,
tjk,Tajikistan,1961,5295.64277,13.57,8.57463964254724,15.55
tjk,Tajikistan,1962,5310.77359,13.54,8.57749278912394,13.57
tjk,Tajikistan,1963,5073.01753,15.25,8.531691093109705,13.54
tjk,Tajikistan,1964,5606.94963,11.8,8.631762112669731,15.25
tjk,Tajikistan,1965,5807.37266,11.0,8.666883537585399,11.8
tjk,Tajikistan,1966,5973.31627,10.24,8.695057541271911,11.0
tjk,Tajikistan,1967,6122.51766,9.41,8.719728673264793,10.24
tjk,Tajikistan,1968,6366.56797,8.03,8.758815823152212,9.41
tjk,Tajikistan,1969,6344.51016,7.97,8.755345176222715,8.03
tjk,Tajikistan,1970,6714.40537,6.76,8.812010552541919,7.97
tjk,Tajikistan,1971,6769.71577,6.69,8.820214381273132,6.76
tjk,Tajikistan,1972,6683.55231,6.65,8.807404908118388,6.69
tjk,Tajikistan,1973,7117.56267,5.59,8.870320624171384,6.65
tjk,Tajikistan,1974,6946.36334,6.01,8.845973541178669,5.59
tjk,Tajikistan,1975,6779.28187,6.47,8.821626456445584,6.01
tjk,Tajikistan,1976,6616.21923,6.96,8.797279372490685,6.47
tjk,Tajikistan,1977,6457.07874,6.9,8.772932287069692,6.96
tjk,Tajikistan,1978,6301.76608,7.41,8.748585203253198,6.9
tjk,Tajikistan,1979,6150.18917,7.95,8.724238119677098,7.41
tjk,Tajikistan,1980,6002.25814,8.49,8.699891034072452,7.95
tjk,Tajikistan,1981,5836.77485,9.43,8.671933671562801,8.49
tjk,Tajikistan,1982,5673.09278,10.12,8.643489711855267,9.43
tjk,Tajikistan,1983,5688.61272,10.21,8.646221687200518,10.12
tjk,Tajikistan,1984,5574.2851,9.83,8.625919354921885,10.21
tjk,Tajikistan,1985,5433.79281,10.77,8.600392660808888,9.83
tjk,Tajikistan,1986,5355.22038,10.47,8.585827136096668,10.77
tjk,Tajikistan,1987,5043.2552,11.37,8.525807025595077,10.47
tjk,Tajikistan,1988,5484.77703,9.45,8.609731721017063,11.37
tjk,Tajikistan,1989,4904.59636,11.18,8.497928077074084,9.45
tjk,Tajikistan,1990,4718.37169,12.04,8.459219038127786,11.18
tjk,Tajikistan,1991,4223.92988,13.68,8.348521224869522,12.04
tjk,Tajikistan,1992,2888.08921,25.13,7.968350389424831,13.68
tjk,Tajikistan,1993,2405.09922,34.08,7.785346437406123,25.13
tjk,Tajikistan,1994,1850.80464,47.72,7.523375764053692,34.08
tjk,Tajikistan,1995,1580.2714,55.8,7.365351883421765,47.72
tjk,Tajikistan,1996,1318.30327,65.73,7.184100787228116,55.8
tjk,Tajikistan,1997,1311.44541,65.21,7.178885174346074,65.73
tjk,Tajikistan,1998,1356.60974,63.07,7.212744028200196,65.21
tjk,Tajikistan,1999,1386.3515,60.74,7.234430755100509,63.07
tjk,Tajikistan,2000,1470.93456,54.85,7.293653232868161,60.74
tjk,Tajikistan,2001,1568.5068,48.94,7.357879362973582,54.85
tjk,Tajikistan,2002,1690.09226,42.18,7.432538398143022,48.94
tjk,Tajikistan,2003,1824.99523,37.26,7.509332652314546,42.18
tjk,Tajikistan,2004,1959.233,22.12,7.580308349105742,37.26
tjk,Tajikistan,2005,2036.19774,17.67,7.618839494761862,22.12
tjk,Tajikistan,2006,2122.02333,15.43,7.660125313458448,17.67
tjk,Tajikistan,2007,2227.48611,13.09,7.7086289236352865,15.43
tjk,Tajikistan,2008,2340.1787,9.43,7.757982572957264,13.09
tjk,Tajikistan,2009,2365.79447,7.77,7.7688691726332095,9.43
tjk,Tajikistan,2010,2449.27359,7.46,7.803546765698222,7.77
tjk,Tajikistan,2011,2572.48075,7.21,7.85262598468701,7.46
tjk,Tajikistan,2012,2700.09546,7.14,7.901042406922983,7.21
tjk,Tajikistan,2013,2828.38542,6.9,7.947461304858929,7.14
tjk,Tajikistan,2014,2943.08868,6.68,7.987214880297336,6.9
tjk,Tajikistan,2015,3041.4448,6.8,8.020087944656398,6.68
tjk,Tajikistan,2016,3169.96678,6.18,8.061476387321148,6.8
tjk,Tajikistan,2017,3312.71202,5.66,8.105522474283914,6.18
tjk,Tajikistan,2018,3479.69236,5.12,8.154699166561956,5.66
tjk,Tajikistan,2019,3649.88375,4.66,8.202450596754268,5.12
tjk,Tajikistan,2020,3724.74896,4.4,8.222754735254039,4.66
tjk,Tajikistan,2021,3985.91248,3.73,8.290521543682713,4.4
tjk,Tajikistan,2022,4213.75618,3.33,8.346109733174309,3.73
tkm,Turkmenistan,1960,6621.40768,47.62,8.798063266809654,
tkm,Turkmenistan,1961,6889.15205,45.95,8.837703286767828,47.62
tkm,Turkmenistan,1962,6973.66463,44.29,8.849896137464446,45.95
tkm,Turkmenistan,1963,6724.37107,47.69,8.81349367890707,44.29
tkm,Turkmenistan,1964,7502.91024,39.2,8.923046256259456,47.69
tkm,Turkmenistan,1965,7846.55663,37.62,8.967830068683345,39.2
tkm,Turkmenistan,1966,8148.28293,34.47,9.005562500602453,37.62
tkm,Turkmenistan,1967,8432.14123,32.98,9.039806019929301,34.47
tkm,Turkmenistan,1968,8851.76893,29.95,9.088372597124856,32.98
tkm,Turkmenistan,1969,8904.99133,30.0,9.094367222112957,29.95
tkm,Turkmenistan,1970,9517.00864,25.81,9.160835859921043,30.0
tkm,Turkmenistan,1971,9689.11562,25.86,9.178758433433838,25.81
tkm,Turkmenistan,1972,9661.21481,25.86,9.175874676028627,25.86
tkm,Turkmenistan,1973,10388.78733,21.93,9.24848236217085,25.86
tkm,Turkmenistan,1974,10202.7636,23.2,9.2304139037509,21.93
tkm,Turkmenistan,1975,10020.07084,23.17,9.212345444474144,23.2
tkm,Turkmenistan,1976,9840.64941,24.48,9.194276984819815,23.17
tkm,Turkmenistan,1977,9664.44074,24.46,9.17620852550883,24.48
tkm,Turkmenistan,1978,9491.3873,25.83,9.158140066378298,24.46
tkm,Turkmenistan,1979,9321.43259,25.81,9.140071607240644,25.83
tkm,Turkmenistan,1980,9154.52112,27.23,9.122003147712098,25.81
tkm,Turkmenistan,1981,9026.26925,27.96,9.107894410431722,27.23
tkm,Turkmenistan,1982,8906.05686,28.78,9.094486870321182,27.96
tkm,Turkmenistan,1983,8854.86674,29.3,9.088722500978907,28.78
tkm,Turkmenistan,1984,8558.30474,29.96,9.054657405129884,29.3
tkm,Turkmenistan,1985,8387.64066,31.43,9.034514551333059,29.96
tkm,Turkmenistan,1986,8414.88957,31.1,9.037757983544147,31.43
tkm,Turkmenistan,1987,8404.16488,30.36,9.036482681001376,31.1
tkm,Turkmenistan,1988,8959.41859,27.98,9.100460614354633,30.36
tkm,Turkmenistan,1989,8031.03605,30.66,8.991068821034071,27.98
tkm,Turkmenistan,1990,7872.12414,20.34,8.97108320842482,30.66
tkm,Turkmenistan,1991,7350.4949,23.32,8.902522923273429,20.34
tkm,Turkmenistan,1992,6128.43206,29.51,8.72069421480968,23.32
tkm,Turkmenistan,1993,6100.73634,30.47,8.716164754351768,29.51
tkm,Turkmenistan,1994,4953.51787,38.12,8.507853283956795,30.47
tkm,Turkmenistan,1995,4524.30481,42.33,8.417219211182074,38.12
tkm,Turkmenistan,1996,4629.25254,39.46,8.440150695602767,42.33
tkm,Turkmenistan,1997,4049.63117,45.64,8.306381086817737,39.46
tkm,Turkmenistan,1998,4276.45571,42.63,8.360879840367183,45.64
tkm,Turkmenistan,1999,4907.40143,37.61,8.498499840365607,42.63
tkm,Turkmenistan,2000,5175.88159,36.43,8.551764959180266,37.61
tkm,Turkmenistan,2001,5397.7409,34.55,8.593735793166964,36.43
tkm,Turkmenistan,2002,5385.14927,35.51,8.591400308797766,34.55
tkm,Turkmenistan,2003,5500.60305,35.3,8.612613010664484,35.51
tkm,Turkmenistan,2004,5673.20976,33.62,8.643510331788429,35.3
tkm,Turkmenistan,2005,6242.06214,29.42,8.739065877923755,33.62
tkm,Turkmenistan,2006,6740.57784,26.18,8.81590093316918,29.42
tkm,Turkmenistan,2007,7280.47327,22.24,8.892951148693083,26.18
tkm,Turkmenistan,2008,8113.97502,18.83,9.001343165132125,22.24
tkm,Turkmenistan,2009,8354.67656,17.26,9.030576728131745,18.83
tkm,Turkmenistan,2010,8842.33284,15.97,9.087306016744884,17.26
tkm,Turkmenistan,2011,9929.68935,13.1,9.203284472561949,15.97
tkm,Turkmenistan,2012,10794.23352,11.31,9.286767337185816,13.1
tkm,Turkmenistan,2013,11633.2906,9.47,9.361626146163227,11.31
tkm,Turkmenistan,2014,12544.39835,8.06,9.437029498304083,9.47
tkm,Turkmenistan,2015,13057.83033,7.78,9.477143258095,8.06
tkm,Turkmenistan,2016,13552.84771,7.16,9.514351967326308,7.78
tkm,Turkmenistan,2017,14107.66712,6.19,9.55447369595424,7.16
tkm,Turkmenistan,2018,14648.13535,5.95,9.592068326480963,6.19
tkm,Turkmenistan,2019,15231.30562,5.42,9.631108169069762,5.95
tkm,Turkmenistan,2020,15791.17759,5.85,9.66720668268293,5.42
tkm,Turkmenistan,2021,16434.13991,4.94,9.707116151902625,5.85
tkm,Turkmenistan,2022,17119.57449,5.59,9.74797779483078,4.94
tls,Timor-Leste,1960,837.55209,96.03,6.730483458779993,
tls,Timor-Leste,1961,870.02869,95.45,6.768526188116394,96.03
tls,Timor-Leste,1962,904.32235,95.12,6.807185878690382,95.45
tls,Timor-Leste,1963,935.82616,94.76,6.841429732732564,95.12
tls,Timor-Leste,1964,969.12599,94.38,6.87639462407865,94.76
tls,Timor-Leste,1965,1000.80319,93.97,6.908558146597661,94.38
tls,Timor-Leste,1966,1033.12219,93.52,6.940340748668383,93.97
tls,Timor-Leste,1967,1063.84419,93.04,6.969644221208578,93.52
tls,Timor-Leste,1968,1096.30577,92.53,6.999701415824538,93.04
tls,Timor-Leste,1969,1126.08514,91.99,7.026502418629765,92.53
tls,Timor-Leste,1970,1155.40815,91.42,7.052208937156457,91.99
tls,Timor-Leste,1971,1186.44073,90.81,7.078713120982918,91.42
tls,Timor-Leste,1972,1215.92395,90.18,7.103259519451914,90.81
tls,Timor-Leste,1973,1246.01655,90.18,7.1277069817631995,90.18
tls,Timor-Leste,1974,1303.16723,88.8,7.172552911176709,90.18
tls,Timor-Leste,1975,1361.58471,87.28,7.216404528320101,88.8
tls,Timor-Leste,1976,1421.23475,86.46,7.259281315015974,87.28
tls,Timor-Leste,1977,1483.12081,85.6,7.30190380207015,86.46
tls,Timor-Leste,1978,1548.21856,83.73,7.3448602328139865,85.6
tls,Timor-Leste,1979,1613.38412,82.71,7.386089189885946,83.73
tls,Timor-Leste,1980,1679.6227,80.52,7.426324463841358,82.71
tls,Timor-Leste,1981,1748.92121,79.32,7.466754425404684,80.52
tls,Timor-Leste,1982,1821.2074,78.05,7.507254966707369,79.32
tls,Timor-Leste,1983,1894.4191,75.35,7.546667526986833,78.05
tls,Timor-Leste,1984,1968.5268,73.92,7.585040724718346,75.35
tls,Timor-Leste,1985,2044.48343,72.46,7.622900435100785,73.92
tls,Timor-Leste,1986,2125.16619,69.45,7.661605285359328,72.46
tls,Timor-Leste,1987,2205.62409,67.93,7.698765781847982,69.45
tls,Timor-Leste,1988,2286.8119,66.4,7.734913943154482,67.93
tls,Timor-Leste,1989,2373.48041,64.87,7.772112684323437,66.4
tls,Timor-Leste,1990,2458.86265,61.85,7.8074541846171455,64.87
tls,Timor-Leste,1991,2635.44309,58.87,7.876806602436618,61.85
tls,Timor-Leste,1992,2808.49154,54.41,7.940402799683813,58.87
tls,Timor-Leste,1993,2987.60676,51.39,8.00222793116612,54.41
tls,Timor-Leste,1994,3113.01559,48.25,8.043347178459907,51.39
tls,Timor-Leste,1995,3237.68106,44.96,8.082612630312726,48.25
tls,Timor-Leste,1996,3414.84431,41.54,8.135887180921708,44.96
tls,Timor-Leste,1997,3455.67548,39.81,8.14777322505206,41.54
tls,Timor-Leste,1998,3291.57804,43.26,8.099122376181779,39.81
tls,Timor-Leste,1999,2334.66109,67.92,7.755622016099714,43.26
tls,Timor-Leste,2000,3862.79702,47.43,8.259146816631349,67.92
tls,Timor-Leste,2001,4116.4868,40.3,8.322755360125784,47.43
tls,Timor-Leste,2002,3562.75861,45.07,8.178290414222916,40.3
tls,Timor-Leste,2003,3340.92603,46.57,8.11400330203384,45.07
tls,Timor-Leste,2004,3437.77695,44.5,8.142580306002186,46.57
tls,Timor-Leste,2005,3501.73256,43.03,8.161013142139794,44.5
tls,Timor-Leste,2006,3289.19065,45.99,8.098396810456192,43.03
tls,Timor-Leste,2007,3450.57971,41.01,8.146297527793688,45.99
tls,Timor-Leste,2008,3669.87492,36.46,8.207912858723951,41.01
tls,Timor-Leste,2009,3858.85057,32.91,8.258124638320924,36.46
tls,Timor-Leste,2010,4049.18501,29.2,8.306270907751925,32.91
tls,Timor-Leste,2011,4191.80292,28.09,8.340886211536937,29.2
tls,Timor-Leste,2012,4299.96964,26.44,8.366363241191612,28.09
tls,Timor-Leste,2013,4342.35347,26.6,8.37617175431048,26.44
tls,Timor-Leste,2014,4447.48458,24.41,8.400093952417622,26.6
tls,Timor-Leste,2015,4469.93611,24.96,8.405129394440591,24.41
tls,Timor-Leste,2016,4517.58127,22.46,8.415732012343303,24.96
tls,Timor-Leste,2017,4292.07814,26.22,8.364526309549447,22.46
tls,Timor-Leste,2018,4210.4905,26.54,8.3453344282034,26.22
tls,Timor-Leste,2019,5096.45171,17.41,8.536299833433587,26.54
tls,Timor-Leste,2020,6598.0346,8.66,8.794527095788114,17.41
tls,Timor-Leste,2021,6824.79234,8.01,8.828317193216643,8.66
tls,Timor-Leste,2022,5347.00759,14.73,8.584292354435288,8.01
ton,Tonga,1960,1613.93835,14.72,7.3864326510743465,
ton,Tonga,1961,1611.97188,14.7,7.385213478745688,14.72
ton,Tonga,1962,1609.81637,14.68,7.3838753955730185,14.7
ton,Tonga,1963,1607.47668,14.67,7.382420949008102,14.68
ton,Tonga,1964,1604.95759,14.65,7.380852611538992,14.67
ton,Tonga,1965,1603.24858,14.62,7.37978721232766,14.65
ton,Tonga,1966,1601.34561,13.66,7.378599561030271,14.62
ton,Tonga,1967,1599.25363,13.64,7.377292318141646,13.66
ton,Tonga,1968,1596.97748,13.6,7.375868046675386,13.64
ton,Tonga,1969,1594.52195,13.58,7.37432925242623,13.6
ton,Tonga,1970,1593.74489,13.57,7.373841802627086,13.58
ton,Tonga,1971,1590.92208,13.54,7.372069051651334,13.57
ton,Tonga,1972,1588.83822,13.52,7.370758348892808,13.54
ton,Tonga,1973,1586.57153,12.6,7.369330696675645,13.52
ton,Tonga,1974,1633.54798,11.74,7.39850960312277,12.6
ton,Tonga,1975,1666.07651,10.94,7.418226746042045,11.74
ton,Tonga,1976,1655.37509,10.92,7.411782902615473,10.94
ton,Tonga,1977,1696.59025,10.17,7.436375780569429,10.92
ton,Tonga,1978,1684.45072,10.16,7.429194807446871,10.17
ton,Tonga,1979,1675.67786,10.15,7.423973054930542,10.16
ton,Tonga,1980,1908.04169,7.68,7.553832701874343,10.15
ton,Tonga,1981,2260.76998,5.74,7.723460733356611,7.68
ton,Tonga,1982,2633.07102,5.58,7.875906132167105,5.74
ton,Tonga,1983,2816.32354,5.4,7.943187604144093,5.58
ton,Tonga,1984,3598.88729,5.12,8.188379990556133,5.4
ton,Tonga,1985,3890.48712,4.84,8.266289652423051,5.12
ton,Tonga,1986,4190.69447,4.66,8.34062174381213,4.84
ton,Tonga,1987,4321.82852,4.62,8.371433860203824,4.66
ton,Tonga,1988,4254.09545,4.63,8.35563743321415,4.62
ton,Tonga,1989,4368.73848,4.87,8.382229569068773,4.63
ton,Tonga,1990,4568.57998,4.71,8.426957709125752,4.87
ton,Tonga,1991,4848.17204,4.55,8.48635701391819,4.71
ton,Tonga,1992,4849.30247,4.4,8.486590152969795,4.55
ton,Tonga,1993,5021.11768,4.1,8.52140783332229,4.4
ton,Tonga,1994,5260.25649,3.87,8.567935066900326,4.1
ton,Tonga,1995,5549.07378,3.59,8.621386306326894,3.87
ton,Tonga,1996,5544.87382,3.53,8.620629143889847,3.59
ton,Tonga,1997,5492.45465,3.53,8.611130547510978,3.53
ton,Tonga,1998,5582.68227,3.13,8.62742463342761,3.53
ton,Tonga,1999,5686.14809,3.3,8.64578833654291,3.13
ton,Tonga,2000,5856.22403,3.13,8.675260311398457,3.3
ton,Tonga,2001,5919.77403,2.97,8.686053556541427,3.13
ton,Tonga,2002,6133.559,2.71,8.721530447730364,2.97
ton,Tonga,2003,6108.34797,2.53,8.717411634263954,2.71
ton,Tonga,2004,5954.06195,2.4,8.691828946291496,2.53
ton,Tonga,2005,5881.36707,2.33,8.679544508767881,2.4
ton,Tonga,2006,5715.82213,2.2,8.650993420650959,2.33
ton,Tonga,2007,5534.16673,1.92,8.618696288190819,2.2
ton,Tonga,2008,5774.08679,1.78,8.661135391284143,1.92
ton,Tonga,2009,5466.85025,1.79,8.60645790689738,1.78
ton,Tonga,2010,5488.7504,1.86,8.610455894752263,1.79
ton,Tonga,2011,5847.44389,1.95,8.673759902858642,1.86
ton,Tonga,2012,5907.26712,2.15,8.683938587209127,1.95
ton,Tonga,2013,5951.69432,2.2,8.691431217667203,2.15
ton,Tonga,2014,6096.86923,2.11,8.71553067742456,2.2
ton,Tonga,2015,6194.63932,2.14,8.731439571222241,2.11
ton,Tonga,2016,6639.13653,0.99,8.800737193351809,2.14
ton,Tonga,2017,6862.66866,0.72,8.833851662564955,0.99
ton,Tonga,2018,6896.04176,0.94,8.838702868009648,0.72
ton,Tonga,2019,6875.02538,0.43,8.835650614164322,0.94
ton,Tonga,2020,6995.31729,0.36,8.852996245613399,0.43
ton,Tonga,2021,7034.92497,0.13,8.858642304246413,0.36
ton,Tonga,2022,6901.73837,0.16,8.839528596535542,0.13
tto,Trinidad and Tobago,1960,10308.16816,1.4,9.24069188518207,
tto,Trinidad and Tobago,1961,10685.39726,1.2,9.276633346285328,1.4
tto,Trinidad and Tobago,1962,10703.07694,1.01,9.278286543597236,1.2
tto,Trinidad and Tobago,1963,10812.79577,1.01,9.288485505316876,1.01
tto,Trinidad and Tobago,1964,10997.48846,0.85,9.305422203892931,1.01
tto,Trinidad and Tobago,1965,11102.96486,0.85,9.314967456138874,0.85
tto,Trinidad and Tobago,1966,11373.85871,0.71,9.339072905598627,0.85
tto,Trinidad and Tobago,1967,11385.99059,0.58,9.340138983057146,0.71
tto,Trinidad and Tobago,1968,11801.52589,0.48,9.375984114805453,0.58
tto,Trinidad and Tobago,1969,11989.73029,0.39,9.391805753189738,0.48
tto,Trinidad and Tobago,1970,12371.05914,0.31,9.423115083386527,0.39
tto,Trinidad and Tobago,1971,12247.07027,0.31,9.413042025736516,0.31
tto,Trinidad and Tobago,1972,12632.42242,0.25,9.44402199584501,0.31
tto,Trinidad and Tobago,1973,12541.79603,0.25,9.436822028014257,0.25
tto,Trinidad and Tobago,1974,12802.84051,0.19,9.457422340132002,0.25
tto,Trinidad and Tobago,1975,12695.72312,0.19,9.449020453524833,0.19
tto,Trinidad and Tobago,1976,13348.42969,0.11,9.499154030692662,0.19
tto,Trinidad and Tobago,1977,13994.44857,0.06,9.546415999244017,0.11
tto,Trinidad and Tobago,1978,15093.36442,0.02,9.622010483835808,0.06
tto,Trinidad and Tobago,1979,15280.37023,0.01,9.634324292139018,0.02
tto,Trinidad and Tobago,1983,15862.41937,0.02,9.6717080289522,0.01
tto,Trinidad and Tobago,1984,15585.35365,0.06,9.654086883634713,0.02
tto,Trinidad and Tobago,1985,14886.63383,0.11,9.608219030946625,0.06
tto,Trinidad and Tobago,1986,14275.4461,0.18,9.566296284473754,0.11
tto,Trinidad and Tobago,1987,13580.486,0.3,9.516389188395731,0.18
tto,Trinidad and Tobago,1988,13138.33044,0.46,9.483289224605146,0.3
tto,Trinidad and Tobago,1989,13185.0364,1.11,9.486837859496507,0.46
tto,Trinidad and Tobago,1990,13558.05932,1.72,9.514736433257928,1.11
tto,Trinidad and Tobago,1991,13680.46335,2.1,9.52372406121698,1.72
tto,Trinidad and Tobago,1992,14557.02048,1.76,9.585828663446957,2.1
tto,Trinidad and Tobago,1993,14223.14634,1.89,9.56262594048587,1.76
tto,Trinidad and Tobago,1994,14378.02832,1.61,9.57345650921777,1.89
tto,Trinidad and Tobago,1995,14879.31868,1.33,9.607727519704389,1.61
tto,Trinidad and Tobago,1996,15773.70492,0.84,9.666099587050365,1.33
tto,Trinidad and Tobago,1997,16797.22897,0.56,9.728969209524974,0.84
tto,Trinidad and Tobago,1998,17998.2316,0.28,9.798028787607556,0.56
tto,Trinidad and Tobago,1999,19272.5336,0.14,9.866436231748683,0.28
tto,Trinidad and Tobago,2000,20419.6703,0.06,9.924253945652952,0.14
tto,Trinidad and Tobago,2001,21076.82994,0.05,9.955929608993797,0.06
tto,Trinidad and Tobago,2002,22538.64603,0.01,10.022986716135565,0.05
tun,Tunisia,1960,2430.69771,50.64,7.795933618579333,
tun,Tunisia,1961,2535.59328,47.57,7.8381829241462055,50.64
tun,Tunisia,1962,2443.88673,49.15,7.801344973063624,47.57
tun,Tunisia,1963,2701.42356,43.07,7.901534157492349,49.15
tun,Tunisia,1964,2730.34335,43.09,7.912182649501488,43.07
tun,Tunisia,1965,2791.33995,41.57,7.93427702834046,43.09
tun,Tunisia,1966,2773.06367,41.6,7.927708006044576,41.57
tun,Tunisia,1967,2671.73206,43.16,7.890482252682359,41.6
tun,Tunisia,1968,2841.61231,38.74,7.952126884854909,43.16
tun,Tunisia,1969,2863.67899,38.79,7.959862437301393,38.74
tun,Tunisia,1970,3218.96212,32.01,8.07681426359987,38.79
tun,Tunisia,1971,3457.45528,29.58,8.148288129254254,32.01
tun,Tunisia,1972,3960.74997,23.78,8.284188672680829,29.58
tun,Tunisia,1973,3823.18907,24.89,8.248840188398175,23.78
tun,Tunisia,1974,4011.00738,22.65,8.296797705708524,24.89
tun,Tunisia,1975,4167.7415,20.51,8.335129561356323,22.65
tun,Tunisia,1976,4359.21663,18.51,8.380047648181781,20.51
tun,Tunisia,1977,4374.80156,18.51,8.383616440048737,18.51
tun,Tunisia,1978,4524.24672,17.55,8.417206371558006,18.51
tun,Tunisia,1979,4677.37181,15.71,8.450491652107283,17.55
tun,Tunisia,1980,4865.8411,14.85,8.489994867652035,15.71
tun,Tunisia,1981,5238.27057,14.42,8.563746678945485,14.85
tun,Tunisia,1982,5257.98137,15.04,8.567502462111241,14.42
tun,Tunisia,1983,5491.8354,14.5,8.61101779557201,15.04
tun,Tunisia,1984,5772.02279,13.93,8.660777868257416,14.5
tun,Tunisia,1985,6022.63269,13.3,8.703279766624897,13.93
tun,Tunisia,1986,5799.21574,13.55,8.665477970150455,13.3
tun,Tunisia,1987,6138.42861,11.85,8.722324061676261,13.55
tun,Tunisia,1988,6164.42172,11.89,8.726549610712286,11.85
tun,Tunisia,1989,6389.34594,11.32,8.762387185325252,11.89
tun,Tunisia,1990,6842.6121,9.36,8.830924823681622,11.32
tun,Tunisia,1991,6969.48209,9.74,8.849296195398363,9.36
tun,Tunisia,1992,7364.47061,9.61,8.90442244715512,9.74
tun,Tunisia,1993,7383.15699,9.86,8.906956602547034,9.61
tun,Tunisia,1994,7488.10644,9.93,8.921071232799989,9.86
tun,Tunisia,1995,7545.33755,10.04,8.928685108438467,9.93
tun,Tunisia,1996,7958.71616,8.54,8.982022979398213,10.04
tun,Tunisia,1997,8276.60838,7.55,9.021188547521751,8.54
tun,Tunisia,1998,8559.00667,6.66,9.054739419177952,7.55
tun,Tunisia,1999,8960.97765,5.19,9.10063461273983,6.66
tun,Tunisia,2000,9263.8496,4.35,9.133874964793252,5.19
tun,Tunisia,2001,9515.24818,4.0,9.160650862416894,4.35
tun,Tunisia,2002,9533.92966,3.89,9.162612257931807,4.0
tun,Tunisia,2003,9875.5455,3.51,9.197816828749952,3.89
tun,Tunisia,2004,10373.9473,3.07,9.24705287489073,3.51
tun,Tunisia,2005,10627.71843,3.01,9.27122081330331,3.07
tun,Tunisia,2006,11069.39488,2.84,9.311939361155305,3.01
tun,Tunisia,2007,11680.26312,2.66,9.36565578352574,2.84
tun,Tunisia,2008,12037.15196,2.54,9.395753142708122,2.66
tun,Tunisia,2009,12254.22964,2.51,9.413626433113272,2.54
tun,Tunisia,2010,12458.25735,1.77,9.430138923009624,2.51
tun,Tunisia,2011,12068.70037,1.45,9.398370633894936,1.77
tun,Tunisia,2012,12436.38215,1.0,9.428381500040699,1.45
tun,Tunisia,2013,12587.98124,0.71,9.440497767874957,1.0
tun,Tunisia,2014,12823.98881,0.56,9.45907282170635,0.71
tun,Tunisia,2015,12802.76104,0.3,9.45741613289646,0.56
tun,Tunisia,2016,12803.87361,0.2,9.457503029907013,0.3
tun,Tunisia,2017,12953.52321,0.2,9.469123092673643,0.2
tun,Tunisia,2018,13163.59059,0.21,9.48521000885033,0.2
tun,Tunisia,2019,13249.22409,0.22,9.491694270454426,0.21
tun,Tunisia,2020,11955.56592,0.31,9.388952216287723,0.22
tun,Tunisia,2021,12444.3264,0.29,9.429020087181737,0.31
tun,Tunisia,2022,12702.45358,0.29,9.44955044906247,0.29
tur,Turkey,1960,3936.93078,28.12,8.27815670887401,
tur,Turkey,1961,3900.30118,28.14,8.268809054777018,28.12
tur,Turkey,1962,4041.25374,26.95,8.304310254495448,28.14
tur,Turkey,1963,4325.06934,23.41,8.372183451607405,26.95
tur,Turkey,1964,4409.62747,22.24,8.391545490949866,23.41
tur,Turkey,1965,4428.98009,22.26,8.395924608541678,22.24
tur,Turkey,1966,4852.27045,17.7,8.487202008411602,22.26
tur,Turkey,1967,4955.70099,16.62,8.508293907999146,17.7
tur,Turkey,1968,5176.30167,14.59,8.551846116939876,16.62
tur,Turkey,1969,5335.17545,13.61,8.582077049793039,14.59
tur,Turkey,1970,5478.40851,11.81,8.60856991987941,13.61
tur,Turkey,1971,5758.48177,10.02,8.65842913734898,11.81
tur,Turkey,1972,6011.50402,8.44,8.70143024913303,10.02
tur,Turkey,1973,6095.32288,8.43,8.715277015081588,8.44
tur,Turkey,1974,6355.75758,6.95,8.75711638658941,8.43
tur,Turkey,1975,6698.79912,5.57,8.809683553493503,6.95
tur,Turkey,1976,7168.32049,3.79,8.877426664871768,5.57
tur,Turkey,1977,7272.39117,3.29,8.891840425664743,3.79
tur,Turkey,1978,7256.76697,3.29,8.889689687697388,3.29
tur,Turkey,1979,7039.52726,3.79,8.859296296329205,3.29
tur,Turkey,1980,6759.52046,4.34,8.818707228650977,3.79
tur,Turkey,1981,7241.99314,4.05,8.887651743072997,4.34
tur,Turkey,1982,7618.68677,3.99,8.938359293933452,4.05
tur,Turkey,1983,7946.47122,3.52,8.980483237410061,3.99
tur,Turkey,1984,8453.79847,2.98,9.042371142422912,3.52
tur,Turkey,1985,8829.72816,2.84,9.085879507167144,2.98
tur,Turkey,1986,9379.71984,2.32,9.146305173750381,2.84
tur,Turkey,1987,10254.01144,1.71,9.235424268005204,2.32
tur,Turkey,1988,10589.86327,1.92,9.267652527275086,1.71
tur,Turkey,1989,10749.23734,2.41,9.282590085922806,1.92
tur,Turkey,1990,11860.09284,2.16,9.380934500514332,2.41
tur,Turkey,1991,11797.10139,2.3,9.375609135362849,2.16
tur,Turkey,1992,12259.39262,2.33,9.414047666664281,2.3
tur,Turkey,1993,13031.74311,2.01,9.475143437840815,2.33
tur,Turkey,1994,12226.83232,3.01,9.41138818613832,2.01
tur,Turkey,1995,12995.43116,2.56,9.47235312544015,3.01
tur,Turkey,1996,13767.57629,2.24,9.530071562432342,2.56
tur,Turkey,1997,14624.52525,1.84,9.590455210034708,2.24
tur,Turkey,1998,14807.44668,1.96,9.602885487266704,1.84
tur,Turkey,1999,14102.52075,2.48,9.554108836983373,1.96
tur,Turkey,2000,14897.78792,2.33,9.60896801916705,2.48
tur,Turkey,2001,13831.56944,2.89,9.534708899059098,2.33
tur,Turkey,2002,14567.44418,2.69,9.586544467192486,2.89
tur,Turkey,2003,15222.1931,4.34,9.630509714333526,2.69
tur,Turkey,2004,16504.40556,2.48,9.711382627885909,4.34
tur,Turkey,2005,17775.43114,2.62,9.785572509792193,2.48
tur,Turkey,2006,18797.86982,2.0,9.841498834951459,2.62
tur,Turkey,2007,19682.39627,1.37,9.887479924880884,2.0
tur,Turkey,2008,19573.32978,0.93,9.88192319308076,1.37
tur,Turkey,2009,18347.09957,0.85,9.817226779409287,0.93
tur,Turkey,2010,19564.7889,0.91,9.881486744910863,0.85
tur,Turkey,2011,21439.06906,0.48,9.972970193533078,0.91
tur,Turkey,2012,22181.12078,0.38,10.006996790736812,0.48
tur,Turkey,2013,23756.27304,0.4,10.075601902587128,0.38
tur,Turkey,2014,24595.69906,0.34,10.110326871675692,0.4
tur,Turkey,2015,25746.43245,0.35,10.156051350862482,0.34
tur,Turkey,2016,26246.49471,0.31,10.175287724246054,0.35
tur,Turkey,2017,27851.982,0.19,10.23465940978907,0.31
tur,Turkey,2018,28305.46125,0.16,10.250810042045458,0.19
tur,Turkey,2019,28132.05357,0.44,10.244664901663263,0.16
tur,Turkey,2020,28378.55208,0.57,10.253388930385034,0.44
tur,Turkey,2021,31338.26652,0.52,10.35259520231898,0.57
tur,Turkey,2022,32748.3189,0.37,10.396606908448192,0.52
tuv,Tuvalu,1960,2052.11682,23.2,7.626627134494781,
tuv,Tuvalu,1961,2071.2825,23.23,7.635923259625516,23.2
tuv,Tuvalu,1962,2089.10301,23.24,7.644490071015799,23.23
tuv,Tuvalu,1963,2109.50773,21.92,7.654209895933124,23.24
tuv,Tuvalu,1964,2128.56738,21.89,7.663204440863005,21.92
tuv,Tuvalu,1965,2147.59177,21.94,7.672102386356308,21.89
tuv,Tuvalu,1966,2166.58097,20.58,7.680905614125713,21.94
tuv,Tuvalu,1967,2185.53501,20.63,7.689615933392633,20.58
tuv,Tuvalu,1968,2204.45394,20.57,7.6982351109530445,20.63
tuv,Tuvalu,1969,2225.94125,19.23,7.7079351388546735,20.57
tuv,Tuvalu,1970,2244.78781,19.25,7.716366279005583,19.23
tuv,Tuvalu,1971,2270.09654,19.27,7.727577638205493,19.25
tuv,Tuvalu,1972,2268.09501,19.2,7.726695555504608,19.27
tuv,Tuvalu,1973,3005.46234,8.18,8.008186692039706,19.2
tuv,Tuvalu,1974,3430.48966,5.52,8.140458287988523,8.18
tuv,Tuvalu,1975,3398.97835,5.59,8.131230180155383,5.52
tuv,Tuvalu,1976,3379.16331,5.6,8.125383416413511,5.59
tuv,Tuvalu,1977,3431.76429,5.0,8.14082977817934,5.6
tuv,Tuvalu,1978,3591.45833,4.45,8.186313619053005,5.0
tuv,Tuvalu,1979,3632.16157,3.94,8.197583223863909,4.45
tuv,Tuvalu,1980,3331.16532,5.6,8.111077467703634,3.94
tuv,Tuvalu,1981,3056.4573,7.57,8.025011779143812,5.6
tuv,Tuvalu,1982,2428.33954,15.62,7.794962985894785,7.57
tuv,Tuvalu,1983,2382.48321,15.61,7.7758985882842175,15.62
tuv,Tuvalu,1984,2516.55127,13.48,7.830644699543548,15.61
tuv,Tuvalu,1985,2425.7725,15.64,7.7939053093442014,13.48
tuv,Tuvalu,1986,2369.77518,16.8,7.770550368870117,15.64
tuv,Tuvalu,1987,2557.30563,13.46,7.8467094949376355,16.8
tuv,Tuvalu,1988,2771.38534,10.67,7.927102596905368,13.46
tuv,Tuvalu,1989,2670.46215,11.55,7.890006826303609,10.67
tuv,Tuvalu,1990,3037.4003,7.88,8.018757264064849,11.55
tuv,Tuvalu,1991,3100.22338,6.59,8.039229445941697,7.88
tuv,Tuvalu,1992,3147.51491,7.47,8.054368503000212,6.59
tuv,Tuvalu,1993,3242.52603,6.18,8.084107943914738,7.47
tuv,Tuvalu,1994,3543.43028,5.11,8.172850542594633,6.18
tuv,Tuvalu,1995,3338.19718,6.35,8.11318617377732,5.11
tuv,Tuvalu,1996,3117.71134,7.15,8.04485446675605,6.35
tuv,Tuvalu,1997,3408.50204,5.13,8.1340281893064,7.15
tuv,Tuvalu,1998,3914.10214,3.43,8.27234124368093,5.13
tuv,Tuvalu,1999,3831.7733,3.95,8.251082977633022,3.43
tuv,Tuvalu,2000,3770.50836,3.85,8.234965114852814,3.95
tuv,Tuvalu,2001,3754.38917,3.82,8.230680879860662,3.85
tuv,Tuvalu,2002,4079.53425,2.94,8.313738106470332,3.82
tuv,Tuvalu,2003,3870.52057,3.25,8.261144291189488,2.94
tuv,Tuvalu,2004,3733.77015,3.95,8.225173766234873,3.25
tuv,Tuvalu,2005,3513.28337,4.73,8.164306312263506,3.95
tuv,Tuvalu,2006,3551.787,4.2,8.175206136097799,4.73
tuv,Tuvalu,2007,3752.45208,3.58,8.230164793272847,4.2
tuv,Tuvalu,2008,3945.48632,2.93,8.280327500713918,3.58
tuv,Tuvalu,2009,3644.94159,3.83,8.201095619623004,2.93
tuv,Tuvalu,2010,3506.06023,4.32,8.162248244455126,3.83
tuv,Tuvalu,2011,3687.43927,3.89,8.212687531359915,4.32
tuv,Tuvalu,2012,3558.15237,4.3,8.176996691929405,3.89
tuv,Tuvalu,2013,3690.24204,3.94,8.213447328379349,4.3
tuv,Tuvalu,2014,3695.95345,3.8,8.214993837985292,3.94
tuv,Tuvalu,2015,4088.7658,2.58,8.315998443106821,3.8
tuv,Tuvalu,2016,4333.24899,2.28,8.374072883739988,2.58
tuv,Tuvalu,2017,4464.25885,1.84,8.403858488491128,2.28
tuv,Tuvalu,2018,4575.869,1.95,8.428551905027478,1.84
tuv,Tuvalu,2019,5292.03026,1.13,8.573957243283502,1.95
tuv,Tuvalu,2020,5154.45958,1.28,8.547617556813968,1.13
tuv,Tuvalu,2021,5352.97862,1.47,8.58540843636336,1.28
tuv,Tuvalu,2022,5498.18455,1.29,8.612173234913387,1.47
tza,Tanzania,1960,930.59292,82.96,6.835821931386765,
tza,Tanzania,1961,881.83882,83.94,6.7820092955429425,82.96
tza,Tanzania,1962,934.40854,81.95,6.839913751586992,83.94
tza,Tanzania,1963,950.18394,80.92,6.856655586905081,81.95
tza,Tanzania,1964,1012.62445,78.76,6.920300705007686,80.92
tza,Tanzania,1965,1017.36009,78.76,6.924966404176748,78.76
tza,Tanzania,1966,1095.58676,75.29,6.999045352613456,78.76
tza,Tanzania,1967,1110.06208,74.06,7.0121712206704,75.29
tza,Tanzania,1968,1146.26999,72.8,7.044268462895163,74.06
tza,Tanzania,1969,1124.44887,74.05,7.025048301268243,72.8
tza,Tanzania,1970,1140.8048,72.78,7.039489257224812,74.05
tza,Tanzania,1971,1150.29611,71.47,7.04777467516974,72.78
tza,Tanzania,1972,1186.05313,70.12,7.07838637619341,71.47
tza,Tanzania,1973,1182.52179,70.11,7.075404547257623,70.12
tza,Tanzania,1974,1170.80393,70.1,7.065445911491291,70.11
tza,Tanzania,1975,1195.55075,68.7,7.086362236854749,70.1
tza,Tanzania,1976,1236.61855,67.23,7.120135957820626,68.7
tza,Tanzania,1977,1214.94564,68.68,7.102454614033011,67.23
tza,Tanzania,1978,1199.83011,68.67,7.089935250753405,68.68
tza,Tanzania,1979,1189.587,68.66,7.081361467043194,68.67
tza,Tanzania,1980,1175.93769,68.59,7.069821142360956,68.66
tza,Tanzania,1981,1198.34629,70.68,7.088697793667807,68.59
tza,Tanzania,1982,1214.95211,72.07,7.102459939359972,70.68
tza,Tanzania,1983,1222.5531,72.18,7.108696655988552,72.07
tza,Tanzania,1984,1251.16875,72.07,7.131833393456123,72.18
tza,Tanzania,1985,1276.03106,71.3,7.151509805301271,72.07
tza,Tanzania,1986,1326.61237,71.68,7.190383881637158,71.3
tza,Tanzania,1987,1386.03612,69.95,7.234203240016337,71.68
tza,Tanzania,1988,1442.10771,69.5,7.2738610099236105,69.95
tza,Tanzania,1989,1496.56575,68.53,7.31092826217792,69.5
tza,Tanzania,1990,1587.30876,66.82,7.3697952573684855,68.53
tza,Tanzania,1991,1599.85434,67.03,7.377667866583708,66.82
tza,Tanzania,1992,1587.85833,68.88,7.370141424981031,67.03
tza,Tanzania,1993,1575.49928,70.29,7.362327504199446,68.88
tza,Tanzania,1994,1557.93208,73.9,7.3511146311286995,70.29
tza,Tanzania,1995,1579.3614,75.78,7.364775867104196,73.9
tza,Tanzania,1996,1636.5107,76.31,7.400321632263887,75.78
tza,Tanzania,1997,1674.03146,77.99,7.422990044182267,76.31
tza,Tanzania,1998,1704.23741,79.7,7.440873022801789,77.99
tza,Tanzania,1999,1752.38129,80.95,7.468730879096624,79.7
tza,Tanzania,2000,1792.82437,82.79,7.491547515656267,80.95
tza,Tanzania,2001,1861.41533,80.96,7.529092407454239,82.79
tza,Tanzania,2002,1951.57594,76.73,7.576392499519715,80.96
tza,Tanzania,2003,2035.56231,72.93,7.618527379117838,76.73
tza,Tanzania,2004,2137.31153,68.76,7.667304023824024,72.93
tza,Tanzania,2005,2239.90235,63.25,7.71418755014885,68.76
tza,Tanzania,2006,2324.16223,59.57,7.751114921903781,63.25
tza,Tanzania,2007,2420.07714,55.24,7.79155469467576,59.57
tza,Tanzania,2008,2492.53135,53.81,7.821054079490094,55.24
tza,Tanzania,2009,2561.36835,51.74,7.848296906391853,53.81
tza,Tanzania,2010,2654.80347,49.08,7.884125908337361,51.74
tza,Tanzania,2011,2779.70776,45.94,7.930101078856788,49.08
tza,Tanzania,2012,2822.48535,44.92,7.945373105576334,45.94
tza,Tanzania,2013,2924.86328,44.68,7.98100301669318,44.92
tza,Tanzania,2014,3027.56909,44.68,8.015515295976105,44.68
tza,Tanzania,2015,3111.44458,44.97,8.042842392505639,44.68
tza,Tanzania,2016,3214.24683,44.91,8.075348341730692,44.97
tza,Tanzania,2017,3319.37671,44.54,8.107532306333752,44.91
tza,Tanzania,2018,3392.68872,45.4,8.129378018754295,44.54
tza,Tanzania,2019,3484.63257,43.41,8.156117885785507,45.4
tza,Tanzania,2020,3449.82153,44.78,8.146077778252558,43.41
tza,Tanzania,2021,3493.08301,43.66,8.158540009196658,44.78
tza,Tanzania,2022,3546.98096,43.36,8.173852086842665,43.66
uga,Uganda,1960,1301.50478,45.1,7.171276397113239,
uga,Uganda,1961,1247.1361,47.99,7.128605081665146,45.1
uga,Uganda,1962,1258.73025,46.58,7.137858753740862,47.99
uga,Uganda,1963,1350.2469,42.42,7.20804274359923,46.58
uga,Uganda,1964,1401.15556,40.99,7.245052575148098,42.42
uga,Uganda,1965,1383.60089,41.02,7.232444720312301,40.99
uga,Uganda,1966,1420.16147,39.75,7.258525855398276,41.02
uga,Uganda,1967,1450.97754,38.47,7.2799927737843735,39.75
uga,Uganda,1968,1433.79972,38.51,7.268083346133497,38.47
uga,Uganda,1969,1525.15949,36.01,7.329854267179585,38.51
uga,Uganda,1970,1487.4187,37.32,7.304797480463936,36.01
uga,Uganda,1971,1477.96439,37.35,7.2984210078484795,37.32
uga,Uganda,1972,1437.79667,37.38,7.270867130508697,37.35
uga,Uganda,1973,1391.99172,38.7,7.238490892600812,37.38
uga,Uganda,1974,1349.11754,40.03,7.207205983620355,38.7
uga,Uganda,1975,1282.31837,42.76,7.156424945183248,40.03
uga,Uganda,1976,1242.83278,44.17,7.125148553096383,42.76
uga,Uganda,1977,1217.70233,44.19,7.104721025954508,44.17
uga,Uganda,1978,1119.81154,48.35,7.020915682273373,44.19
uga,Uganda,1979,953.72764,56.74,6.860378138025024,48.35
uga,Uganda,1980,889.72117,59.47,6.790908121505121,56.74
uga,Uganda,1981,939.69395,60.16,6.845554237143328,59.47
uga,Uganda,1982,1017.26896,58.47,6.924876825194219,60.16
uga,Uganda,1983,1063.69815,58.46,6.969506936043923,58.47
uga,Uganda,1984,993.71785,60.0,6.90145331324394,58.46
uga,Uganda,1985,964.5588,61.46,6.871670794717712,60.0
uga,Uganda,1986,945.99418,61.81,6.8522364168130805,61.46
uga,Uganda,1987,966.42439,60.84,6.8736030648587665,61.81
uga,Uganda,1988,1023.95443,59.45,6.931427302656087,60.84
uga,Uganda,1989,1076.63225,58.5,6.981593161093398,59.45
uga,Uganda,1990,1124.70915,60.2,7.025279747879684,58.5
uga,Uganda,1991,1134.25922,62.57,7.033735047230453,60.2
uga,Uganda,1992,1138.53665,64.02,7.037499076465678,62.57
uga,Uganda,1993,1183.56146,64.78,7.07628335831967,64.02
uga,Uganda,1994,1218.30034,63.79,7.105212002437725,64.78
uga,Uganda,1995,1313.40901,62.22,7.180381333791208,63.79
uga,Uganda,1996,1385.55899,61.81,7.233858940083788,62.22
uga,Uganda,1997,1411.69329,64.23,7.252545177744339,61.81
uga,Uganda,1998,1438.47157,64.84,7.271336419153616,64.23
uga,Uganda,1999,1502.26228,66.41,7.314727437585686,64.84
uga,Uganda,2000,1501.54961,67.61,7.314252927170607,66.41
uga,Uganda,2001,1536.69035,67.14,7.337386259351324,67.61
uga,Uganda,2002,1613.87079,65.83,7.386390789863179,67.14
uga,Uganda,2003,1662.0518,63.61,7.415808142198055,65.83
uga,Uganda,2004,1718.80882,61.61,7.449386783374758,63.61
uga,Uganda,2005,1776.84593,58.17,7.482595122088529,61.61
uga,Uganda,2006,1904.85683,54.75,7.552162129880891,58.17
uga,Uganda,2007,2003.15025,51.15,7.602476345333801,54.75
uga,Uganda,2008,2113.76498,48.7,7.656225987118488,51.15
uga,Uganda,2009,2190.48073,46.79,7.6918763101369665,48.7
uga,Uganda,2010,2244.60595,43.48,7.716285261385022,46.79
uga,Uganda,2011,2384.46533,39.81,7.776730197896782,43.48
uga,Uganda,2012,2405.09456,37.94,7.785344499854244,39.81
uga,Uganda,2013,2420.88808,38.7,7.791889727038412,37.94
uga,Uganda,2014,2470.50381,38.93,7.812177380482551,38.7
uga,Uganda,2015,2520.0201,40.73,7.832022156664135,38.93
uga,Uganda,2016,2554.22769,42.25,7.845505182971217,40.73
uga,Uganda,2017,2543.84754,42.1,7.841432993418901,42.25
uga,Uganda,2018,2613.87976,41.66,7.868590894656427,42.1
uga,Uganda,2019,2689.41009,41.77,7.897077151148925,41.66
uga,Uganda,2020,2678.00907,41.85,7.892828913101245,41.77
uga,Uganda,2021,2684.92036,41.45,7.895406345422992,41.85
uga,Uganda,2022,2724.9061,40.24,7.910189247788033,41.45
ukr,Ukraine,1960,7528.99903,22.67,8.926517381014943,
ukr,Ukraine,1961,8225.86334,18.87,9.01503853547464,22.67
ukr,Ukraine,1962,8611.50279,16.72,9.060854122261118,18.87
ukr,Ukraine,1963,8769.40124,15.68,9.07902380937527,16.72
ukr,Ukraine,1964,8505.89786,17.65,9.048515067747125,15.68
ukr,Ukraine,1965,9546.51114,13.92,9.163931041072653,17.65
ukr,Ukraine,1966,10039.5019,12.26,9.214282780461241,13.92
ukr,Ukraine,1967,10484.63964,10.71,9.257666573646677,12.26
ukr,Ukraine,1968,10910.13253,9.93,9.29744722632437,10.71
ukr,Ukraine,1969,11516.36135,8.52,9.351524029322452,9.93
ukr,Ukraine,1970,11646.40183,8.48,9.362752555494081,8.52
ukr,Ukraine,1971,12510.64915,6.71,9.434335492602301,8.48
ukr,Ukraine,1972,12802.62722,6.67,9.45740568040899,6.71
ukr,Ukraine,1973,12831.07429,6.63,9.459625186762132,6.67
ukr,Ukraine,1974,14014.64868,5.16,9.54785839585694,6.63
ukr,Ukraine,1975,14284.20645,4.76,9.56690976184428,5.16
ukr,Ukraine,1976,14558.94889,4.36,9.585961127523857,4.76
ukr,Ukraine,1977,14838.97572,4.33,9.60501249277593,4.36
ukr,Ukraine,1978,15124.38859,3.97,9.624063858280325,4.33
ukr,Ukraine,1979,15415.2911,3.94,9.643115224345644,3.97
ukr,Ukraine,1980,15711.78882,3.61,9.66216658982164,3.94
ukr,Ukraine,1981,16268.12074,3.44,9.696962688932201,3.61
ukr,Ukraine,1982,16853.32035,3.26,9.732302969780497,3.44
ukr,Ukraine,1983,17665.8062,2.99,9.779386197019612,3.26
ukr,Ukraine,1984,18172.22202,2.86,9.807649444502216,2.99
ukr,Ukraine,1985,18150.20469,2.92,9.806437117315355,2.86
ukr,Ukraine,1986,18341.03101,2.9,9.816895960697108,2.92
ukr,Ukraine,1987,18964.24068,2.74,9.850310415356788,2.9
ukr,Ukraine,1988,19231.83298,2.62,9.864322152813031,2.74
ukr,Ukraine,1989,20145.97594,2.45,9.91075984222017,2.62
ukr,Ukraine,1990,19355.35476,2.83,9.870724391957696,2.45
ukr,Ukraine,1991,17858.2672,3.45,9.790221828447025,2.83
ukr,Ukraine,1992,16241.95738,4.28,9.695353134777838,3.45
ukr,Ukraine,1993,14094.18394,2.22,9.55351750474547,4.28
ukr,Ukraine,1994,11046.98797,5.32,9.309913087888248,2.22
ukr,Ukraine,1995,9882.22202,8.05,9.198492666265235,5.32
ukr,Ukraine,1996,9063.82586,8.32,9.11204659025497,8.05
ukr,Ukraine,1997,8955.78465,7.95,9.100054932096814,8.32
ukr,Ukraine,1998,8941.29314,7.5,9.098435504239697,7.95
ukr,Ukraine,1999,9077.54971,12.84,9.113559579450857,7.5
ukr,Ukraine,2000,9778.67964,4.96,9.187959747779745,12.84
ukr,Ukraine,2001,10828.82636,3.85,9.289966964778241,4.96
ukr,Ukraine,2002,11593.84214,2.86,9.35822938614371,3.85
ukr,Ukraine,2003,12881.9868,1.35,9.463585242420704,2.86
ukr,Ukraine,2004,14596.33258,1.04,9.588525582991458,1.35
ukr,Ukraine,2005,15258.93136,0.46,9.632920273552763,1.04
ukr,Ukraine,2006,16612.22621,0.23,9.717894221922558,0.46
ukr,Ukraine,2007,18151.64989,0.15,9.80651673859187,0.23
ukr,Ukraine,2008,18740.32581,0.03,9.838432941447044,0.15
ukr,Ukraine,2009,16035.32827,0.09,9.682549584010003,0.03
ukr,Ukraine,2010,16811.79492,0.02,9.729835997620913,0.09
ukr,Ukraine,2011,17783.95703,0.01,9.78605203942429,0.02
ukr,Ukraine,2012,17848.74023,0.07,9.789688209367087,0.01
ukr,Ukraine,2013,17889.0918,0.01,9.791946409423193,0.07
ukr,Ukraine,2014,16978.8125,0.01,9.739721522201853,0.01
ukr,Ukraine,2015,15403.70996,0.11,9.642363665881918,0.01
ukr,Ukraine,2016,15856.8125,0.08,9.671354497688808,0.11
ukr,Ukraine,2017,16310.36035,0.03,9.699555789178476,0.08
ukr,Ukraine,2018,16978.98438,0.1,9.739731645355638,0.03
ukr,Ukraine,2019,17636.55469,0.03,9.777728998126562,0.1
ukr,Ukraine,2020,17092.53906,0.03,9.74639733499815,0.03
ukr,Ukraine,2021,17846.4082,0.02,9.789557545671551,0.03
ukr,Ukraine,2022,13787.12109,0.03,9.531490181044498,0.02
ury,Uruguay,1960,9324.83104,5.1,9.140436125313013,
ury,Uruguay,1961,9375.85261,5.11,9.145892791770027,5.1
ury,Uruguay,1962,9080.24305,5.59,9.113856238858238,5.11
ury,Uruguay,1963,8917.81167,5.61,9.095805867000765,5.59
ury,Uruguay,1964,8954.71117,5.62,9.099935060484986,5.61
ury,Uruguay,1965,8851.8119,5.64,9.088377451510013,5.62
ury,Uruguay,1966,9046.84834,5.19,9.110171726317198,5.64
ury,Uruguay,1967,8594.62228,6.16,9.058891970370762,5.19
ury,Uruguay,1968,8591.47585,6.17,9.058525810465081,6.16
ury,Uruguay,1969,9022.72905,5.22,9.107502122728377,6.17
ury,Uruguay,1970,9288.42222,4.83,9.136523981000845,5.22
ury,Uruguay,1971,9174.27167,4.83,9.124158287755503,4.83
ury,Uruguay,1972,8880.64976,5.27,9.091630004480507,4.83
ury,Uruguay,1973,9003.46459,4.85,9.105364736686848,5.27
ury,Uruguay,1974,9264.5304,4.46,9.133948452059846,4.85
ury,Uruguay,1975,9697.81501,3.74,9.179655882416341,4.46
ury,Uruguay,1976,9988.50015,3.42,9.209189725236056,3.74
ury,Uruguay,1977,10025.85335,3.42,9.212922370746595,3.42
ury,Uruguay,1978,10497.55352,2.83,9.258897510902104,3.42
ury,Uruguay,1979,10997.87457,2.32,9.305457312201852,2.83
ury,Uruguay,1980,11547.5303,1.91,9.354226866245895,2.32
ury,Uruguay,1981,12246.69857,2.01,9.413011675160217,1.91
ury,Uruguay,1982,11385.93768,2.95,9.340134336107676,2.01
ury,Uruguay,1983,10870.5363,4.32,9.293811316524689,2.95
ury,Uruguay,1984,10878.98204,4.53,9.29458795353269,4.32
ury,Uruguay,1985,11098.32835,4.39,9.314549776860144,4.53
ury,Uruguay,1986,12050.55705,3.39,9.396866166066077,4.39
ury,Uruguay,1987,12952.07814,2.66,9.469011528384362,3.39
ury,Uruguay,1988,13218.04973,2.57,9.489338578317163,2.66
ury,Uruguay,1989,13639.97413,2.53,9.520760034768088,2.57
ury,Uruguay,1990,13974.74454,2.57,9.545007018070892,2.53
ury,Uruguay,1991,14382.28714,2.31,9.573752668697457,2.57
ury,Uruguay,1992,15438.09444,1.79,9.644593398863805,2.31
ury,Uruguay,1993,15767.65934,1.86,9.6657162440837,1.79
ury,Uruguay,1994,16828.73988,1.31,9.73084341094141,1.86
ury,Uruguay,1995,16502.46468,1.42,9.71126502327886,1.31
ury,Uruguay,1996,17327.01133,1.18,9.7600219114034,1.42
ury,Uruguay,1997,18602.64219,0.99,9.831058902838494,1.18
ury,Uruguay,1998,19362.41976,0.77,9.871089340623573,0.99
ury,Uruguay,1999,18971.35515,0.83,9.850685496856247,0.77
ury,Uruguay,2000,18556.85792,0.9,9.828594698905048,0.83
ury,Uruguay,2001,17808.48984,1.06,9.787430579875567,0.9
ury,Uruguay,2002,16412.79634,1.44,9.70581657419824,1.06
ury,Uruguay,2003,16546.88123,1.4,9.713952917729939,1.44
ury,Uruguay,2004,17380.4423,1.17,9.763100847287282,1.4
ury,Uruguay,2005,18678.61672,1.0,9.83513465764903,1.17
ury,Uruguay,2006,19446.19417,0.78,9.875406657406659,1.0
ury,Uruguay,2007,20707.35148,0.65,9.938244060166124,0.78
ury,Uruguay,2008,22177.22099,0.37,10.006820959546806,0.65
ury,Uruguay,2009,23093.63076,0.38,10.047312133815524,0.37
ury,Uruguay,2010,24879.83502,0.27,10.121812915802192,0.38
ury,Uruguay,2011,26099.32153,0.22,10.169664597953751,0.27
ury,Uruguay,2012,26953.28111,0.24,10.201860316978399,0.22
ury,Uruguay,2013,28119.48333,0.25,10.244217972000467,0.24
ury,Uruguay,2014,28935.09744,0.17,10.272810581550221,0.25
ury,Uruguay,2015,28941.62941,0.18,10.273036301641293,0.17
ury,Uruguay,2016,29332.56726,0.12,10.286453688314838,0.18
ury,Uruguay,2017,29762.43332,0.1,10.301002250389416,0.12
ury,Uruguay,2018,29757.93885,0.09,10.300851227475928,0.1
ury,Uruguay,2019,30010.57426,0.12,10.309305073872789,0.09
ury,Uruguay,2020,27788.1855,0.23,10.23236622733389,0.12
ury,Uruguay,2021,29431.88501,0.13,10.289833889804974,0.23
ury,Uruguay,2022,30804.70328,0.2,10.335422661199717,0.13
usa,USA,1960,20645.98778,0.66,9.935276283143155,
usa,USA,1961,20633.36766,0.66,9.934664833654244,0.66
usa,USA,1962,21382.52673,0.65,9.970329359541845,0.66
usa,USA,1963,21821.56328,0.64,9.990653901183697,0.65
usa,USA,1964,22590.54751,0.62,10.025286845998798,0.64
usa,USA,1965,23560.2622,0.61,10.067316766735853,0.62
usa,USA,1966,24628.22495,0.58,10.111648419902007,0.61
usa,USA,1967,24801.63958,0.58,10.118665042064539,0.58
usa,USA,1968,25541.81495,0.57,10.148072190100043,0.58
usa,USA,1969,25887.62462,0.56,10.161520319598578,0.57
usa,USA,1970,25441.13232,0.57,10.144122525897505,0.56
usa,USA,1971,25769.41801,0.56,10.15694371937897,0.57
usa,USA,1972,26661.84381,0.55,10.190988751506287,0.56
usa,USA,1973,27702.71939,0.54,10.22928586028097,0.55
usa,USA,1974,27136.0872,0.54,10.208619752029863,0.54
usa,USA,1975,26614.05676,0.56,10.18919480481352,0.54
usa,USA,1976,27560.67791,0.54,10.224145322430303,0.56
usa,USA,1977,28333.16881,0.53,10.251788440081603,0.54
usa,USA,1978,29407.12132,0.52,10.288992145764524,0.53
usa,USA,1979,29838.62068,0.52,10.303558829388752,0.52
usa,USA,1980,29271.43071,0.52,10.284367258231704,0.52
usa,USA,1981,31094.28984,0.53,10.344779474878733,0.52
usa,USA,1982,31146.12718,0.68,10.346445188396334,0.53
usa,USA,1983,32825.23591,0.61,10.3989528860454,0.68
usa,USA,1984,35518.00037,0.55,10.477794899631794,0.61
usa,USA,1985,37215.93938,0.56,10.524492426447761,0.55
usa,USA,1986,38510.85727,0.56,10.55869548753236,0.56
usa,USA,1987,40010.17292,0.52,10.596889023761461,0.56
usa,USA,1988,42168.41627,0.45,10.64942679018998,0.52
usa,USA,1989,44343.8624,0.44,10.699729588082016,0.45
usa,USA,1990,45755.4382,0.47,10.731065931399018,0.44
usa,USA,1991,45034.50608,0.5,10.715184276687955,0.47
usa,USA,1992,45911.95369,0.55,10.734480791118932,0.5
usa,USA,1993,46485.39846,0.57,10.746893530650574,0.55
usa,USA,1994,47696.23296,0.62,10.77260770017295,0.57
usa,USA,1995,48326.18131,0.59,10.785728748888982,0.62
usa,USA,1996,49495.08573,0.63,10.809628665446558,0.59
usa,USA,1997,51002.72006,0.19,10.839634244794032,0.63
usa,USA,1998,52586.78912,0.28,10.870220209766048,0.19
usa,USA,1999,54383.0483,0.17,10.903807772150532,0.28
usa,USA,2000,55889.51752,0.21,10.931132119555164,0.17
usa,USA,2001,55783.75337,0.35,10.929237947730885,0.21
usa,USA,2002,56127.43794,0.32,10.935380061784908,0.35
usa,USA,2003,57114.90269,0.48,10.952820354411015,0.32
usa,USA,2004,58672.14582,0.25,10.97972037565026,0.48
usa,USA,2005,60060.46474,0.49,11.003107079436122,0.25
usa,USA,2006,61043.40958,0.24,11.01934052252415,0.49
usa,USA,2007,61578.56309,0.23,11.028069087169223,0.24
usa,USA,2008,60971.05175,0.3,11.018154469040104,0.23
usa,USA,2009,58796.53195,0.43,10.981838151705126,0.3
usa,USA,2010,59789.41291,0.32,10.998583882626207,0.43
usa,USA,2011,60245.4844,0.28,11.006182900826339,0.32
usa,USA,2012,61134.53061,0.29,11.020832134622914,0.28
usa,USA,2013,61958.72344,0.28,11.034223691348902,0.29
usa,USA,2014,63018.80339,0.51,11.051188427349338,0.28
usa,USA,2015,64359.47259,0.4,11.072239406386602,0.51
usa,USA,2016,65017.65496,0.36,11.082414126766391,0.4
usa,USA,2017,66155.55557,0.48,11.099764150445933,0.36
usa,USA,2018,67719.76564,0.3,11.123133375520469,0.48
usa,USA,2019,69112.60269,0.47,11.143492376483392,0.3
usa,USA,2020,67342.07093,0.33,11.117540445583444,0.47
usa,USA,2021,71307.40173,0.3,11.174755412094333,0.33
usa,USA,2022,72679.25754,0.54,11.193811306992878,0.3
uzb,Uzbekistan,1960,5291.25402,55.28,8.573810551579706,
uzb,Uzbekistan,1961,5481.21858,53.85,8.609082723834964,55.28
uzb,Uzbekistan,1962,5525.02402,53.84,8.617042873887815,53.85
uzb,Uzbekistan,1963,5304.65422,55.23,8.576339868904924,53.84
uzb,Uzbekistan,1964,5888.49111,49.55,8.680755065558124,55.23
uzb,Uzbekistan,1965,6126.98608,48.06,8.720458240811862,49.55
uzb,Uzbekistan,1966,6325.73436,46.52,8.75238141120396,48.06
uzb,Uzbekistan,1967,6509.57384,45.03,8.781029270694269,46.52
uzb,Uzbekistan,1968,6792.78316,42.09,8.823616027586567,45.03
uzb,Uzbekistan,1969,6790.31533,42.1,8.823252659827883,42.09
uzb,Uzbekistan,1970,7206.11803,39.19,8.882685670579948,42.1
uzb,Uzbekistan,1971,7242.4857,39.2,8.887719755185222,39.19
uzb,Uzbekistan,1972,7127.86785,39.25,8.871767429416495,39.2
uzb,Uzbekistan,1973,7561.12205,36.42,8.930774877472691,39.25
uzb,Uzbekistan,1974,7387.14724,37.82,8.907496909643616,36.42
uzb,Uzbekistan,1975,7217.17543,39.26,8.884218940661004,37.82
uzb,Uzbekistan,1976,7051.11453,40.72,8.86094097267321,39.26
uzb,Uzbekistan,1977,6888.87454,42.17,8.837663003785615,40.72
uzb,Uzbekistan,1978,6730.36755,43.62,8.814385034817635,42.17
uzb,Uzbekistan,1979,6575.50767,43.63,8.79110706623256,43.62
uzb,Uzbekistan,1980,6424.21098,45.07,8.767829097553049,43.63
uzb,Uzbekistan,1981,6417.37078,45.8,8.766763776975763,45.07
uzb,Uzbekistan,1982,6404.01516,45.46,8.76468044138426,45.8
uzb,Uzbekistan,1983,6399.3652,45.06,8.763954076928357,45.46
uzb,Uzbekistan,1984,5931.21035,47.44,8.687983577404387,45.06
uzb,Uzbekistan,1985,5860.11733,47.47,8.675924904554918,47.44
uzb,Uzbekistan,1986,5572.73909,48.89,8.625641969678334,47.47
uzb,Uzbekistan,1987,5333.2376,50.09,8.581713762392706,48.89
uzb,Uzbekistan,1988,5607.64516,47.86,8.631886152818112,50.09
uzb,Uzbekistan,1989,5540.35399,47.71,8.61981367481191,47.86
uzb,Uzbekistan,1990,5245.94666,47.86,8.565210992628272,47.71
uzb,Uzbekistan,1991,5017.68614,48.78,8.520724178138826,47.86
uzb,Uzbekistan,1992,4283.38566,53.73,8.36249901792305,48.78
uzb,Uzbekistan,1993,4030.39327,55.4,8.301619235787504,53.73
uzb,Uzbekistan,1994,3688.64876,57.84,8.213015480268854,55.4
uzb,Uzbekistan,1995,3535.14321,58.78,8.170509089532715,57.84
uzb,Uzbekistan,1996,3482.60448,58.84,8.155535706639677,58.78
uzb,Uzbekistan,1997,3555.793,57.75,8.176333383465876,58.84
uzb,Uzbekistan,1998,3607.09865,56.9,8.190659030127549,57.75
uzb,Uzbekistan,1999,3666.90884,68.96,8.2071043082041,56.9
uzb,Uzbekistan,2000,3717.41589,80.52,8.220784052658042,68.96
uzb,Uzbekistan,2001,3784.66799,80.65,8.238713444719009,80.52
uzb,Uzbekistan,2002,3847.70134,80.2,8.255231194428333,80.65
uzb,Uzbekistan,2003,3923.88189,80.9,8.27483672084388,80.2
uzb,Uzbekistan,2004,4126.5675,65.15,8.325201226587067,80.9
uzb,Uzbekistan,2005,4320.94278,48.61,8.37122889353923,65.15
uzb,Uzbekistan,2006,4545.7087,33.42,8.421938924048783,48.61
uzb,Uzbekistan,2007,4868.67484,20.1,8.49057707227269,33.42
uzb,Uzbekistan,2008,5188.36176,13.23,8.554173273151793,20.1
uzb,Uzbekistan,2009,5477.39831,9.63,8.608385506258495,13.23
uzb,Uzbekistan,2010,5760.80512,7.72,8.658832521699711,9.63
uzb,Uzbekistan,2011,6100.25101,6.3,8.716085198495126,7.72
uzb,Uzbekistan,2012,6435.56467,5.04,8.769594865986187,6.3
uzb,Uzbekistan,2013,6797.77495,4.14,8.824350624382973,5.04
uzb,Uzbekistan,2014,7145.10981,3.64,8.874183459035232,4.14
uzb,Uzbekistan,2015,7529.76364,3.13,8.926618931191065,3.64
uzb,Uzbekistan,2016,7839.9782,2.85,8.966991332728343,3.13
uzb,Uzbekistan,2017,8047.05375,2.74,8.993061309631717,2.85
uzb,Uzbekistan,2018,8348.96058,2.56,9.029892328659319,2.74
uzb,Uzbekistan,2019,8755.12594,2.42,9.077394629539391,2.56
uzb,Uzbekistan,2020,8727.41105,2.52,9.074224047005167,2.42
uzb,Uzbekistan,2021,9247.64383,2.31,9.132124076978466,2.52
uzb,Uzbekistan,2022,9607.56167,2.26,9.17030574136193,2.31
vct,St. Vincent and the Grenadines,1960,3573.03919,46.05,8.181171826337174,
vct,St. Vincent and the Grenadines,1961,3651.43772,44.73,8.202876264910328,46.05
vct,St. Vincent and the Grenadines,1962,3708.51324,43.45,8.218386331346862,44.73
vct,St. Vincent and the Grenadines,1963,3406.65209,47.34,8.133485296215461,43.45
vct,St. Vincent and the Grenadines,1964,3466.56632,46.05,8.15091984988856,47.34
vct,St. Vincent and the Grenadines,1965,3431.73064,46.01,8.140819972679271,46.05
vct,St. Vincent and the Grenadines,1966,3368.67252,46.01,8.122274034763869,46.01
vct,St. Vincent and the Grenadines,1967,2992.03599,50.82,8.003709367765339,46.01
vct,St. Vincent and the Grenadines,1968,3128.87348,49.49,8.048428308207724,50.82
vct,St. Vincent and the Grenadines,1969,3157.93062,48.16,8.057672224973238,49.49
vct,St. Vincent and the Grenadines,1970,3432.41337,44.73,8.141018899159036,48.16
vct,St. Vincent and the Grenadines,1971,3488.25852,43.41,8.15715789925482,44.73
vct,St. Vincent and the Grenadines,1972,4331.6721,33.12,8.373708912735282,43.41
vct,St. Vincent and the Grenadines,1973,3798.03359,38.57,8.24223873546161,33.12
vct,St. Vincent and the Grenadines,1974,3416.11586,43.41,8.136259471195123,38.57
vct,St. Vincent and the Grenadines,1975,3113.2276,46.82,8.043415280521973,43.41
vct,St. Vincent and the Grenadines,1976,3390.6175,43.45,8.128767337178912,46.82
vct,St. Vincent and the Grenadines,1977,3440.72203,42.14,8.143436620784968,43.45
vct,St. Vincent and the Grenadines,1978,3727.62555,38.56,8.22352672816422,42.14
vct,St. Vincent and the Grenadines,1979,3804.94968,37.3,8.244058045504003,38.56
vct,St. Vincent and the Grenadines,1980,3849.43271,36.01,8.255681068373091,37.3
vct,St. Vincent and the Grenadines,1981,4194.95649,34.84,8.341638246976244,36.01
vct,St. Vincent and the Grenadines,1982,4496.33397,33.07,8.411017670398417,34.84
vct,St. Vincent and the Grenadines,1983,4660.80501,31.87,8.446943461127352,33.07
vct,St. Vincent and the Grenadines,1984,5037.28553,29.02,8.524622630658785,31.87
vct,St. Vincent and the Grenadines,1985,5413.89313,28.0,8.596723730415325,29.02
vct,St. Vincent and the Grenadines,1986,5750.56725,25.53,8.657053781099503,28.0
vct,St. Vincent and the Grenadines,1987,5831.47771,25.53,8.671025713779635,25.53
vct,St. Vincent and the Grenadines,1988,6771.06986,21.11,8.820414382963065,25.53
vct,St. Vincent and the Grenadines,1989,7019.76909,20.11,8.856485603316472,21.11
vct,St. Vincent and the Grenadines,1990,7461.77774,18.82,8.91754896775723,20.11
vct,St. Vincent and the Grenadines,1991,7521.13832,19.1,8.925472777828674,18.82
vct,St. Vincent and the Grenadines,1992,7982.5072,17.73,8.985007826561596,19.1
vct,St. Vincent and the Grenadines,1993,8308.00219,17.38,9.024974448597316,17.73
vct,St. Vincent and the Grenadines,1994,8193.60858,17.36,9.011109687866496,17.38
vct,St. Vincent and the Grenadines,1995,8822.01726,14.57,9.085005837135427,17.36
vct,St. Vincent and the Grenadines,1996,8931.65568,13.9,9.097357063179846,14.57
vct,St. Vincent and the Grenadines,1997,9244.08829,12.35,9.131739522408807,13.9
vct,St. Vincent and the Grenadines,1998,9619.96769,7.1,9.171596185026253,12.35
vct,St. Vincent and the Grenadines,1999,9866.87339,6.73,9.196938303113749,7.1
vct,St. Vincent and the Grenadines,2000,10013.41602,6.73,9.211681074832326,6.73
vct,St. Vincent and the Grenadines,2001,10188.54185,6.38,9.229019019804818,6.73
vct,St. Vincent and the Grenadines,2002,10753.63244,5.51,9.282998877875338,6.38
vct,St. Vincent and the Grenadines,2003,11497.85129,4.67,9.349915452545936,5.51
vct,St. Vincent and the Grenadines,2004,11995.96585,3.78,9.392325693082586,4.67
vct,St. Vincent and the Grenadines,2005,12329.99452,3.51,9.419790151713848,3.78
vct,St. Vincent and the Grenadines,2006,13243.91913,2.68,9.491293792487214,3.51
vct,St. Vincent and the Grenadines,2007,13738.57139,2.42,9.527962585843685,2.68
vct,St. Vincent and the Grenadines,2008,13857.86634,2.36,9.5366083171704,2.42
vct,St. Vincent and the Grenadines,2009,13725.31295,2.42,9.526997067574976,2.36
vct,St. Vincent and the Grenadines,2010,13175.72302,2.69,9.48613125008218,2.42
vct,St. Vincent and the Grenadines,2011,13168.89643,2.69,9.485612996997085,2.69
vct,St. Vincent and the Grenadines,2012,13397.9633,2.66,9.502857981849653,2.69
vct,St. Vincent and the Grenadines,2013,13804.1838,2.36,9.532726999110416,2.66
vct,St. Vincent and the Grenadines,2014,14054.7557,2.12,9.550716101474876,2.36
vct,St. Vincent and the Grenadines,2015,14523.5812,1.96,9.583528897086817,2.12
vct,St. Vincent and the Grenadines,2016,15212.61976,1.52,9.62988060973809,1.96
vct,St. Vincent and the Grenadines,2017,15533.22128,1.5,9.650736317685704,1.52
vct,St. Vincent and the Grenadines,2018,16139.06611,1.23,9.688998078315926,1.5
vct,St. Vincent and the Grenadines,2019,16365.32558,1.22,9.702920081635028,1.23
vct,St. Vincent and the Grenadines,2020,15763.70544,1.37,9.665465452527528,1.22
vct,St. Vincent and the Grenadines,2021,16200.89946,1.37,9.692822041901396,1.37
vct,St. Vincent and the Grenadines,2022,16835.02351,0.95,9.731216728089596,1.37
ven,Venezuela,1960,11699.27058,12.16,9.367281775252662,
ven,Venezuela,1961,11605.75839,11.71,9.359256666853353,12.16
ven,Venezuela,1962,12018.89252,11.19,9.394235067405107,11.71
ven,Venezuela,1963,12171.73308,10.69,9.406871581759,11.19
ven,Venezuela,1964,12816.20371,9.11,9.458465564156848,10.69
ven,Venezuela,1965,12859.46489,8.63,9.461835386505966,9.11
ven,Venezuela,1966,12361.02346,9.21,9.422303531790723,8.63
ven,Venezuela,1967,12241.02814,9.25,9.412548550904665,9.21
ven,Venezuela,1968,12460.64663,8.77,9.430330687463568,9.25
ven,Venezuela,1969,12426.24432,8.3,9.427565992429379,8.77
ven,Venezuela,1970,12958.24365,7.34,9.469487439889155,8.3
ven,Venezuela,1971,12718.36533,7.37,9.450802316843312,7.34
ven,Venezuela,1972,12517.24144,7.41,9.434862288108999,7.37
ven,Venezuela,1973,12692.6364,6.96,9.448777293267646,7.41
ven,Venezuela,1974,12857.39713,6.52,9.46167457683931,6.96
ven,Venezuela,1975,13038.22189,6.1,9.475640468054195,6.52
ven,Venezuela,1976,13523.97552,5.25,9.512219353710789,6.1
ven,Venezuela,1977,13779.18179,4.87,9.530914166171986,5.25
ven,Venezuela,1978,13453.16818,5.31,9.506969909708227,4.87
ven,Venezuela,1979,13035.79895,5.33,9.475454617162853,5.31
ven,Venezuela,1980,12230.0845,6.25,9.411654137896925,5.33
ven,Venezuela,1981,12228.38005,6.99,9.411514762835234,6.25
ven,Venezuela,1982,12381.5545,6.84,9.423963103784018,6.99
ven,Venezuela,1983,11175.87497,9.33,9.321512713508435,6.84
ven,Venezuela,1984,11285.12946,8.77,9.331241161051143,9.33
ven,Venezuela,1985,11154.71456,9.0,9.319617518013915,8.77
ven,Venezuela,1986,11678.48111,7.96,9.365503205973976,9.0
ven,Venezuela,1987,11964.23105,7.25,9.389676731666338,7.96
ven,Venezuela,1988,12585.49665,4.63,9.440300370437946,7.25
ven,Venezuela,1989,10961.25781,3.39,9.30212231760329,4.63
ven,Venezuela,1990,11518.3604,4.02,9.351697597731631,3.39
ven,Venezuela,1991,12554.65406,3.47,9.437846717249503,4.02
ven,Venezuela,1992,13146.05685,3.58,9.483877133323528,3.47
ven,Venezuela,1993,13031.10807,5.7,9.475094706411108,3.58
ven,Venezuela,1994,12571.92456,7.91,9.43922139726312,5.7
ven,Venezuela,1995,12915.11097,9.2,9.466153297827521,7.91
ven,Venezuela,1996,12726.7936,9.71,9.451464782370168,9.2
ven,Venezuela,1997,13368.22675,9.07,9.500636032279788,9.71
ven,Venezuela,1998,13189.25629,9.18,9.487157859739593,9.07
ven,Venezuela,1999,12230.36134,10.58,9.411676773624974,9.18
ven,Venezuela,2000,12454.43236,10.18,9.429831851386721,10.58
ven,Venezuela,2001,12833.99055,9.04,9.459852441984804,10.18
ven,Venezuela,2002,11593.79182,14.04,9.358225045899243,9.04
ven,Venezuela,2003,10648.08192,16.99,9.273135053508915,14.04
ven,Venezuela,2004,12628.01445,13.38,9.443672993959774,16.99
ven,Venezuela,2005,14034.5749,11.17,9.549279199772972,13.38
ven,Venezuela,2006,15544.30445,5.02,9.65144957720103,11.17
ven,Venezuela,2007,16992.37514,4.38,9.740520001246173,5.02
ven,Venezuela,2008,17866.42605,4.07,9.790678590949351,4.38
ven,Venezuela,2009,17067.05407,4.53,9.744905221515925,4.07
ven,Venezuela,2010,16695.002,4.75,9.722864672174094,4.53
ven,Venezuela,2011,17493.729,4.5,9.769597752834319,4.75
ven,Venezuela,2012,18551.879,4.16,9.828326356706249,4.5
ven,Venezuela,2013,18850.906,4.16,9.844316255381614,4.16
ven,Venezuela,2014,18176.005,4.64,9.807857596608867,4.16
ven,Venezuela,2015,16970.969,5.3,9.739259457364144,4.64
ven,Venezuela,2016,14169.523,7.78,9.558848669450517,5.3
ven,Venezuela,2017,12271.362,10.75,9.415023533989629,7.78
ven,Venezuela,2018,10622.181,14.68,9.270699640942604,10.75
ven,Venezuela,2019,8116.199,23.48,9.001617220112825,14.68
ven,Venezuela,2020,5729.397,39.33,8.653365568569036,23.48
ven,Venezuela,2021,6128.168,37.95,8.720651126188242,39.33
ven,Venezuela,2022,7266.547,32.65,8.891036492083565,37.95
vnm,Vietnam,1960,1493.40569,66.88,7.308814488692106,
vnm,Vietnam,1961,1506.99468,65.33,7.317872668427829,66.88
vnm,Vietnam,1962,1632.57644,60.43,7.397914683944122,65.33
vnm,Vietnam,1963,1616.22158,60.41,7.3878463460180885,60.43
vnm,Vietnam,1964,1629.7036,60.4,7.396153436775024,60.41
vnm,Vietnam,1965,1586.21076,62.07,7.369103281133966,60.4
vnm,Vietnam,1966,1543.2143,62.06,7.341622728007891,62.07
vnm,Vietnam,1967,1304.7214,71.09,7.17374481037525,62.06
vnm,Vietnam,1968,1239.49882,73.67,7.122462399478019,71.09
vnm,Vietnam,1969,1302.19279,71.07,7.17180488400353,73.67
vnm,Vietnam,1970,1287.14264,71.06,7.160180032845613,71.07
vnm,Vietnam,1971,1304.27729,71.06,7.173404365586227,71.06
vnm,Vietnam,1972,1336.83039,68.24,7.198056710415962,71.06
vnm,Vietnam,1973,1332.95328,68.24,7.1951522708022955,68.24
vnm,Vietnam,1974,1278.62906,71.04,7.153543736058082,68.24
vnm,Vietnam,1975,1212.7897,72.35,7.10067852210798,71.04
vnm,Vietnam,1976,1339.92106,68.21,7.200365980761907,72.35
vnm,Vietnam,1977,1414.31032,63.58,7.2543972848958225,68.21
vnm,Vietnam,1978,1394.08439,65.17,7.239993127508203,63.58
vnm,Vietnam,1979,1411.55387,63.56,7.2524464120378935,65.17
vnm,Vietnam,1980,1331.47218,66.59,7.194040511306833,63.56
vnm,Vietnam,1981,1434.51747,65.83,7.268583813806656,66.59
vnm,Vietnam,1982,1570.20222,63.04,7.358959692595788,65.83
vnm,Vietnam,1983,1673.37049,60.6,7.422595128950417,63.04
vnm,Vietnam,1984,1818.36561,58.14,7.505693360128963,60.6
vnm,Vietnam,1985,1920.05437,57.08,7.5601087823292215,58.14
vnm,Vietnam,1986,1965.5711,57.08,7.5835381182091774,57.08
vnm,Vietnam,1987,2009.99458,57.35,7.6058873045320725,57.08
vnm,Vietnam,1988,2126.58157,55.36,7.662271072763557,57.35
vnm,Vietnam,1989,2285.76555,53.59,7.734456280040098,55.36
vnm,Vietnam,1990,2382.67426,51.88,7.775978774511559,53.59
vnm,Vietnam,1991,2473.71912,49.82,7.813478013766603,51.88
vnm,Vietnam,1992,2636.93845,47.48,7.877373845163174,49.82
vnm,Vietnam,1993,2798.61125,43.63,7.936878590980609,47.48
vnm,Vietnam,1994,2994.5848,39.32,8.004560869887625,43.63
vnm,Vietnam,1995,3229.972,35.56,8.080228747448478,39.32
vnm,Vietnam,1996,3482.02953,31.33,8.155370601050357,35.56
vnm,Vietnam,1997,3716.6873,27.62,8.220588039774253,31.33
vnm,Vietnam,1998,3881.05332,24.68,8.263861870001662,27.62
vnm,Vietnam,1999,4019.81159,27.03,8.298990312355516,24.68
vnm,Vietnam,2000,4250.45395,28.04,8.354781067979198,27.03
vnm,Vietnam,2001,4477.15881,29.44,8.406743930026398,28.04
vnm,Vietnam,2002,4722.82509,30.65,8.46016243554531,29.44
vnm,Vietnam,2003,5008.5529,25.41,8.518902310040565,30.65
vnm,Vietnam,2004,5344.44392,21.12,8.58381278062873,25.41
vnm,Vietnam,2005,5705.39302,17.99,8.649167150370314,21.12
vnm,Vietnam,2006,6037.17638,15.21,8.705691694867893,17.99
vnm,Vietnam,2007,6370.74245,13.02,8.759471295934427,15.21
vnm,Vietnam,2008,6626.55947,11.44,8.798841014852258,13.02
vnm,Vietnam,2009,6897.38392,6.16,8.838897476663854,11.44
vnm,Vietnam,2010,7274.73311,3.21,8.892162405456096,6.16
vnm,Vietnam,2011,7652.61896,2.61,8.942803215945393,3.21
vnm,Vietnam,2012,7979.86829,2.07,8.984677185295114,2.61
vnm,Vietnam,2013,8324.19871,2.11,9.026922059165164,2.07
vnm,Vietnam,2014,8751.88281,2.18,9.077024134489848,2.11
vnm,Vietnam,2015,9248.02396,1.79,9.132165181739252,2.18
vnm,Vietnam,2016,9743.18822,1.51,9.184323675723808,1.79
vnm,Vietnam,2017,10290.54871,1.47,9.238981151993368,1.51
vnm,Vietnam,2018,10936.89379,1.43,9.299897104215567,1.47
vnm,Vietnam,2019,11628.61391,0.96,9.361224056122749,1.43
vnm,Vietnam,2020,11851.39657,0.83,9.380200993627478,0.96
vnm,Vietnam,2021,12048.90199,1.03,9.39672881360519,0.83
vnm,Vietnam,2022,12979.7639,1.12,9.471146800570308,1.03
vut,Vanuatu,1960,1820.12267,36.6,7.50665917889839,
vut,Vanuatu,1961,1837.60677,34.96,7.516219335521345,36.6
vut,Vanuatu,1962,1853.70116,34.92,7.524939546510324,34.96
vut,Vanuatu,1963,1870.86202,33.35,7.534154576895131,34.92
vut,Vanuatu,1964,1887.86036,33.33,7.543199382105725,33.35
vut,Vanuatu,1965,1904.6972,31.84,7.552078324795657,33.33
vut,Vanuatu,1966,1921.37355,30.38,7.56079559987693,31.84
vut,Vanuatu,1967,1939.09181,30.39,7.569975003270762,30.38
vut,Vanuatu,1968,1956.64216,28.95,7.578985099373724,30.39
vut,Vanuatu,1969,1974.02565,28.96,7.587830213829979,28.95
vut,Vanuatu,1970,1992.4307,27.52,7.597110629632917,28.96
vut,Vanuatu,1971,2009.47893,27.52,7.605630728638964,27.52
vut,Vanuatu,1972,2027.54153,26.12,7.614579269133671,27.52
vut,Vanuatu,1973,2046.60569,24.75,7.623937938869644,26.12
vut,Vanuatu,1974,2658.13459,14.13,7.885379873807644,24.75
vut,Vanuatu,1975,2449.80238,16.16,7.8037626390609915,14.13
vut,Vanuatu,1976,2413.54947,17.24,7.788853752093715,16.16
vut,Vanuatu,1977,2310.53701,18.37,7.745235248359915,17.24
vut,Vanuatu,1978,2628.3176,13.13,7.874099224661651,18.37
vut,Vanuatu,1979,2644.40609,13.12,7.880201778436653,13.13
vut,Vanuatu,1980,2272.12615,18.17,7.72847130206726,13.12
vut,Vanuatu,1981,2414.30796,17.58,7.789167966014585,18.17
vut,Vanuatu,1982,2554.30745,17.55,7.845536409143816,17.58
vut,Vanuatu,1983,2793.98115,17.82,7.935222793194292,17.55
vut,Vanuatu,1984,3001.15809,15.74,8.006753523159835,17.82
vut,Vanuatu,1985,2982.5758,16.18,8.000542568569486,15.74
vut,Vanuatu,1986,2906.36388,16.57,7.974658053084102,16.18
vut,Vanuatu,1987,2841.98417,18.63,7.952257738620421,16.57
vut,Vanuatu,1988,2796.12373,19.92,7.935989354878164,18.63
vut,Vanuatu,1989,2886.83377,20.28,7.967915599203688,19.92
vut,Vanuatu,1990,3185.58006,17.79,8.066389673872964,20.28
vut,Vanuatu,1991,3198.24615,17.37,8.0703578604131,17.79
vut,Vanuatu,1992,3192.89092,17.26,8.068682029901362,17.37
vut,Vanuatu,1993,3131.50691,17.71,8.049269608573283,17.26
vut,Vanuatu,1994,3328.74451,16.09,8.110350487859039,17.71
vut,Vanuatu,1995,3280.93377,16.73,8.095883346838436,16.09
vut,Vanuatu,1996,3280.33636,16.65,8.09570124490091,16.73
vut,Vanuatu,1997,3366.1647,15.61,8.121529304034977,16.65
vut,Vanuatu,1998,3351.01218,15.94,8.117017722466604,15.61
vut,Vanuatu,1999,3289.13144,16.56,8.098378808905283,15.94
vut,Vanuatu,2000,3400.34487,15.55,8.13163213781328,16.56
vut,Vanuatu,2001,3198.35345,17.7,8.070391409488147,15.55
vut,Vanuatu,2002,2952.50727,19.72,7.990410010388554,17.7
vut,Vanuatu,2003,2998.65223,19.05,8.005918210037569,19.72
vut,Vanuatu,2004,3037.30966,18.96,8.018727422310887,19.05
vut,Vanuatu,2005,3116.25682,17.71,8.044387823363252,18.96
vut,Vanuatu,2006,3293.3842,16.18,8.099670947298655,17.71
vut,Vanuatu,2007,3303.71983,16.12,8.102804333829885,16.18
vut,Vanuatu,2008,3396.27739,15.55,8.130435225485366,16.12
vut,Vanuatu,2009,3404.38083,15.04,8.132818360638767,15.55
vut,Vanuatu,2010,3359.84955,15.64,8.119651475169025,15.04
vut,Vanuatu,2011,3390.96104,14.59,8.128868652823423,15.64
vut,Vanuatu,2012,3350.77089,14.61,8.1169457147643,14.59
vut,Vanuatu,2013,3292.23425,14.65,8.09932171661655,14.61
vut,Vanuatu,2014,3302.29178,13.8,8.102371985203648,14.65
vut,Vanuatu,2015,3357.63888,14.42,8.118993291652123,13.8
vut,Vanuatu,2016,3397.7673,12.81,8.130873818427233,14.42
vut,Vanuatu,2017,3465.91969,11.47,8.150733299205028,12.81
vut,Vanuatu,2018,3482.02272,11.21,8.155368645292487,11.47
vut,Vanuatu,2019,3512.07197,10.19,8.163961447141848,11.21
vut,Vanuatu,2020,3259.99544,11.8,8.089481075586768,10.19
vut,Vanuatu,2021,3135.83665,12.31,8.050651291465678,11.8
vut,Vanuatu,2022,3222.83596,13.05,8.078016983840046,12.31
wsm,Samoa,1960,4213.62906,5.76,8.346079564860796,
wsm,Samoa,1961,4249.38087,5.26,8.354528573659385,5.76
wsm,Samoa,1962,4287.40203,5.28,8.363436241067355,5.26
wsm,Samoa,1963,4323.92089,5.29,8.371917883032067,5.28
wsm,Samoa,1964,4361.44297,4.81,8.380558238011103,5.29
wsm,Samoa,1965,4399.95867,4.82,8.389350426680418,4.81
wsm,Samoa,1966,4438.21874,4.83,8.39800839024548,4.82
wsm,Samoa,1967,4476.22433,4.38,8.406535186585224,4.83
wsm,Samoa,1968,4515.20922,4.39,8.415206803647905,4.38
wsm,Samoa,1969,4555.16399,4.4,8.424016811241385,4.39
wsm,Samoa,1970,4594.85366,3.99,8.43269218662214,4.4
wsm,Samoa,1971,4635.50153,3.99,8.441499677108464,3.99
wsm,Samoa,1972,4675.87968,4.01,8.450172590866547,3.99
wsm,Samoa,1973,4715.98931,3.63,8.458713994903208,4.01
wsm,Samoa,1974,4160.89831,6.0,8.33348626984749,3.63
wsm,Samoa,1975,3955.69801,7.23,8.282912352619467,6.0
wsm,Samoa,1976,4275.70855,5.47,8.360705110327117,7.23
wsm,Samoa,1977,4197.42203,5.49,8.342225813436706,5.47
wsm,Samoa,1978,4416.6249,4.51,8.393131086097771,5.49
wsm,Samoa,1979,4957.04792,3.01,8.50856566511123,4.51
wsm,Samoa,1980,4621.30241,4.09,8.4384318512739,3.01
wsm,Samoa,1981,4178.17032,5.53,8.33762870720231,4.09
wsm,Samoa,1982,4111.75911,6.39,8.321606223220554,5.53
wsm,Samoa,1983,4107.09895,6.67,8.320472206678257,6.39
wsm,Samoa,1984,4136.57955,6.4,8.327624529679454,6.67
wsm,Samoa,1985,4270.3569,5.11,8.359452685867968,6.4
wsm,Samoa,1986,4471.24196,5.36,8.405421492416732,5.11
wsm,Samoa,1987,4454.96732,5.34,8.401775004300001,5.36
wsm,Samoa,1988,4350.27685,5.35,8.377994765735718,5.34
wsm,Samoa,1989,4467.85789,5.44,8.404664353506003,5.35
wsm,Samoa,1990,4225.91653,5.9,8.34899144644284,5.44
wsm,Samoa,1991,4102.98744,6.09,8.319470631262751,5.9
wsm,Samoa,1992,4056.76174,5.98,8.308140333357654,6.09
wsm,Samoa,1993,4174.78371,5.96,8.336817829954954,5.98
wsm,Samoa,1994,4023.82666,5.82,8.299988634311,5.96
wsm,Samoa,1995,4246.30907,5.11,8.353805430476063,5.82
wsm,Samoa,1996,4502.04312,4.77,8.412286599386158,5.11
wsm,Samoa,1997,4483.78373,4.75,8.408222551539133,4.77
wsm,Samoa,1998,4537.20759,4.52,8.420067033521361,4.75
wsm,Samoa,1999,4590.44353,4.31,8.431731928015878,4.52
wsm,Samoa,2000,4786.98319,3.66,8.473655677792443,4.31
wsm,Samoa,2001,5082.10151,3.29,8.533480138100144,3.66
wsm,Samoa,2002,5308.03796,2.81,8.576977546896007,3.29
wsm,Samoa,2003,5535.14333,2.46,8.618872740019748,2.81
wsm,Samoa,2004,5671.08845,2.11,8.64313634478889,2.46
wsm,Samoa,2005,5994.51432,1.84,8.698600050001307,2.11
wsm,Samoa,2006,6080.80838,1.67,8.712892923359025,1.84
wsm,Samoa,2007,6075.11858,1.46,8.711956787359814,1.67
wsm,Samoa,2008,6220.72912,1.31,8.735642400728231,1.46
wsm,Samoa,2009,6119.03683,1.27,8.719159982401772,1.31
wsm,Samoa,2010,6427.31156,1.19,8.768311620935085,1.27
wsm,Samoa,2011,6616.7711,1.35,8.797362780697986,1.19
wsm,Samoa,2012,6311.9607,1.59,8.750201636270585,1.35
wsm,Samoa,2013,6262.32372,1.76,8.74230659649395,1.59
wsm,Samoa,2014,6247.90481,1.73,8.740001456128176,1.76
wsm,Samoa,2015,6432.35979,1.44,8.769096746794359,1.73
wsm,Samoa,2016,6887.30523,1.22,8.837435174295438,1.44
wsm,Samoa,2017,6919.01573,1.24,8.842028802946148,1.22
wsm,Samoa,2018,6805.04517,1.34,8.825419552829885,1.24
wsm,Samoa,2019,7033.52113,1.27,8.858442731387452,1.34
wsm,Samoa,2020,6745.3064,1.45,8.816602193851777,1.27
wsm,Samoa,2021,6214.01693,1.93,8.734562814442361,1.45
wsm,Samoa,2022,5843.77179,2.38,8.673131721800099,1.93
yem,Yemen,1960,1462.189,48.81,7.287689906920236,
yem,Yemen,1961,1445.08457,48.8,7.275923124785513,48.81
yem,Yemen,1962,1429.06153,48.79,7.26477323508547,48.8
yem,Yemen,1963,1417.68944,48.79,7.256783670411355,48.79
yem,Yemen,1964,1400.96212,48.78,7.244914508141357,48.79
yem,Yemen,1965,1387.89244,48.78,7.235541645268639,48.78
yem,Yemen,1966,1379.16263,48.77,7.229231804124708,48.78
yem,Yemen,1967,1372.02366,48.76,7.224042053035098,48.77
yem,Yemen,1968,1361.41228,48.76,7.2162778810995105,48.76
yem,Yemen,1969,1354.03649,47.02,7.210845402887516,48.76
yem,Yemen,1970,1574.55766,38.45,7.361729661020113,47.02
yem,Yemen,1971,1779.38539,30.41,7.484023297144162,38.45
yem,Yemen,1972,1849.58921,27.44,7.522718844767271,30.41
yem,Yemen,1973,1994.766,23.24,7.598282029211492,27.44
yem,Yemen,1974,2027.99815,21.91,7.614804452481861,23.24
yem,Yemen,1975,2097.907,20.62,7.648695460042368,21.91
yem,Yemen,1976,2315.74477,15.97,7.7474866296839995,20.62
yem,Yemen,1977,2457.20947,12.95,7.806781623262486,15.97
yem,Yemen,1978,2549.09437,11.15,7.8434934260525155,12.95
yem,Yemen,1979,2573.0911,11.13,7.852863217795654,11.15
yem,Yemen,1980,2473.5755,11.97,7.813419953751556,11.13
yem,Yemen,1981,2509.93838,11.51,7.828013482023682,11.97
yem,Yemen,1982,2439.56416,11.65,7.799574679381449,11.51
yem,Yemen,1983,2464.88219,11.08,7.809899292231215,11.65
yem,Yemen,1984,2444.96496,10.93,7.8017860705179345,11.08
yem,Yemen,1985,2314.19809,11.78,7.746818509102686,10.93
yem,Yemen,1986,2255.08401,11.88,7.720942506231743,11.78
yem,Yemen,1987,2234.01561,11.83,7.7115559670711615,11.88
yem,Yemen,1988,2217.16014,11.64,7.703982439754608,11.83
yem,Yemen,1989,2182.2051,11.39,7.688091158309277,11.64
yem,Yemen,1990,2332.67138,12.33,7.75476940483479,11.39
yem,Yemen,1991,2401.76263,11.72,7.783958175941578,12.33
yem,Yemen,1992,2499.623,10.95,7.823895199484829,11.72
yem,Yemen,1993,2505.72452,10.94,7.826333201241083,10.95
yem,Yemen,1994,2579.41704,10.25,7.855318698895956,10.94
yem,Yemen,1995,2635.98018,9.72,7.8770103766259965,10.25
yem,Yemen,1996,2671.88687,9.62,7.890540194688356,9.72
yem,Yemen,1997,2729.14897,9.19,7.9117451069795655,9.62
yem,Yemen,1998,2798.28115,8.65,7.936760632664891,9.19
yem,Yemen,1999,2817.63057,9.29,7.943651587342369,8.65
yem,Yemen,2000,2925.61188,9.39,7.981258927532423,9.29
yem,Yemen,2001,2972.30339,9.98,7.997092483400102,9.39
yem,Yemen,2002,3008.55679,10.4,8.009215770998784,9.98
yem,Yemen,2003,3053.03487,10.62,8.023891414222224,10.4
yem,Yemen,2004,3126.5557,10.91,8.047687262297243,10.62
yem,Yemen,2005,3262.42885,10.79,8.090227242964023,10.91
yem,Yemen,2006,3322.37032,11.44,8.108433758975414,10.79
yem,Yemen,2007,3380.10829,12.08,8.125663026425382,11.44
yem,Yemen,2008,3426.73172,12.5,8.139362234596643,12.08
yem,Yemen,2009,3439.29712,12.97,8.143022403908732,12.5
yem,Yemen,2010,3603.03,12.48,8.1895304371081,12.97
yem,Yemen,2011,3113.383,17.76,8.043465195318324,12.48
yem,Yemen,2012,3004.921,18.54,8.008006557106262,17.76
yem,Yemen,2013,3164.322,17.55,8.059694093620843,18.54
yem,Yemen,2014,3116.261,20.46,8.044389164715211,17.55
yem,Yemen,2015,2196.886,33.98,7.6947961820988695,20.46
yem,Yemen,2016,1950.402,39.51,7.575790784157162,33.98
yem,Yemen,2017,1828.716,43.6,7.51136936022712,39.51
yem,Yemen,2018,1829.707,43.91,7.511911123726988,43.6
yem,Yemen,2019,1843.465,44.49,7.5194022318688,43.91
yem,Yemen,2020,1660.776,50.51,7.415040242000103,44.49
yem,Yemen,2021,1672.7,51.26,7.422194366317963,50.51
yem,Yemen,2022,1767.315,51.86,7.477216724683073,51.26
zaf,South Africa,1960,6160.40256,42.5,8.725897405041655,
zaf,South Africa,1961,6236.97298,41.8,8.738250244305739,42.5
zaf,South Africa,1962,6409.60474,40.98,8.765552884986953,41.8
zaf,South Africa,1963,6679.91921,39.18,8.806861172146178,40.98
zaf,South Africa,1964,6951.32416,37.38,8.846687447029652,39.18
zaf,South Africa,1965,7155.91463,36.56,8.875694514708371,37.38
zaf,South Africa,1966,7258.26654,35.73,8.889896310714041,36.56
zaf,South Africa,1967,7535.96296,33.97,8.92744190116981,35.73
zaf,South Africa,1968,7637.46887,34.1,8.940821527530463,33.97
zaf,South Africa,1969,7827.65309,33.27,8.965418010978006,34.1
zaf,South Africa,1970,8008.1191,31.48,8.988211193511832,33.27
zaf,South Africa,1971,8141.88889,31.61,9.004777482445615,31.48
zaf,South Africa,1972,8055.53901,31.74,8.994115209573403,31.61
zaf,South Africa,1973,8171.47008,30.9,9.008404108019954,31.74
zaf,South Africa,1974,8407.9263,30.06,9.036930147056905,30.9
zaf,South Africa,1975,8321.7644,30.18,9.026629578639854,30.06
zaf,South Africa,1976,8284.83278,30.3,9.022181746192883,30.18
zaf,South Africa,1977,8050.91352,30.42,8.993540844719497,30.3
zaf,South Africa,1978,8069.63091,30.54,8.99586302415859,30.42
zaf,South Africa,1979,8153.90022,29.68,9.006251646365401,30.54
zaf,South Africa,1980,8444.39792,28.78,9.041258532443388,29.68
zaf,South Africa,1981,9097.22185,28.4,9.115724354685302,28.78
zaf,South Africa,1982,9122.53648,29.07,9.118503167206416,28.4
zaf,South Africa,1983,8912.8854,30.24,9.095253306424361,29.07
zaf,South Africa,1984,9321.16353,29.54,9.140042742162167,30.24
zaf,South Africa,1985,9157.7456,30.54,9.122355313840151,29.54
zaf,South Africa,1986,9084.14129,31.6,9.11428545682532,30.54
zaf,South Africa,1987,9236.57334,31.87,9.130926245204272,31.6
zaf,South Africa,1988,9662.30897,31.51,9.175987922454448,31.87
zaf,South Africa,1989,9962.01666,31.47,9.206534805986779,31.51
zaf,South Africa,1990,9985.19104,31.5,9.208858378365937,31.47
zaf,South Africa,1991,9753.62626,32.5,9.185394418947832,31.5
zaf,South Africa,1992,9452.30578,33.31,9.154013988608744,32.5
zaf,South Africa,1993,9455.324,33.29,9.154333248088728,33.31
zaf,South Africa,1994,9673.68508,33.52,9.177164599617583,33.29
zaf,South Africa,1995,9922.05808,33.41,9.202515646502398,33.52
zaf,South Africa,1996,10283.1854,33.74,9.23826535482451,33.41
zaf,South Africa,1997,10487.20032,34.29,9.257910775396986,33.74
zaf,South Africa,1998,10466.72171,35.35,9.255956142131604,34.29
zaf,South Africa,1999,10649.62736,36.15,9.273280180854057,35.35
zaf,South Africa,2000,11037.87368,36.27,9.30908769983177,36.15
zaf,South Africa,2001,11277.16993,36.68,9.330535600842707,36.27
zaf,South Africa,2002,11617.57225,35.73,9.360274080005858,36.68
zaf,South Africa,2003,11870.87162,35.4,9.381842915404878,35.73
zaf,South Africa,2004,12312.62672,32.36,9.418380577407078,35.4
zaf,South Africa,2005,12853.29549,28.42,9.461355515809299,32.36
zaf,South Africa,2006,13452.90444,21.52,9.50695030521197,28.42
zaf,South Africa,2007,14037.25886,21.4,9.549470420626665,21.52
zaf,South Africa,2008,14324.90593,19.48,9.569754974720192,21.4
zaf,South Africa,2009,13936.02189,19.61,9.54223226984306,19.48
zaf,South Africa,2010,14182.33428,18.69,9.55975240430961,19.61
zaf,South Africa,2011,14451.92918,18.77,9.578583191895712,18.69
zaf,South Africa,2012,14581.58896,19.18,9.587514981791877,18.77
zaf,South Africa,2013,14699.06681,19.51,9.595539288438815,19.18
zaf,South Africa,2014,14661.26243,20.35,9.592964085648468,19.51
zaf,South Africa,2015,14559.47438,20.75,9.585997220824321,20.35
zaf,South Africa,2016,14519.03086,20.94,9.583215540972166,20.75
zaf,South Africa,2017,14591.43668,20.57,9.58819010685402,20.94
zaf,South Africa,2018,14571.37563,20.14,9.586814309969201,20.57
zaf,South Africa,2019,14370.23804,20.14,9.572914544001982,20.14
zaf,South Africa,2020,13266.78581,21.82,9.49301888321736,20.14
zaf,South Africa,2021,13711.29357,20.83,9.525975120403055,21.82
zaf,South Africa,2022,13777.19275,20.49,9.530769804655883,20.83
zmb,Zambia,1960,2014.40987,49.34,7.608081563000081,
zmb,Zambia,1961,1971.34718,49.83,7.5864724357304665,49.34
zmb,Zambia,1962,1910.40295,50.82,7.55506946737632,49.83
zmb,Zambia,1963,1907.22678,51.13,7.553405518299295,50.82
zmb,Zambia,1964,2082.41933,48.39,7.641285636195859,51.13
zmb,Zambia,1965,2352.8044,43.84,7.763363257350243,48.39
zmb,Zambia,1966,2318.47207,43.79,7.748663657177113,43.84
zmb,Zambia,1967,2511.14248,41.14,7.828493099881531,43.79
zmb,Zambia,1968,2507.64586,41.09,7.827099687635837,41.14
zmb,Zambia,1969,2340.94235,42.78,7.758308840959573,41.09
zmb,Zambia,1970,2368.82964,41.86,7.7701512893737394,42.78
zmb,Zambia,1971,2321.54403,42.68,7.749987773465777,41.86
zmb,Zambia,1972,2467.40692,40.1,7.810923048205045,42.68
zmb,Zambia,1973,2364.25463,41.75,7.768218084231443,40.1
zmb,Zambia,1974,2426.0425,40.85,7.794016607899599,41.75
zmb,Zambia,1975,2299.65452,41.65,7.740514181939133,40.85
zmb,Zambia,1976,2326.42925,41.59,7.752089860334438,41.65
zmb,Zambia,1977,2166.83637,43.27,7.681023488763791,41.59
zmb,Zambia,1978,2096.0861,44.09,7.6478271228415196,43.27
zmb,Zambia,1979,1959.36674,45.79,7.580376608182416,44.09
zmb,Zambia,1980,1965.45804,45.77,7.583480596376597,45.79
zmb,Zambia,1981,2135.96212,44.39,7.6666724658404375,45.77
zmb,Zambia,1982,2083.11526,45.61,7.641619773383506,44.39
zmb,Zambia,1983,2037.80558,46.94,7.619628811783565,45.61
zmb,Zambia,1984,1999.63461,47.69,7.6007197478513175,46.94
zmb,Zambia,1985,2013.90858,47.98,7.6078326799940275,47.69
zmb,Zambia,1986,2012.23843,48.6,7.607003028174732,47.98
zmb,Zambia,1987,2028.34118,48.65,7.614973585275205,48.6
zmb,Zambia,1988,2193.76939,47.79,7.693376525921553,48.65
zmb,Zambia,1989,2149.70139,48.61,7.673084223103732,47.79
zmb,Zambia,1990,2196.93365,49.44,7.694817871655473,48.61
zmb,Zambia,1991,2165.42365,49.83,7.6803713025868054,49.44
zmb,Zambia,1992,2121.47104,55.28,7.659865013830377,49.83
zmb,Zambia,1993,2199.28536,57.72,7.695887750212011,55.28
zmb,Zambia,1994,1959.51644,56.42,7.580453007499873,57.72
zmb,Zambia,1995,1989.76563,51.91,7.595772136913305,56.42
zmb,Zambia,1996,2083.35558,45.9,7.641735132405324,51.91
zmb,Zambia,1997,2126.92335,46.01,7.662431777879533,45.9
zmb,Zambia,1998,2081.12031,47.01,7.640661638273673,46.01
zmb,Zambia,1999,2136.66772,48.76,7.667002754226203,47.01
zmb,Zambia,2000,2173.01609,51.46,7.683871384738911,48.76
zmb,Zambia,2001,2233.6768,52.92,7.711404295931094,51.46
zmb,Zambia,2002,2276.69859,55.18,7.730481685760352,52.92
zmb,Zambia,2003,2372.1238,56.72,7.771540950998482,55.18
zmb,Zambia,2004,2469.0897,58.62,7.811604819183421,56.72
zmb,Zambia,2005,2569.15938,61.22,7.851334034889666,58.62
zmb,Zambia,2006,2683.23992,63.16,7.894780268716173,61.22
zmb,Zambia,2007,2808.6142,64.14,7.940446473421035,63.16
zmb,Zambia,2008,2919.80288,64.19,7.9792713861343225,64.14
zmb,Zambia,2009,3073.64995,64.18,8.030621043183647,64.19
zmb,Zambia,2010,3266.50749,63.27,8.091476647252307,64.18
zmb,Zambia,2011,3335.6434,62.65,8.112420863280603,63.27
zmb,Zambia,2012,3474.55253,60.73,8.153220981362214,62.65
zmb,Zambia,2013,3535.22449,60.21,8.170532081264815,60.73
zmb,Zambia,2014,3585.57748,59.96,8.18467482234867,60.21
zmb,Zambia,2015,3576.92545,59.64,8.18225889755455,59.96
zmb,Zambia,2016,3598.17166,60.1,8.1881811232112,59.64
zmb,Zambia,2017,3612.50598,60.61,8.192156987782639,60.1
zmb,Zambia,2018,3646.95966,60.94,8.201649129601357,60.61
zmb,Zambia,2019,3591.56419,61.9,8.186343094110256,60.94
zmb,Zambia,2020,3391.59541,63.96,8.129055712085378,61.9
zmb,Zambia,2021,3503.03491,63.7,8.161384988891477,63.96
zmb,Zambia,2022,3585.12379,63.62,8.184548282423627,63.7
zwe,Zimbabwe,1960,2255.72171,30.74,7.721225249512581,
zwe,Zimbabwe,1961,2319.39901,30.16,7.749063383687986,30.74
zwe,Zimbabwe,1962,2297.18036,30.15,7.739437719415025,30.16
zwe,Zimbabwe,1963,2237.62185,32.83,7.71316890676678,30.15
zwe,Zimbabwe,1964,2338.58492,30.14,7.757301290383024,32.83
zwe,Zimbabwe,1965,2434.39666,28.78,7.797454226580506,30.14
zwe,Zimbabwe,1966,2392.03585,30.1,7.779900102416406,28.78
zwe,Zimbabwe,1967,2450.01665,28.74,7.803850099434048,30.1
zwe,Zimbabwe,1968,2285.30247,31.42,7.7342536665591535,28.74
zwe,Zimbabwe,1969,2677.52839,24.88,7.892649405440293,31.42
zwe,Zimbabwe,1970,3185.7604,17.89,8.066446283624453,24.88
zwe,Zimbabwe,1971,3373.43948,15.78,8.123688120081452,17.89
zwe,Zimbabwe,1972,3558.10854,13.75,8.176984373662677,15.78
zwe,Zimbabwe,1973,3579.00256,13.7,8.18283942604937,13.75
zwe,Zimbabwe,1974,3572.80562,13.65,8.181106454080625,13.7
zwe,Zimbabwe,1975,3514.70318,14.63,8.164710356866953,13.65
zwe,Zimbabwe,1976,3403.71884,15.62,8.132623889337179,14.63
zwe,Zimbabwe,1977,3091.62506,19.9,8.03645214103503,15.62
zwe,Zimbabwe,1978,3029.87078,19.84,8.016275250729326,19.9
zwe,Zimbabwe,1979,3025.74071,20.95,8.014911203300855,19.84
zwe,Zimbabwe,1980,3247.73897,17.58,8.085714331672708,20.95
zwe,Zimbabwe,1981,3542.74061,14.95,8.172655890218085,17.58
zwe,Zimbabwe,1982,3533.75843,15.34,8.170117294572695,14.95
zwe,Zimbabwe,1983,3472.28516,15.93,8.152568203744053,15.34
zwe,Zimbabwe,1984,3294.45359,17.36,8.099995603139762,15.93
zwe,Zimbabwe,1985,3409.49941,16.49,8.134320758914791,17.36
zwe,Zimbabwe,1986,3379.04722,16.64,8.12534906116533,16.49
zwe,Zimbabwe,1987,3284.01505,17.36,8.09682205338764,16.64
zwe,Zimbabwe,1988,3446.49941,16.18,8.14511433113753,17.36
zwe,Zimbabwe,1989,3543.58316,15.53,8.172893686297215,16.18
zwe,Zimbabwe,1990,3651.94234,14.65,8.203014452981236,15.53
zwe,Zimbabwe,1991,3773.13922,13.88,8.235662618302907,14.65
zwe,Zimbabwe,1992,3355.63031,16.7,8.118394903593165,13.88
zwe,Zimbabwe,1993,3351.59374,16.75,8.117191254972738,16.7
zwe,Zimbabwe,1994,3668.14813,14.6,8.207442216966598,16.75
zwe,Zimbabwe,1995,3660.83797,15.05,8.20544735374146,14.6
zwe,Zimbabwe,1996,3996.04843,12.94,8.293061259314621,15.05
zwe,Zimbabwe,1997,4051.69069,12.58,8.306889527311759,12.94
zwe,Zimbabwe,1998,4113.29259,12.48,8.321979103555826,12.58
zwe,Zimbabwe,1999,4035.40439,12.95,8.302861796252316,12.48
zwe,Zimbabwe,2000,3888.44839,13.96,8.265765485576814,12.95
zwe,Zimbabwe,2001,3928.39321,13.59,8.275985768843066,13.96
zwe,Zimbabwe,2002,3571.02598,16.36,8.180608222841016,13.59
zwe,Zimbabwe,2003,2949.25001,21.57,7.989306183112644,16.36
zwe,Zimbabwe,2004,2762.35658,23.51,7.9238394277362065,21.57
zwe,Zimbabwe,2005,2589.93892,25.63,7.859389571403917,23.51
zwe,Zimbabwe,2006,2482.77583,27.04,7.817132499515473,25.63
zwe,Zimbabwe,2007,2372.23665,28.46,7.771588523269269,27.04
zwe,Zimbabwe,2008,1938.0725,35.3,7.569449201451708,28.46
zwe,Zimbabwe,2009,2169.48008,31.62,7.682242823357119,35.3
zwe,Zimbabwe,2010,2563.47835,25.43,7.849120345703403,31.62
zwe,Zimbabwe,2011,2875.90206,21.58,7.964121664019076,25.43
zwe,Zimbabwe,2012,3301.16623,20.52,8.102031088052732,21.58
zwe,Zimbabwe,2013,3319.77209,23.09,8.107651411963818,20.52
zwe,Zimbabwe,2014,3352.38135,25.95,8.117426223030659,23.09
zwe,Zimbabwe,2015,3366.63371,28.8,8.121668625004416,25.95
zwe,Zimbabwe,2016,3345.31502,32.3,8.115316144510672,28.8
zwe,Zimbabwe,2017,3453.50574,34.09,8.147145150609592,32.3
zwe,Zimbabwe,2018,3572.98134,35.26,8.181155635507674,34.09
zwe,Zimbabwe,2019,3294.80389,40.43,8.100101927714691,35.26
zwe,Zimbabwe,2020,2987.26841,44.51,8.00211467356969,40.43
zwe,Zimbabwe,2021,3184.7846,42.11,8.066139936205941,44.51
zwe,Zimbabwe,2022,3323.11832,40.24,8.10865887410048,42.11
