geo,name,year,gdp_per_capita,life_expectancy,log_gdp,life_expectancy_lag1
afg,Afghanistan,1960,2277.64036,45.03,7.73089525621427,
afg,Afghanistan,1961,2276.91597,45.28,7.73057716156196,45.03
afg,Afghanistan,1962,2293.42252,45.51,7.737800531037985,45.28
afg,Afghanistan,1963,2315.33328,45.69,7.7473089216010695,45.51
afg,Afghanistan,1964,2332.01208,45.91,7.7544867275598826,45.69
afg,Afghanistan,1965,2359.7174,46.13,7.766297145086847,45.91
afg,Afghanistan,1966,2356.25955,46.3,7.764830704238506,46.13
afg,Afghanistan,1967,2395.48053,46.48,7.781339128550635,46.3
afg,Afghanistan,1968,2450.51402,46.68,7.804053085614607,46.48
afg,Afghanistan,1969,2458.46521,46.87,7.8072925358468455,46.68
afg,Afghanistan,1970,2477.91301,47.08,7.8151719566495705,46.87
afg,Afghanistan,1971,2440.25031,47.26,7.799855899091231,47.08
afg,Afghanistan,1972,2011.68454,47.27,7.606727729662494,47.26
afg,Afghanistan,1973,2045.25421,47.33,7.623277368819754,47.27
afg,Afghanistan,1974,2128.51845,47.41,7.663181453306749,47.33
afg,Afghanistan,1975,2228.08567,47.55,7.708898051833966,47.41
afg,Afghanistan,1976,2321.43011,47.72,7.7499387014715815,47.55
afg,Afghanistan,1977,2174.25243,47.87,7.684440174096018,47.72
afg,Afghanistan,1978,2305.19982,46.42,7.742922641478177,47.87
afg,Afghanistan,1979,2231.85597,44.68,7.710588791849187,46.42
afg,Afghanistan,1980,2251.28484,43.68,7.719256372217168,44.68
afg,Afghanistan,1981,2559.45808,44.34,7.847550827564647,43.68
afg,Afghanistan,1982,2877.34176,44.06,7.9646221469032,44.34
afg,Afghanistan,1983,3090.44526,42.27,8.036070456598182,44.06
afg,Afghanistan,1984,3106.35151,39.9,8.041204168586637,42.27
afg,Afghanistan,1985,3068.05058,42.03,8.028797648661548,39.9
afg,Afghanistan,1986,3202.21084,43.27,8.071596737734918,42.03
afg,Afghanistan,1987,2921.86758,45.88,7.979978273008586,43.27
afg,Afghanistan,1988,2690.10628,48.51,7.8973359811090935,45.88
afg,Afghanistan,1989,2471.80006,52.73,7.812701933429444,48.51
afg,Afghanistan,1990,2412.90304,53.83,7.788585882472072,52.73
afg,Afghanistan,1991,2235.39988,53.76,7.712175408269842,53.83
afg,Afghanistan,1992,2168.64015,54.24,7.681855591115519,53.76
afg,Afghanistan,1993,1503.96807,54.4,7.3158622742312325,54.24
afg,Afghanistan,1994,1127.76933,53.89,7.027996916465265,54.4
afg,Afghanistan,1995,1689.0634,54.33,7.431929453107449,53.89
afg,Afghanistan,1996,1621.28448,54.69,7.390974002944981,54.33
afg,Afghanistan,1997,1562.46326,54.46,7.354018867734108,54.69
afg,Afghanistan,1998,1510.20513,53.34,7.320000768264628,54.46
afg,Afghanistan,1999,1456.3727,54.73,7.283704171275276,53.34
afg,Afghanistan,2000,1426.50934,54.73,7.262985718125986,54.73
afg,Afghanistan,2001,1312.2368,54.83,7.179488441022948,54.73
afg,Afghanistan,2002,1673.64821,55.54,7.422761079622062,54.83
afg,Afghanistan,2003,1731.14825,56.5,7.456540195645297,55.54
afg,Afghanistan,2004,1713.2018,57.14,7.446119296406086,56.5
afg,Afghanistan,2005,1855.22812,57.63,7.525762943221879,57.14
afg,Afghanistan,2006,1895.55139,58.0,7.547265046168936,57.63
afg,Afghanistan,2007,2132.60481,58.5,7.665099427044351,58.0
afg,Afghanistan,2008,2177.91615,59.18,7.686123804129226,58.5
afg,Afghanistan,2009,2557.34077,59.9,7.846723235867995,59.18
afg,Afghanistan,2010,2848.58606,60.46,7.954578030856553,59.9
afg,Afghanistan,2011,2757.05259,61.02,7.92191748592348,60.46
afg,Afghanistan,2012,2985.31914,61.43,8.001461934684611,61.02
afg,Afghanistan,2013,3046.57993,61.93,8.0217749060094,61.43
afg,Afghanistan,2014,3017.94254,61.93,8.012330600047807,61.93
afg,Afghanistan,2015,2967.69207,61.91,7.995539848904867,61.93
afg,Afghanistan,2016,2958.7854,62.03,7.99253412526866,61.91
afg,Afghanistan,2017,2952.99892,62.9,7.990576516014089,62.03
afg,Afghanistan,2018,2902.39211,62.73,7.973290541477211,62.9
afg,Afghanistan,2019,2927.24514,63.33,7.981817034466118,62.73
afg,Afghanistan,2020,2769.68575,62.34,7.926489145092283,63.33
afg,Afghanistan,2021,2144.16657,61.75,7.670506210404229,62.34
afg,Afghanistan,2022,1981.71017,62.64,7.591715473117409,61.75
ago,Angola,1960,3299.10986,46.25,8.10140797167442,
ago,Angola,1961,3715.08124,44.81,8.220155825015045,46.25
ago,Angola,1962,3591.11662,44.99,8.186218469332289,44.81
ago,Angola,1963,3752.32246,45.17,8.230130249929987,44.99
ago,Angola,1964,4149.28388,45.37,8.330691039298577,45.17
ago,Angola,1965,4432.34698,45.58,8.396684515073831,45.37
ago,Angola,1966,4659.35789,45.78,8.44663292578003,45.58
ago,Angola,1967,4899.61582,45.98,8.496912076943325,45.78
ago,Angola,1968,4793.71948,46.19,8.475061898472092,45.98
ago,Angola,1969,4899.52253,46.39,8.496893036493711,46.19
ago,Angola,1970,5177.92272,46.57,8.552159235518765,46.39
ago,Angola,1971,5242.92733,46.79,8.564635272091202,46.57
ago,Angola,1972,5200.84498,46.95,8.556576387522295,46.79
ago,Angola,1973,5482.57967,47.16,8.609331011878206,46.95
ago,Angola,1974,5392.54527,47.36,8.59277277322112,47.16
ago,Angola,1975,4130.95715,47.46,8.326264414551876,47.36
ago,Angola,1976,3791.32805,47.54,8.240471645668563,47.46
ago,Angola,1977,3779.39869,47.66,8.237320199240013,47.54
ago,Angola,1978,3698.78903,47.82,8.215760755872331,47.66
ago,Angola,1979,3689.98974,47.97,8.213378956542902,47.82
ago,Angola,1980,3728.6418,48.13,8.223799317640587,47.97
ago,Angola,1981,3762.89756,48.21,8.232944567262482,48.13
ago,Angola,1982,3796.44411,48.24,8.241820147090955,48.21
ago,Angola,1983,3894.00671,48.22,8.267193909094502,48.24
ago,Angola,1984,4106.17906,48.38,8.320248205980187,48.22
ago,Angola,1985,4028.06224,48.56,8.301040705556215,48.38
ago,Angola,1986,4001.2767,48.56,8.294368764176523,48.56
ago,Angola,1987,4325.11914,48.65,8.372194965807383,48.56
ago,Angola,1988,4797.37025,48.59,8.47582318218001,48.65
ago,Angola,1989,4936.12458,49.37,8.504335804326692,48.59
ago,Angola,1990,4974.52806,49.67,8.512085782781421,49.37
ago,Angola,1991,5038.18813,50.31,8.524801798414638,49.67
ago,Angola,1992,4750.38909,50.34,8.465981807358155,50.31
ago,Angola,1993,3608.83245,48.98,8.191139577962426,50.34
ago,Angola,1994,3649.03251,50.33,8.202217345686977,48.98
ago,Angola,1995,4176.13396,51.16,8.33714120759203,50.33
ago,Angola,1996,4710.75499,51.66,8.457603469281347,51.16
ago,Angola,1997,5012.3417,51.65,8.519658490068752,51.66
ago,Angola,1998,5198.37712,50.62,8.556101763550886,51.65
ago,Angola,1999,5256.21105,51.92,8.567165713467881,50.62
ago,Angola,2000,5352.49132,52.78,8.585317398790407,51.92
ago,Angola,2001,5500.42866,53.44,8.612581306365358,52.78
ago,Angola,2002,6149.13438,54.48,8.72406659967467,53.44
ago,Angola,2003,6223.38333,55.09,8.736068981579363,54.48
ago,Angola,2004,6749.75485,55.53,8.817261464688524,55.09
ago,Angola,2005,7592.30709,56.35,8.934890788628726,55.53
ago,Angola,2006,8283.14745,56.96,9.021978301961006,56.35
ago,Angola,2007,9191.41108,57.95,9.126024748720662,56.96
ago,Angola,2008,9889.65518,58.76,9.199244558488214,57.95
ago,Angola,2009,9626.73739,59.49,9.172299650918315,58.76
ago,Angola,2010,9672.83922,60.21,9.177077156520578,59.49
ago,Angola,2011,9627.0206,60.84,9.17232906959078,60.21
ago,Angola,2012,10051.33991,61.44,9.215461228978427,60.84
ago,Angola,2013,10150.9161,62.13,9.225319236554727,61.44
ago,Angola,2014,10250.5924,63.01,9.235090778018431,62.13
ago,Angola,2015,9980.92988,63.52,9.208431539313747,63.01
ago,Angola,2016,9381.80973,63.87,9.14652795835873,63.52
ago,Angola,2017,9042.11713,64.24,9.109648621763128,63.87
ago,Angola,2018,8620.21466,64.63,9.061865265899879,64.24
ago,Angola,2019,8274.54256,65.08,9.020938918958974,64.63
ago,Angola,2020,7556.96793,64.88,8.930225321264196,65.08
ago,Angola,2021,7408.12659,64.24,8.91033286446295,64.88
ago,Angola,2022,7397.48643,64.53,8.908895549869168,64.24
alb,Albania,1960,2898.16273,62.55,7.971832273823113,
alb,Albania,1961,2912.67272,63.28,7.976826399119894,62.55
alb,Albania,1962,2999.27267,63.32,8.006125094922778,63.28
alb,Albania,1963,3091.49739,63.78,8.036410844747904,63.32
alb,Albania,1964,3186.81625,64.37,8.066777656652242,63.78
alb,Albania,1965,3292.5959,64.79,8.0994315599966,64.37
alb,Albania,1966,3405.04572,65.55,8.133013645806242,64.79
alb,Albania,1967,3524.09874,66.07,8.16738000595979,65.55
alb,Albania,1968,3638.69536,66.55,8.199380478801436,66.07
alb,Albania,1969,3750.09196,67.1,8.229535641330447,66.55
alb,Albania,1970,3876.52082,67.79,8.262693334468787,67.1
alb,Albania,1971,3977.04801,68.34,8.288295117048328,67.79
alb,Albania,1972,4075.70634,68.84,8.312799345623517,68.34
alb,Albania,1973,4198.31698,69.31,8.342439004914509,68.84
alb,Albania,1974,4222.11544,69.75,8.348091570526178,69.31
alb,Albania,1975,4248.82637,70.19,8.354398075547223,69.75
alb,Albania,1976,4279.93591,70.66,8.361693314164661,70.19
alb,Albania,1977,4309.12542,71.13,8.368490243713486,70.66
alb,Albania,1978,4350.74581,71.7,8.378102559961473,71.13
alb,Albania,1979,4390.06161,71.35,8.387098540139304,71.7
alb,Albania,1980,4416.59612,71.25,8.393124569788503,71.35
alb,Albania,1981,4750.70417,71.32,8.466048132357077,71.25
alb,Albania,1982,4951.07187,71.41,8.507359371515404,71.32
alb,Albania,1983,5046.26201,71.23,8.526403052149456,71.41
alb,Albania,1984,5165.69868,71.41,8.549795644428537,71.23
alb,Albania,1985,5161.52412,71.89,8.548987186954882,71.41
alb,Albania,1986,5363.81775,72.27,8.587431267314287,71.89
alb,Albania,1987,5366.35653,72.21,8.587904471193577,72.27
alb,Albania,1988,5387.4375,72.38,8.591825133416638,72.21
alb,Albania,1989,5814.51126,72.47,8.66811201326919,72.38
alb,Albania,1990,5490.45562,72.76,8.610766521952554,72.47
alb,Albania,1991,4000.61805,72.64,8.294204140666201,72.76
alb,Albania,1992,3769.75645,73.23,8.234765676233234,72.64
alb,Albania,1993,4156.23308,73.83,8.332364433418434,73.23
alb,Albania,1994,4522.78284,74.59,8.41688275594405,73.83
alb,Albania,1995,5095.58379,74.61,8.536129520054656,74.59
alb,Albania,1996,5509.0003,74.55,8.61413845192906,74.61
alb,Albania,1997,4898.67228,72.91,8.496719484116234,74.55
alb,Albania,1998,5349.76525,74.83,8.58480796042269,72.91
alb,Albania,1999,6059.11547,75.07,8.70931910636366,74.83
alb,Albania,2000,6558.42258,75.39,8.788505392657052,75.07
alb,Albania,2001,7210.04538,76.02,8.883230524295248,75.39
alb,Albania,2002,7578.61364,75.93,8.933085564811078,76.02
alb,Albania,2003,8024.27537,75.62,8.990226647348027,75.93
alb,Albania,2004,8490.54991,75.77,9.046709048703688,75.62
alb,Albania,2005,8977.57267,76.2,9.102484820748623,75.77
alb,Albania,2006,9577.48492,76.9,9.167170302049941,76.2
alb,Albania,2007,10272.64516,77.5,9.237239831589825,76.9
alb,Albania,2008,11064.87257,77.57,9.311530735925388,77.5
alb,Albania,2009,11435.59511,77.97,9.344486147953596,77.57
alb,Albania,2010,11828.37497,78.13,9.378256582363685,77.97
alb,Albania,2011,12152.41716,78.13,9.405283372191995,78.13
alb,Albania,2012,12292.29683,78.22,9.4167280711853,78.13
alb,Albania,2013,12525.08076,78.28,9.435488373836469,78.22
alb,Albania,2014,12832.21222,78.21,9.459713868311185,78.28
alb,Albania,2015,13156.33221,78.14,9.484658458586361,78.21
alb,Albania,2016,13692.47885,78.23,9.524601972015457,78.14
alb,Albania,2017,14155.03975,78.33,9.557826005737041,78.23
alb,Albania,2018,14710.98258,78.44,9.596349608101594,78.33
alb,Albania,2019,15078.50697,78.5,9.621025629365972,78.44
alb,Albania,2020,14662.79552,76.23,9.593068647575334,78.5
alb,Albania,2021,16126.77749,75.71,9.688236367526864,76.23
alb,Albania,2022,17111.95393,76.07,9.747532558495879,75.71
and,Andorra,1960,22016.56207,75.74,9.999550270476224,
and,Andorra,1961,23895.6149,75.83,10.081450244098193,75.74
and,Andorra,1962,25936.32189,75.94,10.16339965483305,75.83
and,Andorra,1963,28149.29016,76.04,10.24527741690887,75.94
and,Andorra,1964,30552.62124,76.18,10.327205762555653,76.04
and,Andorra,1965,33160.26538,76.3,10.409107612232889,76.18
and,Andorra,1966,35990.81599,76.41,10.491019073502912,76.3
and,Andorra,1967,39061.65645,76.55,10.572896611365584,76.41
and,Andorra,1968,42394.8999,76.67,10.654783348607824,76.55
and,Andorra,1969,46012.9877,76.83,10.736678976924775,76.67
and,Andorra,1970,49938.69251,76.97,10.818551382273569,76.83
and,Andorra,1971,49858.60623,77.08,10.81694640301656,76.97
and,Andorra,1972,51475.84142,77.22,10.848867877949862,77.08
and,Andorra,1973,53083.79757,77.37,10.87962703015977,77.22
and,Andorra,1974,53862.08013,77.55,10.894181986674402,77.37
and,Andorra,1975,52278.05928,77.7,10.864332045396493,77.55
and,Andorra,1976,52406.44678,77.82,10.866784892894216,77.7
and,Andorra,1977,52494.84599,77.95,10.868470272141519,77.82
and,Andorra,1978,51945.36727,78.08,10.857947815842522,77.95
and,Andorra,1979,50585.30279,78.23,10.831416354388608,78.08
and,Andorra,1980,50134.87077,78.34,10.822472068314333,78.23
and,Andorra,1981,48354.81825,78.41,10.786321149484088,78.34
and,Andorra,1982,47146.32285,78.48,10.761011296685254,78.41
and,Andorra,1983,46123.75533,78.52,10.739083396263288,78.48
and,Andorra,1984,45116.18925,78.61,10.716996424493452,78.52
and,Andorra,1985,44393.44628,78.71,10.700847131219128,78.61
and,Andorra,1986,44138.33042,78.78,10.695083854446512,78.71
and,Andorra,1987,44911.14733,78.84,10.712441313072313,78.78
and,Andorra,1988,45547.33713,78.89,10.726507440606014,78.84
and,Andorra,1989,46105.20723,78.96,10.738681177703407,78.89
and,Andorra,1990,46235.61393,79.03,10.741505644392273,78.96
and,Andorra,1991,44611.1308,79.12,10.705738676377592,79.03
and,Andorra,1992,42769.13623,79.16,10.6635720053191,79.12
and,Andorra,1993,40544.31157,79.35,10.610150767828907,79.16
and,Andorra,1994,40706.94769,79.51,10.614154061776265,79.35
and,Andorra,1995,42152.12008,79.75,10.649040260622964,79.51
and,Andorra,1996,44165.73984,79.96,10.695704650765403,79.75
and,Andorra,1997,47928.86102,80.2,10.777473128466356,79.96
and,Andorra,1998,49232.97298,80.41,10.804318860528705,80.2
and,Andorra,1999,51157.50905,80.6,10.842664565101625,80.41
and,Andorra,2000,52814.6954,80.76,10.874544752939675,80.6
and,Andorra,2001,56647.45065,80.92,10.944602263678318,80.76
and,Andorra,2002,58701.07662,81.09,10.980213346704211,80.92
and,Andorra,2003,61631.28478,81.22,11.028924890404586,81.09
and,Andorra,2004,62814.03238,81.26,11.047933773037455,81.22
and,Andorra,2005,64175.8719,81.4,11.069382591934543,81.26
and,Andorra,2006,65819.16908,81.49,11.09466639829124,81.4
and,Andorra,2007,65192.704,81.66,11.085102839812775,81.49
and,Andorra,2008,60531.1931,81.75,11.01091409957864,81.66
and,Andorra,2009,57182.71426,81.78,10.954006933445047,81.75
and,Andorra,2010,58285.05778,81.85,10.97310104068912,81.78
and,Andorra,2011,60470.46624,81.91,11.009910363507089,81.85
and,Andorra,2012,58172.13239,81.94,10.971161694132183,81.91
and,Andorra,2013,57332.15856,81.95,10.956616976684995,81.94
and,Andorra,2014,59929.24447,81.97,11.000919886498076,81.95
and,Andorra,2015,62105.15424,82.01,11.036584263511157,81.97
and,Andorra,2016,64402.80924,82.06,11.072912532880174,82.01
and,Andorra,2017,63239.65777,82.11,11.054686879702187,82.06
and,Andorra,2018,63048.59856,82.14,11.05166111370749,82.11
and,Andorra,2019,63215.89979,82.19,11.054311127449965,82.14
and,Andorra,2020,55488.4903,78.25,10.923930896245928,82.19
and,Andorra,2021,59332.20291,79.58,10.990907488345968,78.25
and,Andorra,2022,63913.38351,82.73,11.065284063036106,79.58
are,UAE,1960,3066.57278,60.34,8.028315858682975,
are,UAE,1961,3469.23164,60.81,8.151688419026984,60.34
are,UAE,1962,3924.73373,61.26,8.275053788424861,60.81
are,UAE,1963,5167.80997,61.62,8.55020427427555,61.26
are,UAE,1964,8908.25835,62.12,9.094734029977364,61.62
are,UAE,1965,15351.70704,62.59,9.638981954649802,62.12
are,UAE,1966,26456.12798,63.04,10.183243092115909,62.59
are,UAE,1967,45590.56046,63.38,10.727455966617336,63.04
are,UAE,1968,55563.84975,63.77,10.925288084424645,63.38
are,UAE,1969,67715.59125,64.2,11.123071731499333,63.77
are,UAE,1970,77424.23701,64.04,11.25705515022391,64.2
are,UAE,1971,77758.52078,64.89,11.261363416062437,64.04
are,UAE,1972,77276.29175,65.11,11.255142483133653,64.89
are,UAE,1973,76855.20841,65.39,11.249678520385237,65.11
are,UAE,1974,81899.72386,65.66,11.313250898162705,65.39
are,UAE,1975,74397.16075,65.99,11.217173058130632,65.66
are,UAE,1976,74828.51253,66.31,11.222954274886723,65.99
are,UAE,1977,77210.62007,66.64,11.254292292225154,66.31
are,UAE,1978,66864.23872,66.95,11.110419554913436,66.64
are,UAE,1979,74943.02753,67.31,11.224483470917821,66.95
are,UAE,1980,86120.31136,67.62,11.363500566892107,67.31
are,UAE,1981,89746.57279,67.96,11.404745119437571,67.62
are,UAE,1982,81728.70391,68.13,11.311160552192826,67.96
are,UAE,1983,76865.05787,67.91,11.24980666822484,68.13
are,UAE,1984,77325.55399,68.4,11.255779761963428,67.91
are,UAE,1985,73827.44139,68.47,11.209485776028075,68.4
are,UAE,1986,57859.90219,68.48,10.965779888068967,68.47
are,UAE,1987,59712.67201,68.5,10.99729953833045,68.48
are,UAE,1988,53000.1345,68.53,10.878049730266888,68.5
are,UAE,1989,60289.43083,68.58,11.006912090901487,68.53
are,UAE,1990,74726.8204,68.66,11.221594348180265,68.58
are,UAE,1991,74483.98654,68.73,11.218339435491686,68.66
are,UAE,1992,75567.43966,68.78,11.232780777065003,68.73
are,UAE,1993,75520.20218,68.83,11.232155477987408,68.78
are,UAE,1994,79711.70017,68.68,11.286171656638734,68.83
are,UAE,1995,83835.62829,68.81,11.336613354707755,68.68
are,UAE,1996,85799.34087,68.91,11.359766603278713,68.81
are,UAE,1997,88459.09472,68.97,11.390295517591973,68.91
are,UAE,1998,84615.44633,69.16,11.345872109661341,68.97
are,UAE,1999,83124.64145,69.21,11.328096464565395,69.16
are,UAE,2000,88047.22698,69.11,11.385628619731651,69.21
are,UAE,2001,85242.47915,69.24,11.353255170139683,69.11
are,UAE,2002,83319.82832,69.37,11.330441834883107,69.24
are,UAE,2003,86396.09866,69.28,11.366697799374508,69.37
are,UAE,2004,90067.1992,69.07,11.408311328479938,69.28
are,UAE,2005,89813.8553,69.24,11.405494533034593,69.07
are,UAE,2006,91960.46888,69.49,11.429114077602701,69.24
are,UAE,2007,84698.91602,70.04,11.3468580826834,69.49
are,UAE,2008,78094.031,70.4,11.265668905250186,70.04
are,UAE,2009,69482.12453,70.57,11.148824797463838,70.4
are,UAE,2010,68799.93085,70.77,11.138958018833721,70.57
are,UAE,2011,70662.51595,70.96,11.165670526704377,70.77
are,UAE,2012,69158.82664,71.15,11.144160973777076,70.96
are,UAE,2013,69806.95598,71.64,11.153488939659072,71.15
are,UAE,2014,69409.03704,73.01,11.147772354732133,71.64
are,UAE,2015,70234.73175,73.18,11.159598221936866,73.01
are,UAE,2016,70573.99271,73.36,11.164416980402052,73.18
are,UAE,2017,68871.84958,73.53,11.140002804283831,73.36
are,UAE,2018,68854.9699,73.72,11.139757686010597,73.53
are,UAE,2019,68887.84541,73.9,11.14023503229614,73.72
are,UAE,2020,65784.67694,73.18,11.094142216941943,73.9
are,UAE,2021,67401.12129,72.96,11.118416933112163,73.18
are,UAE,2022,68867.82593,73.41,11.139944380304158,72.96
arg,Argentina,1960,11545.68452,65.26,9.354067011499094,
arg,Argentina,1961,12025.27082,65.74,9.39476561613408,65.26
arg,Argentina,1962,11708.28055,65.75,9.368051609772722,65.74
arg,Argentina,1963,11186.16042,65.75,9.322432616419412,65.75
arg,Argentina,1964,12036.18609,65.82,9.395672898747064,65.75
arg,Argentina,1965,12916.76444,66.13,9.466281315633122,65.82
arg,Argentina,1966,12770.1271,66.58,9.454863901991933,66.13
arg,Argentina,1967,12906.73567,66.55,9.465504599040756,66.58
arg,Argentina,1968,13286.95326,65.99,9.49453787486103,66.55
arg,Argentina,1969,14221.65646,65.93,9.562521184618033,65.99
arg,Argentina,1970,14600.20015,66.13,9.588790516506572,65.93
arg,Argentina,1971,14961.55339,66.89,9.613239082367807,66.13
arg,Argentina,1972,15071.47425,67.33,9.62055911364404,66.89
arg,Argentina,1973,15522.37454,67.73,9.650037780745441,67.33
arg,Argentina,1974,16133.11386,67.91,9.688629200225074,67.73
arg,Argentina,1975,15710.97534,68.03,9.662114813345449,67.91
arg,Argentina,1976,15397.81769,66.99,9.641981069918572,68.03
arg,Argentina,1977,16054.2759,67.69,9.68373050429195,66.99
arg,Argentina,1978,15169.95073,69.04,9.62707182447969,67.69
arg,Argentina,1979,15951.42312,69.84,9.677303328057233,69.04
arg,Argentina,1980,15887.01022,70.23,9.673257087013075,69.84
arg,Argentina,1981,15481.38073,70.32,9.647393337610575,70.23
arg,Argentina,1982,15269.40746,70.92,9.633606593268551,70.32
arg,Argentina,1983,15966.92221,70.71,9.678274499404491,70.92
arg,Argentina,1984,16394.39671,70.82,9.70469489140745,70.71
arg,Argentina,1985,15347.53371,71.73,9.638710069748173,70.82
arg,Argentina,1986,16464.07452,71.95,9.708935984302654,71.73
arg,Argentina,1987,16972.8647,72.06,9.739371153645637,71.95
arg,Argentina,1988,16855.80118,72.13,9.732450160208007,72.06
arg,Argentina,1989,15973.72158,72.34,9.678700249752382,72.13
arg,Argentina,1990,15986.19359,72.47,9.679480728083863,72.34
arg,Argentina,1991,17332.00072,72.69,9.760309824401457,72.47
arg,Argentina,1992,18628.77055,72.75,9.832462468395992,72.69
arg,Argentina,1993,19873.299,73.03,9.897132350954275,72.75
arg,Argentina,1994,20833.55883,73.36,9.944320370837806,73.03
arg,Argentina,1995,20052.88124,73.44,9.906128125153607,73.36
arg,Argentina,1996,20973.06057,73.49,9.95099406317478,73.44
arg,Argentina,1997,22475.89726,73.6,10.02019878112358,73.49
arg,Argentina,1998,23142.27021,73.65,10.049416103541308,73.6
arg,Argentina,1999,22170.63884,73.79,10.006524117711662,73.65
arg,Argentina,2000,21810.83619,74.22,9.990162198213133,73.79
arg,Argentina,2001,20678.60893,74.33,9.936855059918871,74.22
arg,Argentina,2002,18277.79656,74.28,9.8134422994496,74.33
arg,Argentina,2003,19736.98231,74.43,9.890249429467543,74.28
arg,Argentina,2004,21350.38905,74.92,9.968825240973178,74.43
arg,Argentina,2005,23052.59,75.28,10.045533406537547,74.92
arg,Argentina,2006,24704.5175,75.41,10.114741400629708,75.28
arg,Argentina,2007,26716.74246,75.32,10.19304570629632,75.41
arg,Argentina,2008,27570.26577,75.68,10.224493143797277,75.32
arg,Argentina,2009,25707.98973,75.85,10.154557107004555,75.68
arg,Argentina,2010,28056.25702,75.94,10.241966952741839,75.85
arg,Argentina,2011,29425.75939,76.04,10.289625739442025,75.94
arg,Argentina,2012,28825.96669,76.17,10.269031881088367,76.04
arg,Argentina,2013,29227.66018,76.27,10.282870806321007,76.17
arg,Argentina,2014,28200.81526,76.47,10.2471061664374,76.27
arg,Argentina,2015,28669.20613,76.5,10.263578868574266,76.47
arg,Argentina,2016,27802.10572,76.24,10.232867042133938,76.5
arg,Argentina,2017,28334.90418,76.28,10.251849686914571,76.24
arg,Argentina,2018,27367.11509,76.48,10.21709739238725,76.28
arg,Argentina,2019,26629.55294,76.58,10.18977689083379,76.48
arg,Argentina,2020,23877.09314,75.2,10.080674832291413,76.58
arg,Argentina,2021,26300.27426,74.7,10.177334646248365,75.2
arg,Argentina,2022,27627.96348,75.37,10.22658370836059,74.7
arm,Armenia,1960,6664.54908,59.22,8.804557575410383,
arm,Armenia,1961,6881.94324,60.37,8.836656338720973,59.22
arm,Armenia,1962,6912.28309,61.36,8.841055265953075,60.37
arm,Armenia,1963,6610.8024,62.03,8.796460317308899,61.36
arm,Armenia,1964,7315.42056,62.86,8.897739804624543,62.03
arm,Armenia,1965,7585.01784,63.59,8.933930243790414,62.86
arm,Armenia,1966,7810.4057,64.2,8.963212187707365,63.59
arm,Armenia,1967,8013.62382,64.68,8.988898349739976,64.2
arm,Armenia,1968,8338.7499,65.07,9.02866859203152,64.68
arm,Armenia,1969,8315.15641,65.25,9.025835202033395,65.07
arm,Armenia,1970,8805.06468,65.86,9.083082366729561,65.25
arm,Armenia,1971,8844.19298,66.36,9.087516362182512,65.86
arm,Armenia,1972,8697.58615,66.78,9.070800812122197,66.36
arm,Armenia,1973,9222.37472,67.22,9.129387845209413,66.78
arm,Armenia,1974,9054.85032,67.9,9.111055840087019,67.22
arm,Armenia,1975,8890.36899,68.23,9.092723833833318,67.9
arm,Armenia,1976,8728.87547,68.96,9.074391828394612,68.23
arm,Armenia,1977,8570.31548,69.52,9.056059823049631,68.96
arm,Armenia,1978,8414.63573,69.66,9.037727817512069,69.52
arm,Armenia,1979,8261.7839,70.18,9.019395811720182,69.66
arm,Armenia,1980,8111.70862,70.2,9.001063805560593,70.18
arm,Armenia,1981,8247.98504,70.46,9.017724211922115,70.2
arm,Armenia,1982,8383.89366,70.76,9.034067722797179,70.46
arm,Armenia,1983,8342.64356,70.8,9.029135418748371,70.76
arm,Armenia,1984,8518.88213,71.09,9.05004040581612,70.8
arm,Armenia,1985,8680.52873,71.27,9.068837719393708,71.09
arm,Armenia,1986,8514.24276,71.66,9.049495659018959,71.27
arm,Armenia,1987,7933.90904,71.81,8.978901136425748,71.66
arm,Armenia,1988,7458.71659,55.29,8.917138639523428,71.81
arm,Armenia,1989,8351.07027,71.04,9.030144985678957,55.29
arm,Armenia,1990,7590.79331,70.58,8.934691385349405,71.04
arm,Armenia,1991,6465.12685,70.32,8.774177912049817,70.58
arm,Armenia,1992,3749.21414,69.37,8.229301534336466,70.32
arm,Armenia,1993,3441.97754,68.96,8.143801451474193,69.37
arm,Armenia,1994,3676.31367,69.47,8.209665808997384,68.96
arm,Armenia,1995,3950.03629,70.08,8.281480045194737,69.47
arm,Armenia,1996,4147.22789,70.42,8.330195411714579,70.08
arm,Armenia,1997,4264.3424,71.14,8.35804326280941,70.42
arm,Armenia,1998,4556.81793,71.6,8.424379836548653,71.14
arm,Armenia,1999,4704.32549,71.9,8.45623768148737,71.6
arm,Armenia,2000,4860.71825,72.38,8.488941494040803,71.9
arm,Armenia,2001,5288.59752,72.5,8.573308370609437,72.38
arm,Armenia,2002,5964.33327,72.71,8.693552554605075,72.5
arm,Armenia,2003,6779.7368,72.78,8.821693560121926,72.71
arm,Armenia,2004,7476.52129,72.99,8.919522894608956,72.78
arm,Armenia,2005,8511.01241,73.05,9.049116181588928,72.99
arm,Armenia,2006,9640.20116,73.1,9.173697254606791,73.05
arm,Armenia,2007,10980.46168,73.45,9.30387276153839,73.1
arm,Armenia,2008,11773.80791,73.46,9.37363267469378,73.45
arm,Armenia,2009,10157.81885,73.64,9.225999017967288,73.46
arm,Armenia,2010,10438.56419,73.91,9.253262322285067,73.64
arm,Armenia,2011,10990.1771,74.2,9.30475716191751,73.91
arm,Armenia,2012,11796.27412,74.57,9.375539008051053,74.2
arm,Armenia,2013,12194.01895,75.06,9.408700860509526,74.57
arm,Armenia,2014,12667.37573,75.19,9.446785127157876,75.06
arm,Armenia,2015,13112.76009,75.11,9.481341087779523,75.19
arm,Armenia,2016,13192.99407,75.26,9.48744121540289,75.11
arm,Armenia,2017,14243.8749,75.54,9.564082261713777,75.26
arm,Armenia,2018,15037.04524,75.63,9.618272118096634,75.54
arm,Armenia,2019,16215.3608,75.73,9.693714269496027,75.63
arm,Armenia,2020,15052.93598,72.45,9.61932833287863,75.73
arm,Armenia,2021,15921.70528,72.32,9.6754385692398,72.45
arm,Armenia,2022,17886.17839,73.66,9.791783536578853,72.32
atg,Antigua and Barbuda,1960,5000.94471,63.83,8.517382115568946,
atg,Antigua and Barbuda,1961,5130.31848,64.76,8.54292301810916,63.83
atg,Antigua and Barbuda,1962,5261.67186,65.49,8.568204099336482,64.76
atg,Antigua and Barbuda,1963,5396.03066,65.79,8.593418899298161,65.49
atg,Antigua and Barbuda,1964,5534.38572,66.1,8.618735857954077,65.79
atg,Antigua and Barbuda,1965,5675.52208,66.73,8.643917834593958,66.1
atg,Antigua and Barbuda,1966,5820.41658,67.1,8.669127115483537,66.73
atg,Antigua and Barbuda,1967,5967.87642,67.23,8.694146434564644,67.1
atg,Antigua and Barbuda,1968,6118.86462,67.62,8.719131838687638,67.23
atg,Antigua and Barbuda,1969,6274.31105,68.0,8.744218965143626,67.62
atg,Antigua and Barbuda,1970,6431.98775,68.32,8.769038906317189,68.0
atg,Antigua and Barbuda,1971,6800.35218,68.87,8.824729680999551,68.32
atg,Antigua and Barbuda,1972,7213.01892,69.4,8.883642855541963,68.87
atg,Antigua and Barbuda,1973,7754.42442,69.82,8.95601885235326,69.4
atg,Antigua and Barbuda,1974,7956.9148,70.05,8.981796615767111,69.82
atg,Antigua and Barbuda,1975,7466.27538,70.23,8.918151543337574,70.05
atg,Antigua and Barbuda,1976,6746.35909,70.35,8.816758244267184,70.23
atg,Antigua and Barbuda,1977,7183.95709,70.59,8.879605636968652,70.35
atg,Antigua and Barbuda,1978,7384.58893,71.02,8.907150530586186,70.59
atg,Antigua and Barbuda,1979,8132.66135,71.61,9.00364349829825,71.02
atg,Antigua and Barbuda,1980,8642.1755,72.09,9.064409624084798,71.61
atg,Antigua and Barbuda,1981,9513.7428,72.61,9.160492642781946,72.09
atg,Antigua and Barbuda,1982,9930.73403,73.24,9.203389674750339,72.61
atg,Antigua and Barbuda,1983,10873.73936,73.75,9.294105928317995,73.24
atg,Antigua and Barbuda,1984,12277.60399,73.48,9.415532067842914,73.75
atg,Antigua and Barbuda,1985,13664.53219,73.77,9.522558863601267,73.48
atg,Antigua and Barbuda,1986,15505.09276,74.0,9.648923814102917,73.77
atg,Antigua and Barbuda,1987,17165.30679,74.19,9.75064557872945,74.0
atg,Antigua and Barbuda,1988,18855.8291,74.32,9.844577381146808,74.19
atg,Antigua and Barbuda,1989,20528.87392,74.26,9.9295876580459,74.32
atg,Antigua and Barbuda,1990,21696.89565,74.04,9.98492447169115,74.26
atg,Antigua and Barbuda,1991,21975.59824,74.02,9.997687945846074,74.04
atg,Antigua and Barbuda,1992,21842.33061,73.97,9.991605137077512,74.02
atg,Antigua and Barbuda,1993,22541.01725,73.38,10.023091917453838,73.97
atg,Antigua and Barbuda,1994,23550.13862,73.35,10.066886985626816,73.38
atg,Antigua and Barbuda,1995,22043.3636,73.26,10.000766865052732,73.35
atg,Antigua and Barbuda,1996,22985.91459,73.96,10.042636898181785,73.26
atg,Antigua and Barbuda,1997,23718.08067,73.46,10.073992933733225,73.96
atg,Antigua and Barbuda,1998,24336.43185,74.53,10.09972975965721,73.46
atg,Antigua and Barbuda,1999,24770.44906,74.66,10.117406651507608,74.53
atg,Antigua and Barbuda,2000,25853.23485,74.83,10.160191011372302,74.66
atg,Antigua and Barbuda,2001,24259.00936,75.09,10.096543347369163,74.83
atg,Antigua and Barbuda,2002,24170.76163,75.36,10.092898984578797,75.09
atg,Antigua and Barbuda,2003,25326.21687,75.6,10.139595378110588,75.36
atg,Antigua and Barbuda,2004,26468.17333,75.72,10.183698283773044,75.6
atg,Antigua and Barbuda,2005,27830.44701,75.9,10.233885916554074,75.72
atg,Antigua and Barbuda,2006,30945.55644,75.89,10.339984695592019,75.9
atg,Antigua and Barbuda,2007,33336.85979,75.08,10.41441896440636,75.89
atg,Antigua and Barbuda,2008,32814.87869,75.19,10.398637310115983,75.08
atg,Antigua and Barbuda,2009,28430.15923,75.84,10.255205805403191,75.19
atg,Antigua and Barbuda,2010,25826.60864,75.92,10.159160582076938,75.84
atg,Antigua and Barbuda,2011,25023.91745,75.95,10.127587344506477,75.92
atg,Antigua and Barbuda,2012,25592.90661,76.02,10.150070506525486,75.95
atg,Antigua and Barbuda,2013,25206.84583,76.11,10.134870896527275,76.02
atg,Antigua and Barbuda,2014,25557.52491,75.97,10.148687069295665,76.11
atg,Antigua and Barbuda,2015,25734.15164,75.97,10.15557424632103,75.97
atg,Antigua and Barbuda,2016,26627.71454,76.02,10.189707852368704,75.97
atg,Antigua and Barbuda,2017,27199.19524,76.09,10.210942665081685,76.02
atg,Antigua and Barbuda,2018,28878.60677,76.21,10.270856349807067,76.09
atg,Antigua and Barbuda,2019,29651.86415,76.29,10.297280274287631,76.21
atg,Antigua and Barbuda,2020,23930.6715,76.43,10.08291624152,76.29
atg,Antigua and Barbuda,2021,25745.49581,76.1,10.156014970791595,76.43
atg,Antigua and Barbuda,2022,27941.78515,76.82,10.237878523039077,76.1
aus,Australia,1960,16711.75944,71.11,9.723867908685698,
aus,Australia,1961,16389.51546,71.29,9.704397108152616,71.11
aus,Australia,1962,17004.21457,71.21,9.741216508194642,71.29
aus,Australia,1963,17642.367,71.18,9.778058504232428,71.21
aus,Australia,1964,18353.84922,71.02,9.81759459824224,71.18
aus,Australia,1965,18628.36629,71.1,9.832440767318866,71.02
aus,Australia,1966,18907.88395,71.12,9.847334254280582,71.1
aus,Australia,1967,19592.00639,71.1,9.882876924785483,71.12
aus,Australia,1968,20332.845,71.04,9.919992837805498,71.1
aus,Australia,1969,21068.6152,71.15,9.95553978086045,71.04
aus,Australia,1970,21583.35614,71.15,9.979677747572653,71.15
aus,Australia,1971,21915.47038,71.44,9.994948076460119,71.15
aus,Australia,1972,21998.01538,71.78,9.998707518271287,71.44
aus,Australia,1973,22587.14444,71.93,10.025136193326668,71.78
aus,Australia,1974,22557.08136,71.95,10.023804324902246,71.93
aus,Australia,1975,22732.48554,72.51,10.031550261506167,71.95
aus,Australia,1976,23198.50571,72.85,10.051843146528325,72.51
aus,Australia,1977,23020.05156,73.28,10.04412092206485,72.85
aus,Australia,1978,23412.35103,73.76,10.061018983891739,73.28
aus,Australia,1979,23927.18628,74.22,10.08277059271047,73.76
aus,Australia,1980,24128.36428,74.51,10.091143368505383,74.22
aus,Australia,1981,25836.30877,74.8,10.159536098234378,74.51
aus,Australia,1982,26227.51997,74.91,10.174564519019897,74.8
aus,Australia,1983,26346.68034,75.32,10.179097562731238,74.91
aus,Australia,1984,28278.41254,75.5,10.24985398477159,75.32
aus,Australia,1985,29895.88309,75.59,10.305476060601077,75.5
aus,Australia,1986,30482.20523,76.05,10.32489835724906,75.59
aus,Australia,1987,31944.80359,76.22,10.371764804637515,76.05
aus,Australia,1988,33488.01588,76.36,10.418942918885381,76.22
aus,Australia,1989,35372.39585,76.46,10.473687016688078,76.36
aus,Australia,1990,36304.91547,77.0,10.499708423482206,76.46
aus,Australia,1991,35680.8378,77.43,10.482369067359977,77.0
aus,Australia,1992,35729.37179,77.62,10.483728368719031,77.43
aus,Australia,1993,36887.9858,77.93,10.515641188937433,77.62
aus,Australia,1994,38070.97216,78.01,10.54720738516818,77.93
aus,Australia,1995,39087.28166,78.29,10.57355241582149,78.01
aus,Australia,1996,40136.30978,78.47,10.600036684392226,78.29
aus,Australia,1997,41271.92453,78.77,10.62793775432231,78.47
aus,Australia,1998,42783.84906,79.09,10.663915951941071,78.77
aus,Australia,1999,44369.39423,79.4,10.700305191586494,79.09
aus,Australia,2000,45546.30419,79.72,10.72648476196489,79.4
aus,Australia,2001,45886.74826,80.06,10.733931645431728,79.72
aus,Australia,2002,47144.6969,80.27,10.760976808777404,80.06
aus,Australia,2003,48004.27426,80.59,10.779045333008906,80.27
aus,Australia,2004,49439.27404,80.92,10.80850040836681,80.59
aus,Australia,2005,50323.82948,81.24,10.826233991022391,80.92
aus,Australia,2006,50945.63779,81.48,10.83851441751738,81.24
aus,Australia,2007,51853.37495,81.55,10.856175302185463,81.48
aus,Australia,2008,52538.92042,81.65,10.869309515255297,81.55
aus,Australia,2009,52353.57082,81.87,10.86577542447866,81.65
aus,Australia,2010,52589.81821,82.12,10.87027780983659,81.87
aus,Australia,2011,53112.53287,82.28,10.880168203297904,82.12
aus,Australia,2012,54237.59191,82.56,10.901129524689177,82.28
aus,Australia,2013,54699.35162,82.71,10.909607134957737,82.56
aus,Australia,2014,55288.11534,82.72,10.920313251936035,82.71
aus,Australia,2015,55691.69885,82.73,10.927586381595178,82.72
aus,Australia,2016,56341.51816,82.95,10.939186987464192,82.73
aus,Australia,2017,56684.64733,83.0,10.945258682856972,82.95
aus,Australia,2018,57450.38104,82.9,10.95867691580495,83.0
aus,Australia,2019,57837.06069,82.89,10.965385037595313,82.9
aus,Australia,2020,57059.74364,84.11,10.951854131942817,82.89
aus,Australia,2021,58182.33695,84.31,10.97133709882586,84.11
aus,Australia,2022,59883.64704,83.36,11.000158742490504,84.31
aut,Austria,1960,13101.66148,68.96,9.480494331681282,
aut,Austria,1961,13678.76094,69.58,9.523599612513015,68.96
aut,Austria,1962,13866.40987,69.65,9.537224638419382,69.58
aut,Austria,1963,14309.78333,69.78,9.56869873127584,69.65
aut,Austria,1964,15028.78735,70.04,9.61772279752266,69.78
aut,Austria,1965,15303.73699,70.09,9.63585232526933,70.04
aut,Austria,1966,16001.8548,70.22,9.680459919503134,70.09
aut,Austria,1967,16331.50038,70.23,9.700851060494683,70.22
aut,Austria,1968,16913.06555,70.27,9.735841711683436,70.23
aut,Austria,1969,17870.74157,70.16,9.790920105333864,70.27
aut,Austria,1970,19019.11271,70.21,9.853199684643185,70.16
aut,Austria,1971,19844.53933,70.38,9.89568415154385,70.21
aut,Austria,1972,20910.73471,70.66,9.94801792858206,70.38
aut,Austria,1973,21770.22673,71.09,9.988298568965357,70.66
aut,Austria,1974,22517.33506,71.21,10.022040738661602,71.09
aut,Austria,1975,22384.13982,71.44,10.016107943311772,71.21
aut,Austria,1976,23355.67516,71.85,10.05859528110325,71.44
aut,Austria,1977,24428.34303,72.15,10.103499336736652,71.85
aut,Austria,1978,24314.25986,72.37,10.098818282728281,72.15
aut,Austria,1979,25591.73175,72.62,10.150024599783235,72.37
aut,Austria,1980,26039.61845,72.84,10.1673744437574,72.62
aut,Austria,1981,27292.67585,73.1,10.214373661295708,72.84
aut,Austria,1982,28747.97219,73.27,10.266322511216222,73.1
aut,Austria,1983,30324.34609,73.49,10.31970617018322,73.27
aut,Austria,1984,31098.96948,73.87,10.344929961927008,73.49
aut,Austria,1985,32424.94522,74.26,10.386683319746055,73.87
aut,Austria,1986,33610.12223,74.69,10.422582557427802,74.26
aut,Austria,1987,34728.93932,75.12,10.455328604528868,74.69
aut,Austria,1988,36136.26509,75.52,10.495052213205252,75.12
aut,Austria,1989,38556.89154,75.7,10.55989013188582,75.52
aut,Austria,1990,41070.5472,75.97,10.62304653045571,75.7
aut,Austria,1991,42219.38956,76.09,10.650634862747335,75.97
aut,Austria,1992,42786.2777,76.26,10.663972715676094,76.09
aut,Austria,1993,42808.8432,76.46,10.664499977050003,76.26
aut,Austria,1994,43817.65719,76.74,10.687792147320367,76.46
aut,Austria,1995,45065.66395,77.03,10.715875904045188,76.74
aut,Austria,1996,46164.60551,77.28,10.73996866895198,77.03
aut,Austria,1997,47249.87352,77.65,10.76320525609291,77.28
aut,Austria,1998,48994.13445,77.91,10.799455864825495,77.65
aut,Austria,1999,50866.81311,78.17,10.836965988124852,77.91
aut,Austria,2000,52517.46107,78.49,10.868900985092843,78.17
aut,Austria,2001,53143.62112,78.86,10.880753360010617,78.49
aut,Austria,2002,53809.15485,79.02,10.89319889617168,78.86
aut,Austria,2003,54262.66063,79.14,10.901591619843044,79.02
aut,Austria,2004,55440.73462,79.49,10.923069884497496,79.14
aut,Austria,2005,56453.61958,79.75,10.941174687628491,79.49
aut,Austria,2006,58131.01608,80.11,10.970454639985261,79.75
aut,Austria,2007,60240.1574,80.29,11.006094475352167,80.11
aut,Austria,2008,61035.70774,80.5,11.019214344678517,80.29
aut,Austria,2009,58788.94457,80.55,10.981709098692201,80.5
aut,Austria,2010,59803.37263,80.79,10.998817336843372,80.55
aut,Austria,2011,61346.95947,81.0,11.024300888519702,80.79
aut,Austria,2012,61451.5491,81.15,11.026004323789536,81.0
aut,Austria,2013,60937.25691,81.33,11.017600038563016,81.15
aut,Austria,2014,60919.84071,81.51,11.017314192265037,81.33
aut,Austria,2015,61025.99945,81.57,11.019055272841099,81.51
aut,Austria,2016,61647.77947,81.78,11.029192489614537,81.57
aut,Austria,2017,62612.13993,82.0,11.04471446688072,81.78
aut,Austria,2018,63855.78168,82.12,11.06438240834005,82.0
aut,Austria,2019,64688.14382,82.16,11.077333215165243,82.12
aut,Austria,2020,60349.90228,81.76,11.007914607303157,82.16
aut,Austria,2021,62968.94223,81.84,11.050396903342653,81.76
aut,Austria,2022,65661.45219,82.67,11.0922673076249,81.84
aze,Azerbaijan,1960,6044.16273,48.6,8.70684824725255,
aze,Azerbaijan,1961,6307.08823,50.16,8.749429395784132,48.6
aze,Azerbaijan,1962,6401.32006,51.7,8.764259507454224,50.16
aze,Azerbaijan,1963,6189.23517,53.1,8.73056679907853,51.7
aze,Azerbaijan,1964,6925.49287,54.41,8.842964501086069,53.1
aze,Azerbaijan,1965,7261.71523,55.57,8.890371337490173,54.41
aze,Azerbaijan,1966,7561.57323,56.59,8.930834546730292,55.57
aze,Azerbaijan,1967,7848.62724,57.48,8.968093921598882,56.59
aze,Azerbaijan,1968,8261.80518,58.19,9.019398387431778,57.48
aze,Azerbaijan,1969,8336.61071,58.38,9.028412023065874,58.19
aze,Azerbaijan,1970,8932.64215,59.88,9.09746750356887,58.38
aze,Azerbaijan,1971,9119.59231,61.0,9.118180379218298,59.88
aze,Azerbaijan,1972,9120.76487,61.92,9.11830894687627,61.0
aze,Azerbaijan,1973,9835.94452,62.84,9.193798762815906,61.92
aze,Azerbaijan,1974,9867.42726,63.67,9.196994435835142,62.84
aze,Azerbaijan,1975,9899.01076,64.32,9.200190107897699,63.67
aze,Azerbaijan,1976,9930.69536,65.24,9.203385780770782,64.32
aze,Azerbaijan,1977,9962.48138,65.25,9.20658145408794,65.24
aze,Azerbaijan,1978,9994.36914,64.81,9.209777127383724,65.25
aze,Azerbaijan,1979,10026.35896,65.59,9.212972800094967,64.81
aze,Azerbaijan,1980,10058.45117,66.24,9.216168472556257,65.59
aze,Azerbaijan,1981,10527.83169,66.27,9.261777666545209,66.24
aze,Azerbaijan,1982,11020.8867,66.64,9.307547542264867,66.27
aze,Azerbaijan,1983,11286.88313,66.8,9.331396545512012,66.64
aze,Azerbaijan,1984,11794.78388,66.75,9.37541266865568,66.8
aze,Azerbaijan,1985,12089.21749,66.93,9.40006921777554,66.75
aze,Azerbaijan,1986,12252.83037,66.87,9.413512239897036,66.93
aze,Azerbaijan,1987,12738.3,66.77,9.452368482231932,66.87
aze,Azerbaijan,1988,13226.38136,66.75,9.489968701933535,66.77
aze,Azerbaijan,1989,11955.24193,67.0,9.388925116408704,66.75
aze,Azerbaijan,1990,10510.32985,66.87,9.260113847774331,67.0
aze,Azerbaijan,1991,10340.09016,66.33,9.243783867560188,66.87
aze,Azerbaijan,1992,7913.26922,64.5,8.976296277525071,66.33
aze,Azerbaijan,1993,6014.37323,64.27,8.701907421815704,64.5
aze,Azerbaijan,1994,4779.6486,63.8,8.472122308138816,64.27
aze,Azerbaijan,1995,4166.54567,64.69,8.334842595000637,63.8
aze,Azerbaijan,1996,4199.58193,65.32,8.342740258840788,64.69
aze,Azerbaijan,1997,4434.00156,65.71,8.397057742002987,65.32
aze,Azerbaijan,1998,4808.12125,65.98,8.478061694283088,65.71
aze,Azerbaijan,1999,5157.74366,66.24,8.548254487649134,65.98
aze,Azerbaijan,2000,5652.91901,66.55,8.639927329666593,66.24
aze,Azerbaijan,2001,6148.07154,67.06,8.723893740895274,66.55
aze,Azerbaijan,2002,6679.78178,67.18,8.806840598332421,67.06
aze,Azerbaijan,2003,7318.7397,67.11,8.898193420000887,67.18
aze,Azerbaijan,2004,7940.9474,67.21,8.979787867022372,67.11
aze,Azerbaijan,2005,10056.51613,67.31,9.215976074529742,67.21
aze,Azerbaijan,2006,13382.80963,67.74,9.501726298932443,67.31
aze,Azerbaijan,2007,16603.11847,68.23,9.717345816339776,67.74
aze,Azerbaijan,2008,17986.23868,68.46,9.797362226707772,68.23
aze,Azerbaijan,2009,19260.39807,68.76,9.865806353362832,68.46
aze,Azerbaijan,2010,19925.3901,68.98,9.899750081885832,68.76
aze,Azerbaijan,2011,19358.07779,69.24,9.870865068194606,68.98
aze,Azerbaijan,2012,19523.37371,69.5,9.879367678537193,69.24
aze,Azerbaijan,2013,20398.64619,69.74,9.923223814394877,69.5
aze,Azerbaijan,2014,20709.20162,69.93,9.938333403187826,69.74
aze,Azerbaijan,2015,20678.75396,70.15,9.936862073422144,69.93
aze,Azerbaijan,2016,19822.41059,70.3,9.894568424605419,70.15
aze,Azerbaijan,2017,19659.00485,70.43,9.886290774413919,70.3
aze,Azerbaijan,2018,19781.85091,70.77,9.892520175621906,70.43
aze,Azerbaijan,2019,20101.4919,71.0,9.908549315173309,70.77
aze,Azerbaijan,2020,19126.09685,64.94,9.858809008684181,71.0
aze,Azerbaijan,2021,20111.3757,67.37,9.90904088917879,64.94
aze,Azerbaijan,2022,21051.24424,71.37,9.95471494615227,67.37
bdi,Burundi,1960,844.3823,43.92,6.738605354124908,
bdi,Burundi,1961,701.99906,44.16,6.5539320649935755,43.92
bdi,Burundi,1962,742.49548,44.43,6.610016783116238,44.16
bdi,Burundi,1963,759.34796,44.72,6.632460117664473,44.43
bdi,Burundi,1964,779.71348,45.04,6.658926518866889,44.72
bdi,Burundi,1965,785.82193,45.31,6.666730214599538,45.04
bdi,Burundi,1966,793.34186,45.4,6.676254225838812,45.31
bdi,Burundi,1967,854.93118,45.57,6.751020974469097,45.4
bdi,Burundi,1968,825.3111,45.7,6.715760406162864,45.57
bdi,Burundi,1969,793.18894,45.72,6.67606145302851,45.7
bdi,Burundi,1970,969.33498,45.96,6.8766102487458935,45.72
bdi,Burundi,1971,975.55778,46.17,6.8830093894725755,45.96
bdi,Burundi,1972,916.71227,17.15,6.820793649845972,46.17
bdi,Burundi,1973,965.72778,46.77,6.872881993256851,17.15
bdi,Burundi,1974,941.86094,47.01,6.8478576415984715,46.77
bdi,Burundi,1975,917.35684,47.19,6.82149653505681,47.01
bdi,Burundi,1976,986.47641,47.44,6.894139412353642,47.19
bdi,Burundi,1977,1044.95147,47.78,6.951725723129145,47.44
bdi,Burundi,1978,1060.97171,48.07,6.966940474733529,47.78
bdi,Burundi,1979,1034.03474,48.33,6.941223652182902,48.07
bdi,Burundi,1980,975.87089,48.49,6.883330292826616,48.33
bdi,Burundi,1981,1103.36664,48.74,7.006121366558549,48.49
bdi,Burundi,1982,1098.61817,48.93,7.001808460003498,48.74
bdi,Burundi,1983,1127.91475,49.11,7.028125852960842,48.93
bdi,Burundi,1984,1119.67373,49.24,7.020792609349412,49.11
bdi,Burundi,1985,1238.92647,49.33,7.122000533621111,49.24
bdi,Burundi,1986,1262.6674,49.43,7.140981746419105,49.33
bdi,Burundi,1987,1308.03219,49.43,7.176279141806064,49.43
bdi,Burundi,1988,1364.226,49.33,7.218342513828037,49.43
bdi,Burundi,1989,1380.74876,49.04,7.230381210718247,49.33
bdi,Burundi,1990,1425.29552,48.72,7.262134453658122,49.04
bdi,Burundi,1991,1462.28611,48.09,7.28775631883785,48.72
bdi,Burundi,1992,1435.73604,47.45,7.26943291655592,48.09
bdi,Burundi,1993,1383.12394,47.38,7.232099944424541,47.45
bdi,Burundi,1994,1329.26863,43.92,7.192384167708464,47.38
bdi,Burundi,1995,1155.95167,43.35,7.052679240399868,43.92
bdi,Burundi,1996,1052.81204,43.0,6.959219996675873,43.35
bdi,Burundi,1997,1032.46566,43.01,6.939705065202189,43.0
bdi,Burundi,1998,1057.25872,43.86,6.963434724131306,43.01
bdi,Burundi,1999,1019.60248,44.34,6.927168104825405,43.86
bdi,Burundi,2000,988.06467,44.69,6.89574815107134,44.34
bdi,Burundi,2001,982.29729,45.79,6.889894001845704,44.69
bdi,Burundi,2002,996.91237,46.86,6.904662872417919,45.79
bdi,Burundi,2003,954.10637,47.87,6.860775164184522,46.86
bdi,Burundi,2004,963.73197,49.18,6.870813216531333,47.87
bdi,Burundi,2005,937.35638,50.3,6.843063551442397,49.18
bdi,Burundi,2006,953.30578,54.54,6.859935712630213,50.3
bdi,Burundi,2007,950.63619,55.74,6.857131434147433,54.54
bdi,Burundi,2008,956.92423,56.8,6.86372421381483,55.74
bdi,Burundi,2009,944.66136,57.71,6.850826514064973,56.8
bdi,Burundi,2010,947.62142,58.55,6.853955076503615,57.71
bdi,Burundi,2011,951.18846,59.35,6.857712213259244,58.55
bdi,Burundi,2012,958.6574,60.17,6.86553376392305,59.35
bdi,Burundi,2013,970.37539,60.84,6.8776829966322435,60.17
bdi,Burundi,2014,977.76584,61.39,6.885270213964638,60.84
bdi,Burundi,2015,918.55719,61.75,6.822804167278608,61.39
bdi,Burundi,2016,897.45905,62.37,6.799567492580556,61.75
bdi,Burundi,2017,880.99344,62.95,6.781050179824462,62.37
bdi,Burundi,2018,868.55551,63.4,6.766831498434321,62.95
bdi,Burundi,2019,855.73272,63.83,6.751958084393095,63.4
bdi,Burundi,2020,833.92026,63.03,6.726137786276883,63.83
bdi,Burundi,2021,836.66557,63.13,6.729424432699889,63.03
bdi,Burundi,2022,829.38716,63.45,6.720687066621794,63.13
bel,Belgium,1960,13587.61433,70.07,9.51691394574549,
bel,Belgium,1961,14123.60805,70.39,9.555603006026008,70.07
bel,Belgium,1962,14710.366,70.42,9.596307694319266,70.39
bel,Belgium,1963,15184.77714,70.4,9.62804870104683,70.42
bel,Belgium,1964,16039.78761,70.69,9.682827640061019,70.4
bel,Belgium,1965,16388.84663,70.76,9.704356298913993,70.69
bel,Belgium,1966,16720.57572,70.81,9.724395319060244,70.76
bel,Belgium,1967,17207.50348,70.79,9.753100816509896,70.81
bel,Belgium,1968,17816.06211,70.85,9.787855695123314,70.79
bel,Belgium,1969,18842.56847,70.88,9.843873869517576,70.85
bel,Belgium,1970,19910.4411,71.1,9.898999551508963,70.88
bel,Belgium,1971,20500.62546,71.27,9.928210674904975,71.1
bel,Belgium,1972,21413.96738,71.52,9.971798669414543,71.27
bel,Belgium,1973,22562.7077,71.78,10.024053720573033,71.52
bel,Belgium,1974,23345.2286,72.01,10.058147899603828,71.78
bel,Belgium,1975,22878.96868,72.15,10.037973369302993,72.01
bel,Belgium,1976,24022.03352,72.36,10.086726751501024,72.15
bel,Belgium,1977,24031.13815,72.76,10.087105691320916,72.36
bel,Belgium,1978,24573.90976,72.91,10.109440580246932,72.76
bel,Belgium,1979,25009.90596,73.21,10.127027263768634,72.91
bel,Belgium,1980,25986.23388,73.33,10.165322210633073,73.21
bel,Belgium,1981,27077.86197,73.61,10.206471771545942,73.33
bel,Belgium,1982,28258.56039,73.81,10.249151713327363,73.61
bel,Belgium,1983,28922.87452,73.97,10.272388066907286,73.81
bel,Belgium,1984,30271.1572,74.31,10.317950630554948,73.97
bel,Belgium,1985,31278.09864,74.61,10.350673407645514,74.31
bel,Belgium,1986,32212.2473,74.91,10.380102010149097,74.61
bel,Belgium,1987,33481.60781,75.31,10.41875154644915,74.91
bel,Belgium,1988,35872.00957,75.66,10.487712592653741,75.31
bel,Belgium,1989,37970.03825,75.86,10.544552660599583,75.66
bel,Belgium,1990,40148.03257,76.15,10.600328716181743,75.86
bel,Belgium,1991,40822.36832,76.36,10.616985453299145,76.15
bel,Belgium,1992,41370.09007,76.48,10.63031343663462,76.36
bel,Belgium,1993,40899.4883,76.58,10.618872830950185,76.48
bel,Belgium,1994,42177.99937,76.79,10.649654022135012,76.58
bel,Belgium,1995,43182.34357,77.01,10.673186977028601,76.79
bel,Belgium,1996,43779.28736,77.31,10.686916093191972,77.01
bel,Belgium,1997,45411.82304,77.52,10.723527769509458,77.31
bel,Belgium,1998,46293.93388,77.67,10.742766213780172,77.52
bel,Belgium,1999,47915.4281,77.84,10.777192821309587,77.67
bel,Belgium,2000,49661.30813,78.04,10.812981400438941,77.84
bel,Belgium,2001,50107.04562,78.3,10.821916908323049,78.04
bel,Belgium,2002,50830.50141,78.45,10.836251874842423,78.3
bel,Belgium,2003,51220.07901,78.68,10.843886902313827,78.45
bel,Belgium,2004,52915.96859,79.08,10.876460435999814,78.68
bel,Belgium,2005,53931.0984,79.32,10.895462555266457,79.08
bel,Belgium,2006,55036.00936,79.64,10.915742965618191,79.32
bel,Belgium,2007,56730.34608,79.76,10.946064550777944,79.64
bel,Belgium,2008,56634.78441,79.88,10.944378640970907,79.76
bel,Belgium,2009,55194.46025,80.04,10.918617869439151,79.88
bel,Belgium,2010,56265.01535,80.23,10.937828224000198,80.04
bel,Belgium,2011,56610.26701,80.4,10.943945643677417,80.23
bel,Belgium,2012,56381.68884,80.48,10.939899718813301,80.4
bel,Belgium,2013,56287.99766,80.67,10.938236605965368,80.48
bel,Belgium,2014,57028.05797,81.03,10.951298670791537,80.67
bel,Belgium,2015,57534.39661,81.09,10.960138249847043,81.03
bel,Belgium,2016,57927.04288,81.31,10.966939616352404,81.09
bel,Belgium,2017,58555.15248,81.38,10.977724366520324,81.31
bel,Belgium,2018,59383.87733,81.4,10.991778043087315,81.38
bel,Belgium,2019,60506.65977,81.41,11.010508716803677,81.4
bel,Belgium,2020,57358.83703,80.37,10.957082200137698,81.41
bel,Belgium,2021,60669.21377,81.45,11.013191661729248,80.37
bel,Belgium,2022,62744.203,81.87,11.046821470256388,81.45
ben,Benin,1960,1765.88782,44.78,7.476408857062487,
ben,Benin,1961,1763.29678,45.05,7.474940506290734,44.78
ben,Benin,1962,1654.45246,45.32,7.411225393192423,45.05
ben,Benin,1963,1685.87749,45.8,7.430041472813762,45.32
ben,Benin,1964,1734.48139,46.25,7.458463737035439,45.8
ben,Benin,1965,1771.12698,46.76,7.479371334817283,46.25
ben,Benin,1966,1780.05087,47.2,7.484397221529455,46.76
ben,Benin,1967,1781.26343,47.61,7.48507818363766,47.2
ben,Benin,1968,1804.77459,47.96,7.498190982082288,47.61
ben,Benin,1969,1822.38057,48.2,7.507898930871375,47.96
ben,Benin,1970,1803.2995,48.54,7.497373321443737,48.2
ben,Benin,1971,1789.15788,48.8,7.489500330034109,48.54
ben,Benin,1972,1907.7465,49.32,7.553677981546123,48.8
ben,Benin,1973,1933.00661,49.87,7.56683189875758,49.32
ben,Benin,1974,2005.02904,50.4,7.603413823426304,49.87
ben,Benin,1975,1812.22597,50.76,7.502311186333109,50.4
ben,Benin,1976,1782.48399,51.18,7.485763170480934,50.76
ben,Benin,1977,1803.12229,51.57,7.497275046749061,51.18
ben,Benin,1978,1739.04731,51.97,7.461092719274623,51.57
ben,Benin,1979,1819.92257,52.37,7.506549235209778,51.97
ben,Benin,1980,1927.36478,52.71,7.5639089499286545,52.37
ben,Benin,1981,2026.93707,53.01,7.614281100089455,52.71
ben,Benin,1982,2137.92676,53.24,7.667591834683917,53.01
ben,Benin,1983,2052.2944,53.43,7.62671366578543,53.24
ben,Benin,1984,2092.89917,53.63,7.646305546416944,53.43
ben,Benin,1985,2173.85368,53.94,7.684256760908285,53.63
ben,Benin,1986,2181.38152,54.34,7.6877136798350305,53.94
ben,Benin,1987,2103.46995,54.73,7.651343617214248,54.34
ben,Benin,1988,2150.31694,55.18,7.673370524210828,54.73
ben,Benin,1989,2093.15404,55.34,7.646427317444463,55.18
ben,Benin,1990,2265.51561,55.73,7.7255576543946445,55.34
ben,Benin,1991,2280.34509,55.98,7.7320820657585925,55.73
ben,Benin,1992,2267.92908,56.39,7.726622394517461,55.98
ben,Benin,1993,2287.21359,56.7,7.735089582753304,56.39
ben,Benin,1994,2237.31181,56.77,7.713030339349227,56.7
ben,Benin,1995,2331.84615,56.89,7.754415571880663,56.77
ben,Benin,1996,2361.07415,56.86,7.766871942776169,56.89
ben,Benin,1997,2417.12064,57.07,7.790332292573297,56.86
ben,Benin,1998,2430.76444,57.17,7.795961071225449,57.07
ben,Benin,1999,2477.33555,57.34,7.814938886604497,57.17
ben,Benin,2000,2538.05058,57.39,7.839151577153766,57.34
ben,Benin,2001,2588.96065,57.58,7.859011780717531,57.39
ben,Benin,2002,2624.71693,57.88,7.872728333020508,57.58
ben,Benin,2003,2631.44771,58.12,7.875289433800283,57.88
ben,Benin,2004,2663.81673,58.46,7.887515234248747,58.12
ben,Benin,2005,2623.1785,58.81,7.87214202940048,58.46
ben,Benin,2006,2643.19254,59.13,7.879742760986114,58.81
ben,Benin,2007,2720.93466,59.5,7.908730725264494,59.13
ben,Benin,2008,2771.27796,60.14,7.927063850189502,59.5
ben,Benin,2009,2754.5594,60.73,7.9210127813925455,60.14
ben,Benin,2010,2733.574,61.1,7.9133651894886565,60.73
ben,Benin,2011,2732.0125,61.41,7.912793796082849,61.1
ben,Benin,2012,2779.72648,61.72,7.93010781335501,61.41
ben,Benin,2013,2893.0467,62.02,7.970065447258568,61.72
ben,Benin,2014,2987.38236,62.32,8.002152818058597,62.02
ben,Benin,2015,2952.00218,62.64,7.990238924202475,62.32
ben,Benin,2016,2962.66382,63.02,7.99384408180481,62.64
ben,Benin,2017,3041.7793,63.41,8.02019791923397,63.02
ben,Benin,2018,3155.45107,63.96,8.056886734645158,63.41
ben,Benin,2019,3281.1047,64.49,8.0959354434547,63.96
ben,Benin,2020,3317.85972,64.1,8.107075191375618,64.49
ben,Benin,2021,3464.28863,63.82,8.150262588959446,64.1
ben,Benin,2022,3588.3252,63.96,8.185440854523048,63.82
bfa,Burkina Faso,1960,1036.94726,39.54,6.944036348691266,
bfa,Burkina Faso,1961,1004.93057,39.87,6.912673733529612,39.54
bfa,Burkina Faso,1962,1042.04929,40.42,6.948944524457504,39.87
bfa,Burkina Faso,1963,1005.39721,40.91,6.913137976239705,40.42
bfa,Burkina Faso,1964,1004.88102,41.42,6.912624425425055,40.91
bfa,Burkina Faso,1965,1001.65336,41.95,6.909407273687168,41.42
bfa,Burkina Faso,1966,979.63109,42.51,6.887176062018245,41.95
bfa,Burkina Faso,1967,1038.55184,42.8,6.945582560221477,42.51
bfa,Burkina Faso,1968,1049.07612,43.22,6.955665170110629,42.8
bfa,Burkina Faso,1969,1040.70261,43.57,6.947651350568026,43.22
bfa,Burkina Faso,1970,1021.76542,44.06,6.929287214084851,43.57
bfa,Burkina Faso,1971,1011.61414,44.25,6.919302492554981,44.06
bfa,Burkina Faso,1972,1100.33007,44.77,7.0033654774127365,44.25
bfa,Burkina Faso,1973,1013.74431,45.05,6.921405992590197,44.77
bfa,Burkina Faso,1974,999.80885,45.5,6.907564110710648,45.05
bfa,Burkina Faso,1975,961.6828,46.04,6.868684666563177,45.5
bfa,Burkina Faso,1976,924.30303,46.48,6.829039972421802,46.04
bfa,Burkina Faso,1977,959.13509,46.9,6.866031930447708,46.48
bfa,Burkina Faso,1978,1036.2772,47.47,6.943389954597178,46.9
bfa,Burkina Faso,1979,1010.12163,48.03,6.917826028327282,47.47
bfa,Burkina Faso,1980,992.57328,48.64,6.900300843588917,48.03
bfa,Burkina Faso,1981,1044.21842,48.86,6.951023961119657,48.64
bfa,Burkina Faso,1982,1063.66934,49.5,6.969479850925684,48.86
bfa,Burkina Faso,1983,1039.48677,49.86,6.946482379944348,49.5
bfa,Burkina Faso,1984,1043.33889,50.25,6.950181320730501,49.86
bfa,Burkina Faso,1985,1151.05601,50.64,7.048435069570939,50.25
bfa,Burkina Faso,1986,1243.78725,50.87,7.125916237773062,50.64
bfa,Burkina Faso,1987,1209.78488,50.93,7.098197837661171,50.87
bfa,Burkina Faso,1988,1273.29308,50.81,7.149361799867378,50.93
bfa,Burkina Faso,1989,1275.81085,50.86,7.151337216239477,50.81
bfa,Burkina Faso,1990,1255.67978,50.67,7.135432362293,50.86
bfa,Burkina Faso,1991,1317.22312,50.62,7.183281102732012,50.67
bfa,Burkina Faso,1992,1271.21462,50.51,7.147728116100361,50.62
bfa,Burkina Faso,1993,1266.9269,50.53,7.144349483313368,50.51
bfa,Burkina Faso,1994,1236.8505,50.57,7.12032350817682,50.53
bfa,Burkina Faso,1995,1260.91111,50.66,7.139589841806989,50.57
bfa,Burkina Faso,1996,1351.69962,49.95,7.209118057362273,50.66
bfa,Burkina Faso,1997,1388.41119,50.76,7.235915343592144,49.95
bfa,Burkina Faso,1998,1438.63366,51.63,7.271449094907343,50.76
bfa,Burkina Faso,1999,1490.29767,52.08,7.3067311575099225,51.63
bfa,Burkina Faso,2000,1464.85074,52.48,7.2895086323016,52.08
bfa,Burkina Faso,2001,1505.71542,52.88,7.317023426360439,52.48
bfa,Burkina Faso,2002,1514.50187,53.42,7.322841865197464,52.88
bfa,Burkina Faso,2003,1575.74865,54.0,7.362485771657965,53.42
bfa,Burkina Faso,2004,1590.67361,54.63,7.371912859586272,54.0
bfa,Burkina Faso,2005,1670.88941,55.3,7.421111344478284,54.63
bfa,Burkina Faso,2006,1717.69219,55.98,7.4487369188549755,55.3
bfa,Burkina Faso,2007,1732.62043,56.49,7.457390240913705,55.98
bfa,Burkina Faso,2008,1778.65964,57.13,7.483615348394809,56.49
bfa,Burkina Faso,2009,1778.44245,57.57,7.483493232135689,57.13
bfa,Burkina Faso,2010,1873.97146,57.94,7.535815233226688,57.57
bfa,Burkina Faso,2011,1939.8666,58.31,7.5703744868065,57.94
bfa,Burkina Faso,2012,2003.66461,58.6,7.60273308791902,58.31
bfa,Burkina Faso,2013,2057.06393,58.94,7.629034968411622,58.6
bfa,Burkina Faso,2014,2083.19845,59.43,7.641659707966355,58.94
bfa,Burkina Faso,2015,2101.70266,59.9,7.650503085674665,59.43
bfa,Burkina Faso,2016,2162.72579,60.34,7.679124644916221,59.9
bfa,Burkina Faso,2017,2232.28782,60.83,7.71078226680056,60.34
bfa,Burkina Faso,2018,2316.39432,61.29,7.747767083267814,60.83
bfa,Burkina Faso,2019,2391.53627,61.67,7.7796912292190195,61.29
bfa,Burkina Faso,2020,2380.93172,61.36,7.7752471690492095,61.67
bfa,Burkina Faso,2021,2486.43093,60.88,7.818603599767771,61.36
bfa,Burkina Faso,2022,2466.05331,61.39,7.81037430149549,60.88
bgd,Bangladesh,1960,1233.99406,43.82,7.118011390839485,
bgd,Bangladesh,1961,1247.64848,44.56,7.129015842587201,43.82
bgd,Bangladesh,1962,1249.0481,45.49,7.130137020192702,44.56
bgd,Bangladesh,1963,1330.88706,45.43,7.193600961301237,45.49
bgd,Bangladesh,1964,1315.30795,46.72,7.181826099704927,45.43
bgd,Bangladesh,1965,1328.01562,45.87,7.1914410920154,46.72
bgd,Bangladesh,1966,1325.15467,47.73,7.189284463683135,45.87
bgd,Bangladesh,1967,1252.01908,48.04,7.1325127911605355,47.73
bgd,Bangladesh,1968,1321.18493,48.37,7.186284287154277,48.04
bgd,Bangladesh,1969,1322.77936,48.68,7.187490377720105,48.37
bgd,Bangladesh,1970,1371.21622,42.2,7.223453376828395,48.68
bgd,Bangladesh,1971,1274.24863,42.35,7.1501119740773325,42.2
bgd,Bangladesh,1972,1091.25542,49.39,6.995084073922691,42.35
bgd,Bangladesh,1973,1089.93658,49.91,6.993874790044226,49.39
bgd,Bangladesh,1974,1189.03048,49.57,7.080893531349595,49.91
bgd,Bangladesh,1975,1134.77014,50.62,7.034185389581806,49.57
bgd,Bangladesh,1976,1166.83192,51.24,7.062047594492874,50.62
bgd,Bangladesh,1977,1155.93461,51.57,7.052664481888476,51.24
bgd,Bangladesh,1978,1205.4338,52.11,7.094594781140303,51.57
bgd,Bangladesh,1979,1229.43025,52.86,7.114306129668816,52.11
bgd,Bangladesh,1980,1206.12303,53.22,7.0951663870093356,52.86
bgd,Bangladesh,1981,1282.71697,53.38,7.156735740123958,53.22
bgd,Bangladesh,1982,1325.03737,53.65,7.189195941796188,53.38
bgd,Bangladesh,1983,1385.49295,53.08,7.233811275874353,53.65
bgd,Bangladesh,1984,1459.86154,53.57,7.286096874588763,53.08
bgd,Bangladesh,1985,1504.68649,53.75,7.316339843190598,53.57
bgd,Bangladesh,1986,1557.47419,54.95,7.350820679095729,53.75
bgd,Bangladesh,1987,1610.52954,55.79,7.384318310732812,54.95
bgd,Bangladesh,1988,1654.24149,56.48,7.411097868553714,55.79
bgd,Bangladesh,1989,1710.01363,57.68,7.444256620225173,56.48
bgd,Bangladesh,1990,1829.34738,58.19,7.51171455927956,57.68
bgd,Bangladesh,1991,1873.55186,56.79,7.535591298661951,58.19
bgd,Bangladesh,1992,1948.11327,60.24,7.5746166293292685,56.79
bgd,Bangladesh,1993,2016.52094,61.03,7.6091289985887895,60.24
bgd,Bangladesh,1994,2076.63758,61.79,7.6385053165947525,61.03
bgd,Bangladesh,1995,2159.53526,62.24,7.677648320121127,61.79
bgd,Bangladesh,1996,2236.20935,63.08,7.712537456904777,62.24
bgd,Bangladesh,1997,2315.05622,63.84,7.747189251322649,63.08
bgd,Bangladesh,1998,2406.18874,64.52,7.785799339010717,63.84
bgd,Bangladesh,1999,2491.55771,65.11,7.820663380206568,64.52
bgd,Bangladesh,2000,2594.17073,65.47,7.861022179981152,65.11
bgd,Bangladesh,2001,2696.53287,65.99,7.899722104578751,65.47
bgd,Bangladesh,2002,2775.91996,66.34,7.928737488357995,65.99
bgd,Bangladesh,2003,2883.41361,66.66,7.966730152488742,66.34
bgd,Bangladesh,2004,3009.80039,67.12,8.009629039929326,66.66
bgd,Bangladesh,2005,3179.34961,67.44,8.064431929698868,67.12
bgd,Bangladesh,2006,3365.82922,67.79,8.121429636684038,67.44
bgd,Bangladesh,2007,3576.82402,68.22,8.18223054039711,67.79
bgd,Bangladesh,2008,3766.29471,68.98,8.233846961598742,68.22
bgd,Bangladesh,2009,3931.6318,69.58,8.276809834969868,68.98
bgd,Bangladesh,2010,4125.4639,70.04,8.324933753051623,69.58
bgd,Bangladesh,2011,4352.42643,71.14,8.378488768570136,70.04
bgd,Bangladesh,2012,4592.04841,72.26,8.43208148019122,71.14
bgd,Bangladesh,2013,4822.72621,72.81,8.481094650885582,72.26
bgd,Bangladesh,2014,5068.63966,73.05,8.530827748946141,72.81
bgd,Bangladesh,2015,5352.71133,73.59,8.585358502169246,73.05
bgd,Bangladesh,2016,5682.53553,73.91,8.645152808236848,73.59
bgd,Bangladesh,2017,6005.70719,73.9,8.70046549444106,73.91
bgd,Bangladesh,2018,6392.59334,74.24,8.762895308544858,73.9
bgd,Bangladesh,2019,6838.32612,74.55,8.830298261369697,74.24
bgd,Bangladesh,2020,7015.19793,73.7,8.855834207391547,74.55
bgd,Bangladesh,2021,7441.06914,74.12,8.914769819115953,73.7
bgd,Bangladesh,2022,7888.16389,75.47,8.973118673196447,74.12
bgr,Bulgaria,1960,4841.60394,69.39,8.485001337374275,
bgr,Bulgaria,1961,5044.83638,70.28,8.526120500150776,69.39
bgr,Bulgaria,1962,5344.09974,70.0,8.583748378964469,70.28
bgr,Bulgaria,1963,5475.4497,70.55,8.608029688297945,70.0
bgr,Bulgaria,1964,5786.41539,71.34,8.663268275216312,70.55
bgr,Bulgaria,1965,6017.33973,71.52,8.702400535318324,71.34
bgr,Bulgaria,1966,6367.6183,71.36,8.758980785401093,71.52
bgr,Bulgaria,1967,6586.90107,70.94,8.792838269551135,71.36
bgr,Bulgaria,1968,6578.74986,71.38,8.79160001538735,70.94
bgr,Bulgaria,1969,6762.0467,70.72,8.81908088948474,71.38
bgr,Bulgaria,1970,7012.66668,71.47,8.85547331853243,70.72
bgr,Bulgaria,1971,7221.82609,71.0,8.884863120960366,71.47
bgr,Bulgaria,1972,7529.72867,71.14,8.926614286944197,71.0
bgr,Bulgaria,1973,7842.32872,71.51,8.96729109985184,71.14
bgr,Bulgaria,1974,8117.35847,71.28,9.001760068654079,71.51
bgr,Bulgaria,1975,8678.3631,71.26,9.068588206921087,71.28
bgr,Bulgaria,1976,8965.75301,71.42,9.101167376934654,71.26
bgr,Bulgaria,1977,9090.78847,70.95,9.115016923783832,71.42
bgr,Bulgaria,1978,9355.06069,71.16,9.143672726127019,70.95
bgr,Bulgaria,1979,9758.63985,71.14,9.185908310064535,71.16
bgr,Bulgaria,1980,9838.53758,71.22,9.194062359082565,71.14
bgr,Bulgaria,1981,10704.58069,71.31,9.278427030709695,71.22
bgr,Bulgaria,1982,11430.80422,70.96,9.344067114768619,71.31
bgr,Bulgaria,1983,11755.48985,70.88,9.372075631735026,70.96
bgr,Bulgaria,1984,12456.39938,70.55,9.429989776262504,70.88
bgr,Bulgaria,1985,12674.67316,70.36,9.44736104193362,70.55
bgr,Bulgaria,1986,13386.57392,70.38,9.502007537386648,70.36
bgr,Bulgaria,1987,14044.16431,70.29,9.5499622368781,70.38
bgr,Bulgaria,1988,14620.85149,70.09,9.59020397305787,70.29
bgr,Bulgaria,1989,14953.13845,70.08,9.612676486552548,70.09
bgr,Bulgaria,1990,14014.28542,70.08,9.54783247549916,70.08
bgr,Bulgaria,1991,13030.4983,70.12,9.475047911904932,70.08
bgr,Bulgaria,1992,12270.79939,69.85,9.414977685542041,70.12
bgr,Bulgaria,1993,12286.25348,69.72,9.416236313124262,69.85
bgr,Bulgaria,1994,12614.99619,69.3,9.44264155905371,69.72
bgr,Bulgaria,1995,13094.85201,69.42,9.47997445561793,69.3
bgr,Bulgaria,1996,13507.02652,69.31,9.510965311985208,69.42
bgr,Bulgaria,1997,12052.61047,68.91,9.397036551971022,69.31
bgr,Bulgaria,1998,12632.06068,69.44,9.443993359597151,68.91
bgr,Bulgaria,1999,11722.56402,69.96,9.369270812241215,69.44
bgr,Bulgaria,2000,12360.28586,70.16,9.422243858575953,69.96
bgr,Bulgaria,2001,13097.34284,70.43,9.480164651973888,70.16
bgr,Bulgaria,2002,14180.77345,70.71,9.559642343732579,70.43
bgr,Bulgaria,2003,15074.91577,70.93,9.620787434183425,70.71
bgr,Bulgaria,2004,16211.61121,71.05,9.693483005842081,70.93
bgr,Bulgaria,2005,17522.70718,71.12,9.77125287195988,71.05
bgr,Bulgaria,2006,18893.69888,71.21,9.846583752867476,71.12
bgr,Bulgaria,2007,20341.2392,71.55,9.92040559203386,71.21
bgr,Bulgaria,2008,21773.76281,71.87,9.988460983114594,71.55
bgr,Bulgaria,2009,21212.03036,72.11,9.962323769521317,71.87
bgr,Bulgaria,2010,21715.87944,72.34,9.985799043342958,72.11
bgr,Bulgaria,2011,22312.39518,72.65,10.012897640695835,72.34
bgr,Bulgaria,2012,22610.05728,73.0,10.02615009866111,72.65
bgr,Bulgaria,2013,22945.5138,73.27,10.040877719256365,73.0
bgr,Bulgaria,2014,23446.40631,73.04,10.06247251309008,73.27
bgr,Bulgaria,2015,24553.14368,73.24,10.108595177163185,73.04
bgr,Bulgaria,2016,25626.82372,73.31,10.151394883469251,73.24
bgr,Bulgaria,2017,26681.42883,73.34,10.191723052943404,73.31
bgr,Bulgaria,2018,27739.50195,73.3,10.230612739489908,73.34
bgr,Bulgaria,2019,29199.83359,73.35,10.281918289267532,73.3
bgr,Bulgaria,2020,28545.70853,71.96,10.259261889600207,73.35
bgr,Bulgaria,2021,30971.91319,70.16,10.340836046648496,71.96
bgr,Bulgaria,2022,32433.14955,69.9,10.386936312994557,70.16
bhr,Bahrain,1960,8236.43416,57.27,9.016322781668448,
bhr,Bahrain,1961,8478.74235,58.06,9.045317410004243,57.27
bhr,Bahrain,1962,8756.57756,58.79,9.077560418093695,58.06
bhr,Bahrain,1963,9082.87038,59.51,9.114145542784952,58.79
bhr,Bahrain,1964,9467.44039,60.22,9.155613863479392,59.51
bhr,Bahrain,1965,9928.5023,60.86,9.203164919883402,60.22
bhr,Bahrain,1966,10431.50013,61.53,9.252585366032182,60.86
bhr,Bahrain,1967,10978.08919,62.14,9.303656673507511,61.53
bhr,Bahrain,1968,11535.02489,62.86,9.353143328386194,62.14
bhr,Bahrain,1969,12133.74853,63.52,9.403745983876743,62.86
bhr,Bahrain,1970,12801.28629,64.18,9.457300936265035,63.52
bhr,Bahrain,1971,13253.02595,64.9,9.491981178925997,64.18
bhr,Bahrain,1972,14256.46868,65.4,9.56496602515223,64.9
bhr,Bahrain,1973,15398.74485,65.99,9.642041281833396,65.4
bhr,Bahrain,1974,16237.4703,66.44,9.695076831877875,65.99
bhr,Bahrain,1975,14168.41305,66.84,9.558770332764416,66.44
bhr,Bahrain,1976,16724.88533,67.17,9.724653028769637,66.84
bhr,Bahrain,1977,17767.33903,67.53,9.785117164859813,67.17
bhr,Bahrain,1978,17756.37263,66.92,9.784499751879249,67.53
bhr,Bahrain,1979,17468.60967,68.16,9.768160816103096,66.92
bhr,Bahrain,1980,17826.64271,68.36,9.788449398680001,68.16
bhr,Bahrain,1981,18836.7112,68.73,9.843562968136315,68.36
bhr,Bahrain,1982,20377.63053,68.98,9.922193035542502,68.73
bhr,Bahrain,1983,21942.42193,69.16,9.99617711652443,68.98
bhr,Bahrain,1984,23010.33687,69.22,10.0436988230787,69.16
bhr,Bahrain,1985,22946.268,69.43,10.040910587886454,69.22
bhr,Bahrain,1986,23153.15977,69.02,10.04988654134502,69.43
bhr,Bahrain,1987,23158.10488,69.39,10.050100101050468,69.02
bhr,Bahrain,1988,24587.29695,69.43,10.109985204401903,69.39
bhr,Bahrain,1989,25277.46286,69.5,10.137668481673604,69.43
bhr,Bahrain,1990,26751.98349,69.53,10.194363898734117,69.5
bhr,Bahrain,1991,30692.87707,69.55,10.331785889391275,69.53
bhr,Bahrain,1992,33371.12659,69.75,10.415446331738925,69.55
bhr,Bahrain,1993,37821.53853,70.08,10.540634021712895,69.75
bhr,Bahrain,1994,38554.64977,70.35,10.559831988319694,70.08
bhr,Bahrain,1995,40335.86077,70.55,10.604996197666487,70.35
bhr,Bahrain,1996,42276.17941,70.68,10.65197907189921,70.55
bhr,Bahrain,1997,43775.31912,70.92,10.686825447133192,70.68
bhr,Bahrain,1998,46023.93608,71.05,10.73691688970156,70.92
bhr,Bahrain,1999,48152.28816,71.2,10.782123937592488,71.05
bhr,Bahrain,2000,50712.61814,71.68,10.833930037115143,71.2
bhr,Bahrain,2001,51285.60742,73.41,10.845165434680341,71.68
bhr,Bahrain,2002,50570.68669,72.68,10.831127372981241,73.41
bhr,Bahrain,2003,51033.55385,72.15,10.840238614000334,72.68
bhr,Bahrain,2004,51564.13976,72.31,10.850581743977443,72.15
bhr,Bahrain,2005,51742.52452,72.66,10.854035246973366,72.31
bhr,Bahrain,2006,51544.47812,72.95,10.850200366733862,72.66
bhr,Bahrain,2007,52029.9827,73.59,10.859575421783813,72.95
bhr,Bahrain,2008,52382.05924,74.01,10.866319430767374,73.59
bhr,Bahrain,2009,50536.55832,74.49,10.830452280483314,74.01
bhr,Bahrain,2010,50704.84797,74.96,10.833776805717966,74.49
bhr,Bahrain,2011,53132.32842,75.32,10.880540843442354,74.96
bhr,Bahrain,2012,54516.84066,75.73,10.90626493585554,75.32
bhr,Bahrain,2013,55376.40051,76.16,10.92190879840459,75.73
bhr,Bahrain,2014,55065.81895,76.57,10.916284456911951,76.16
bhr,Bahrain,2015,54149.91315,76.75,10.899511648549733,76.57
bhr,Bahrain,2016,54107.07522,76.8,10.898720236690215,76.75
bhr,Bahrain,2017,53859.77496,76.76,10.89413918811698,76.8
bhr,Bahrain,2018,54893.07244,76.98,10.913142434471865,76.76
bhr,Bahrain,2019,56749.96284,77.03,10.946410280541672,76.98
bhr,Bahrain,2020,53814.24526,76.22,10.893293492885752,77.03
bhr,Bahrain,2021,54954.67579,75.82,10.914264047931418,76.22
bhr,Bahrain,2022,57572.99798,76.29,10.960808951700466,75.82
bhs,Bahamas,1960,19051.14672,61.93,9.854882574018776,
bhs,Bahamas,1961,20032.48063,62.66,9.905110266723018,61.93
bhs,Bahamas,1962,21006.5085,63.12,9.95258759725905,62.66
bhs,Bahamas,1963,22046.50143,63.56,10.000909202980198,63.12
bhs,Bahamas,1964,23171.13356,64.43,10.050662539837814,63.56
bhs,Bahamas,1965,24396.25192,63.28,10.102184789646028,64.43
bhs,Bahamas,1966,25431.12822,64.56,10.143729223141827,63.28
bhs,Bahamas,1967,26704.23956,64.44,10.19257761680206,64.56
bhs,Bahamas,1968,27825.66243,64.73,10.23371398286845,64.44
bhs,Bahamas,1969,29259.21532,65.09,10.283949856716228,64.73
bhs,Bahamas,1970,26749.43601,65.4,10.19426866836357,65.09
bhs,Bahamas,1971,26261.27993,65.75,10.17585088733922,65.4
bhs,Bahamas,1972,24571.07015,66.29,10.109325019715282,65.75
bhs,Bahamas,1973,25684.72965,66.79,10.153651917247375,66.29
bhs,Bahamas,1974,20790.46344,67.49,9.942249672089899,66.79
bhs,Bahamas,1975,17213.91559,68.21,9.753473381630533,67.49
bhs,Bahamas,1976,17581.76383,68.43,9.774617497833136,68.21
bhs,Bahamas,1977,18625.43327,68.4,9.832283305795977,68.43
bhs,Bahamas,1978,20628.64519,68.5,9.934435932071677,68.4
bhs,Bahamas,1979,25237.30203,68.57,10.13607841831098,68.5
bhs,Bahamas,1980,26066.10447,68.62,10.168391069985649,68.57
bhs,Bahamas,1981,25217.21761,68.74,10.13528227869042,68.62
bhs,Bahamas,1982,27033.67651,69.38,10.204838645929419,68.74
bhs,Bahamas,1983,28415.32718,70.05,10.25468396800595,69.38
bhs,Bahamas,1984,30178.76064,70.35,10.314893665872264,70.05
bhs,Bahamas,1985,31460.90827,70.21,10.35650104682489,70.35
bhs,Bahamas,1986,31882.04786,70.04,10.369798367352995,70.21
bhs,Bahamas,1987,32809.88034,70.16,10.398484978889673,70.04
bhs,Bahamas,1988,33555.51227,70.44,10.420956429053067,70.16
bhs,Bahamas,1989,34977.21183,70.6,10.462452037848609,70.44
bhs,Bahamas,1990,35265.52856,70.86,10.470661237761915,70.6
bhs,Bahamas,1991,33096.27048,71.04,10.407175880696684,70.86
bhs,Bahamas,1992,31146.42027,71.01,10.34645459851077,71.04
bhs,Bahamas,1993,30564.54437,70.72,10.327595935432036,71.01
bhs,Bahamas,1994,30879.69567,70.54,10.337854148844036,70.72
bhs,Bahamas,1995,31608.20591,70.77,10.36117204656001,70.54
bhs,Bahamas,1996,32337.74524,70.4,10.383990410230506,70.77
bhs,Bahamas,1997,32226.31104,71.1,10.380538510920859,70.4
bhs,Bahamas,1998,33173.61209,71.41,10.409510022304158,71.1
bhs,Bahamas,1999,34959.78396,70.77,10.461953650116511,71.41
bhs,Bahamas,2000,35809.90008,71.25,10.485979672706542,70.77
bhs,Bahamas,2001,36163.258,71.26,10.495798910004913,71.25
bhs,Bahamas,2002,36572.30382,71.9,10.507046506698131,71.26
bhs,Bahamas,2003,35540.32688,72.41,10.478423299190261,71.9
bhs,Bahamas,2004,35281.75243,72.42,10.471121180939265,72.41
bhs,Bahamas,2005,35913.06617,73.18,10.488856468426066,72.42
bhs,Bahamas,2006,36219.61497,73.01,10.49735610106616,73.18
bhs,Bahamas,2007,36111.97019,73.61,10.494379673569604,73.01
bhs,Bahamas,2008,34695.01929,73.49,10.45435141932139,73.61
bhs,Bahamas,2009,32721.33578,73.2,10.395782614455511,73.49
bhs,Bahamas,2010,32711.37709,73.24,10.39547821961568,73.2
bhs,Bahamas,2011,32535.5808,73.22,10.390089563314238,73.24
bhs,Bahamas,2012,33667.49761,73.3,10.424288188335852,73.22
bhs,Bahamas,2013,32402.83497,73.5,10.386001197026674,73.3
bhs,Bahamas,2014,32712.66137,73.59,10.395517479802924,73.5
bhs,Bahamas,2015,32777.39561,73.35,10.397494398561834,73.59
bhs,Bahamas,2016,32172.22915,73.68,10.378858910651832,73.35
bhs,Bahamas,2017,33049.8728,73.77,10.405772996558357,73.68
bhs,Bahamas,2018,33650.23692,73.84,10.423775375761313,73.77
bhs,Bahamas,2019,33202.35458,73.36,10.410376073474136,73.84
bhs,Bahamas,2020,26452.52516,74.88,10.183106901916698,73.36
bhs,Bahamas,2021,31064.68222,73.77,10.343826832926721,74.88
bhs,Bahamas,2022,34342.79041,76.61,10.44414738944955,73.77
bih,Bosnia and Herzegovina,1960,2735.14121,61.27,7.913938344236242,
bih,Bosnia and Herzegovina,1961,2739.92333,63.0,7.915685217238795,61.27
bih,Bosnia and Herzegovina,1962,2641.54288,62.22,7.879118449673446,63.0
bih,Bosnia and Herzegovina,1963,2874.4279,63.53,7.963608942125706,62.22
bih,Bosnia and Herzegovina,1964,3088.97772,63.36,8.03559548020238,63.53
bih,Bosnia and Herzegovina,1965,3124.80559,64.15,8.047127349035305,63.36
bih,Bosnia and Herzegovina,1966,3279.9514,65.83,8.095583884195245,64.15
bih,Bosnia and Herzegovina,1967,3152.23135,65.29,8.05586584612692,65.83
bih,Bosnia and Herzegovina,1968,3203.4821,65.52,8.071993653424945,65.29
bih,Bosnia and Herzegovina,1969,3381.43218,65.05,8.126054620625784,65.52
bih,Bosnia and Herzegovina,1970,3420.56189,65.92,8.13756011188329,65.05
bih,Bosnia and Herzegovina,1971,3552.37387,66.58,8.17537135476671,65.92
bih,Bosnia and Herzegovina,1972,3625.91324,66.73,8.195861463836039,66.58
bih,Bosnia and Herzegovina,1973,3672.28171,67.6,8.208568467207261,66.73
bih,Bosnia and Herzegovina,1974,3844.68805,68.14,8.254447747309017,67.6
bih,Bosnia and Herzegovina,1975,3880.13919,68.31,8.263626305685213,68.14
bih,Bosnia and Herzegovina,1976,3830.43402,68.94,8.25073339690316,68.31
bih,Bosnia and Herzegovina,1977,4037.25319,69.22,8.303319836250669,68.94
bih,Bosnia and Herzegovina,1978,4201.6264,69.23,8.343226967409377,69.22
bih,Bosnia and Herzegovina,1979,4407.05494,69.54,8.3909619312948,69.23
bih,Bosnia and Herzegovina,1980,4477.33639,69.74,8.406783592787068,69.54
bih,Bosnia and Herzegovina,1981,4518.63518,69.9,8.415965275902362,69.74
bih,Bosnia and Herzegovina,1982,4494.87566,69.98,8.41069328467663,69.9
bih,Bosnia and Herzegovina,1983,4375.67589,69.62,8.383816276002353,69.98
bih,Bosnia and Herzegovina,1984,4346.86937,70.2,8.377211179927647,69.62
bih,Bosnia and Herzegovina,1985,4294.06615,71.42,8.36498938353665,70.2
bih,Bosnia and Herzegovina,1986,4339.4595,71.87,8.375505080168297,71.42
bih,Bosnia and Herzegovina,1987,4158.10071,72.03,8.33281368890386,71.87
bih,Bosnia and Herzegovina,1988,3959.03695,72.23,8.283756080227517,72.03
bih,Bosnia and Herzegovina,1989,3917.84438,72.34,8.273296878471143,72.23
bih,Bosnia and Herzegovina,1990,3382.69127,73.21,8.126426905378967,72.34
bih,Bosnia and Herzegovina,1991,2977.26812,72.52,7.998761420782914,73.21
bih,Bosnia and Herzegovina,1992,2686.91091,68.07,7.896147452129833,72.52
bih,Bosnia and Herzegovina,1993,2578.91658,69.04,7.855124659487713,68.07
bih,Bosnia and Herzegovina,1994,2922.19843,70.69,7.9800914989713965,69.04
bih,Bosnia and Herzegovina,1995,3319.95497,66.2,8.107706498565541,70.69
bih,Bosnia and Herzegovina,1996,4911.00456,73.51,8.499233794566608,66.2
bih,Bosnia and Herzegovina,1997,6330.23353,73.94,8.753092407032748,73.51
bih,Bosnia and Herzegovina,1998,7191.2874,74.92,8.880625488928798,73.94
bih,Bosnia and Herzegovina,1999,7750.18337,75.41,8.955471782712646,74.92
bih,Bosnia and Herzegovina,2000,8042.28229,75.46,8.992468188805844,75.41
bih,Bosnia and Herzegovina,2001,8163.04151,75.25,9.007372112578693,75.46
bih,Bosnia and Herzegovina,2002,8523.8492,75.06,9.05062330183724,75.25
bih,Bosnia and Herzegovina,2003,8835.83828,75.28,9.08657126197324,75.06
bih,Bosnia and Herzegovina,2004,9435.22034,75.47,9.15220481100108,75.28
bih,Bosnia and Herzegovina,2005,9876.18345,75.29,9.197881425626694,75.47
bih,Bosnia and Herzegovina,2006,10471.38047,75.56,9.256401145220885,75.29
bih,Bosnia and Herzegovina,2007,11199.55834,75.26,9.323629622577077,75.56
bih,Bosnia and Herzegovina,2008,11988.35044,75.9,9.39169066057519,75.26
bih,Bosnia and Herzegovina,2009,11825.86114,76.08,9.378044034387266,75.9
bih,Bosnia and Herzegovina,2010,12138.82997,76.31,9.40416468187986,76.08
bih,Bosnia and Herzegovina,2011,12483.50279,76.43,9.432163274817965,76.31
bih,Bosnia and Herzegovina,2012,12622.73391,76.66,9.443254745755667,76.43
bih,Bosnia and Herzegovina,2013,13131.3559,76.64,9.482758229291871,76.66
bih,Bosnia and Herzegovina,2014,13454.3841,76.67,9.507060287308402,76.64
bih,Bosnia and Herzegovina,2015,14219.54278,76.47,9.5623725495351,76.67
bih,Bosnia and Herzegovina,2016,14873.0683,76.66,9.607307359796133,76.47
bih,Bosnia and Herzegovina,2017,15554.06001,76.83,9.652076977418977,76.66
bih,Bosnia and Herzegovina,2018,16348.13346,76.87,9.701869008340593,76.83
bih,Bosnia and Herzegovina,2019,17028.64166,76.96,9.742652008878427,76.87
bih,Bosnia and Herzegovina,2020,16746.39041,75.95,9.725938016119754,76.96
bih,Bosnia and Herzegovina,2021,18285.67112,75.03,9.813873033218655,75.95
bih,Bosnia and Herzegovina,2022,19297.07149,75.02,9.867708627110435,75.03
blr,Belarus,1960,6528.15996,71.03,8.783880400020204,
blr,Belarus,1961,6745.34332,71.48,8.81660766727237,71.03
blr,Belarus,1962,6778.85332,71.21,8.821563239787226,71.48
blr,Belarus,1963,6491.21711,71.8,8.778205328324972,71.21
blr,Belarus,1964,7246.56695,72.8,8.88828311156283,71.8
blr,Belarus,1965,7580.68489,72.61,8.933358829435928,72.8
blr,Belarus,1966,7876.99932,72.8,8.971702313376039,72.61
blr,Belarus,1967,8153.63688,72.61,9.00621934964292,72.8
blr,Belarus,1968,8563.92759,72.7,9.055314194512688,72.61
blr,Belarus,1969,8618.03246,72.45,9.06161208470385,72.7
blr,Belarus,1970,9211.70496,72.13,9.128230232637836,72.45
blr,Belarus,1971,9381.53941,72.36,9.14649914473937,72.13
blr,Belarus,1972,9359.14536,72.16,9.144109257610529,72.36
blr,Belarus,1973,10065.51858,72.27,9.216870859846473,72.16
blr,Belarus,1974,10220.91566,72.48,9.232191454656249,72.27
blr,Belarus,1975,10378.71184,71.88,9.247512048826135,72.48
blr,Belarus,1976,10538.94417,71.73,9.262832643453352,71.88
blr,Belarus,1977,10701.65025,71.59,9.278153237529896,71.73
blr,Belarus,1978,10866.86828,71.48,9.29347383188881,71.59
blr,Belarus,1979,11034.63703,71.2,9.308794425535455,71.48
blr,Belarus,1980,11204.9959,71.04,9.324115020326884,71.2
blr,Belarus,1981,11590.99722,71.25,9.35798397404746,71.04
blr,Belarus,1982,11993.30796,71.4,9.392104103214388,71.25
blr,Belarus,1983,12483.15268,71.2,9.43213522861046,71.4
blr,Belarus,1984,12783.21356,70.54,9.455888148591873,71.2
blr,Belarus,1985,12794.0329,71.06,9.456734161524675,70.54
blr,Belarus,1986,13021.49743,72.35,9.474356919134058,71.06
blr,Belarus,1987,13059.02332,72.15,9.477234615960446,72.35
blr,Belarus,1988,12904.89357,72.15,9.465361864927695,72.15
blr,Belarus,1989,13663.80887,71.63,9.522505928079232,72.15
blr,Belarus,1990,13133.98655,71.31,9.482958542690701,71.63
blr,Belarus,1991,12882.9178,70.84,9.463657511269734,71.31
blr,Belarus,1992,11552.94871,70.35,9.35469598293365,70.84
blr,Belarus,1993,10592.44385,69.29,9.267896181566202,70.35
blr,Belarus,1994,9315.67815,69.13,9.139454082318125,69.29
blr,Belarus,1995,8319.6245,68.68,9.026372400585227,69.13
blr,Belarus,1996,8542.84929,68.88,9.052849871652217,68.68
blr,Belarus,1997,9518.13599,68.69,9.160954309244463,68.88
blr,Belarus,1998,10324.30756,68.44,9.242256351173536,68.69
blr,Belarus,1999,10683.31821,68.18,9.276438758079081,68.44
blr,Belarus,2000,11318.10471,69.03,9.334158909294237,68.18
blr,Belarus,2001,11878.88622,68.57,9.38251783599634,69.03
blr,Belarus,2002,12526.02397,68.05,9.435563676703199,68.57
blr,Belarus,2003,13472.64907,68.58,9.50841691450799,68.05
blr,Belarus,2004,15091.04364,68.99,9.621856710404177,68.58
blr,Belarus,2005,16600.19864,68.85,9.7171699405381,68.99
blr,Belarus,2006,18353.86259,69.48,9.817595326699522,68.85
blr,Belarus,2007,20011.91277,70.36,9.904083013713926,69.48
blr,Belarus,2008,22124.33048,70.53,10.004433208627303,70.36
blr,Belarus,2009,22225.93024,70.62,10.00901491507424,70.53
blr,Belarus,2010,24012.6133,70.61,10.086334525441526,70.62
blr,Belarus,2011,25404.7566,70.54,10.142691703190753,70.61
blr,Belarus,2012,25879.13194,72.32,10.161192206321234,70.54
blr,Belarus,2013,26147.62536,72.76,10.171513656956733,72.32
blr,Belarus,2014,26564.43472,73.14,10.18732855953197,72.76
blr,Belarus,2015,25513.21329,73.66,10.14695176517901,73.14
blr,Belarus,2016,24846.83015,73.84,10.120485464032251,73.66
blr,Belarus,2017,25503.98099,73.84,10.146589836216389,73.84
blr,Belarus,2018,26363.46298,73.98,10.17973435252197,73.84
blr,Belarus,2019,26798.82064,74.02,10.196113159560507,73.98
blr,Belarus,2020,26731.49538,72.32,10.193597751451442,74.02
blr,Belarus,2021,27611.18011,72.24,10.225976046133201,72.32
blr,Belarus,2022,26537.50831,73.05,10.186314419153243,72.24
blz,Belize,1960,2839.0328,63.93,7.951218709770092,
blz,Belize,1961,2880.13008,57.9,7.965590738776675,63.93
blz,Belize,1962,2918.24245,64.86,7.97873681336246,57.9
blz,Belize,1963,2957.99568,65.52,7.992267182823431,64.86
blz,Belize,1964,3007.2973,66.05,8.008797047406237,65.52
blz,Belize,1965,3067.0754,66.43,8.02847974809638,66.05
blz,Belize,1966,3131.5104,66.53,8.04927072305208,66.43
blz,Belize,1967,3208.2861,66.73,8.073492148301582,66.53
blz,Belize,1968,3373.384,67.12,8.123671673823397,66.73
blz,Belize,1969,3482.33214,67.31,8.155457503487229,67.12
blz,Belize,1970,3590.74741,67.51,8.186115652013893,67.31
blz,Belize,1971,3726.35175,67.96,8.223184950892534,67.51
blz,Belize,1972,3800.25162,68.21,8.242822559311783,67.96
blz,Belize,1973,3687.73858,68.55,8.21276869821616,68.21
blz,Belize,1974,3941.06241,69.14,8.279205613151827,68.55
blz,Belize,1975,3881.79087,69.56,8.264051890562213,69.14
blz,Belize,1976,3775.50265,69.61,8.236288805137022,69.56
blz,Belize,1977,3853.00324,69.92,8.256608185528997,69.61
blz,Belize,1978,4069.56931,70.05,8.31129245219842,69.92
blz,Belize,1979,4128.09175,70.73,8.325570533174089,70.05
blz,Belize,1980,4194.47613,70.87,8.341523731484605,70.73
blz,Belize,1981,4373.85104,71.3,8.383399144872623,70.87
blz,Belize,1982,4205.09366,71.57,8.344051845642946,71.3
blz,Belize,1983,4281.4602,71.73,8.362049398615497,71.57
blz,Belize,1984,4571.76087,71.87,8.427653720397238,71.73
blz,Belize,1985,4502.52315,72.08,8.4123932186249,71.87
blz,Belize,1986,4707.85461,72.44,8.45698758642499,72.08
blz,Belize,1987,5508.5153,72.76,8.614050410301905,72.44
blz,Belize,1988,6092.18613,72.89,8.714762266732818,72.76
blz,Belize,1989,7008.38161,72.76,8.854862084615425,72.89
blz,Belize,1990,7813.02511,72.79,8.963547505865892,72.76
blz,Belize,1991,8570.70392,73.08,9.056105145908326,72.79
blz,Belize,1992,9483.40524,73.56,9.157298733282929,73.08
blz,Belize,1993,9901.51575,73.47,9.20044313046375,73.56
blz,Belize,1994,9722.61941,73.18,9.182210347775001,73.47
blz,Belize,1995,9573.33828,72.9,9.166737251207008,73.18
blz,Belize,1996,9422.18769,72.23,9.150822579460645,72.9
blz,Belize,1997,9506.54304,71.43,9.159735581567993,72.23
blz,Belize,1998,9555.7435,70.64,9.164897666310653,71.43
blz,Belize,1999,10117.25754,70.31,9.221997912044783,70.64
blz,Belize,2000,11031.56911,69.98,9.308516360516004,70.31
blz,Belize,2001,11261.79789,70.61,9.329171559462798,69.98
blz,Belize,2002,11548.02347,71.43,9.35426957316732,70.61
blz,Belize,2003,12326.98025,71.84,9.419545655376147,71.43
blz,Belize,2004,12578.82112,72.02,9.439769815211486,71.84
blz,Belize,2005,12529.80251,72.43,9.435865286393197,72.02
blz,Belize,2006,12761.70199,72.63,9.454203932800057,72.43
blz,Belize,2007,12847.1043,73.11,9.460873718625571,72.63
blz,Belize,2008,12342.61143,73.62,9.420812898247014,73.11
blz,Belize,2009,11999.14883,73.66,9.392590995421093,73.62
blz,Belize,2010,11868.43824,73.58,9.381637906917026,73.66
blz,Belize,2011,11584.28516,73.84,9.357404731035219,73.58
blz,Belize,2012,11761.56391,74.25,9.372592198155042,73.84
blz,Belize,2013,12026.0711,74.35,9.394832163772291,74.25
blz,Belize,2014,12249.22142,74.25,9.413217656401986,74.35
blz,Belize,2015,12339.48074,74.19,9.420559217157484,74.25
blz,Belize,2016,12062.79817,74.37,9.397881464098214,74.19
blz,Belize,2017,11574.45245,74.5,9.356555573299904,74.37
blz,Belize,2018,11486.80294,74.39,9.348954084953421,74.5
blz,Belize,2019,11803.088,74.46,9.37611647113287,74.39
blz,Belize,2020,10032.5445,73.37,9.213589537715585,74.46
blz,Belize,2021,11677.46101,70.97,9.365415853471095,73.37
blz,Belize,2022,12569.81794,71.47,9.439053817788075,70.97
bol,Bolivia,1960,3484.55504,43.0,8.156095636420346,
bol,Bolivia,1961,3478.52627,43.26,8.154363997440973,43.0
bol,Bolivia,1962,3600.12238,43.85,8.188723118310847,43.26
bol,Bolivia,1963,3751.91808,44.8,8.230022476199057,43.85
bol,Bolivia,1964,3846.9332,45.54,8.255031538421656,44.8
bol,Bolivia,1965,3942.68871,46.17,8.279618183259206,45.54
bol,Bolivia,1966,4129.17314,47.03,8.32583245767829,46.17
bol,Bolivia,1967,4317.20377,47.86,8.37036319620199,47.03
bol,Bolivia,1968,4181.60103,48.6,8.338449473715881,47.86
bol,Bolivia,1969,4230.61978,49.38,8.350103781401865,48.6
bol,Bolivia,1970,4216.31321,50.09,8.346716378258737,49.38
bol,Bolivia,1971,4285.20884,50.76,8.362924567300492,50.09
bol,Bolivia,1972,4441.26987,51.44,8.39869562129089,50.76
bol,Bolivia,1973,4603.02419,52.18,8.434468799071736,51.44
bol,Bolivia,1974,4667.42113,52.92,8.44836197757627,52.18
bol,Bolivia,1975,4863.8057,53.66,8.489576476302066,52.92
bol,Bolivia,1976,5030.68737,54.31,8.523311907833014,53.66
bol,Bolivia,1977,5124.71969,54.86,8.541831107876657,54.31
bol,Bolivia,1978,5125.63806,55.41,8.542010295769384,54.86
bol,Bolivia,1979,4999.14097,56.1,8.517021370655897,55.41
bol,Bolivia,1980,4821.19094,56.76,8.480776259512224,56.1
bol,Bolivia,1981,4825.92635,57.25,8.48175798498274,56.76
bol,Bolivia,1982,4691.90921,57.61,8.45359485962878,57.25
bol,Bolivia,1983,4505.70826,57.77,8.413100374111425,57.61
bol,Bolivia,1984,4524.3656,58.54,8.417232647410215,57.77
bol,Bolivia,1985,4461.92617,59.14,8.403335828463833,58.54
bol,Bolivia,1986,4305.51287,59.72,8.367651543331613,59.14
bol,Bolivia,1987,4395.72069,60.13,8.38838677619829,59.72
bol,Bolivia,1988,4548.9244,60.5,8.422646088394755,60.13
bol,Bolivia,1989,4737.2744,61.08,8.46321722820404,60.5
bol,Bolivia,1990,4992.35571,61.69,8.51566316352029,61.08
bol,Bolivia,1991,5153.46557,62.05,8.547424693558051,61.69
bol,Bolivia,1992,5138.02442,62.46,8.544423930480644,62.05
bol,Bolivia,1993,5258.47946,62.94,8.567597187895593,62.46
bol,Bolivia,1994,5404.70405,63.57,8.595024973717592,62.94
bol,Bolivia,1995,5558.38215,64.02,8.623062364685843,63.57
bol,Bolivia,1996,5701.95432,64.57,8.648564258216396,64.02
bol,Bolivia,1997,5885.07522,64.98,8.68017480126095,64.57
bol,Bolivia,1998,6080.05529,65.49,8.712769068668864,64.98
bol,Bolivia,1999,6007.43338,66.01,8.700752878077642,65.49
bol,Bolivia,2000,6060.87479,66.53,8.70960942343069,66.01
bol,Bolivia,2001,6066.93577,67.16,8.710608941105312,66.53
bol,Bolivia,2002,6122.5081,67.59,8.719727111814423,67.16
bol,Bolivia,2003,6192.03689,68.09,8.731019372939155,67.59
bol,Bolivia,2004,6351.81087,68.58,8.756495227609635,68.09
bol,Bolivia,2005,6531.13931,68.97,8.78433668025241,68.58
bol,Bolivia,2006,6738.86198,69.31,8.815646343952984,68.97
bol,Bolivia,2007,6937.27474,69.56,8.84466428761762,69.31
bol,Bolivia,2008,7251.28026,69.8,8.888933319845174,69.56
bol,Bolivia,2009,7381.66073,70.08,8.906753923444114,69.8
bol,Bolivia,2010,7571.67809,70.3,8.932169998218951,70.08
bol,Bolivia,2011,7837.49319,70.5,8.966674316041278,70.3
bol,Bolivia,2012,8108.20519,70.73,9.000631814355765,70.5
bol,Bolivia,2013,8524.03213,70.9,9.050644762568513,70.73
bol,Bolivia,2014,8851.71163,71.09,9.088366123821507,70.9
bol,Bolivia,2015,9141.92841,71.3,9.120626627970632,71.09
bol,Bolivia,2016,9390.79064,71.49,9.147484768870662,71.3
bol,Bolivia,2017,9642.81396,71.65,9.173968249573058,71.49
bol,Bolivia,2018,9907.06257,71.84,9.201003172689434,71.65
bol,Bolivia,2019,9985.23049,72.01,9.20886232920893,71.84
bol,Bolivia,2020,9000.97565,68.43,9.105088255998455,72.01
bol,Bolivia,2021,9454.19815,67.54,9.154214170515809,68.43
bol,Bolivia,2022,9681.70743,68.92,9.17799355211289,67.54
bra,Brazil,1960,4108.84488,52.44,8.32089721689313,
bra,Brazil,1961,4376.99152,52.97,8.384116899788973,52.44
bra,Brazil,1962,4492.347,53.53,8.410130561316501,52.97
bra,Brazil,1963,4448.77407,53.99,8.400383847318336,53.53
bra,Brazil,1964,4460.94124,54.43,8.40311506310697,53.99
bra,Brazil,1965,4489.5453,54.83,8.409506706120448,54.43
bra,Brazil,1966,4593.31766,55.19,8.432357843702137,54.83
bra,Brazil,1967,4662.53072,55.59,8.447313652670312,55.19
bra,Brazil,1968,4986.1725,56.07,8.514423860356285,55.59
bra,Brazil,1969,5232.52248,56.52,8.56264875053644,56.07
bra,Brazil,1970,5615.26096,56.94,8.633243341604611,56.52
bra,Brazil,1971,6072.76492,57.45,8.711569286108348,56.94
bra,Brazil,1972,6608.21131,58.03,8.7960682925951,57.45
bra,Brazil,1973,7322.94843,58.57,8.898768316840451,58.03
bra,Brazil,1974,7702.77804,59.16,8.949336327190313,58.57
bra,Brazil,1975,7881.99124,59.78,8.972335846361284,59.16
bra,Brazil,1976,8455.77086,60.39,9.04260442926428,59.78
bra,Brazil,1977,8634.58898,61.07,9.063531390142742,60.39
bra,Brazil,1978,8821.45224,61.72,9.084941788508234,61.07
bra,Brazil,1979,9166.34291,62.27,9.123293675453734,61.72
bra,Brazil,1980,9746.89919,62.74,9.184704481614185,62.27
bra,Brazil,1981,9578.17634,63.3,9.167242491674816,62.74
bra,Brazil,1982,9755.22173,63.87,9.185557982681003,63.3
bra,Brazil,1983,9450.11802,64.06,9.153782509298692,63.87
bra,Brazil,1984,9964.85247,64.21,9.206819427720443,64.06
bra,Brazil,1985,10745.86362,64.61,9.282276179974286,64.21
bra,Brazil,1986,11479.33548,65.06,9.348303783180734,64.61
bra,Brazil,1987,11862.693,65.65,9.381153712543473,65.06
bra,Brazil,1988,11953.58367,66.07,9.388786401104957,65.65
bra,Brazil,1989,12467.67976,66.72,9.430894955603883,66.07
bra,Brazil,1990,11974.05883,67.29,9.390497824618375,66.72
bra,Brazil,1991,11965.06046,67.92,9.389746053401165,67.29
bra,Brazil,1992,11770.46976,68.34,9.373349111097637,67.92
bra,Brazil,1993,12216.36535,68.43,9.410531753949611,68.34
bra,Brazil,1994,12794.28506,68.81,9.456753870518476,68.43
bra,Brazil,1995,13191.52124,69.17,9.48732957188894,68.81
bra,Brazil,1996,13337.20955,69.52,9.498313118428182,69.17
bra,Brazil,1997,13639.39084,70.08,9.520717270576126,69.52
bra,Brazil,1998,13531.6709,70.4,9.512788209474797,70.08
bra,Brazil,1999,13441.32405,70.79,9.506089124849796,70.4
bra,Brazil,2000,13877.23439,71.18,9.538004962766667,70.79
bra,Brazil,2001,13920.8243,71.49,9.54114114908918,71.18
bra,Brazil,2002,14197.89149,71.76,9.560848745944405,71.49
bra,Brazil,2003,14215.68904,72.03,9.562101495650397,71.76
bra,Brazil,2004,14886.34538,72.31,9.608199654316696,72.03
bra,Brazil,2005,15212.23538,72.81,9.629855342238985,72.31
bra,Brazil,2006,15660.71617,73.06,9.658910700938433,72.81
bra,Brazil,2007,16451.32711,73.31,9.708161428319373,73.06
bra,Brazil,2008,17126.52233,73.5,9.748383554361965,73.31
bra,Brazil,2009,16948.73547,73.66,9.737948506485791,73.5
bra,Brazil,2010,18062.15811,73.85,9.801574316509559,73.66
bra,Brazil,2011,18627.81045,74.01,9.832410928508303,73.85
bra,Brazil,2012,18832.21955,74.34,9.843324487779594,74.01
bra,Brazil,2013,19241.50598,74.55,9.86482499454527,74.34
bra,Brazil,2014,19183.17274,74.83,9.861788753943838,74.55
bra,Brazil,2015,18357.06906,75.03,9.817770014176197,74.83
bra,Brazil,2016,17620.92724,75.05,9.77684252239614,75.03
bra,Brazil,2017,17724.47996,75.44,9.782702011618722,75.05
bra,Brazil,2018,17917.74921,75.69,9.79354707651978,75.44
bra,Brazil,2019,18018.62092,75.85,9.799160997712077,75.69
bra,Brazil,2020,17327.51572,74.51,9.760051021020123,75.85
bra,Brazil,2021,18075.706,73.24,9.802324105738576,74.51
bra,Brazil,2022,18554.04618,73.92,9.82844316716129,73.24
brb,Barbados,1960,6223.42374,66.14,8.736075474810884,
brb,Barbados,1961,6637.89821,66.45,8.800550657724262,66.14
brb,Barbados,1962,6896.75742,67.0,8.838806640998916,66.45
brb,Barbados,1963,6814.01287,67.45,8.826736486977566,67.0
brb,Barbados,1964,7065.26214,67.82,8.86294539846426,67.45
brb,Barbados,1965,7324.19378,68.23,8.898938363663941,67.82
brb,Barbados,1966,7625.89467,68.46,8.939304928363036,68.23
brb,Barbados,1967,8397.54333,68.68,9.035694481342144,68.46
brb,Barbados,1968,9217.74695,68.79,9.128885921178762,68.68
brb,Barbados,1969,10042.90446,68.91,9.214621640254393,68.79
brb,Barbados,1970,11006.99101,69.18,9.306285896270083,68.91
brb,Barbados,1971,11282.74794,69.54,9.331030107085665,69.18
brb,Barbados,1972,11268.80483,69.75,9.32979355260812,69.54
brb,Barbados,1973,11264.46993,69.95,9.329408797165367,69.75
brb,Barbados,1974,10599.39583,70.14,9.268552281305947,69.95
brb,Barbados,1975,10564.65312,70.33,9.265269096572196,70.14
brb,Barbados,1976,10908.41964,69.74,9.29729021407258,70.33
brb,Barbados,1977,11176.55989,71.04,9.321573997212381,69.74
brb,Barbados,1978,11596.98236,71.62,9.358500201872507,71.04
brb,Barbados,1979,12381.20001,72.28,9.423934472881921,71.62
brb,Barbados,1980,12795.28743,72.96,9.456832212585416,72.28
brb,Barbados,1981,13116.31514,73.52,9.481612164818314,72.96
brb,Barbados,1982,12820.32607,73.92,9.458787164628589,73.52
brb,Barbados,1983,13088.63834,73.94,9.479499830574929,73.92
brb,Barbados,1984,13768.07094,74.01,9.530107490405701,73.94
brb,Barbados,1985,14109.43403,73.95,9.554598932773777,74.01
brb,Barbados,1986,14935.27475,74.16,9.61148112686533,73.95
brb,Barbados,1987,15489.59304,73.98,9.64792366063196,74.16
brb,Barbados,1988,16330.64521,74.03,9.700798695900456,73.98
brb,Barbados,1989,17289.03642,73.98,9.75782784664429,74.03
brb,Barbados,1990,17083.36508,73.86,9.745860466672282,73.98
brb,Barbados,1991,16308.13475,74.16,9.699419326720802,73.86
brb,Barbados,1992,15279.617,73.94,9.634274996961341,74.16
brb,Barbados,1993,15310.62552,73.92,9.636302344773345,73.94
brb,Barbados,1994,15542.83966,73.84,9.651355339531857,73.92
brb,Barbados,1995,15794.43109,73.9,9.667412694227268,73.84
brb,Barbados,1996,16372.40823,74.1,9.703352771945946,73.9
brb,Barbados,1997,17105.08605,74.19,9.747131128091832,74.1
brb,Barbados,1998,17710.66769,74.45,9.781922431364904,74.19
brb,Barbados,1999,17743.62418,74.8,9.783781529248623,74.45
brb,Barbados,2000,18548.02361,74.74,9.828118518424063,74.8
brb,Barbados,2001,18080.68091,75.22,9.802599294188338,74.74
brb,Barbados,2002,18119.64226,75.07,9.804751836576472,75.22
brb,Barbados,2003,18418.65422,74.89,9.821119246336753,75.07
brb,Barbados,2004,18595.68699,74.91,9.83068495055438,74.89
brb,Barbados,2005,19260.31628,75.24,9.865802106816453,74.91
brb,Barbados,2006,20363.39007,75.4,9.921493963188878,75.24
brb,Barbados,2007,20728.77509,75.55,9.939278114923765,75.4
brb,Barbados,2008,20801.28824,75.77,9.942770198386924,75.55
brb,Barbados,2009,19713.49606,76.09,9.889058759354272,75.77
brb,Barbados,2010,19253.40887,76.16,9.865443408194226,76.09
brb,Barbados,2011,19050.56737,76.24,9.854852163313437,76.16
brb,Barbados,2012,18936.08881,76.48,9.848824841191272,76.24
brb,Barbados,2013,18695.68329,76.5,9.836047936088047,76.48
brb,Barbados,2014,18665.17698,76.48,9.834414873221759,76.5
brb,Barbados,2015,18464.66309,76.51,9.823614081249639,76.48
brb,Barbados,2016,18754.66514,76.54,9.83919780791778,76.51
brb,Barbados,2017,18740.34883,76.54,9.838434169813407,76.54
brb,Barbados,2018,18484.69764,76.46,9.8246985141907,76.54
brb,Barbados,2019,18572.50954,76.2,9.829437784688503,76.46
brb,Barbados,2020,15749.03802,76.33,9.664534564293199,76.2
brb,Barbados,2021,15683.88471,76.51,9.660389012581838,76.33
brb,Barbados,2022,18469.57659,76.64,9.823880148729115,76.51
brn,Brunei,1960,93769.71123,55.8,11.448597174852567,
brn,Brunei,1961,95546.17126,57.27,11.467364878326588,55.8
brn,Brunei,1962,97353.17855,57.66,11.486100661012058,57.27
brn,Brunei,1963,99191.64009,59.54,11.50480901643548,57.66
brn,Brunei,1964,101059.97,60.65,11.5234693819925,59.54
brn,Brunei,1965,102962.7801,61.91,11.54212284365372,60.65
brn,Brunei,1966,104895.9978,62.92,11.560724641130347,61.91
brn,Brunei,1967,106864.1975,63.05,11.579314125107144,62.92
brn,Brunei,1968,108864.5474,62.25,11.597859704035073,63.05
brn,Brunei,1969,110900.3526,62.53,11.616387352774343,62.25
brn,Brunei,1970,112970.0072,63.04,11.634877639454707,62.53
brn,Brunei,1971,118255.5821,63.56,11.680603511159676,63.04
brn,Brunei,1972,124035.1956,64.08,11.728320639797374,63.56
brn,Brunei,1973,129558.5337,64.67,11.771888055684945,64.08
brn,Brunei,1974,137963.1405,65.39,11.834741830636277,64.67
brn,Brunei,1975,132420.06,65.74,11.793734421582496,65.39
brn,Brunei,1976,152425.3201,66.25,11.934430050823016,65.74
brn,Brunei,1977,162217.3119,66.43,11.996692146780592,66.25
brn,Brunei,1978,166516.5615,66.7,12.022850051924443,66.43
brn,Brunei,1979,196472.3642,67.1,12.18827706019713,66.7
brn,Brunei,1980,176249.2016,67.51,12.079654190735177,67.1
brn,Brunei,1981,136538.396,67.87,11.824361143430002,67.51
brn,Brunei,1982,137338.3939,68.04,11.830203187771062,67.87
brn,Brunei,1983,133695.8215,68.23,11.80332250979687,68.04
brn,Brunei,1984,130335.3444,68.37,11.777865980359378,68.23
brn,Brunei,1985,124411.9412,68.52,11.731353445034134,68.37
brn,Brunei,1986,115708.5016,68.62,11.658829390171118,68.52
brn,Brunei,1987,115504.0867,68.91,11.657061191002015,68.62
brn,Brunei,1988,115323.7197,69.23,11.655498406695202,68.91
brn,Brunei,1989,115686.8502,69.27,11.658642252444325,69.23
brn,Brunei,1990,116695.1293,69.38,11.667320080471333,69.27
brn,Brunei,1991,116886.5801,69.7,11.668959342752302,69.38
brn,Brunei,1992,112469.0835,70.04,11.630433649525175,69.7
brn,Brunei,1993,109020.7557,70.39,11.599293562349889,70.04
brn,Brunei,1994,107751.536,71.0,11.587583263084808,70.39
brn,Brunei,1995,107108.8942,71.45,11.581601298739367,71.0
brn,Brunei,1996,104982.3766,71.96,11.56154777314787,71.45
brn,Brunei,1997,107334.5286,72.07,11.583705671821276,71.96
brn,Brunei,1998,98939.50183,72.21,11.502263849697263,72.07
brn,Brunei,1999,100555.5682,72.35,11.518465771091693,72.21
brn,Brunei,2000,101598.6423,72.52,11.528785450848254,72.35
brn,Brunei,2001,100990.246,72.85,11.522779216902377,72.52
brn,Brunei,2002,102751.4651,72.94,11.540068391137602,72.85
brn,Brunei,2003,104211.3871,72.89,11.55417668352067,72.94
brn,Brunei,2004,102368.0208,72.94,11.53632964593772,72.89
brn,Brunei,2005,100544.8503,73.03,11.518359178573485,72.94
brn,Brunei,2006,102890.0897,73.2,11.541416607174316,73.03
brn,Brunei,2007,97391.78044,73.48,11.486497096336553,73.2
brn,Brunei,2008,91747.44947,73.8,11.426794966838328,73.48
brn,Brunei,2009,88113.30075,73.83,11.38637877385471,73.8
brn,Brunei,2010,88586.51319,73.83,11.391734903674502,73.83
brn,Brunei,2011,90279.66334,73.93,11.410667501859388,73.83
brn,Brunei,2012,89718.46366,74.01,11.404431864769297,73.93
brn,Brunei,2013,86606.65172,73.92,11.369131901300582,74.01
brn,Brunei,2014,83310.61506,73.96,11.330331251728882,73.92
brn,Brunei,2015,81910.1884,73.98,11.313378662592463,73.96
brn,Brunei,2016,78880.62291,74.06,11.275690886177385,73.98
brn,Brunei,2017,78966.8643,74.12,11.276783604219409,74.06
brn,Brunei,2018,78099.05077,74.21,11.265733181720625,74.12
brn,Brunei,2019,80228.15966,74.36,11.292629850182234,74.21
brn,Brunei,2020,80280.89795,74.4,11.293286988074426,74.36
brn,Brunei,2021,78248.79711,74.25,11.267648735888077,74.4
brn,Brunei,2022,76357.8291,74.16,11.243185847629368,74.25
btn,Bhutan,1960,1152.00888,42.22,7.049262549559461,
btn,Bhutan,1961,1163.28208,42.87,7.059000668251222,42.22
btn,Bhutan,1962,1176.81758,43.51,7.0705691079927755,42.87
btn,Bhutan,1963,1190.19389,44.16,7.081871505606582,43.51
btn,Bhutan,1964,1203.41223,44.85,7.092916325606473,44.16
btn,Bhutan,1965,1216.47382,45.51,7.103711641235734,44.85
btn,Bhutan,1966,1230.55631,46.18,7.11522163066948,45.51
btn,Bhutan,1967,1243.30231,46.83,7.125526271915824,46.18
btn,Bhutan,1968,1257.06022,47.48,7.136531115159496,46.83
btn,Bhutan,1969,1270.65488,48.13,7.147287700092342,47.48
btn,Bhutan,1970,1284.08755,48.8,7.1578036672836465,48.13
btn,Bhutan,1971,1269.62742,49.4,7.146478766332477,48.8
btn,Bhutan,1972,1237.09592,49.89,7.120521911827619,49.4
btn,Bhutan,1973,1209.32881,50.32,7.097820782207111,49.89
btn,Bhutan,1974,1225.64423,50.73,7.11122188678163,50.32
btn,Bhutan,1975,1141.62022,51.03,7.040203777988953,50.73
btn,Bhutan,1976,1197.97296,51.35,7.088386207469081,51.03
btn,Bhutan,1977,1244.44752,51.72,7.1264469513724835,51.35
btn,Bhutan,1978,1285.10137,52.1,7.158592881377425,51.72
btn,Bhutan,1979,1299.17653,52.48,7.169485904281186,52.1
btn,Bhutan,1980,1317.8373,52.84,7.183747262829489,52.48
btn,Bhutan,1981,1516.94353,53.42,7.324452753869911,52.84
btn,Bhutan,1982,1616.01333,54.06,7.387717487809396,53.42
btn,Bhutan,1983,1736.11173,54.78,7.459403253748319,54.06
btn,Bhutan,1984,1851.55437,55.58,7.523780765301935,54.78
btn,Bhutan,1985,1923.3068,56.22,7.561801275244942,55.58
btn,Bhutan,1986,2076.48277,57.12,7.6384307654202015,56.22
btn,Bhutan,1987,2521.06454,58.03,7.8324365278122245,57.12
btn,Bhutan,1988,2800.00358,58.83,7.937375974733906,58.03
btn,Bhutan,1989,2991.49933,59.62,8.003529988862152,58.83
btn,Bhutan,1990,3332.64105,60.33,8.111520376738557,59.62
btn,Bhutan,1991,3273.82793,60.89,8.093715200044135,60.33
btn,Bhutan,1992,3524.84225,61.54,8.167590962471929,60.89
btn,Bhutan,1993,3716.5367,62.19,8.220547518998874,61.54
btn,Bhutan,1994,3910.88684,62.65,8.271519440560397,62.19
btn,Bhutan,1995,4230.69741,63.44,8.3501221307908,62.65
btn,Bhutan,1996,4459.91048,64.23,8.40288397306379,63.44
btn,Bhutan,1997,4626.78748,64.77,8.439618057443694,64.23
btn,Bhutan,1998,4817.11801,65.38,8.479931104980746,64.77
btn,Bhutan,1999,5096.58673,66.04,8.536326326024742,65.38
btn,Bhutan,2000,5180.90553,65.74,8.552735132716874,66.04
btn,Bhutan,2001,5451.89782,67.1,8.603719050894647,65.74
btn,Bhutan,2002,5904.19659,67.68,8.683418663490178,67.1
btn,Bhutan,2003,6243.53003,68.16,8.739301011345827,67.68
btn,Bhutan,2004,6452.59428,68.64,8.772237542876958,68.16
btn,Bhutan,2005,6795.21887,69.05,8.823974536515358,68.64
btn,Bhutan,2006,7099.1339,69.47,8.867728069673026,69.05
btn,Bhutan,2007,8164.68035,69.9,9.007572855832352,69.47
btn,Bhutan,2008,8449.9188,70.28,9.041912110837593,69.9
btn,Bhutan,2009,9007.33496,70.55,9.105794519945368,70.28
btn,Bhutan,2010,9985.28456,71.0,9.208867744191956,70.55
btn,Bhutan,2011,10714.68657,71.32,9.279370655963278,71.0
btn,Bhutan,2012,11143.94454,71.61,9.318651538778198,71.32
btn,Bhutan,2013,11212.47943,71.85,9.324782671805725,71.61
btn,Bhutan,2014,11744.51891,72.08,9.371141934993966,71.85
btn,Bhutan,2015,12400.29832,72.29,9.425475809368253,72.08
btn,Bhutan,2016,13320.9759,72.52,9.49709520717634,72.29
btn,Bhutan,2017,13482.34253,72.73,9.509136147558529,72.52
btn,Bhutan,2018,13854.8544,72.95,9.536390948400287,72.73
btn,Bhutan,2019,14555.1884,73.17,9.585702800101448,72.95
btn,Bhutan,2020,12979.93695,73.39,9.471160132773248,73.17
btn,Bhutan,2021,13458.81267,73.61,9.50738938756935,73.39
btn,Bhutan,2022,14061.31203,74.03,9.551182477511654,73.61
bwa,Botswana,1960,750.5201,54.36,6.620766432860118,
bwa,Botswana,1961,774.03764,54.46,6.651620502898259,54.36
bwa,Botswana,1962,795.08488,54.61,6.678448876250707,54.46
bwa,Botswana,1963,810.58988,54.79,6.697762229536951,54.61
bwa,Botswana,1964,834.33157,54.99,6.726630889297588,54.79
bwa,Botswana,1965,823.88734,55.08,6.714033797261019,54.99
bwa,Botswana,1966,884.50748,55.27,6.785030970319311,55.08
bwa,Botswana,1967,990.07246,55.46,6.89777813236943,55.27
bwa,Botswana,1968,1092.13164,55.75,6.995886698489898,55.46
bwa,Botswana,1969,1134.65455,56.08,7.034083522354742,55.75
bwa,Botswana,1970,1233.99617,56.49,7.118013100732802,56.08
bwa,Botswana,1971,1512.36702,56.98,7.321431265378592,56.49
bwa,Botswana,1972,1851.42893,57.54,7.523713014523773,56.98
bwa,Botswana,1973,2167.53262,58.12,7.681344758137762,57.54
bwa,Botswana,1974,2268.85457,58.63,7.727030388411038,58.12
bwa,Botswana,1975,2360.56032,59.14,7.766654293567917,58.63
bwa,Botswana,1976,2501.72314,59.57,7.824735029428468,59.14
bwa,Botswana,1977,2646.4929,59.92,7.880990608505855,59.57
bwa,Botswana,1978,2830.4112,60.29,7.948177280435567,59.92
bwa,Botswana,1979,3104.16856,60.59,8.040501183952404,60.29
bwa,Botswana,1980,3353.44219,60.98,8.117742616685375,60.59
bwa,Botswana,1981,3782.57297,61.31,8.238159736950326,60.98
bwa,Botswana,1982,4276.49412,61.63,8.360888822063735,61.31
bwa,Botswana,1983,4717.3867,61.95,8.459010259996159,61.63
bwa,Botswana,1984,5102.78143,62.23,8.537541048479023,61.95
bwa,Botswana,1985,5465.33451,62.49,8.60618060825251,62.23
bwa,Botswana,1986,5813.57729,62.64,8.66795137293729,62.49
bwa,Botswana,1987,6466.24977,62.67,8.774351585748422,62.64
bwa,Botswana,1988,7713.86317,62.17,8.950774400731675,62.67
bwa,Botswana,1989,8687.46914,62.13,9.069636937636522,62.17
bwa,Botswana,1990,9377.62142,61.32,9.146081429886081,62.13
bwa,Botswana,1991,9915.06233,60.2,9.201810327368833,61.32
bwa,Botswana,1992,10027.58978,58.61,9.213095550982336,60.2
bwa,Botswana,1993,10028.72605,56.67,9.2132088589309,58.61
bwa,Botswana,1994,10202.94949,54.58,9.230432123158298,56.67
bwa,Botswana,1995,10730.52132,52.5,9.280847419719448,54.58
bwa,Botswana,1996,11172.17407,50.65,9.321181507860263,52.5
bwa,Botswana,1997,11911.13165,49.02,9.385228674628147,50.65
bwa,Botswana,1998,11792.3164,47.57,9.375203445819492,49.02
bwa,Botswana,1999,12743.23315,46.43,9.452755676364452,47.57
bwa,Botswana,2000,12805.35493,45.52,9.457618716328362,46.43
bwa,Botswana,2001,12650.07463,44.99,9.445418393743006,45.52
bwa,Botswana,2002,13235.91825,44.94,9.490689492685167,44.99
bwa,Botswana,2003,13667.95523,45.69,9.522809337695724,44.94
bwa,Botswana,2004,13847.1077,47.52,9.535831659482486,45.69
bwa,Botswana,2005,14266.72898,49.93,9.565685460649249,47.52
bwa,Botswana,2006,15214.66543,51.39,9.630015072605238,49.93
bwa,Botswana,2007,15834.79471,53.41,9.669964994569158,51.39
bwa,Botswana,2008,16054.36712,54.67,9.683736186251162,53.41
bwa,Botswana,2009,13514.87906,56.06,9.511546510094853,54.67
bwa,Botswana,2010,14545.01981,56.98,9.585003932908437,56.06
bwa,Botswana,2011,15236.71888,57.75,9.631463509473074,56.98
bwa,Botswana,2012,14957.61891,58.62,9.612976075090518,57.75
bwa,Botswana,2013,16369.42529,59.43,9.703170562235153,58.62
bwa,Botswana,2014,17052.1924,60.09,9.74403406095539,59.43
bwa,Botswana,2015,15994.9643,60.62,9.680029220433644,60.09
bwa,Botswana,2016,16905.58874,61.22,9.735399540918289,60.62
bwa,Botswana,2017,17352.89584,61.51,9.761514678652158,61.22
bwa,Botswana,2018,17825.01857,61.84,9.788358287077186,61.51
bwa,Botswana,2019,18106.01054,62.25,9.803999236162687,61.84
bwa,Botswana,2020,16289.39136,62.42,9.69826933809882,62.25
bwa,Botswana,2021,17960.62544,58.14,9.7959371653033,62.42
bwa,Botswana,2022,18647.37346,62.67,9.833460581910062,58.14
caf,Central African Republic,1960,1764.90321,45.76,7.475851129336798,
caf,Central African Republic,1961,1788.4534,46.15,7.489106503005978,45.76
caf,Central African Republic,1962,1680.81358,46.47,7.427033228984111,46.15
caf,Central African Republic,1963,1632.21285,46.76,7.397691949813857,46.47
caf,Central African Republic,1964,1612.44856,47.03,7.385509147385894,46.76
caf,Central African Republic,1965,1576.47412,47.28,7.36294606273873,47.03
caf,Central African Republic,1966,1520.84212,47.42,7.327019486740194,47.28
caf,Central African Republic,1967,1524.36454,47.55,7.329332907118024,47.42
caf,Central African Republic,1968,1504.786,47.77,7.316405974381607,47.55
caf,Central African Republic,1969,1555.00956,47.97,7.349236972504404,47.77
caf,Central African Republic,1970,1557.26076,48.12,7.350683633726694,47.97
caf,Central African Republic,1971,1466.41435,48.17,7.290575482347772,48.12
caf,Central African Republic,1972,1398.80672,48.22,7.243374809295497,48.17
caf,Central African Republic,1973,1425.78374,48.33,7.2624769344945,48.22
caf,Central African Republic,1974,1347.02835,48.39,7.205656222959485,48.33
caf,Central African Republic,1975,1331.36255,48.44,7.193958170484981,48.39
caf,Central African Republic,1976,1347.72879,48.56,7.2061760768679335,48.44
caf,Central African Republic,1977,1411.52631,48.73,7.252426887264778,48.56
caf,Central African Republic,1978,1383.39935,48.87,7.2322990463095,48.73
caf,Central African Republic,1979,1303.86805,49.01,7.173090548716375,48.87
caf,Central African Republic,1980,1203.29169,49.17,7.092816155411794,49.01
caf,Central African Republic,1981,1321.7318,49.33,7.186698125397152,49.17
caf,Central African Republic,1982,1309.24418,49.48,7.1772052878566095,49.33
caf,Central African Republic,1983,1222.12465,49.46,7.108346139439377,49.48
caf,Central African Republic,1984,1318.53739,49.44,7.184278363373817,49.46
caf,Central African Republic,1985,1349.84774,49.5,7.207747079886563,49.44
caf,Central African Republic,1986,1401.88552,49.49,7.2455734094817155,49.5
caf,Central African Republic,1987,1368.49347,49.41,7.2214657568215594,49.49
caf,Central African Republic,1988,1397.78323,48.99,7.242642853546535,49.41
caf,Central African Republic,1989,1445.80368,48.66,7.276420625866596,48.99
caf,Central African Republic,1990,1447.41467,48.09,7.2775342577958915,48.66
caf,Central African Republic,1991,1404.6979,47.51,7.2475775408546115,48.09
caf,Central African Republic,1992,1292.78726,46.84,7.164555833139066,47.51
caf,Central African Republic,1993,1254.9389,46.04,7.134842165121754,46.84
caf,Central African Republic,1994,1277.18117,45.32,7.152410717543721,46.04
caf,Central African Republic,1995,1328.33636,44.69,7.191682581098152,45.32
caf,Central African Republic,1996,1234.73884,44.16,7.118614761113033,44.69
caf,Central African Republic,1997,1268.30531,43.83,7.145436886771234,44.16
caf,Central African Republic,1998,1293.54911,43.79,7.165144967662226,43.83
caf,Central African Republic,1999,1309.98937,43.75,7.177774301658458,43.79
caf,Central African Republic,2000,1251.66767,43.79,7.132232077127673,43.75
caf,Central African Republic,2001,1272.83459,43.94,7.149001652958519,43.79
caf,Central African Republic,2002,1284.59771,44.21,7.158200882166024,43.94
caf,Central African Republic,2003,1185.51422,44.53,7.0779319003723655,44.21
caf,Central African Republic,2004,1227.64332,44.83,7.112851610490508,44.53
caf,Central African Republic,2005,1214.27096,45.21,7.10189914276104,44.83
caf,Central African Republic,2006,1247.43849,45.58,7.128847519796836,45.21
caf,Central African Republic,2007,1280.71356,46.07,7.155172670335683,45.58
caf,Central African Republic,2008,1280.95449,46.83,7.155360774333554,46.07
caf,Central African Republic,2009,1399.56732,47.39,7.243918410692491,46.83
caf,Central African Republic,2010,1479.41368,47.81,7.299401126103038,47.39
caf,Central African Republic,2011,1517.14839,48.27,7.324587792626622,47.81
caf,Central African Republic,2012,1577.98053,48.76,7.363901162926659,48.27
caf,Central African Republic,2013,996.89636,47.46,6.904646812702903,48.76
caf,Central African Republic,2014,1001.85598,47.48,6.909609538779369,47.46
caf,Central African Republic,2015,1043.92172,49.67,6.950739784788468,47.48
caf,Central African Republic,2016,1073.94478,50.32,6.979093858476981,49.67
caf,Central African Republic,2017,1103.86609,50.41,7.006573924190317,50.32
caf,Central African Republic,2018,1125.70092,51.54,7.026161160629679,50.41
caf,Central African Republic,2019,1145.09564,52.35,7.043243440884318,51.54
caf,Central African Republic,2020,1136.57053,51.95,7.035770700319946,52.35
caf,Central African Republic,2021,1128.55238,51.27,7.028691010776344,51.95
caf,Central African Republic,2022,1136.80171,51.83,7.035974081004138,51.27
can,Canada,1960,16868.0057,71.15,9.733173952784345,
can,Canada,1961,16932.30603,71.34,9.73697867553843,71.15
can,Canada,1962,17687.87322,71.39,9.780634554940361,71.34
can,Canada,1963,18153.54611,71.48,9.80662119857064,71.39
can,Canada,1964,18881.46513,71.75,9.845936038913171,71.48
can,Canada,1965,19669.17274,71.9,9.886807853559185,71.75
can,Canada,1966,20479.94406,72.03,9.9272013477044,71.9
can,Canada,1967,20596.96626,72.21,9.932899075000499,72.03
can,Canada,1968,21237.07724,72.41,9.963503859484232,72.21
can,Canada,1969,21930.93115,72.58,9.995653300610849,72.41
can,Canada,1970,22080.97828,72.76,10.002471805568963,72.58
can,Canada,1971,22714.38242,72.97,10.030753589622268,72.76
can,Canada,1972,23490.03126,73.0,10.064331408431128,72.97
can,Canada,1973,24662.42755,73.18,10.113036212668167,73.0
can,Canada,1974,25076.34936,73.38,10.129680424343388,73.18
can,Canada,1975,25045.71822,73.63,10.128458162561609,73.38
can,Canada,1976,25982.84273,74.03,10.16519170417708,73.63
can,Canada,1977,26403.56742,74.28,10.181254409550688,74.03
can,Canada,1978,26978.13298,74.61,10.202781927219048,74.28
can,Canada,1979,27586.84234,74.91,10.225094211223293,74.61
can,Canada,1980,27604.60684,75.21,10.225737952269322,74.91
can,Canada,1981,29536.39993,75.52,10.293378677636152,75.21
can,Canada,1982,29187.24591,75.81,10.281487108934389,75.52
can,Canada,1983,30282.24445,76.09,10.318316827988017,75.81
can,Canada,1984,32370.08924,76.35,10.384990103790138,76.09
can,Canada,1985,34269.62462,76.38,10.442014661204928,76.35
can,Canada,1986,35099.24237,76.6,10.465934824320716,76.38
can,Canada,1987,36599.37303,76.8,10.507786388914862,76.6
can,Canada,1988,38619.4269,76.98,10.56151071641098,76.8
can,Canada,1989,39872.3923,77.16,10.593439441083474,76.98
can,Canada,1990,40388.54831,77.43,10.606301566094254,77.16
can,Canada,1991,39082.65512,77.64,10.573434044483454,77.43
can,Canada,1992,38995.66778,77.81,10.571205836377557,77.64
can,Canada,1993,39618.65062,77.85,10.587055261621064,77.81
can,Canada,1994,40976.69364,78.0,10.62075873625386,77.85
can,Canada,1995,41665.45111,78.12,10.637427553830777,78.0
can,Canada,1996,41942.68596,78.37,10.644059345323706,78.12
can,Canada,1997,43322.85132,78.62,10.676435518893488,78.37
can,Canada,1998,44649.83236,78.83,10.706605831762323,78.62
can,Canada,1999,46579.77942,79.07,10.748921807918318,78.83
can,Canada,2000,48531.94581,79.36,10.789977536588268,79.07
can,Canada,2001,48907.58879,79.6,10.797687853401793,79.36
can,Canada,2002,49832.67542,79.79,10.81642618078337,79.6
can,Canada,2003,50273.67479,79.98,10.825236855069175,79.79
can,Canada,2004,51339.96742,80.24,10.84622481983202,79.98
can,Canada,2005,52476.82097,80.43,10.868126845754206,80.24
can,Canada,2006,53301.87205,80.74,10.883726732426448,80.43
can,Canada,2007,53848.94902,80.9,10.893938165588137,80.74
can,Canada,2008,53774.36923,81.11,10.892552224267043,80.9
can,Canada,2009,51584.35178,81.39,10.850973645399499,81.11
can,Canada,2010,52558.44081,81.64,10.869680987764141,81.39
can,Canada,2011,53681.12967,81.89,10.89081681594723,81.64
can,Canada,2012,54034.80348,82.01,10.897383626828644,81.89
can,Canada,2013,54712.17842,82.12,10.909841603848795,82.01
can,Canada,2014,55723.48354,82.15,10.928156944604284,82.12
can,Canada,2015,55660.86753,82.26,10.927032621196291,82.15
can,Canada,2016,55606.15492,82.29,10.926049174111881,82.26
can,Canada,2017,56612.32854,82.36,10.943982059200135,82.29
can,Canada,2018,57337.49091,82.19,10.956709980370425,82.36
can,Canada,2019,57583.8458,82.18,10.960997352488052,82.19
can,Canada,2020,54092.87903,81.86,10.898457830108256,82.18
can,Canada,2021,56995.11768,82.47,10.950720888411269,81.86
can,Canada,2022,58321.06118,82.66,10.973718562333184,82.47
che,Switzerland,1960,22437.85557,71.76,10.018504792235989,
che,Switzerland,1961,23729.41233,71.86,10.074470584268541,71.76
che,Switzerland,1962,24361.38424,71.73,10.100754544511528,71.86
che,Switzerland,1963,25193.80561,71.81,10.134353434156516,71.73
che,Switzerland,1964,26202.20195,72.27,10.173598730110827,71.81
che,Switzerland,1965,26966.91019,72.51,10.202365844869218,72.27
che,Switzerland,1966,27505.21895,72.69,10.222131045648716,72.51
che,Switzerland,1967,28160.11997,72.94,10.245662070561199,72.69
che,Switzerland,1968,28982.45515,72.98,10.274445931057807,72.94
che,Switzerland,1969,30235.27498,73.11,10.316764567423688,72.98
che,Switzerland,1970,31863.78266,73.34,10.369225303974547,73.11
che,Switzerland,1971,33094.98545,73.6,10.407137052909476,73.34
che,Switzerland,1972,34109.4135,73.97,10.437328680893714,73.6
che,Switzerland,1973,34959.16754,74.33,10.46193601770107,73.97
che,Switzerland,1974,34933.3035,74.66,10.461195908192972,74.33
che,Switzerland,1975,32786.98397,74.98,10.397786885431374,74.66
che,Switzerland,1976,32739.05952,75.28,10.396324124794758,74.98
che,Switzerland,1977,33613.64171,75.54,10.422687266828078,75.28
che,Switzerland,1978,34174.25912,75.69,10.439227982352037,75.54
che,Switzerland,1979,34953.90317,75.88,10.461785420110191,75.69
che,Switzerland,1980,36295.72045,75.97,10.499455119363512,75.88
che,Switzerland,1981,38702.86229,76.18,10.563668837264807,75.97
che,Switzerland,1982,39657.68726,76.36,10.588040086203002,76.18
che,Switzerland,1983,40875.88287,76.64,10.618295507232348,76.36
che,Switzerland,1984,42783.61018,76.98,10.663910368510123,76.64
che,Switzerland,1985,45297.56304,77.22,10.721008513997576,76.98
che,Switzerland,1986,47219.87737,77.43,10.762570213643333,77.22
che,Switzerland,1987,48925.01332,77.65,10.79804406451769,77.43
che,Switzerland,1988,51498.8352,77.8,10.849314468920321,77.65
che,Switzerland,1989,54837.71535,77.89,10.912133472523973,77.8
che,Switzerland,1990,58149.84624,77.94,10.97077851374727,77.89
che,Switzerland,1991,57458.04466,78.1,10.958810302368462,77.94
che,Switzerland,1992,57328.27953,78.4,10.956549315509683,78.1
che,Switzerland,1993,57232.46487,78.74,10.954876584019628,78.4
che,Switzerland,1994,57970.654,79.0,10.96769219596757,78.74
che,Switzerland,1995,58305.71879,78.91,10.973455459980665,79.0
che,Switzerland,1996,58754.76715,79.34,10.981127571693216,78.91
che,Switzerland,1997,60341.2315,79.6,11.007770921851817,79.34
che,Switzerland,1998,62354.18708,79.87,11.040586103304104,79.6
che,Switzerland,1999,63439.414,80.12,11.057840619191667,79.87
che,Switzerland,2000,65911.90228,80.3,11.096074315411489,80.12
che,Switzerland,2001,66819.6546,80.64,11.109752546786343,80.3
che,Switzerland,2002,66551.52824,80.87,11.10573178734622,80.64
che,Switzerland,2003,66274.24755,81.08,11.101556677641248,80.87
che,Switzerland,2004,67806.4892,81.43,11.124413180262945,81.08
che,Switzerland,2005,69407.28865,81.69,11.1477471647555,81.43
che,Switzerland,2006,71913.81445,81.94,11.18322365946791,81.69
che,Switzerland,2007,74172.04891,82.17,11.214142658860311,81.94
che,Switzerland,2008,75340.96646,82.39,11.229779309143579,82.17
che,Switzerland,2009,72723.57395,82.52,11.194420874370872,82.39
che,Switzerland,2010,74290.26196,82.79,11.215735158320816,82.52
che,Switzerland,2011,74800.88864,83.03,11.222585044105903,82.79
che,Switzerland,2012,74883.61589,83.13,11.223690399114865,83.03
che,Switzerland,2013,75354.15505,83.27,11.229954345865425,83.13
che,Switzerland,2014,76189.60184,83.47,11.240980273570738,83.27
che,Switzerland,2015,76566.07725,83.58,11.245909401894991,83.47
che,Switzerland,2016,77301.21243,83.78,11.25546491918731,83.58
che,Switzerland,2017,77626.90274,83.88,11.259669330883836,83.78
che,Switzerland,2018,79261.35636,83.93,11.280505979391343,83.88
che,Switzerland,2019,79596.70295,83.98,11.284727950748502,83.93
che,Switzerland,2020,77324.88709,83.27,11.255771137351752,83.98
che,Switzerland,2021,81001.41112,84.19,11.302221854737397,83.27
che,Switzerland,2022,82777.29358,84.46,11.323909070639242,84.19
chl,Chile,1960,7537.58237,54.2,8.927656769002265,
chl,Chile,1961,7629.27358,57.45,8.939747913979435,54.2
chl,Chile,1962,7721.04841,56.75,8.951705438202383,57.45
chl,Chile,1963,7941.58421,57.14,8.979868057009206,56.75
chl,Chile,1964,7859.3653,57.63,8.969461131526613,57.14
chl,Chile,1965,7677.37097,58.7,8.946032445921716,57.63
chl,Chile,1966,8280.55974,59.23,9.021665846543705,58.7
chl,Chile,1967,8300.72866,60.17,9.024098580292787,59.23
chl,Chile,1968,8351.13032,61.0,9.030152176348196,60.17
chl,Chile,1969,8419.5652,61.49,9.038313466948166,61.0
chl,Chile,1970,8360.09347,61.99,9.031224886638254,61.49
chl,Chile,1971,8875.37411,62.56,9.091035766694631,61.99
chl,Chile,1972,8546.46454,62.28,9.053272972320846,62.56
chl,Chile,1973,7868.56528,63.18,8.970631022378113,62.28
chl,Chile,1974,7748.38677,64.94,8.955239941969683,63.18
chl,Chile,1975,6581.96506,66.15,8.7920886210723,64.94
chl,Chile,1976,6653.00199,66.17,8.802823458855025,66.15
chl,Chile,1977,7137.38337,67.2,8.873101513375417,66.17
chl,Chile,1978,7543.62274,68.15,8.928457815109514,67.2
chl,Chile,1979,7979.86207,68.6,8.984676405833323,68.15
chl,Chile,1980,8417.02994,69.44,9.038012306292098,68.6
chl,Chile,1981,9188.79817,70.53,9.125740430954519,69.44
chl,Chile,1982,8037.16469,71.04,8.99183164947969,70.53
chl,Chile,1983,7817.95385,70.93,8.964178143291221,71.04
chl,Chile,1984,8280.77272,71.29,9.02169156669642,70.93
chl,Chile,1985,8433.43664,71.95,9.039959635774846,71.29
chl,Chile,1986,8818.05511,72.61,9.084556615614842,71.95
chl,Chile,1987,9342.97866,73.2,9.142380394727413,72.61
chl,Chile,1988,10044.52954,73.19,9.214783440910818,73.2
chl,Chile,1989,11176.20927,73.16,9.321542625707801,73.19
chl,Chile,1990,11657.76447,73.43,9.36372771510753,73.16
chl,Chile,1991,12295.5406,74.15,9.416991922776807,73.43
chl,Chile,1992,13444.56199,74.74,9.506329990262289,74.15
chl,Chile,1993,14060.3747,74.95,9.551115815080673,74.74
chl,Chile,1994,14501.62343,75.23,9.582015882831191,74.95
chl,Chile,1995,15580.62376,75.28,9.653783354566839,75.23
chl,Chile,1996,16394.76026,75.49,9.704717066420997,75.28
chl,Chile,1997,17277.31579,75.96,9.757149694065273,75.49
chl,Chile,1998,17670.68405,76.2,9.779662277071507,75.96
chl,Chile,1999,17326.0901,76.45,9.759968742713605,76.2
chl,Chile,2000,17899.00288,76.93,9.79250028524933,76.45
chl,Chile,2001,18203.3168,76.99,9.809359098219117,76.93
chl,Chile,2002,18507.13745,77.37,9.825911744769712,76.99
chl,Chile,2003,19112.96786,77.44,9.8581223292052,77.37
chl,Chile,2004,20129.54922,77.56,9.909944124940477,77.44
chl,Chile,2005,21053.24367,77.89,9.954809920826028,77.56
chl,Chile,2006,22076.29454,78.2,10.002259666561345,77.89
chl,Chile,2007,22953.69623,78.38,10.041234258294024,78.2
chl,Chile,2008,23554.10232,78.72,10.067055280452514,78.38
chl,Chile,2009,23031.25128,78.63,10.044607323948409,78.72
chl,Chile,2010,24116.76947,78.61,10.090662706132953,78.63
chl,Chile,2011,25366.26902,78.96,10.141175579106104,78.61
chl,Chile,2012,26670.49713,79.17,10.19131325704733,78.96
chl,Chile,2013,27291.35765,79.31,10.214325361457249,79.17
chl,Chile,2014,27505.04955,79.49,10.222124886798573,79.31
chl,Chile,2015,27811.37452,79.63,10.233200371393169,79.49
chl,Chile,2016,27958.7285,79.97,10.238484719634155,79.63
chl,Chile,2017,27892.99469,79.98,10.236130849902066,79.97
chl,Chile,2018,28492.66115,80.07,10.257401829588249,79.98
chl,Chile,2019,28218.53439,80.16,10.247734288905754,80.07
chl,Chile,2020,26248.56164,79.21,10.17536647185182,80.16
chl,Chile,2021,29089.85046,78.78,10.278144610877892,79.21
chl,Chile,2022,29569.47755,79.35,10.294497944445595,78.78
chn,China,1960,913.00394,27.79,6.816740196029249,
chn,China,1961,735.98485,40.83,6.601209534277888,27.79
chn,China,1962,759.59164,53.45,6.632780973085044,40.83
chn,China,1963,827.96638,57.41,6.718972549696166,53.45
chn,China,1964,899.18778,57.91,6.801491889189433,57.41
chn,China,1965,954.26984,58.47,6.86094648260648,57.91
chn,China,1966,938.17019,59.01,6.843931371780528,58.47
chn,China,1967,899.03233,59.48,6.801318996005197,59.01
chn,China,1968,835.41921,59.91,6.727933646771163,59.48
chn,China,1969,875.35947,60.37,6.774634624850153,59.91
chn,China,1970,947.25549,60.88,6.853568845606381,60.37
chn,China,1971,969.26045,61.44,6.87653335802503,60.88
chn,China,1972,929.05209,61.91,6.83416480828605,61.44
chn,China,1973,957.52226,62.35,6.864348968826345,61.91
chn,China,1974,941.92681,62.54,6.847927575167184,62.35
chn,China,1975,966.91149,62.81,6.8741069607574,62.54
chn,China,1976,900.91013,62.6,6.803405507905421,62.81
chn,China,1977,917.7058,63.47,6.821876859953192,62.6
chn,China,1978,987.54047,63.83,6.895217478214008,63.47
chn,China,1979,1027.66388,64.03,6.9350434275698625,63.83
chn,China,1980,1041.07576,64.41,6.948009842143665,64.03
chn,China,1981,1103.43737,64.73,7.006185468309048,64.41
chn,China,1982,1206.9491,65.27,7.095851049537239,64.73
chn,China,1983,1301.75535,65.7,7.171468901886685,65.27
chn,China,1984,1465.33753,66.14,7.289840890818544,65.7
chn,China,1985,1617.48636,66.59,7.388628593572885,66.14
chn,China,1986,1714.54325,67.09,7.44690199759822,66.59
chn,China,1987,1865.27285,67.27,7.531162621645172,67.09
chn,China,1988,2024.75043,67.53,7.613201727500974,67.27
chn,China,1989,2083.12405,67.68,7.641623993016296,67.53
chn,China,1990,2137.8588,68.09,7.6675600463731834,67.68
chn,China,1991,2245.284,68.36,7.716587295516239,68.09
chn,China,1992,2464.10795,68.7,7.809585134570366,68.36
chn,China,1993,2721.46116,69.04,7.908924206230986,68.7
chn,China,1994,2977.68725,69.39,7.998902187581202,69.04
chn,China,1995,3222.91661,69.75,8.078042008070849,69.39
chn,China,1996,3453.8791,70.11,8.147253255198814,69.75
chn,China,1997,3664.53963,70.55,8.206457993879676,70.11
chn,China,1998,3841.82319,70.9,8.253702321967609,70.55
chn,China,1999,4055.66148,71.16,8.30786908024945,70.9
chn,China,2000,4330.14292,71.33,8.373355827380225,71.16
chn,China,2001,4616.19699,71.69,8.437326482753967,71.33
chn,China,2002,4970.91269,72.02,8.511358742069977,71.69
chn,China,2003,5389.66196,72.33,8.592237945795302,72.02
chn,China,2004,5859.59286,72.54,8.675835402341663,72.33
chn,China,2005,6453.21746,72.98,8.772334116422742,72.54
chn,China,2006,7186.97235,73.67,8.880025270236887,72.98
chn,China,2007,8108.53713,74.19,9.000672752294285,73.67
chn,China,2008,8799.84465,74.31,9.082489346901383,74.19
chn,China,2009,9546.11114,74.7,9.163889140070873,74.31
chn,China,2010,10476.31236,74.92,9.256872021907034,74.7
chn,China,2011,11405.01728,75.29,9.341808649842285,74.92
chn,China,2012,12217.85432,75.73,9.41065362974691,75.29
chn,China,2013,13080.82882,76.11,9.47890298844711,75.73
chn,China,2014,13968.58149,76.44,9.544565907367511,76.11
chn,China,2015,14856.78076,76.77,9.606211656848119,76.44
chn,China,2016,15772.76476,76.98,9.666039982282554,76.77
chn,China,2017,16757.97363,77.23,9.726629461595195,76.98
chn,China,2018,17806.79023,77.44,9.787335137133129,77.23
chn,China,2019,18820.5131,77.59,9.842702676317142,77.44
chn,China,2020,19215.15417,77.7,9.863454526385961,77.59
chn,China,2021,20843.29783,77.83,9.944787728549388,77.7
chn,China,2022,21499.38228,78.21,9.975779482540215,77.83
civ,Cote d'Ivoire,1960,2741.57113,45.61,7.916286440157712,
civ,Cote d'Ivoire,1961,2930.60322,46.06,7.98296355795443,45.61
civ,Cote d'Ivoire,1962,2914.66381,46.46,7.977509761087144,46.06
civ,Cote d'Ivoire,1963,3237.78283,46.95,8.082644062809837,46.46
civ,Cote d'Ivoire,1964,3677.40647,47.64,8.209963019113419,46.95
civ,Cote d'Ivoire,1965,3442.0958,48.35,8.143835809039597,47.64
civ,Cote d'Ivoire,1966,3591.21679,48.91,8.186246362774236,48.35
civ,Cote d'Ivoire,1967,3509.33696,49.28,8.163182398331106,48.91
civ,Cote d'Ivoire,1968,3854.90547,49.66,8.257101764295998,49.28
civ,Cote d'Ivoire,1969,3878.66687,50.33,8.263246783370494,49.66
civ,Cote d'Ivoire,1970,4073.09591,50.93,8.312158655124668,50.33
civ,Cote d'Ivoire,1971,4159.98557,51.64,8.333266884499293,50.93
civ,Cote d'Ivoire,1972,4173.61144,52.29,8.336536992743337,51.64
civ,Cote d'Ivoire,1973,4272.60995,52.94,8.359980149006194,52.29
civ,Cote d'Ivoire,1974,4241.01949,53.48,8.352558965078273,52.94
civ,Cote d'Ivoire,1975,4232.76929,53.98,8.350611736318847,53.48
civ,Cote d'Ivoire,1976,4549.78897,54.57,8.42283613064962,53.98
civ,Cote d'Ivoire,1977,4577.60935,55.11,8.42893216484881,54.57
civ,Cote d'Ivoire,1978,4835.87521,55.71,8.483817407017956,55.11
civ,Cote d'Ivoire,1979,4740.33338,56.25,8.463862745549182,55.71
civ,Cote d'Ivoire,1980,4405.9324,56.72,8.390707184530108,56.25
civ,Cote d'Ivoire,1981,4672.88257,57.03,8.449531412917525,56.72
civ,Cote d'Ivoire,1982,4683.64226,57.16,8.451831346907644,57.03
civ,Cote d'Ivoire,1983,4459.00322,57.27,8.402680526762223,57.16
civ,Cote d'Ivoire,1984,4324.05582,57.32,8.371949088018974,57.27
civ,Cote d'Ivoire,1985,4440.82213,57.38,8.39859480269987,57.32
civ,Cote d'Ivoire,1986,4534.1513,57.39,8.419393200603338,57.38
civ,Cote d'Ivoire,1987,4422.75805,57.21,8.394518773681598,57.39
civ,Cote d'Ivoire,1988,4483.29605,56.85,8.408113780342168,57.21
civ,Cote d'Ivoire,1989,4543.44383,56.3,8.421440556343015,56.85
civ,Cote d'Ivoire,1990,4382.00012,55.74,8.385260547540167,56.3
civ,Cote d'Ivoire,1991,4270.57637,55.1,8.359504078378157,55.74
civ,Cote d'Ivoire,1992,4162.37855,54.3,8.33384195668586,55.1
civ,Cote d'Ivoire,1993,4052.779,53.41,8.307158097631143,54.3
civ,Cote d'Ivoire,1994,3973.74492,52.51,8.287464233834765,53.41
civ,Cote d'Ivoire,1995,4136.58843,51.7,8.327626676378282,52.51
civ,Cote d'Ivoire,1996,4348.17291,51.31,8.377511015159678,51.7
civ,Cote d'Ivoire,1997,4617.22563,51.09,8.437549290708631,51.31
civ,Cote d'Ivoire,1998,4702.02738,50.94,8.455749052137081,51.09
civ,Cote d'Ivoire,1999,4657.74466,50.95,8.446286631423503,50.94
civ,Cote d'Ivoire,2000,4549.02362,51.13,8.422667899906491,50.95
civ,Cote d'Ivoire,2001,4385.22538,51.46,8.385996301433003,51.13
civ,Cote d'Ivoire,2002,4196.07952,51.74,8.341905920718881,51.46
civ,Cote d'Ivoire,2003,3941.89109,52.11,8.279415859223443,51.74
civ,Cote d'Ivoire,2004,3987.0524,52.65,8.29080749000881,52.11
civ,Cote d'Ivoire,2005,3956.21195,53.46,8.283042268152712,52.65
civ,Cote d'Ivoire,2006,3990.13542,54.43,8.291580449157589,53.46
civ,Cote d'Ivoire,2007,3960.4846,55.33,8.284121670498845,54.43
civ,Cote d'Ivoire,2008,4069.77716,56.3,8.311343525094951,55.33
civ,Cote d'Ivoire,2009,4138.37014,56.96,8.328057303314347,56.3
civ,Cote d'Ivoire,2010,4338.65248,57.39,8.37531909040366,56.96
civ,Cote d'Ivoire,2011,4017.40782,57.81,8.298392152731136,57.39
civ,Cote d'Ivoire,2012,4234.18056,58.81,8.350945096038243,57.81
civ,Cote d'Ivoire,2013,4597.18635,59.42,8.433199732291554,58.81
civ,Cote d'Ivoire,2014,4907.5745,60.16,8.498535106881032,59.42
civ,Cote d'Ivoire,2015,5110.86241,61.07,8.539123438038086,60.16
civ,Cote d'Ivoire,2016,5320.84646,61.97,8.579387678701748,61.07
civ,Cote d'Ivoire,2017,5556.11366,62.81,8.622654160828416,61.97
civ,Cote d'Ivoire,2018,5670.20005,63.59,8.642979678286345,62.81
civ,Cote d'Ivoire,2019,5894.87875,64.25,8.68183924448174,63.59
civ,Cote d'Ivoire,2020,5787.81533,63.94,8.66351018157548,64.25
civ,Cote d'Ivoire,2021,6045.20481,63.47,8.70702064336825,63.94
civ,Cote d'Ivoire,2022,6272.26396,63.82,8.74389264660386,63.47
cmr,Cameroon,1960,1812.67741,27.54,7.50256026331807,
cmr,Cameroon,1961,1809.11121,26.43,7.500590959459291,27.54
cmr,Cameroon,1962,1835.44762,48.48,7.515043665346367,26.43
cmr,Cameroon,1963,1871.5089,48.82,7.5345002828768575,48.48
cmr,Cameroon,1964,1907.55869,49.18,7.553579530706256,48.82
cmr,Cameroon,1965,1931.1579,49.55,7.565875050188495,49.18
cmr,Cameroon,1966,1989.05324,49.94,7.595414045715445,49.55
cmr,Cameroon,1967,1899.76133,50.27,7.549483541474734,49.94
cmr,Cameroon,1968,1988.29004,50.66,7.595030271947058,50.27
cmr,Cameroon,1969,2032.1074,51.11,7.61682866163234,50.66
cmr,Cameroon,1970,2068.44162,51.54,7.6345507621529265,51.11
cmr,Cameroon,1971,2079.58306,51.95,7.639922700679115,51.54
cmr,Cameroon,1972,2105.82963,52.46,7.65246479198565,51.95
cmr,Cameroon,1973,2115.53159,52.83,7.65706140268867,52.46
cmr,Cameroon,1974,2144.67216,53.22,7.670741980520184,52.83
cmr,Cameroon,1975,2183.57652,53.56,7.688719416964646,53.22
cmr,Cameroon,1976,2081.05552,53.84,7.640630505518762,53.56
cmr,Cameroon,1977,2215.95673,54.19,7.703439521503251,53.84
cmr,Cameroon,1978,2452.54838,54.59,7.804882918054325,54.19
cmr,Cameroon,1979,2521.62082,55.01,7.83265715629191,54.59
cmr,Cameroon,1980,2719.18103,55.39,7.908086022041008,55.01
cmr,Cameroon,1981,3261.61845,55.79,8.089978808221936,55.39
cmr,Cameroon,1982,3551.0292,56.3,8.174992755945043,55.79
cmr,Cameroon,1983,3794.55537,56.79,8.241322520910385,56.3
cmr,Cameroon,1984,4076.34437,57.12,8.312955878016163,56.79
cmr,Cameroon,1985,4404.21027,57.71,8.39031624193441,57.12
cmr,Cameroon,1986,4660.52895,57.75,8.446884229261771,57.71
cmr,Cameroon,1987,4485.07744,58.35,8.408511040787534,57.75
cmr,Cameroon,1988,4181.81082,58.5,8.33849964223653,58.35
cmr,Cameroon,1989,4029.75987,58.53,8.301462067557495,58.5
cmr,Cameroon,1990,3848.34316,58.43,8.255397986603583,58.53
cmr,Cameroon,1991,3640.51066,58.2,8.199879241999685,58.43
cmr,Cameroon,1992,3469.10769,57.78,8.151652690016304,58.2
cmr,Cameroon,1993,3178.52095,57.37,8.064171257514094,57.78
cmr,Cameroon,1994,3149.47839,57.1,8.054992127631872,57.37
cmr,Cameroon,1995,3188.06737,56.64,8.067170172058214,57.1
cmr,Cameroon,1996,3270.37288,56.22,8.092659287971346,56.64
cmr,Cameroon,1997,3364.34086,55.69,8.120987341762342,56.22
cmr,Cameroon,1998,3462.45081,55.16,8.149731943896485,55.69
cmr,Cameroon,1999,3551.12885,54.82,8.17502081783815,55.16
cmr,Cameroon,2000,3621.82516,54.47,8.194733365605135,54.82
cmr,Cameroon,2001,3709.02314,54.3,8.218523816348533,54.47
cmr,Cameroon,2002,3796.465,54.23,8.241825649593277,54.3
cmr,Cameroon,2003,3916.11892,54.27,8.272856370911477,54.23
cmr,Cameroon,2004,4093.34117,54.58,8.317116827526306,54.27
cmr,Cameroon,2005,4096.94001,54.99,8.317995635018386,54.58
cmr,Cameroon,2006,4160.88698,55.41,8.333483546874088,54.99
cmr,Cameroon,2007,4242.1752,55.91,8.352831435544738,55.41
cmr,Cameroon,2008,4261.89362,56.56,8.35746885223443,55.91
cmr,Cameroon,2009,4268.0423,57.18,8.358910523337855,56.56
cmr,Cameroon,2010,4286.58303,57.7,8.363245198046691,57.18
cmr,Cameroon,2011,4307.85196,58.17,8.368194673711823,57.7
cmr,Cameroon,2012,4382.11121,58.76,8.38528589865583,58.17
cmr,Cameroon,2013,4473.57232,59.15,8.405942545169708,58.76
cmr,Cameroon,2014,4588.4865,59.47,8.431305510116786,59.15
cmr,Cameroon,2015,4698.66678,60.05,8.455034083628169,59.47
cmr,Cameroon,2016,4767.13186,60.93,8.469500115824994,60.05
cmr,Cameroon,2017,4797.97544,61.85,8.47594932458704,60.93
cmr,Cameroon,2018,4851.48004,62.62,8.487039100265404,61.85
cmr,Cameroon,2019,4882.3556,63.35,8.493383087300684,62.62
cmr,Cameroon,2020,4763.48194,62.58,8.468734179809742,63.35
cmr,Cameroon,2021,4793.55628,62.06,8.475027853347262,62.58
cmr,Cameroon,2022,4843.65038,62.71,8.485423926180482,62.06
cod,"Congo, Dem. Rep.",1960,1809.35299,47.55,7.500724596265957,
cod,"Congo, Dem. Rep.",1961,1591.73582,47.62,7.372580410423341,47.55
cod,"Congo, Dem. Rep.",1962,1847.96463,47.89,7.521840112408075,47.62
cod,"Congo, Dem. Rep.",1963,1880.9545,48.18,7.539534639747434,47.89
cod,"Congo, Dem. Rep.",1964,1822.31198,48.06,7.507861292580042,48.18
cod,"Congo, Dem. Rep.",1965,1789.61303,48.26,7.489754691106052,48.06
cod,"Congo, Dem. Rep.",1966,1868.23331,48.77,7.532748509276584,48.26
cod,"Congo, Dem. Rep.",1967,1802.89245,48.87,7.497147570841788,48.77
cod,"Congo, Dem. Rep.",1968,1847.2109,49.14,7.521432158845743,48.87
cod,"Congo, Dem. Rep.",1969,1960.9554,49.41,7.581187082439494,49.14
cod,"Congo, Dem. Rep.",1970,1911.9041,49.62,7.555854935449681,49.41
cod,"Congo, Dem. Rep.",1971,1986.37842,49.85,7.594068370260599,49.62
cod,"Congo, Dem. Rep.",1972,1946.56593,50.03,7.573822037527503,49.85
cod,"Congo, Dem. Rep.",1973,2064.1815,50.33,7.632489058781817,50.03
cod,"Congo, Dem. Rep.",1974,2084.46967,50.66,7.642269746963136,50.33
cod,"Congo, Dem. Rep.",1975,1936.90458,50.87,7.5688464004486296,50.66
cod,"Congo, Dem. Rep.",1976,1787.71301,51.09,7.488692433901973,50.87
cod,"Congo, Dem. Rep.",1977,1757.97645,51.32,7.471918682250959,51.09
cod,"Congo, Dem. Rep.",1978,1620.94448,51.52,7.3907642706864385,51.32
cod,"Congo, Dem. Rep.",1979,1585.03816,51.81,7.368363761731345,51.52
cod,"Congo, Dem. Rep.",1980,1583.39289,52.13,7.3673252223900025,51.81
cod,"Congo, Dem. Rep.",1981,1653.94575,52.38,7.410919075771242,52.13
cod,"Congo, Dem. Rep.",1982,1666.2212,52.66,7.418313587022462,52.38
cod,"Congo, Dem. Rep.",1983,1691.17824,52.96,7.433180748429603,52.66
cod,"Congo, Dem. Rep.",1984,1775.41164,53.36,7.481787584881737,52.96
cod,"Congo, Dem. Rep.",1985,1777.66353,53.67,7.483055157445656,53.36
cod,"Congo, Dem. Rep.",1986,1842.43747,53.88,7.5188446859027955,53.67
cod,"Congo, Dem. Rep.",1987,1878.32116,54.0,7.5381336568619615,53.88
cod,"Congo, Dem. Rep.",1988,1888.55282,54.18,7.543566111049173,54.0
cod,"Congo, Dem. Rep.",1989,1876.48943,54.28,7.537157985732139,54.18
cod,"Congo, Dem. Rep.",1990,1781.63771,54.27,7.485288282086464,54.28
cod,"Congo, Dem. Rep.",1991,1604.51664,54.17,7.38057783132817,54.27
cod,"Congo, Dem. Rep.",1992,1411.96435,54.13,7.2527371698591,54.17
cod,"Congo, Dem. Rep.",1993,1197.77923,53.89,7.088224479556461,54.13
cod,"Congo, Dem. Rep.",1994,1111.42569,53.69,7.013398875568776,53.89
cod,"Congo, Dem. Rep.",1995,1094.0399,53.64,6.997632453980471,53.69
cod,"Congo, Dem. Rep.",1996,1073.67808,51.99,6.978845490845645,53.64
cod,"Congo, Dem. Rep.",1997,1006.13549,53.06,6.913872023499439,51.99
cod,"Congo, Dem. Rep.",1998,971.9337,53.31,6.879287592257496,53.06
cod,"Congo, Dem. Rep.",1999,910.95457,53.54,6.814493027739875,53.31
cod,"Congo, Dem. Rep.",2000,828.85463,53.93,6.7200447839082385,53.54
cod,"Congo, Dem. Rep.",2001,794.37406,54.23,6.677554458622798,53.93
cod,"Congo, Dem. Rep.",2002,800.59337,54.36,6.68535316523515,54.23
cod,"Congo, Dem. Rep.",2003,828.0398,54.79,6.719061220862899,54.36
cod,"Congo, Dem. Rep.",2004,864.96169,55.47,6.76268521693375,54.79
cod,"Congo, Dem. Rep.",2005,896.68398,56.14,6.798703492291553,55.47
cod,"Congo, Dem. Rep.",2006,921.55178,56.66,6.82605896652417,56.14
cod,"Congo, Dem. Rep.",2007,955.42186,57.12,6.862152981163021,56.66
cod,"Congo, Dem. Rep.",2008,989.53891,57.46,6.897239087159845,57.12
cod,"Congo, Dem. Rep.",2009,990.8234,57.95,6.898536314615288,57.46
cod,"Congo, Dem. Rep.",2010,1031.25015,58.78,6.938527083103426,57.95
cod,"Congo, Dem. Rep.",2011,1066.57951,59.41,6.972212087406316,58.78
cod,"Congo, Dem. Rep.",2012,1104.66401,60.07,7.0072965043668045,59.41
cod,"Congo, Dem. Rep.",2013,1158.28193,60.91,7.054693091367678,60.07
cod,"Congo, Dem. Rep.",2014,1225.70219,61.79,7.111269175079634,60.91
cod,"Congo, Dem. Rep.",2015,1267.90549,62.65,7.145121597519007,61.79
cod,"Congo, Dem. Rep.",2016,1253.15816,63.34,7.133422171990212,62.65
cod,"Congo, Dem. Rep.",2017,1253.18735,63.91,7.133445464868137,63.34
cod,"Congo, Dem. Rep.",2018,1282.48228,64.66,7.15655276018534,63.91
cod,"Congo, Dem. Rep.",2019,1296.94757,65.05,7.167768759443857,64.66
cod,"Congo, Dem. Rep.",2020,1277.63286,64.47,7.152764316670234,65.05
cod,"Congo, Dem. Rep.",2021,1313.61822,63.88,7.180540608882119,64.47
cod,"Congo, Dem. Rep.",2022,1385.46473,64.47,7.233790907465116,63.88
cog,"Congo, Rep.",1960,2591.03068,43.74,7.859811021480041,
cog,"Congo, Rep.",1961,2719.61049,44.1,7.908243946829746,43.74
cog,"Congo, Rep.",1962,2702.62388,44.44,7.901978387500715,44.1
cog,"Congo, Rep.",1963,2654.1796,44.73,7.883890884041881,44.44
cog,"Congo, Rep.",1964,2673.57781,45.07,7.891172858135831,44.73
cog,"Congo, Rep.",1965,2704.73993,45.4,7.902761042480985,45.07
cog,"Congo, Rep.",1966,2782.05926,45.71,7.930946673478663,45.4
cog,"Congo, Rep.",1967,2925.41658,45.89,7.981192170037939,45.71
cog,"Congo, Rep.",1968,3049.83401,46.41,8.022842445169655,45.89
cog,"Congo, Rep.",1969,3198.86575,46.8,8.07055157282946,46.41
cog,"Congo, Rep.",1970,3377.23557,47.23,8.124812775133579,46.8
cog,"Congo, Rep.",1971,3589.94877,47.66,8.185893211185519,47.23
cog,"Congo, Rep.",1972,3642.4046,48.1,8.200399346923355,47.66
cog,"Congo, Rep.",1973,4163.47864,48.65,8.334106215363686,48.1
cog,"Congo, Rep.",1974,4021.19915,49.21,8.299335433151555,48.65
cog,"Congo, Rep.",1975,3879.64111,49.71,8.263497930916488,49.21
cog,"Congo, Rep.",1976,3954.15586,50.26,8.282522421264252,49.71
cog,"Congo, Rep.",1977,3565.47417,50.71,8.17905233101637,50.26
cog,"Congo, Rep.",1978,3679.4546,51.15,8.210519813657566,50.71
cog,"Congo, Rep.",1979,3984.20307,51.83,8.290092588791033,51.15
cog,"Congo, Rep.",1980,4369.01099,52.75,8.382291944398032,51.83
cog,"Congo, Rep.",1981,4925.88371,53.5,8.502258971012463,52.75
cog,"Congo, Rep.",1982,5475.80576,54.21,8.6080947146324,53.5
cog,"Congo, Rep.",1983,5633.10218,54.77,8.636415578265078,54.21
cog,"Congo, Rep.",1984,5816.85796,55.18,8.668515525527711,54.77
cog,"Congo, Rep.",1985,5815.96324,55.58,8.668361698698195,55.18
cog,"Congo, Rep.",1986,5663.66097,55.64,8.64182577659053,55.58
cog,"Congo, Rep.",1987,5685.30238,55.44,8.645639593864255,55.64
cog,"Congo, Rep.",1988,6518.33181,55.0,8.782373764821656,55.44
cog,"Congo, Rep.",1989,7354.28923,54.57,8.903038990704363,55.0
cog,"Congo, Rep.",1990,7454.49302,53.97,8.916572219520843,54.57
cog,"Congo, Rep.",1991,7522.95485,53.66,8.925714271947104,53.97
cog,"Congo, Rep.",1992,7603.79419,53.46,8.936402637224143,53.66
cog,"Congo, Rep.",1993,7401.64802,52.73,8.909457959802499,53.46
cog,"Congo, Rep.",1994,6872.5419,52.55,8.835289316783275,52.73
cog,"Congo, Rep.",1995,7028.46819,52.32,8.857724064902577,52.55
cog,"Congo, Rep.",1996,7236.19261,52.09,8.886850464458327,52.32
cog,"Congo, Rep.",1997,7084.17856,46.72,8.865619204683306,52.09
cog,"Congo, Rep.",1998,7254.4834,50.31,8.889374956718234,46.72
cog,"Congo, Rep.",1999,6939.87824,52.21,8.845039508678353,50.31
cog,"Congo, Rep.",2000,7242.9104,53.05,8.887778393554127,52.21
cog,"Congo, Rep.",2001,7294.20583,54.02,8.894835590054653,53.05
cog,"Congo, Rep.",2002,7502.37544,54.71,8.922974974710854,54.02
cog,"Congo, Rep.",2003,7398.52442,55.29,8.909035856606197,54.71
cog,"Congo, Rep.",2004,7436.93638,56.1,8.914214266142036,55.29
cog,"Congo, Rep.",2005,7763.52189,56.99,8.95719136202181,56.1
cog,"Congo, Rep.",2006,8098.86813,57.83,8.999479593859364,56.99
cog,"Congo, Rep.",2007,7334.53258,58.52,8.900348963938539,57.83
cog,"Congo, Rep.",2008,7563.11272,59.39,8.931038119883533,58.52
cog,"Congo, Rep.",2009,8123.95003,60.25,9.002571771770477,59.39
cog,"Congo, Rep.",2010,8583.6618,60.87,9.057615884652737,60.25
cog,"Congo, Rep.",2011,8492.42098,61.59,9.04692939531085,60.87
cog,"Congo, Rep.",2012,9079.68656,61.91,9.113794951175727,61.59
cog,"Congo, Rep.",2013,8798.49382,62.43,9.082335828999117,61.91
cog,"Congo, Rep.",2014,9159.25664,62.88,9.122520301536678,62.43
cog,"Congo, Rep.",2015,8977.70682,63.52,9.102499763428861,62.88
cog,"Congo, Rep.",2016,8001.82552,64.2,8.987424984630595,63.52
cog,"Congo, Rep.",2017,7372.77047,64.65,8.905548826350856,64.2
cog,"Congo, Rep.",2018,7029.33652,65.03,8.857847601972413,64.65
cog,"Congo, Rep.",2019,6939.36913,65.43,8.844966145910668,65.03
cog,"Congo, Rep.",2020,6350.50913,66.52,8.756290266625413,65.43
cog,"Congo, Rep.",2021,6263.21161,66.24,8.742448369277003,66.52
cog,"Congo, Rep.",2022,6205.10504,65.75,8.733127625779067,66.24
col,Colombia,1960,4666.8532,59.26,8.44824029055902,
col,Colombia,1961,4727.30237,59.54,8.461109995322458,59.26
col,Colombia,1962,4788.61863,60.15,8.473997262592365,59.54
col,Colombia,1963,4759.16591,60.89,8.467827702879475,60.15
col,Colombia,1964,4896.68344,61.45,8.496313405953442,60.89
col,Colombia,1965,4847.31054,61.58,8.486179302289054,61.45
col,Colombia,1966,4928.66353,62.11,8.50282314103591,61.58
col,Colombia,1967,4952.8284,62.38,8.50771408631877,62.11
col,Colombia,1968,5086.43126,63.13,8.534331735938219,62.38
col,Colombia,1969,5237.52215,64.4,8.563603793338396,63.13
col,Colombia,1970,5415.05439,65.93,8.596938203705976,64.4
col,Colombia,1971,5558.35379,65.86,8.623057262468762,65.93
col,Colombia,1972,5805.4328,65.14,8.666549447769683,65.86
col,Colombia,1973,6017.2825,64.93,8.702391024425683,65.14
col,Colombia,1974,6183.07798,65.29,8.729571481479685,64.93
col,Colombia,1975,6148.45304,66.27,8.723955790948139,65.29
col,Colombia,1976,6259.91846,66.76,8.741922438450205,66.27
col,Colombia,1977,6343.92182,67.79,8.755252439783517,66.76
col,Colombia,1978,6699.59605,68.15,8.809802512516704,67.79
col,Colombia,1979,6867.41031,68.45,8.83454235781862,68.15
col,Colombia,1980,6949.00403,68.92,8.84635362325372,68.45
col,Colombia,1981,7278.67206,69.18,8.892703715211464,68.92
col,Colombia,1982,7413.08399,69.61,8.911001824688313,69.18
col,Colombia,1983,7510.90404,69.77,8.92411111567576,69.61
col,Colombia,1984,7744.75951,70.24,8.954771701368232,69.77
col,Colombia,1985,8094.87593,67.21,8.998986539249376,70.24
col,Colombia,1986,8485.8215,70.22,9.04615199089574,67.21
col,Colombia,1987,8881.73572,70.22,9.091752280849589,70.22
col,Colombia,1988,9254.63338,70.61,9.132879611040911,70.22
col,Colombia,1989,9615.12757,70.85,9.171092925745576,70.61
col,Colombia,1990,10076.56366,71.45,9.217967576757413,70.85
col,Colombia,1991,10077.77018,70.99,9.218087304852721,71.45
col,Colombia,1992,10282.19211,71.13,9.238168756549054,70.99
col,Colombia,1993,10627.04596,71.68,9.271157536196316,71.13
col,Colombia,1994,11007.84461,72.06,9.306363443976108,71.68
col,Colombia,1995,11360.93228,72.55,9.337935755809246,72.06
col,Colombia,1996,11383.98264,72.76,9.33996261482123,72.55
col,Colombia,1997,11569.62746,73.55,9.356138620879356,72.76
col,Colombia,1998,11426.77857,74.03,9.343714877169516,73.55
col,Colombia,1999,10758.89168,74.09,9.283487824693056,74.03
col,Colombia,2000,10888.18673,74.23,9.295433694257717,74.09
col,Colombia,2001,10894.52373,74.37,9.296015531875254,74.23
col,Colombia,2002,10992.22787,73.37,9.304943744778551,74.37
col,Colombia,2003,11245.90019,75.15,9.327758913657151,73.37
col,Colombia,2004,11665.76625,75.62,9.364413870253593,75.15
col,Colombia,2005,12049.36378,76.52,9.396767139184671,75.62
col,Colombia,2006,12679.47727,76.72,9.447740002378046,76.52
col,Colombia,2007,13353.26412,77.33,9.499516137313105,76.72
col,Colombia,2008,13615.83592,77.57,9.518988800211757,77.33
col,Colombia,2009,13600.03139,77.5,9.517827379809715,77.57
col,Colombia,2010,14037.06427,77.89,9.549456558137509,77.5
col,Colombia,2011,14852.36995,78.65,9.605914724089896,77.89
col,Colombia,2012,15279.479,78.98,9.634265965280562,78.65
col,Colombia,2013,15912.24713,79.31,9.674844351458955,78.98
col,Colombia,2014,16480.36315,79.67,9.70992483902165,79.31
col,Colombia,2015,16821.38014,79.69,9.730405983668463,79.67
col,Colombia,2016,17003.24437,79.85,9.741159450123824,79.69
col,Colombia,2017,16986.03342,79.97,9.740146721840668,79.85
col,Colombia,2018,17104.13135,80.08,9.747075312725517,79.97
col,Colombia,2019,17336.7716,80.19,9.760585050762868,80.08
col,Colombia,2020,15861.49993,78.12,9.671650063857056,80.19
col,Colombia,2021,17383.09017,76.09,9.76325318336,78.12
col,Colombia,2022,18458.72095,76.96,9.823292218007373,76.09
com,Comoros,1960,880.34954,47.11,6.780319033152864,
com,Comoros,1961,884.33863,47.45,6.784840054897604,47.11
com,Comoros,1962,953.43301,47.87,6.860069165624253,47.45
com,Comoros,1963,1103.09863,48.36,7.0058784350200725,47.87
com,Comoros,1964,1169.25312,48.81,7.0641204649796006,48.36
com,Comoros,1965,1142.63217,49.28,7.041089800978909,48.81
com,Comoros,1966,1232.50125,49.77,7.1168009201151134,49.28
com,Comoros,1967,1281.50753,50.26,7.155792421713511,49.77
com,Comoros,1968,1250.60928,50.7,7.131386135543856,50.26
com,Comoros,1969,1218.75318,51.03,7.105583631539422,50.7
com,Comoros,1970,1251.21098,51.36,7.131867145327989,51.03
com,Comoros,1971,1271.97228,51.7,7.148323951209778,51.36
com,Comoros,1972,1266.8129,51.98,7.1442594977512535,51.7
com,Comoros,1973,1324.44832,52.26,7.188751289453337,51.98
com,Comoros,1974,1326.43105,52.53,7.190247193335025,52.26
com,Comoros,1975,1372.32816,52.87,7.224263963359445,52.53
com,Comoros,1976,1332.3215,53.2,7.194678188342526,52.87
com,Comoros,1977,1306.39321,53.51,7.175025344153465,53.2
com,Comoros,1978,1299.79309,53.81,7.169960369243625,53.51
com,Comoros,1979,1375.78185,54.12,7.226777466680429,53.81
com,Comoros,1980,1429.82431,54.46,7.265306855566168,54.12
com,Comoros,1981,1542.6863,54.85,7.341280526444333,54.46
com,Comoros,1982,1642.40264,55.29,7.403915473107231,54.85
com,Comoros,1983,1707.1524,55.59,7.442581998246879,55.29
com,Comoros,1984,1795.2097,56.17,7.492877118611462,55.59
com,Comoros,1985,1834.54069,56.55,7.5145494239799895,56.17
com,Comoros,1986,1854.52454,57.05,7.525383629519366,56.55
com,Comoros,1987,1879.49125,57.37,7.538756407499913,57.05
com,Comoros,1988,1962.29483,57.82,7.581869898968401,57.37
com,Comoros,1989,1951.30479,58.01,7.57625355087168,57.82
com,Comoros,1990,2069.78692,58.46,7.63520094376295,58.01
com,Comoros,1991,1970.96424,58.74,7.586278163913551,58.46
com,Comoros,1992,2114.42547,59.05,7.656538409188015,58.74
com,Comoros,1993,2155.46837,59.36,7.6757633199899855,59.05
com,Comoros,1994,2020.8948,59.57,7.611295662609902,59.36
com,Comoros,1995,2072.25939,59.83,7.63639478376792,59.57
com,Comoros,1996,2024.47895,59.18,7.613067637789116,59.83
com,Comoros,1997,2083.98945,60.11,7.642039340480405,59.18
com,Comoros,1998,2087.14812,60.26,7.643553877246828,60.11
com,Comoros,1999,2101.98632,61.23,7.650638043328183,60.26
com,Comoros,2000,2273.33458,61.41,7.729003010556345,61.23
com,Comoros,2001,2294.63481,62.22,7.738328985650043,61.41
com,Comoros,2002,2314.18283,62.53,7.746811915004118,62.22
com,Comoros,2003,2332.14917,63.29,7.754545511976926,62.53
com,Comoros,2004,2346.10974,63.75,7.760513805612994,63.29
com,Comoros,2005,2377.91779,64.07,7.773980505585009,63.75
com,Comoros,2006,2416.55885,64.39,7.790099844392282,64.07
com,Comoros,2007,2398.29711,64.55,7.782514226995171,64.39
com,Comoros,2008,2454.34737,65.25,7.8056161678204745,64.55
com,Comoros,2009,2571.20352,64.85,7.85212936399289,65.25
com,Comoros,2010,2652.35554,65.9,7.883203407176575,64.85
com,Comoros,2011,2752.95296,65.69,7.920429418182242,65.9
com,Comoros,2012,2868.39987,66.33,7.961509616686985,65.69
com,Comoros,2013,3059.11624,66.72,8.025881342775138,66.33
com,Comoros,2014,3109.89566,67.22,8.042344454771243,66.72
com,Comoros,2015,3105.59296,67.54,8.04095994553943,67.22
com,Comoros,2016,3127.13212,67.86,8.047871607924408,67.54
com,Comoros,2017,3236.986,68.17,8.082397928924614,67.86
com,Comoros,2018,3303.25689,68.46,8.102664197116718,68.17
com,Comoros,2019,3357.89791,68.73,8.11907043515032,68.46
com,Comoros,2020,3424.53969,68.83,8.138722344583936,68.73
com,Comoros,2021,3449.04358,68.03,8.145852248403548,68.83
com,Comoros,2022,3478.17347,68.31,8.15426257003617,68.03
cpv,Cape Verde,1960,1198.28094,56.76,7.088643258695327,
cpv,Cape Verde,1961,1231.20079,57.53,7.115745224174886,56.76
cpv,Cape Verde,1962,1185.6088,58.27,7.078011676916436,57.53
cpv,Cape Verde,1963,1136.79991,58.97,7.0359724976132885,58.27
cpv,Cape Verde,1964,1153.60737,59.65,7.050649155206532,58.97
cpv,Cape Verde,1965,1150.25198,60.19,7.047736310399017,59.65
cpv,Cape Verde,1966,1215.4182,60.84,7.102843494083132,60.19
cpv,Cape Verde,1967,1261.77565,60.32,7.140275253922004,60.84
cpv,Cape Verde,1968,1288.2182,59.7,7.1610153022539444,60.32
cpv,Cape Verde,1969,1309.00771,58.08,7.177024655884915,59.7
cpv,Cape Verde,1970,1348.63827,58.1,7.206850673474592,58.08
cpv,Cape Verde,1971,1386.89886,57.36,7.234825497684881,58.1
cpv,Cape Verde,1972,1397.17654,59.28,7.242208722067406,57.36
cpv,Cape Verde,1973,1401.65105,60.34,7.2454061421786555,59.28
cpv,Cape Verde,1974,1418.56367,61.85,7.257400138683954,60.34
cpv,Cape Verde,1975,1163.60868,62.6,7.059281386201337,61.85
cpv,Cape Verde,1976,1168.22985,63.6,7.0632449334112435,62.6
cpv,Cape Verde,1977,1089.32241,64.55,6.993311139721728,63.6
cpv,Cape Verde,1978,1170.10407,65.43,7.064847972554048,64.55
cpv,Cape Verde,1979,1181.24757,66.31,7.074326421662979,65.43
cpv,Cape Verde,1980,1214.2351,66.82,7.10186961020142,66.31
cpv,Cape Verde,1981,1355.01476,67.12,7.211567626243403,66.82
cpv,Cape Verde,1982,1409.44843,66.83,7.250953722442475,67.12
cpv,Cape Verde,1983,1540.4658,66.87,7.33984011720606,66.83
cpv,Cape Verde,1984,1593.26707,66.79,7.373541948086484,66.87
cpv,Cape Verde,1985,1721.31454,67.57,7.450843545345717,66.79
cpv,Cape Verde,1986,1749.12046,67.99,7.466868346289003,67.57
cpv,Cape Verde,1987,1809.0852,68.43,7.500576582130339,67.99
cpv,Cape Verde,1988,1914.83363,69.03,7.557386020556101,68.43
cpv,Cape Verde,1989,2028.04956,69.44,7.614829802282296,69.03
cpv,Cape Verde,1990,2043.33713,69.93,7.622339598335462,69.44
cpv,Cape Verde,1991,2024.53361,69.8,7.613094636964442,69.93
cpv,Cape Verde,1992,2150.38441,69.86,7.673401900488562,69.8
cpv,Cape Verde,1993,2277.53878,69.82,7.730850656431519,69.86
cpv,Cape Verde,1994,2590.59797,69.71,7.859644004493594,69.82
cpv,Cape Verde,1995,2863.98683,68.74,7.9599699296062765,69.71
cpv,Cape Verde,1996,3106.39777,69.67,8.041219060544421,68.74
cpv,Cape Verde,1997,3374.78541,69.48,8.124087019062973,69.67
cpv,Cape Verde,1998,3714.96759,69.74,8.220125233022284,69.48
cpv,Cape Verde,1999,4075.96393,69.74,8.31286254494134,69.74
cpv,Cape Verde,2000,4548.5827,70.27,8.42257096891501,69.74
cpv,Cape Verde,2001,4606.10486,70.58,8.435137846078938,70.27
cpv,Cape Verde,2002,4778.18896,70.84,8.47181687503176,70.58
cpv,Cape Verde,2003,4911.28625,71.15,8.49929115185841,70.84
cpv,Cape Verde,2004,5314.50301,71.47,8.578194779348488,71.15
cpv,Cape Verde,2005,5610.24679,71.83,8.632349988636507,71.47
cpv,Cape Verde,2006,5990.66899,72.91,8.697958369347372,71.83
cpv,Cape Verde,2007,6796.34351,73.18,8.82414002742378,72.91
cpv,Cape Verde,2008,7191.44707,73.88,8.88064769193899,73.18
cpv,Cape Verde,2009,7006.94046,74.09,8.854656431117364,73.88
cpv,Cape Verde,2010,7072.1215,74.41,8.863915784599762,74.09
cpv,Cape Verde,2011,7325.78442,74.51,8.89915551620636,74.41
cpv,Cape Verde,2012,7397.82221,74.59,8.908940939932766,74.51
cpv,Cape Verde,2013,7440.66243,74.85,8.914715160153966,74.59
cpv,Cape Verde,2014,7491.02198,74.97,8.92146051313127,74.85
cpv,Cape Verde,2015,7560.13649,74.86,8.930644523243407,74.97
cpv,Cape Verde,2016,7881.30336,74.8,8.972248570189914,74.86
cpv,Cape Verde,2017,8234.56,74.83,9.016095210704622,74.8
cpv,Cape Verde,2018,8531.12962,73.54,9.051477060791626,74.83
cpv,Cape Verde,2019,9111.62993,73.74,9.117306890825535,73.54
cpv,Cape Verde,2020,7207.86854,72.58,8.882928561053046,73.74
cpv,Cape Verde,2021,7685.41921,71.85,8.947080203606612,72.58
cpv,Cape Verde,2022,8850.10669,72.5,9.088184793296541,71.85
cri,Costa Rica,1960,5331.41593,65.35,8.581372134788472,
cri,Costa Rica,1961,5248.16356,66.36,8.565633496296806,65.35
cri,Costa Rica,1962,5359.03512,65.38,8.586539222934842,66.36
cri,Costa Rica,1963,5553.83392,65.21,8.622243764646871,65.38
cri,Costa Rica,1964,5603.01134,64.46,8.631059471478995,65.21
cri,Costa Rica,1965,5924.04508,65.49,8.686774785081896,64.46
cri,Costa Rica,1966,6106.28356,66.37,8.717073611784178,65.49
cri,Costa Rica,1967,6235.12748,66.72,8.737954303775211,66.37
cri,Costa Rica,1968,6495.27017,67.17,8.778829524852364,66.72
cri,Costa Rica,1969,6666.72901,66.87,8.804884615324294,67.17
cri,Costa Rica,1970,6899.90299,67.04,8.839262631066227,66.87
cri,Costa Rica,1971,7125.94989,68.4,8.871498314145548,67.04
cri,Costa Rica,1972,7496.77637,68.8,8.922228389793121,68.4
cri,Costa Rica,1973,7831.50841,70.32,8.965910415386492,68.8
cri,Costa Rica,1974,8009.48631,70.97,8.988381906919777,70.32
cri,Costa Rica,1975,7923.55225,71.6,8.97759490066919,70.97
cri,Costa Rica,1976,8096.71299,72.46,8.999213454596221,71.6
cri,Costa Rica,1977,8540.35037,73.79,9.052557312873118,72.46
cri,Costa Rica,1978,8743.31109,74.44,9.076044240156024,73.79
cri,Costa Rica,1979,8879.8153,74.47,9.091536036220353,74.44
cri,Costa Rica,1980,8706.23705,74.68,9.071794950089824,74.47
cri,Costa Rica,1981,8684.63094,75.58,9.069310183817217,74.68
cri,Costa Rica,1982,8093.5912,75.69,8.998827817612252,75.58
cri,Costa Rica,1983,8258.83651,76.13,9.019038998240044,75.69
cri,Costa Rica,1984,8840.60292,75.74,9.087110356925837,76.13
cri,Costa Rica,1985,8809.87035,75.71,9.083628002590386,75.74
cri,Costa Rica,1986,9135.01045,76.01,9.119869612763287,75.71
cri,Costa Rica,1987,9454.01397,76.31,9.154194689033494,76.01
cri,Costa Rica,1988,9743.6999,76.63,9.18437619103533,76.31
cri,Costa Rica,1989,10308.61552,76.52,9.240735282833908,76.63
cri,Costa Rica,1990,10704.10096,76.94,9.27838221431157,76.52
cri,Costa Rica,1991,10686.90857,76.93,9.276774773234253,76.94
cri,Costa Rica,1992,11390.84762,76.93,9.340565471582801,76.93
cri,Costa Rica,1993,11899.82419,77.14,9.384278905040905,76.93
cri,Costa Rica,1994,12134.53143,76.79,9.4038105043126,77.14
cri,Costa Rica,1995,12339.65463,76.53,9.420573309223304,76.79
cri,Costa Rica,1996,12220.60694,77.14,9.410878899249958,76.53
cri,Costa Rica,1997,12612.74196,77.18,9.442462848620567,77.14
cri,Costa Rica,1998,13231.92109,77.37,9.490387453672534,77.18
cri,Costa Rica,1999,13514.25831,77.31,9.511500578181332,77.37
cri,Costa Rica,2000,13782.50564,77.9,9.531155359678339,77.31
cri,Costa Rica,2001,14029.94754,77.92,9.54894943395908,77.9
cri,Costa Rica,2002,14292.54159,78.43,9.567493113051682,77.92
cri,Costa Rica,2003,14704.92674,78.49,9.595937868996767,78.43
cri,Costa Rica,2004,15154.97314,78.56,9.626084017137973,78.49
cri,Costa Rica,2005,15556.8969,79.44,9.652259349823405,78.56
cri,Costa Rica,2006,16492.96127,79.09,9.710688979176432,79.44
cri,Costa Rica,2007,17639.71114,80.35,9.77790795414326,79.09
cri,Costa Rica,2008,18260.81572,80.29,9.812512825659388,80.35
cri,Costa Rica,2009,17895.99829,80.64,9.792332407617883,80.29
cri,Costa Rica,2010,18660.91982,79.51,9.834186766862754,80.64
cri,Costa Rica,2011,19254.91422,80.17,9.86552159129232,79.51
cri,Costa Rica,2012,19960.79333,80.33,9.901525295067588,80.17
cri,Costa Rica,2013,20232.26708,80.41,9.91503398913258,80.33
cri,Costa Rica,2014,20724.92177,80.47,9.939092205328096,80.41
cri,Costa Rica,2015,21254.78409,80.2,9.964337282660845,80.47
cri,Costa Rica,2016,21925.60008,79.75,9.99541018653517,80.2
cri,Costa Rica,2017,22622.55345,79.83,10.026702627914508,79.75
cri,Costa Rica,2018,23005.31215,79.95,10.043480431286907,79.83
cri,Costa Rica,2019,23364.78313,80.07,10.05898517325965,79.95
cri,Costa Rica,2020,22211.86139,79.92,10.008381722021479,80.07
cri,Costa Rica,2021,23852.9253,77.65,10.07966214288314,79.92
cri,Costa Rica,2022,24831.71935,77.95,10.11987712096998,77.65
cub,Cuba,1960,4503.00148,69.27,8.412499448971293,
cub,Cuba,1961,4641.80417,68.71,8.442858399386987,69.27
cub,Cuba,1962,4526.40686,68.79,8.417683716099353,68.71
cub,Cuba,1963,4528.89195,68.94,8.418232585907965,68.79
cub,Cuba,1964,4863.92736,70.07,8.48960148932396,68.94
cub,Cuba,1965,4784.46533,69.81,8.473129558876833,70.07
cub,Cuba,1966,4964.17088,69.98,8.510001569583743,69.81
cub,Cuba,1967,5470.40425,70.12,8.607107795793187,69.98
cub,Cuba,1968,5092.92947,70.11,8.535608478369316,70.12
cub,Cuba,1969,4977.31699,69.91,8.51264626780887,70.11
cub,Cuba,1970,4750.01383,70.78,8.465902808603396,69.91
cub,Cuba,1971,5075.36883,71.72,8.532154477131295,70.78
cub,Cuba,1972,5254.22106,72.79,8.566787043970194,71.72
cub,Cuba,1973,5664.12496,72.73,8.641907697277082,72.79
cub,Cuba,1974,5898.93337,72.66,8.682526828804516,72.73
cub,Cuba,1975,6137.98417,73.15,8.72225165616039,72.66
cub,Cuba,1976,6262.23771,73.22,8.742292861881287,73.15
cub,Cuba,1977,6510.88392,72.73,8.78123050478735,73.22
cub,Cuba,1978,6886.13539,73.29,8.837265305337478,72.73
cub,Cuba,1979,7043.3667,73.4,8.859841559271047,73.29
cub,Cuba,1980,6954.92651,73.57,8.847205537802795,73.4
cub,Cuba,1981,7531.42291,73.82,8.92683926841366,73.57
cub,Cuba,1982,7691.16274,74.28,8.947827252630354,73.82
cub,Cuba,1983,8112.91124,74.56,9.001212051869299,74.28
cub,Cuba,1984,8761.44281,74.48,9.078115874706066,74.56
cub,Cuba,1985,8934.07077,74.15,9.097627423304465,74.48
cub,Cuba,1986,8908.33703,74.77,9.094742862192309,74.15
cub,Cuba,1987,8629.46948,74.89,9.062938308259717,74.77
cub,Cuba,1988,8870.97716,74.78,9.090540233835727,74.89
cub,Cuba,1989,8918.49675,75.26,9.095882685587236,74.78
cub,Cuba,1990,8471.93653,75.01,9.04451439551569,75.26
cub,Cuba,1991,7200.58324,75.18,8.881917307278929,75.01
cub,Cuba,1992,6184.81198,75.15,8.729851885011245,75.18
cub,Cuba,1993,4862.05989,75.07,8.489217472776344,75.15
cub,Cuba,1994,4938.90404,75.13,8.504898731317661,75.07
cub,Cuba,1995,5297.96321,75.39,8.575077725678044,75.13
cub,Cuba,1996,6054.18387,75.83,8.708504860775559,75.39
cub,Cuba,1997,6420.08488,76.18,8.767186617780409,75.83
cub,Cuba,1998,6439.50432,76.34,8.77020684719204,76.18
cub,Cuba,1999,6872.32882,76.59,8.83525831176266,76.34
cub,Cuba,2000,7647.73734,77.01,8.942165110522234,76.59
cub,Cuba,2001,8119.34692,77.17,9.002005001349744,77.01
cub,Cuba,2002,8434.14926,77.87,9.040044131565132,77.17
cub,Cuba,2003,8752.4162,77.8,9.077085078375674,77.87
cub,Cuba,2004,8910.08077,77.8,9.094938585519166,77.8
cub,Cuba,2005,9263.86702,77.68,9.133876845219248,77.8
cub,Cuba,2006,10706.87063,78.37,9.278640929335669,77.68
cub,Cuba,2007,11208.20457,78.46,9.324401339991603,78.37
cub,Cuba,2008,12013.21478,78.44,9.393762554526004,78.46
cub,Cuba,2009,12573.85408,78.46,9.43937486397667,78.44
cub,Cuba,2010,13316.87827,78.46,9.496787552512705,78.46
cub,Cuba,2011,14025.43823,79.07,9.548627976248552,78.46
cub,Cuba,2012,14450.5742,78.84,9.578489429775304,79.07
cub,Cuba,2013,14938.46834,78.81,9.611694932681532,78.84
cub,Cuba,2014,15442.55814,78.74,9.6448824924974,78.81
cub,Cuba,2015,15970.94142,78.42,9.678526188751517,78.74
cub,Cuba,2016,16049.89524,78.52,9.683457601434057,78.42
cub,Cuba,2017,16347.49043,78.25,9.701829674024646,78.52
cub,Cuba,2018,16728.08835,78.29,9.724844522658367,78.25
cub,Cuba,2019,16736.99081,78.67,9.725376567430617,78.29
cub,Cuba,2020,14939.77245,78.62,9.611782227647122,78.67
cub,Cuba,2021,15200.76885,74.68,9.629101287791972,78.62
cub,Cuba,2022,15557.80294,79.22,9.652317588534041,74.68
cyp,Cyprus,1960,4327.03082,64.98,8.372636862917338,
cyp,Cyprus,1961,4715.23344,65.27,8.458553703916206,64.98
cyp,Cyprus,1962,5151.80754,65.59,8.547102910719964,65.27
cyp,Cyprus,1963,5373.2528,65.91,8.589188739687142,65.59
cyp,Cyprus,1964,4801.3902,66.15,8.476660779962758,65.91
cyp,Cyprus,1965,5791.29336,66.52,8.664110923860179,66.15
cyp,Cyprus,1966,6096.19346,66.87,8.715419832427225,66.52
cyp,Cyprus,1967,6830.27251,67.27,8.829119850744002,66.87
cyp,Cyprus,1968,7081.21104,67.56,8.865200222907696,67.27
cyp,Cyprus,1969,7659.21647,67.89,8.943664968991062,67.56
cyp,Cyprus,1970,7794.31448,67.56,8.961149834071056,67.89
cyp,Cyprus,1971,8683.05254,67.57,9.069128420946404,67.56
cyp,Cyprus,1972,9143.99961,67.9,9.120853162823726,67.57
cyp,Cyprus,1973,9230.83164,68.19,9.13030442527979,67.9
cyp,Cyprus,1974,8366.06719,49.04,9.031939183287129,68.19
cyp,Cyprus,1975,7059.36172,68.55,8.862109918468233,49.04
cyp,Cyprus,1976,8435.12351,69.26,9.040159637433627,68.55
cyp,Cyprus,1977,9757.38148,70.42,9.185779352427067,69.26
cyp,Cyprus,1978,10443.52954,71.01,9.253737882845018,70.42
cyp,Cyprus,1979,11378.21994,71.43,9.339456275410283,71.01
cyp,Cyprus,1980,11911.00284,71.3,9.385217860315933,71.43
cyp,Cyprus,1981,12769.47989,71.59,9.454813219144668,71.3
cyp,Cyprus,1982,13914.34962,71.68,9.540675933377909,71.59
cyp,Cyprus,1983,14826.1768,72.04,9.60414960014219,71.68
cyp,Cyprus,1984,16302.08694,72.78,9.699048411728146,72.04
cyp,Cyprus,1985,17244.95414,73.35,9.755274866045863,72.78
cyp,Cyprus,1986,17985.31635,73.87,9.797310945633077,73.35
cyp,Cyprus,1987,19394.01708,74.07,9.872719899548851,73.87
cyp,Cyprus,1988,21364.1421,74.48,9.969469192813687,74.07
cyp,Cyprus,1989,23485.43961,74.85,10.064135917042554,74.48
cyp,Cyprus,1990,25494.36518,75.07,10.14621273339498,74.85
cyp,Cyprus,1991,25192.58349,75.05,10.134304924230637,75.07
cyp,Cyprus,1992,27005.16217,75.07,10.203783318193185,75.05
cyp,Cyprus,1993,26707.0674,75.17,10.192683505991582,75.07
cyp,Cyprus,1994,27865.32462,75.37,10.235138349675596,75.17
cyp,Cyprus,1995,29909.31259,75.52,10.305925168745379,75.37
cyp,Cyprus,1996,29960.92,75.75,10.307649144769833,75.52
cyp,Cyprus,1997,30461.4128,75.93,10.324216007514046,75.75
cyp,Cyprus,1998,32029.12605,75.96,10.374400956873474,75.93
cyp,Cyprus,1999,33393.99497,76.32,10.41613137148303,75.96
cyp,Cyprus,2000,35146.08645,76.66,10.46726855249114,76.32
cyp,Cyprus,2001,36270.17002,77.06,10.498750919886584,76.66
cyp,Cyprus,2002,37316.81467,77.33,10.527199299496527,77.06
cyp,Cyprus,2003,37960.10239,77.69,10.544290950033188,77.33
cyp,Cyprus,2004,39451.72924,77.88,10.582833159026913,77.69
cyp,Cyprus,2005,40867.72119,77.93,10.618095817479958,77.88
cyp,Cyprus,2006,42205.32005,78.16,10.650301559613805,77.93
cyp,Cyprus,2007,43535.21052,78.35,10.681325326900502,78.16
cyp,Cyprus,2008,44115.7042,78.77,10.694571102353237,78.35
cyp,Cyprus,2009,42175.14639,79.12,10.649586378421779,78.77
cyp,Cyprus,2010,42103.49219,79.52,10.647885966111557,79.12
cyp,Cyprus,2011,41213.87109,79.85,10.626530155616402,79.52
cyp,Cyprus,2012,39191.34766,80.14,10.576211278456473,79.85
cyp,Cyprus,2013,36694.82813,80.3,10.510391101223815,80.14
cyp,Cyprus,2014,36442.01172,80.36,10.50347755621671,80.3
cyp,Cyprus,2015,37903.125,80.45,10.542788841497245,80.36
cyp,Cyprus,2016,40209.86328,80.67,10.601867599736323,80.45
cyp,Cyprus,2017,42128.56641,80.84,10.64848132662292,80.67
cyp,Cyprus,2018,44227.91016,80.81,10.697111320367835,80.84
cyp,Cyprus,2019,46195.59375,80.81,10.740639699144877,80.81
cyp,Cyprus,2020,44203.89063,80.8,10.696568087495134,80.81
cyp,Cyprus,2021,48781.27734,80.61,10.795101857158928,80.8
cyp,Cyprus,2022,51588.44531,81.3,10.851052998293238,80.61
cze,Czech Republic,1960,11088.73092,70.39,9.313684639170482,
cze,Czech Republic,1961,11412.17287,70.65,9.34243586030839,70.39
cze,Czech Republic,1962,11483.53063,70.23,9.348669168758176,70.65
cze,Czech Republic,1963,11177.54137,70.48,9.321661809286704,70.23
cze,Czech Republic,1964,11597.99888,70.61,9.358587851868007,70.48
cze,Czech Republic,1965,11925.57213,70.32,9.386440291964156,70.61
cze,Czech Republic,1966,12350.73773,70.54,9.421471075494718,70.32
cze,Czech Republic,1967,12808.02005,70.42,9.457826820103183,70.54
cze,Czech Republic,1968,13335.1309,70.01,9.498157252840901,70.42
cze,Czech Republic,1969,13588.22739,69.59,9.516959063759234,70.01
cze,Czech Republic,1970,13797.86745,69.68,9.532269326595207,69.59
cze,Czech Republic,1971,14555.03093,69.96,9.585691981220407,69.68
cze,Czech Republic,1972,15352.0885,70.39,9.639006802392128,69.96
cze,Czech Republic,1973,16078.98074,70.27,9.685268153908009,70.39
cze,Czech Republic,1974,16842.51275,70.32,9.731661489848037,70.27
cze,Czech Republic,1975,17763.23107,70.65,9.784885929616092,70.32
cze,Czech Republic,1976,18453.9675,70.79,9.823034667001153,70.65
cze,Czech Republic,1977,19076.41237,70.79,9.856207896399816,70.79
cze,Czech Republic,1978,19876.68998,70.82,9.897302966347901,70.79
cze,Czech Republic,1979,20167.98305,70.85,9.911851628427101,70.82
cze,Czech Republic,1980,20566.93729,70.5,9.93144007948564,70.85
cze,Czech Republic,1981,20631.05234,70.84,9.934552614943673,70.5
cze,Czech Republic,1982,20413.71072,71.04,9.92396204819585,70.84
cze,Czech Republic,1983,20852.74835,70.78,9.94524103388779,71.04
cze,Czech Republic,1984,21432.40988,70.96,9.972659535714955,70.78
cze,Czech Republic,1985,22035.01643,71.25,10.000388122907758,70.96
cze,Czech Republic,1986,22771.21465,71.29,10.03325250194772,71.25
cze,Czech Republic,1987,23423.05974,71.68,10.061476275074224,71.29
cze,Czech Republic,1988,24036.13734,71.86,10.0873136993666,71.68
cze,Czech Republic,1989,24583.45516,71.92,10.109828941182695,71.86
cze,Czech Republic,1990,24986.32037,71.58,10.126083768889883,71.92
cze,Czech Republic,1991,22338.74406,72.1,10.014077851705315,71.58
cze,Czech Republic,1992,22395.61217,72.44,10.01662033338725,72.1
cze,Czech Republic,1993,22574.39415,72.99,10.02457154071576,72.44
cze,Czech Republic,1994,23407.15139,73.22,10.06079686961232,72.99
cze,Czech Republic,1995,25066.20402,73.38,10.12927576445056,73.22
cze,Czech Republic,1996,26335.7542,74.0,10.178682770201164,73.38
cze,Czech Republic,1997,26381.68137,74.12,10.180425160783054,74.0
cze,Czech Republic,1998,26476.22833,74.73,10.18400256523849,74.12
cze,Czech Republic,1999,27034.95194,75.02,10.204885824118945,74.73
cze,Czech Republic,2000,28370.00746,75.2,10.253087790756688,75.02
cze,Czech Republic,2001,29468.17141,75.48,10.29106602460403,75.2
cze,Czech Republic,2002,30123.97847,75.69,10.313076760508466,75.48
cze,Czech Republic,2003,31277.53326,75.61,10.350655331575211,75.69
cze,Czech Republic,2004,32890.10004,76.14,10.400926980832475,75.61
cze,Czech Republic,2005,35070.80206,76.42,10.465124213132185,76.14
cze,Czech Republic,2006,37423.03942,76.95,10.530041821008439,76.42
cze,Czech Republic,2007,39364.57918,77.19,10.58062168535439,76.95
cze,Czech Republic,2008,40164.41046,77.35,10.600736570546749,77.19
cze,Czech Republic,2009,38104.15407,77.62,10.548078585880038,77.35
cze,Czech Republic,2010,39097.38862,77.85,10.573810956530815,77.62
cze,Czech Republic,2011,39708.16263,78.05,10.589312053349458,77.85
cze,Czech Republic,2012,39347.0493,78.3,10.580176265011085,78.05
cze,Czech Republic,2013,39317.55357,78.55,10.579426353861567,78.3
cze,Czech Republic,2014,40158.01643,78.95,10.600577361462534,78.55
cze,Czech Republic,2015,42066.57598,79.0,10.647008784634348,78.95
cze,Czech Republic,2016,43069.46597,79.17,10.670569578853572,79.0
cze,Czech Republic,2017,45177.52261,79.28,10.71835495474256,79.17
cze,Czech Republic,2018,46301.08204,79.29,10.74292060999563,79.28
cze,Czech Republic,2019,47763.61655,79.46,10.774019468608321,79.29
cze,Czech Republic,2020,45119.93873,78.79,10.71707952823662,79.46
cze,Czech Republic,2021,47796.03374,77.94,10.774697938886208,78.79
cze,Czech Republic,2022,48390.66168,78.34,10.787062133593443,77.94
deu,Germany,1960,15008.53361,69.41,9.616374225651255,
deu,Germany,1961,15461.63548,69.76,9.64611710438586,69.41
deu,Germany,1962,15940.38659,70.01,9.676611204873197,69.76
deu,Germany,1963,16180.30526,70.18,9.691550056936366,70.01
deu,Germany,1964,16954.25538,70.53,9.738274136166853,70.18
deu,Germany,1965,17630.91694,70.68,9.777409284249302,70.53
deu,Germany,1966,17906.34679,70.76,9.79291049825776,70.68
deu,Germany,1967,17796.41441,70.81,9.786752278348441,70.76
deu,Germany,1968,18585.75124,70.54,9.830150503759986,70.81
deu,Germany,1969,19656.71041,70.38,9.886174055692795,70.54
deu,Germany,1970,20365.9555,70.61,9.921619937714985,70.38
deu,Germany,1971,20786.34907,70.81,9.942051755522224,70.61
deu,Germany,1972,21504.76899,71.02,9.976030003007152,70.81
deu,Germany,1973,22375.38639,71.29,10.015716811820766,71.02
deu,Germany,1974,22479.69225,71.56,10.0203676139673,71.29
deu,Germany,1975,22281.95624,71.67,10.01153249270027,71.56
deu,Germany,1976,23344.82027,72.1,10.058130408510548,71.67
deu,Germany,1977,24012.82008,72.55,10.086343136712074,72.1
deu,Germany,1978,24647.38087,72.7,10.112425921087278,72.55
deu,Germany,1979,25577.36124,72.99,10.149462912657741,72.7
deu,Germany,1980,25805.79508,73.26,10.1583543611913,72.99
deu,Germany,1981,27121.30373,73.52,10.208074813538998,73.26
deu,Germany,1982,27836.24995,73.81,10.234094405303647,73.52
deu,Germany,1983,29012.08411,74.14,10.275467715624282,73.81
deu,Germany,1984,30584.30786,74.58,10.328242341373192,74.14
deu,Germany,1985,31941.42573,74.83,10.371659058531066,74.58
deu,Germany,1986,33096.02862,75.06,10.407168572897945,74.83
deu,Germany,1987,34141.92867,75.32,10.438281487722888,75.06
deu,Germany,1988,36045.81635,75.46,10.492546084661006,75.32
deu,Germany,1989,38087.76395,75.65,10.547648353365128,75.46
deu,Germany,1990,39759.50503,75.66,10.59060421174936,75.65
deu,Germany,1991,41736.55093,75.85,10.639132544969714,75.66
deu,Germany,1992,42496.39621,76.17,10.657174556258381,75.85
deu,Germany,1993,42044.68,76.34,10.646488141344944,76.17
deu,Germany,1994,43202.63203,76.61,10.673656698996622,76.34
deu,Germany,1995,43965.05515,76.87,10.69115039621923,76.61
deu,Germany,1996,44479.79098,77.14,10.702790229722774,76.87
deu,Germany,1997,45435.29613,77.48,10.724044529770802,77.14
deu,Germany,1998,46559.1771,77.81,10.74847940828006,77.48
deu,Germany,1999,47687.0973,78.1,10.772416143430213,77.81
deu,Germany,2000,49166.3611,78.39,10.802964951159336,78.1
deu,Germany,2001,50045.1131,78.67,10.820680139616597,78.39
deu,Germany,2002,49997.86247,78.77,10.81973553289645,78.67
deu,Germany,2003,49816.02816,78.91,10.816092061832359,78.77
deu,Germany,2004,50512.77605,79.35,10.829981574355712,78.91
deu,Germany,2005,51073.62335,79.64,10.841023465822815,79.35
deu,Germany,2006,53177.1987,79.89,10.881384987591614,79.64
deu,Germany,2007,54860.79382,80.04,10.912554234310347,79.89
deu,Germany,2008,55513.4028,80.15,10.924379762471945,80.04
deu,Germany,2009,52592.0867,80.29,10.870320944442344,80.15
deu,Germany,2010,54865.43053,80.5,10.912638748473306,80.29
deu,Germany,2011,57992.36674,80.67,10.968066672936438,80.5
deu,Germany,2012,58158.13797,80.79,10.970921096048396,80.67
deu,Germany,2013,58223.64953,80.79,10.972046900494721,80.79
deu,Germany,2014,59239.3401,81.01,10.989341128886876,80.79
deu,Germany,2015,59699.33812,80.88,10.997076212552066,81.01
deu,Germany,2016,60578.28707,80.95,11.011691808678002,80.88
deu,Germany,2017,61991.49731,81.09,11.034752514461367,80.95
deu,Germany,2018,62495.49895,81.15,11.04284981633116,81.09
deu,Germany,2019,62970.71609,81.2,11.050425073341266,81.15
deu,Germany,2020,60342.6627,80.79,11.007794640012548,81.2
deu,Germany,2021,62530.76532,80.27,11.043413959731607,80.79
deu,Germany,2022,62931.96841,80.63,11.049809555389807,80.27
dji,Djibouti,1960,5912.81495,56.21,8.684877299880416,
dji,Djibouti,1961,5975.74518,56.47,8.69546408534127,56.21
dji,Djibouti,1962,5916.58249,56.71,8.685514279091993,56.47
dji,Djibouti,1963,5991.55671,56.95,8.698106542153301,56.71
dji,Djibouti,1964,5961.19105,57.13,8.693025580697949,56.95
dji,Djibouti,1965,5973.2889,57.3,8.695052959217074,57.13
dji,Djibouti,1966,6020.95347,57.43,8.70300090948242,57.3
dji,Djibouti,1967,6033.19608,57.57,8.70503217915577,57.43
dji,Djibouti,1968,6017.05771,57.84,8.702353666332742,57.57
dji,Djibouti,1969,6026.18944,58.09,8.703870156301985,57.84
dji,Djibouti,1970,7188.75025,58.44,8.880272617804524,58.09
dji,Djibouti,1971,7282.23393,58.18,8.89319295263577,58.44
dji,Djibouti,1972,7184.08936,59.15,8.879624048657458,58.18
dji,Djibouti,1973,7178.50052,59.56,8.878845799006278,59.15
dji,Djibouti,1974,6540.4747,59.83,8.785765025915005,59.56
dji,Djibouti,1975,6825.47856,60.09,8.828417736276279,59.83
dji,Djibouti,1976,6901.59461,60.49,8.83950776678374,60.09
dji,Djibouti,1977,5579.56302,60.71,8.626865740480868,60.49
dji,Djibouti,1978,4682.96779,60.81,8.451687331090275,60.71
dji,Djibouti,1979,4526.54448,60.27,8.41771411944404,60.81
dji,Djibouti,1980,4395.78281,60.84,8.388400908024547,60.27
dji,Djibouti,1981,4317.95701,60.62,8.370537655027045,60.84
dji,Djibouti,1982,4268.91477,60.77,8.359114921695696,60.62
dji,Djibouti,1983,4205.39506,60.72,8.344123518053472,60.77
dji,Djibouti,1984,4135.91679,60.66,8.327464297513933,60.72
dji,Djibouti,1985,3980.54516,60.59,8.289174063772654,60.66
dji,Djibouti,1986,3723.4844,60.6,8.222415175535371,60.59
dji,Djibouti,1987,3519.47695,60.62,8.166067663800998,60.6
dji,Djibouti,1988,3360.30455,60.75,8.119786888730657,60.62
dji,Djibouti,1989,3072.00504,60.77,8.030085734891218,60.75
dji,Djibouti,1990,3044.7133,60.57,8.021162021359803,60.77
dji,Djibouti,1991,2808.72587,60.31,7.9404862324524,60.57
dji,Djibouti,1992,2887.77227,58.99,7.96824064302547,60.31
dji,Djibouti,1993,2822.36287,60.23,7.945329710255416,58.99
dji,Djibouti,1994,2787.40648,59.77,7.932866865429784,60.23
dji,Djibouti,1995,2748.777,60.49,7.9189113644673865,59.77
dji,Djibouti,1996,2612.43559,60.52,7.868038241423684,60.49
dji,Djibouti,1997,2563.97073,60.35,7.849312402218771,60.52
dji,Djibouti,1998,2502.17419,60.21,7.824915308907233,60.35
dji,Djibouti,1999,2521.82882,60.27,7.832739639518656,60.21
dji,Djibouti,2000,2521.51529,60.37,7.832615305349277,60.27
dji,Djibouti,2001,2557.02477,60.45,7.846599662377626,60.37
dji,Djibouti,2002,2620.20795,60.57,7.8710089638345,60.45
dji,Djibouti,2003,2722.54103,60.86,7.909320925400624,60.57
dji,Djibouti,2004,2839.82841,60.98,7.951498910315865,60.86
dji,Djibouti,2005,2968.8721,61.39,7.995937395358253,60.98
dji,Djibouti,2006,3170.59332,61.36,8.061674016550162,61.39
dji,Djibouti,2007,3368.59384,62.15,8.122250678109761,61.36
dji,Djibouti,2008,3583.51384,62.53,8.184099117572462,62.15
dji,Djibouti,2009,3618.53052,62.89,8.19382328870477,62.53
dji,Djibouti,2010,3762.14345,63.24,8.232744140447126,62.89
dji,Djibouti,2011,4054.74759,63.65,8.307643718002987,63.24
dji,Djibouti,2012,4258.08707,64.08,8.356575293811758,63.65
dji,Djibouti,2013,4469.0741,64.47,8.40493652968657,64.08
dji,Djibouti,2014,4705.04927,64.88,8.45639152380312,64.47
dji,Djibouti,2015,4961.86819,65.28,8.50953760001339,64.88
dji,Djibouti,2016,5226.50026,65.8,8.561497166719246,65.28
dji,Djibouti,2017,5421.95649,66.23,8.598212005312284,65.8
dji,Djibouti,2018,5590.50427,66.65,8.628824771382856,66.23
dji,Djibouti,2019,5809.30455,66.82,8.667216143886304,66.65
dji,Djibouti,2020,5791.47768,66.41,8.66414275044112,66.82
dji,Djibouti,2021,5960.10807,66.0,8.692843892445339,66.41
dji,Djibouti,2022,6180.67999,66.58,8.729183575143134,66.0
dma,Dominica,1960,1933.07354,60.22,7.566866522975087,
dma,Dominica,1961,1839.75058,61.15,7.517385287066884,60.22
dma,Dominica,1962,2101.13703,62.1,7.650233920041361,61.15
dma,Dominica,1963,2178.96844,62.91,7.686606851131607,62.1
dma,Dominica,1964,2270.65852,63.76,7.727825165321773,62.91
dma,Dominica,1965,1939.57984,64.41,7.570226651281532,63.76
dma,Dominica,1966,2149.18836,65.01,7.672845542871268,64.41
dma,Dominica,1967,2168.71815,65.6,7.681891557708369,65.01
dma,Dominica,1968,2124.10363,66.1,7.661105171190467,65.6
dma,Dominica,1969,2306.33243,66.61,7.743413849155527,66.1
dma,Dominica,1970,2497.8932,67.15,7.823202935568173,66.61
dma,Dominica,1971,2671.53459,67.67,7.890408339096149,67.15
dma,Dominica,1972,2871.84343,68.27,7.962709412665349,67.67
dma,Dominica,1973,3119.08591,68.86,8.045295260313114,68.27
dma,Dominica,1974,3333.60186,69.39,8.11180863806345,68.86
dma,Dominica,1975,3446.12334,69.87,8.145005208670216,69.39
dma,Dominica,1976,3693.30126,70.26,8.214275987479935,69.87
dma,Dominica,1977,3796.46694,70.56,8.241826160594828,70.26
dma,Dominica,1978,4224.26168,71.06,8.348599774224803,70.56
dma,Dominica,1979,3458.82874,70.12,8.148685296291953,71.06
dma,Dominica,1980,3962.33673,71.82,8.284589213551147,70.12
dma,Dominica,1981,4453.09522,71.84,8.401354688430159,71.82
dma,Dominica,1982,4843.59317,72.28,8.485412114771034,71.84
dma,Dominica,1983,5127.57246,72.5,8.542387621489786,72.28
dma,Dominica,1984,5558.1148,72.06,8.623014265000979,72.5
dma,Dominica,1985,5838.4442,71.38,8.672219636220806,72.06
dma,Dominica,1986,6431.10379,71.43,8.76890146501878,71.38
dma,Dominica,1987,7080.14906,71.39,8.865050240138457,71.43
dma,Dominica,1988,7948.90968,71.35,8.980790051073033,71.39
dma,Dominica,1989,8275.59278,71.26,9.021065832724913,71.35
dma,Dominica,1990,9089.07232,71.09,9.114828126958058,71.26
dma,Dominica,1991,9403.18294,71.12,9.14880352158075,71.09
dma,Dominica,1992,9756.3215,71.47,9.185670712872378,71.12
dma,Dominica,1993,10045.06334,71.59,9.214836582853843,71.47
dma,Dominica,1994,10210.51102,71.67,9.231172960836666,71.59
dma,Dominica,1995,10632.87836,71.72,9.2717062117286,71.67
dma,Dominica,1996,11146.90091,71.87,9.318916792962833,71.72
dma,Dominica,1997,11585.87961,72.13,9.357542360613458,71.87
dma,Dominica,1998,12195.58049,71.87,9.408828910173153,72.13
dma,Dominica,1999,12421.84869,72.1,9.427212192236818,71.87
dma,Dominica,2000,12874.84616,72.09,9.463030776722686,72.1
dma,Dominica,2001,13047.95775,72.24,9.476386906251463,72.09
dma,Dominica,2002,12779.05165,72.25,9.455562519387843,72.24
dma,Dominica,2003,13649.60702,72.17,9.521466010455084,72.25
dma,Dominica,2004,14299.28551,72.33,9.567964850664076,72.17
dma,Dominica,2005,14528.24573,72.61,9.583850014932612,72.33
dma,Dominica,2006,15283.57887,72.62,9.634534254536305,72.61
dma,Dominica,2007,16225.64409,72.45,9.694348238164956,72.62
dma,Dominica,2008,17510.53683,72.69,9.770558083290805,72.45
dma,Dominica,2009,17425.80862,72.65,9.765707640290893,72.69
dma,Dominica,2010,17516.78796,72.43,9.770915012065915,72.65
dma,Dominica,2011,17475.04111,72.43,9.76852891960282,72.43
dma,Dominica,2012,17431.1288,72.35,9.766012898321867,72.43
dma,Dominica,2013,17282.6368,72.27,9.757457623309573,72.35
dma,Dominica,2014,17520.85463,72.2,9.771147143551806,72.27
dma,Dominica,2015,16920.91266,71.54,9.736305571421832,72.2
dma,Dominica,2016,17364.0773,72.3,9.762158828148806,71.54
dma,Dominica,2017,16314.22956,71.23,9.699792985111285,72.3
dma,Dominica,2018,16877.12449,72.3,9.733714403520235,71.23
dma,Dominica,2019,17619.43354,72.32,9.776757750278724,72.3
dma,Dominica,2020,14919.53077,72.41,9.610426423531296,72.32
dma,Dominica,2021,15808.97435,71.59,9.668333054601355,72.41
dma,Dominica,2022,17550.80099,71.75,9.77285486830836,71.59
dnk,Denmark,1960,17159.03039,72.51,9.750279867366283,
dnk,Denmark,1961,18062.2703,72.61,9.80158052781891,72.51
dnk,Denmark,1962,18857.84673,72.63,9.844684378407484,72.61
dnk,Denmark,1963,18781.4487,72.63,9.840624890362152,72.63
dnk,Denmark,1964,20235.45674,72.73,9.915191628836794,72.63
dnk,Denmark,1965,20861.73305,72.66,9.945671805161332,72.73
dnk,Denmark,1966,21222.87613,72.8,9.962834941626232,72.66
dnk,Denmark,1967,21844.97483,73.06,9.991726189176129,72.8
dnk,Denmark,1968,22646.87082,73.28,10.027776967724703,73.06
dnk,Denmark,1969,23891.23001,73.46,10.081266725390458,73.28
dnk,Denmark,1970,24047.36956,73.57,10.087780895747583,73.46
dnk,Denmark,1971,24467.48271,73.59,10.105100278648043,73.57
dnk,Denmark,1972,25362.42173,73.7,10.141023898077066,73.59
dnk,Denmark,1973,26084.3426,73.9,10.169090512915412,73.7
dnk,Denmark,1974,25595.10682,74.08,10.150156472354356,73.9
dnk,Denmark,1975,25135.06469,74.24,10.132019149825373,74.08
dnk,Denmark,1976,26499.84085,74.23,10.184894006295902,74.24
dnk,Denmark,1977,26768.79032,74.69,10.194991947596495,74.23
dnk,Denmark,1978,27085.54545,74.66,10.206755486342242,74.69
dnk,Denmark,1979,27923.56957,74.51,10.23722639863257,74.66
dnk,Denmark,1980,27653.15849,74.39,10.22749523152968,74.51
dnk,Denmark,1981,28805.21439,74.55,10.268311704943855,74.39
dnk,Denmark,1982,30861.56087,74.73,10.337266703704827,74.55
dnk,Denmark,1983,32384.45209,74.74,10.385433712838726,74.73
dnk,Denmark,1984,34543.92497,74.83,10.449986980739723,74.74
dnk,Denmark,1985,36699.50547,74.82,10.510518559019994,74.83
dnk,Denmark,1986,38753.83379,74.94,10.564984966403728,74.82
dnk,Denmark,1987,39506.14622,74.98,10.58421153929104,74.94
dnk,Denmark,1988,40674.22356,75.14,10.613349843029813,74.98
dnk,Denmark,1989,42051.648,75.12,10.646653856071893,75.14
dnk,Denmark,1990,43847.72888,75.23,10.688478203528584,75.12
dnk,Denmark,1991,44530.88861,75.42,10.70393835342767,75.23
dnk,Denmark,1992,45437.3738,75.48,10.724090256830477,75.42
dnk,Denmark,1993,45416.42687,75.54,10.723629143916837,75.48
dnk,Denmark,1994,47819.46913,75.49,10.775188139528696,75.54
dnk,Denmark,1995,49167.47801,75.6,10.802987667856051,75.49
dnk,Denmark,1996,50454.1103,75.91,10.828819495208323,75.6
dnk,Denmark,1997,51989.36147,76.29,10.858794389517382,75.91
dnk,Denmark,1998,53133.94754,76.67,10.880571316327293,76.29
dnk,Denmark,1999,54662.03012,76.7,10.908924599663193,76.67
dnk,Denmark,2000,56639.72033,77.16,10.944465790678857,76.7
dnk,Denmark,2001,57085.17502,77.29,10.952299730060007,77.16
dnk,Denmark,2002,57276.5858,77.41,10.955647194411124,77.29
dnk,Denmark,2003,57474.14866,77.67,10.959090537168482,77.41
dnk,Denmark,2004,59009.8913,77.99,10.98546035798885,77.67
dnk,Denmark,2005,60326.06387,78.34,11.007519525978008,77.99
dnk,Denmark,2006,62510.52475,78.53,11.043090217547478,78.34
dnk,Denmark,2007,62919.9468,78.68,11.049618511653739,78.53
dnk,Denmark,2008,62352.38563,78.97,11.040557212284796,78.68
dnk,Denmark,2009,58986.51834,79.21,10.98506419406527,78.97
dnk,Denmark,2010,59696.35452,79.52,10.997026234199671,79.21
dnk,Denmark,2011,60230.35418,79.94,11.005931726478721,79.52
dnk,Denmark,2012,60000.89031,80.25,11.002114679594149,79.94
dnk,Denmark,2013,60583.4065,80.52,11.011776314429815,80.25
dnk,Denmark,2014,61047.33372,80.8,11.019404804875053,80.52
dnk,Denmark,2015,61893.24606,80.99,11.033166342218896,80.8
dnk,Denmark,2016,63299.33777,81.03,11.055630146308191,80.99
dnk,Denmark,2017,64815.73078,81.06,11.079303611829797,81.03
dnk,Denmark,2018,65694.75913,81.09,11.092774431580123,81.06
dnk,Denmark,2019,66580.18814,81.13,11.10616233689853,81.09
dnk,Denmark,2020,65204.54932,81.24,11.08528452032722,81.13
dnk,Denmark,2021,69715.18097,81.08,11.152173377480302,81.24
dnk,Denmark,2022,70233.64023,81.58,11.159582680787144,81.08
dom,Dominican Republic,1960,2685.06752,61.92,7.895461153740376,
dom,Dominican Republic,1961,2539.96682,61.81,7.839906296935134,61.92
dom,Dominican Republic,1962,2881.33213,63.04,7.966008011327853,61.81
dom,Dominican Republic,1963,2967.77108,63.6,7.995566471932594,63.04
dom,Dominican Republic,1964,3057.90612,64.28,8.025485686213965,63.6
dom,Dominican Republic,1965,2608.07612,61.62,7.866368109737173,64.28
dom,Dominican Republic,1966,2843.29056,64.44,7.952717308328143,61.62
dom,Dominican Republic,1967,2835.43988,63.93,7.949952364619535,64.44
dom,Dominican Republic,1968,2750.38863,63.82,7.919497500675886,63.93
dom,Dominican Republic,1969,2945.95643,64.15,7.988188807368063,63.82
dom,Dominican Republic,1970,3243.68228,64.88,8.08446446962498,64.15
dom,Dominican Republic,1971,3491.18203,65.3,8.15799564839819,64.88
dom,Dominican Republic,1972,3783.39753,65.69,8.238377702379418,65.3
dom,Dominican Republic,1973,4139.0041,66.35,8.328210482325677,65.69
dom,Dominican Republic,1974,4266.49223,66.75,8.358547276810091,66.35
dom,Dominican Republic,1975,4361.72475,67.18,8.380622842982403,66.75
dom,Dominican Republic,1976,4536.78568,67.57,8.419974040285032,67.18
dom,Dominican Republic,1977,4640.88496,68.34,8.442660351172696,67.57
dom,Dominican Republic,1978,4627.84909,69.12,8.439847479743884,68.34
dom,Dominican Republic,1979,4715.3704,68.4,8.45858274977633,69.12
dom,Dominican Republic,1980,4932.7044,69.25,8.503642676470518,68.4
dom,Dominican Republic,1981,5294.14073,69.5,8.574355965357793,69.25
dom,Dominican Republic,1982,5460.32953,69.72,8.605264420397607,69.5
dom,Dominican Republic,1983,5719.976,69.91,8.651719888560846,69.72
dom,Dominican Republic,1984,5778.13687,70.01,8.661836568873001,69.91
dom,Dominican Republic,1985,5644.89192,70.24,8.63850633025344,70.01
dom,Dominican Republic,1986,5792.6855,70.71,8.664351279962952,70.24
dom,Dominican Republic,1987,6308.77127,70.73,8.749696209156616,70.71
dom,Dominican Republic,1988,6448.23418,71.06,8.771561601765187,70.73
dom,Dominican Republic,1989,6959.77875,71.59,8.847902964030087,71.06
dom,Dominican Republic,1990,6665.59455,71.97,8.804714433435498,71.59
dom,Dominican Republic,1991,6657.0443,72.48,8.803430866227803,71.97
dom,Dominican Republic,1992,7227.84269,73.01,8.885695887501845,72.48
dom,Dominican Republic,1993,7682.76033,73.19,8.946734179535301,73.01
dom,Dominican Republic,1994,7798.96874,73.6,8.961746791116285,73.19
dom,Dominican Republic,1995,8156.58946,73.71,9.00658140225589,73.6
dom,Dominican Republic,1996,8572.83191,73.45,9.056353401581138,73.71
dom,Dominican Republic,1997,9225.3976,73.35,9.12971556825094,73.45
dom,Dominican Republic,1998,9750.78017,73.23,9.185102578226566,73.35
dom,Dominican Republic,1999,10237.80096,73.41,9.233842125531416,73.23
dom,Dominican Republic,2000,10613.62976,73.66,9.269894280548426,73.41
dom,Dominican Republic,2001,10748.1998,73.79,9.282493559067623,73.66
dom,Dominican Republic,2002,11126.98037,73.9,9.317128101978918,73.79
dom,Dominican Republic,2003,10872.45789,73.46,9.293988071390023,73.9
dom,Dominican Republic,2004,11023.51759,72.58,9.307786232317715,73.46
dom,Dominican Republic,2005,11937.99638,72.56,9.387481565495177,72.58
dom,Dominican Republic,2006,12911.00071,72.68,9.465834995166585,72.56
dom,Dominican Republic,2007,13729.57546,72.87,9.527307577672167,72.68
dom,Dominican Republic,2008,14019.31898,73.28,9.548191584515774,72.87
dom,Dominican Republic,2009,13990.26825,73.39,9.546117241885993,73.28
dom,Dominican Republic,2010,14975.00101,73.5,9.61413749042939,73.39
dom,Dominican Republic,2011,15258.08581,73.42,9.632864858569345,73.5
dom,Dominican Republic,2012,15487.27764,72.87,9.647774168449342,73.42
dom,Dominican Republic,2013,16054.76773,72.32,9.683761139274772,72.87
dom,Dominican Republic,2014,16993.58744,72.17,9.740591342465223,72.32
dom,Dominican Republic,2015,17973.18703,72.0,9.796636316862694,72.17
dom,Dominican Republic,2016,18968.97524,72.1,9.850560041438296,72.0
dom,Dominican Republic,2017,19501.87431,72.49,9.878265858394293,72.1
dom,Dominican Republic,2018,20662.84859,72.86,9.936092612646378,72.49
dom,Dominican Republic,2019,21451.28644,73.19,9.973539896450575,72.86
dom,Dominican Republic,2020,19545.40996,72.5,9.880495753192548,73.19
dom,Dominican Republic,2021,22053.45899,72.23,10.001224738866918,72.5
dom,Dominican Republic,2022,22986.95808,73.78,10.042682294083306,72.23
dza,Algeria,1960,4817.39614,52.38,8.479988841156281,
dza,Algeria,1961,4311.90546,51.51,8.369135187487627,52.38
dza,Algeria,1962,3210.70758,51.53,8.074246621739501,51.51
dza,Algeria,1963,3966.26478,55.8,8.285580069332315,51.53
dza,Algeria,1964,4129.25551,56.7,8.325852405783067,55.8
dza,Algeria,1965,4327.74364,56.8,8.372801585869947,56.7
dza,Algeria,1966,3981.30004,56.21,8.289363688158282,56.8
dza,Algeria,1967,4257.66176,56.13,8.356475405943094,56.21
dza,Algeria,1968,4617.66339,56.07,8.437644096395928,56.13
dza,Algeria,1969,4911.1349,56.14,8.499260334609241,56.07
dza,Algeria,1970,5261.56648,56.23,8.568184071281125,56.14
dza,Algeria,1971,4671.93285,56.18,8.449328151545183,56.23
dza,Algeria,1972,5536.87644,56.31,8.619185801240764,56.18
dza,Algeria,1973,5602.43567,56.45,8.630956723235219,56.31
dza,Algeria,1974,5733.68075,56.68,8.654112968227809,56.45
dza,Algeria,1975,5946.10935,56.87,8.690492393903572,56.68
dza,Algeria,1976,6160.88078,57.09,8.725975030072595,56.87
dza,Algeria,1977,6553.95899,57.75,8.7878245719917,57.09
dza,Algeria,1978,7106.10454,58.2,8.868709487984159,57.75
dza,Algeria,1979,7477.77487,58.77,8.919690549440656,58.2
dza,Algeria,1980,7360.63927,58.73,8.903902065287998,58.77
dza,Algeria,1981,7752.9392,59.87,8.95582730206258,58.73
dza,Algeria,1982,8315.72291,60.84,9.025903328316957,59.87
dza,Algeria,1983,8723.61297,62.26,9.073788762513482,60.84
dza,Algeria,1984,9171.2838,63.27,9.123832555451425,62.26
dza,Algeria,1985,9520.83224,64.7,9.161237544132558,63.27
dza,Algeria,1986,9397.12329,65.5,9.148158888441724,64.7
dza,Algeria,1987,9299.41344,66.03,9.137706606184548,65.5
dza,Algeria,1988,9133.7044,66.57,9.119726630619994,66.03
dza,Algeria,1989,9622.1214,67.07,9.171820039099366,66.57
dza,Algeria,1990,9808.17009,67.48,9.190970999991364,67.07
dza,Algeria,1991,9646.82978,67.93,9.174384620151192,67.48
dza,Algeria,1992,9755.45558,68.28,9.185581954170695,67.93
dza,Algeria,1993,9485.44217,68.59,9.157513499100144,68.28
dza,Algeria,1994,9345.85996,68.73,9.142688739197759,68.59
dza,Algeria,1995,9650.07633,69.04,9.17472110414631,68.73
dza,Algeria,1996,9987.59876,69.61,9.209099478386092,69.04
dza,Algeria,1997,10043.73117,69.66,9.214703954686305,69.61
dza,Algeria,1998,10513.70897,70.19,9.260435300760413,69.66
dza,Algeria,1999,10814.28121,70.71,9.288622873857591,70.19
dza,Algeria,2000,11174.92144,70.96,9.32142738947943,70.71
dza,Algeria,2001,11448.35008,71.35,9.345600900782705,70.96
dza,Algeria,2002,11995.66873,71.76,9.392300924449252,71.35
dza,Algeria,2003,12691.81772,72.0,9.448712790797243,71.76
dza,Algeria,2004,13141.18565,72.57,9.483506520083607,72.0
dza,Algeria,2005,13707.76136,72.94,9.525717474030593,72.57
dza,Algeria,2006,13917.79015,73.26,9.540923167693771,72.94
dza,Algeria,2007,14137.48114,73.56,9.556584786382814,73.26
dza,Algeria,2008,14237.54472,73.88,9.563637748751383,73.56
dza,Algeria,2009,14128.60865,74.16,9.555957003031292,73.88
dza,Algeria,2010,14496.42113,74.48,9.581657079323248,74.16
dza,Algeria,2011,14641.96409,74.69,9.591646937669774,74.48
dza,Algeria,2012,14697.53961,74.93,9.595435385288937,74.69
dza,Algeria,2013,14778.19143,75.12,9.600907820979677,74.93
dza,Algeria,2014,15073.76294,75.27,9.620710957863407,75.12
dza,Algeria,2015,15239.51715,75.44,9.631647145667852,75.27
dza,Algeria,2016,15511.68588,75.71,9.64934894658852,75.44
dza,Algeria,2017,15427.66419,75.92,9.643917552822108,75.71
dza,Algeria,2018,15343.42612,76.02,9.63844239548531,75.92
dza,Algeria,2019,15199.199,76.2,9.628998008077392,76.02
dza,Algeria,2020,14194.15575,74.19,9.56058559197104,76.2
dza,Algeria,2021,14496.86547,76.1,9.581687730556835,74.19
dza,Algeria,2022,14782.2003,76.85,9.601179053516862,76.1
ecu,Ecuador,1960,4519.08842,56.1,8.416065575495587,
ecu,Ecuador,1961,4516.49392,57.16,8.415491290413856,56.1
ecu,Ecuador,1962,4598.25776,57.71,8.433432762908026,57.16
ecu,Ecuador,1963,4554.33959,58.17,8.423835813452644,57.71
ecu,Ecuador,1964,4721.59746,59.34,8.459902466235294,58.17
ecu,Ecuador,1965,4901.77672,59.75,8.497353014295072,59.34
ecu,Ecuador,1966,4858.35383,60.03,8.488454941409609,59.75
ecu,Ecuador,1967,4971.50539,60.44,8.511477968599365,60.03
ecu,Ecuador,1968,5042.16589,60.91,8.525591008832958,60.44
ecu,Ecuador,1969,5076.20904,60.76,8.532320010019419,60.91
ecu,Ecuador,1970,5236.29392,61.35,8.563369259908093,60.76
ecu,Ecuador,1971,5364.99775,61.95,8.58765123567981,61.35
ecu,Ecuador,1972,5478.29855,62.16,8.608549848155414,61.95
ecu,Ecuador,1973,5993.5916,62.53,8.69844611075386,62.16
ecu,Ecuador,1974,6285.49694,63.21,8.74600018551999,62.53
ecu,Ecuador,1975,6577.40633,64.09,8.79139577184003,63.21
ecu,Ecuador,1976,6917.48163,64.8,8.84180705607389,64.09
ecu,Ecuador,1977,6960.2119,65.71,8.847965198267312,64.8
ecu,Ecuador,1978,7167.70442,66.0,8.87734071775543,65.71
ecu,Ecuador,1979,7257.62482,66.73,8.889807894510792,66.0
ecu,Ecuador,1980,7320.96798,67.01,8.89849783591764,66.73
ecu,Ecuador,1981,7768.5526,67.88,8.957839145443034,67.01
ecu,Ecuador,1982,7898.67856,68.4,8.974450753577702,67.88
ecu,Ecuador,1983,7652.37518,68.26,8.942771359677067,68.4
ecu,Ecuador,1984,7918.07166,69.12,8.97690297789034,68.26
ecu,Ecuador,1985,8197.46344,69.88,9.011580048812547,69.12
ecu,Ecuador,1986,8331.19734,70.39,9.027762463126848,69.88
ecu,Ecuador,1987,7750.27996,69.1,8.95548424556591,70.39
ecu,Ecuador,1988,8548.22737,70.8,9.053479215289778,69.1
ecu,Ecuador,1989,8589.51253,71.52,9.058297264823223,70.8
ecu,Ecuador,1990,8869.60584,71.95,9.090385636886715,71.52
ecu,Ecuador,1991,9127.24965,71.55,9.119019685051745,71.95
ecu,Ecuador,1992,9206.99814,72.07,9.127719141267624,71.55
ecu,Ecuador,1993,9224.62462,72.54,9.129631776481887,72.07
ecu,Ecuador,1994,9441.99823,73.17,9.15292291364593,72.54
ecu,Ecuador,1995,9482.59963,73.63,9.15721378023077,73.17
ecu,Ecuador,1996,9475.2017,73.53,9.156433317322994,73.63
ecu,Ecuador,1997,9711.34345,74.21,9.181049909078416,73.53
ecu,Ecuador,1998,9856.31187,74.07,9.195867327926903,74.21
ecu,Ecuador,1999,9235.34312,74.2,9.130793046247414,74.07
ecu,Ecuador,2000,9189.07161,74.46,9.125770188483905,74.2
ecu,Ecuador,2001,9420.20124,74.96,9.150611730399547,74.46
ecu,Ecuador,2002,9712.47644,74.13,9.181166568932936,74.96
ecu,Ecuador,2003,9819.84503,73.91,9.192160620164927,74.13
ecu,Ecuador,2004,10319.22268,73.89,9.241763714493306,73.91
ecu,Ecuador,2005,10685.98054,73.61,9.276687931441757,73.89
ecu,Ecuador,2006,10958.56386,73.6,9.301876517244681,73.61
ecu,Ecuador,2007,10976.96621,73.72,9.303554375428046,73.6
ecu,Ecuador,2008,11493.50756,73.81,9.34953759492734,73.72
ecu,Ecuador,2009,11413.55564,74.11,9.342557019201617,73.81
ecu,Ecuador,2010,11665.69786,74.27,9.364408007783954,74.11
ecu,Ecuador,2011,12449.07855,74.87,9.429401887105634,74.27
ecu,Ecuador,2012,12961.02674,74.94,9.469702190533662,74.87
ecu,Ecuador,2013,13689.15205,75.23,9.524358976992369,74.94
ecu,Ecuador,2014,14064.79922,75.56,9.551430445670983,75.23
ecu,Ecuador,2015,13881.57007,75.88,9.53831734509866,75.56
ecu,Ecuador,2016,13586.51608,75.86,9.516833115192018,75.88
ecu,Ecuador,2017,14179.15375,76.02,9.55952811917972,75.86
ecu,Ecuador,2018,14083.507,76.19,9.552759675402127,76.02
ecu,Ecuador,2019,13870.48951,76.38,9.5375188054042,76.19
ecu,Ecuador,2020,12440.32637,71.29,9.42869860147957,76.38
ecu,Ecuador,2021,13507.44456,72.79,9.510996261323346,71.29
ecu,Ecuador,2022,14186.63885,76.97,9.560055874584215,72.79
egy,Egypt,1960,2036.91939,46.87,7.619193842542453,
egy,Egypt,1961,2104.37459,47.71,7.651773595083125,46.87
egy,Egypt,1962,2158.03629,47.71,7.676953962173441,47.71
egy,Egypt,1963,2220.44915,48.97,7.70546477422225,47.71
egy,Egypt,1964,2382.06523,49.67,7.775723134091093,48.97
egy,Egypt,1965,2460.74198,50.67,7.808218201335057,49.67
egy,Egypt,1966,2404.90635,50.39,7.785266242072752,50.67
egy,Egypt,1967,2321.32153,50.86,7.749891927485618,50.39
egy,Egypt,1968,2341.26154,50.85,7.758445182737074,50.86
egy,Egypt,1969,2462.0001,50.82,7.8087293473617825,50.85
egy,Egypt,1970,2693.03494,51.25,7.8984240671054495,50.82
egy,Egypt,1971,2741.47062,52.54,7.916249778025781,51.25
egy,Egypt,1972,2762.99573,52.63,7.924070779500579,52.54
egy,Egypt,1973,2756.11795,52.58,7.921578428750417,52.63
egy,Egypt,1974,2784.55714,53.85,7.931844123558985,52.58
egy,Egypt,1975,2932.1491,54.43,7.983490914373889,53.85
egy,Egypt,1976,3283.32485,55.01,8.096611861738342,54.43
egy,Egypt,1977,3526.98331,55.78,8.168198198157944,55.01
egy,Egypt,1978,3694.56117,56.66,8.214617063135892,55.78
egy,Egypt,1979,3922.76589,57.84,8.274552268160692,56.66
egy,Egypt,1980,4202.91027,58.48,8.34353248574082,57.84
egy,Egypt,1981,4416.12398,58.6,8.39301766274399,58.48
egy,Egypt,1982,4828.94611,59.09,8.482383526150887,58.6
egy,Egypt,1983,5213.44937,59.76,8.558996982856128,59.09
egy,Egypt,1984,5566.88508,60.51,8.624590944895171,59.76
egy,Egypt,1985,5921.01005,60.12,8.686262329878756,60.51
egy,Egypt,1986,6088.53987,60.65,8.71416357333656,60.12
egy,Egypt,1987,6298.38344,61.4,8.748048282627629,60.65
egy,Egypt,1988,6596.87103,62.69,8.79435072923641,61.4
egy,Egypt,1989,6858.06476,63.15,8.833180575964574,62.69
egy,Egypt,1990,7143.51701,63.92,8.873960512488072,63.15
egy,Egypt,1991,7173.79022,64.54,8.87818941595852,63.92
egy,Egypt,1992,7386.89506,65.21,8.907462771390197,64.54
egy,Egypt,1993,7536.18156,65.44,8.92747090832267,65.21
egy,Egypt,1994,7746.86118,65.74,8.955043031276825,65.44
egy,Egypt,1995,8014.82187,66.38,8.989047840217768,65.74
egy,Egypt,1996,8317.1324,66.92,9.026072810943614,66.38
egy,Egypt,1997,8655.44958,67.18,9.065944410801967,66.92
egy,Egypt,1998,8991.5405,67.55,9.104039469849125,67.18
egy,Egypt,1999,9372.82134,67.87,9.145569433431778,67.55
egy,Egypt,2000,9804.51932,68.54,9.19059871346137,67.87
egy,Egypt,2001,9999.27693,68.35,9.210268062361905,68.54
egy,Egypt,2002,10072.53787,68.29,9.217567976800305,68.35
egy,Egypt,2003,10208.25965,68.22,9.230952441193685,68.29
egy,Egypt,2004,10432.81398,68.48,9.252711308346395,68.22
egy,Egypt,2005,10701.49106,68.78,9.278138362143363,68.48
egy,Egypt,2006,11220.50957,68.9,9.325498594266437,68.78
egy,Egypt,2007,11799.37304,69.22,9.375801676838801,68.9
egy,Egypt,2008,12407.23243,69.29,9.426034842046715,69.22
egy,Egypt,2009,12739.69042,69.27,9.452477628987895,69.29
egy,Egypt,2010,13128.98783,69.44,9.482577875978086,69.27
egy,Egypt,2011,13082.42637,69.62,9.479025110101345,69.44
egy,Egypt,2012,13076.80524,69.68,9.478595347471439,69.62
egy,Egypt,2013,13058.07482,70.08,9.477161981550964,69.68
egy,Egypt,2014,13136.36563,70.26,9.483139665500948,70.08
egy,Egypt,2015,13425.91196,69.92,9.504941847051306,70.26
egy,Egypt,2016,13727.32016,70.21,9.52714329835696,69.92
egy,Egypt,2017,14018.36059,70.52,9.548123220085115,70.21
egy,Egypt,2018,14488.20943,70.74,9.581090454870147,70.52
egy,Egypt,2019,15026.56824,70.97,9.617575129331055,70.74
egy,Egypt,2020,15309.23599,70.6,9.636211584728562,70.97
egy,Egypt,2021,15579.01609,69.84,9.65368016531246,70.6
egy,Egypt,2022,16360.39078,69.78,9.702618496179532,69.84
eri,Eritrea,1960,925.38622,42.12,6.830211185504022,
eri,Eritrea,1961,940.21359,42.42,6.846107072856977,42.12
eri,Eritrea,1962,951.50667,42.7,6.85804669669587,42.42
eri,Eritrea,1963,967.12435,42.98,6.874327080774266,42.7
eri,Eritrea,1964,976.40723,38.57,6.883879743243541,42.98
eri,Eritrea,1965,1014.32784,38.94,6.921981445506014,38.57
eri,Eritrea,1966,1037.11589,39.33,6.944198957048076,38.94
eri,Eritrea,1967,1079.13418,39.71,6.9839143134116615,39.33
eri,Eritrea,1968,1107.17886,40.09,7.009570491473035,39.71
eri,Eritrea,1969,1117.37591,40.47,7.018738277816456,40.09
eri,Eritrea,1970,1071.1095,40.89,6.976450306117863,40.47
eri,Eritrea,1971,1087.13104,41.32,6.991297431833325,40.89
eri,Eritrea,1972,1099.0928,41.77,7.002240391239095,41.32
eri,Eritrea,1973,1088.71452,42.23,6.992752939805637,41.77
eri,Eritrea,1974,1060.23112,40.2,6.96624220107519,42.23
eri,Eritrea,1975,986.70439,40.66,6.894370491027238,40.2
eri,Eritrea,1976,965.64259,41.12,6.872793776101427,40.66
eri,Eritrea,1977,946.56158,41.55,6.852836029283151,41.12
eri,Eritrea,1978,876.27991,41.94,6.775685571860396,41.55
eri,Eritrea,1979,950.24191,42.34,6.856716594284052,41.94
eri,Eritrea,1980,949.0696,42.72,6.855482136278927,42.34
eri,Eritrea,1981,947.74343,43.17,6.854083822164555,42.72
eri,Eritrea,1982,926.33874,43.6,6.831239977689243,43.17
eri,Eritrea,1983,964.29742,43.98,6.871399773996841,43.6
eri,Eritrea,1984,908.44337,44.32,6.8117325523766254,43.98
eri,Eritrea,1985,775.43203,44.64,6.653420332095838,44.32
eri,Eritrea,1986,820.36955,45.11,6.709754909468453,44.64
eri,Eritrea,1987,901.0368,45.59,6.803546100281479,45.11
eri,Eritrea,1988,873.48635,46.05,6.772492502663231,45.59
eri,Eritrea,1989,837.16992,46.26,6.730027060638269,46.05
eri,Eritrea,1990,826.75314,46.21,6.717506149858923,46.26
eri,Eritrea,1991,900.9705,47.04,6.803472515673881,46.21
eri,Eritrea,1992,983.84062,52.72,6.891463912388731,47.04
eri,Eritrea,1993,1125.39824,53.19,7.025892243109561,52.72
eri,Eritrea,1994,1377.73256,53.56,7.228194354363503,53.19
eri,Eritrea,1995,1424.24426,53.61,7.261396608161055,53.56
eri,Eritrea,1996,1562.07465,54.0,7.353770120550878,53.61
eri,Eritrea,1997,1687.6309,54.48,7.431080990108629,54.0
eri,Eritrea,1998,1705.46446,54.48,7.441592763177783,54.48
eri,Eritrea,1999,1683.15648,47.25,7.428426166695823,54.48
eri,Eritrea,2000,1470.36504,54.83,7.293265975475465,47.25
eri,Eritrea,2001,1552.31716,56.08,7.347504035535492,54.83
eri,Eritrea,2002,1531.23529,56.57,7.333830067716282,56.08
eri,Eritrea,2003,1428.35682,56.96,7.264279985635814,56.57
eri,Eritrea,2004,1401.6936,57.35,7.245436498774305,56.96
eri,Eritrea,2005,1406.10549,57.7,7.248579098005619,57.35
eri,Eritrea,2006,1371.76749,58.25,7.2238553259944895,57.7
eri,Eritrea,2007,1373.89436,58.74,7.225404584819213,58.25
eri,Eritrea,2008,1094.6138,59.07,6.998156885975495,58.74
eri,Eritrea,2009,1196.4888,59.56,7.087146546669431,59.07
eri,Eritrea,2010,1306.466,59.95,7.175081060894528,59.56
eri,Eritrea,2011,1653.294,60.38,7.410524940445288,59.95
eri,Eritrea,2012,1696.833,60.86,7.436518851434764,60.38
eri,Eritrea,2013,1530.668,61.3,7.333459520411052,60.86
eri,Eritrea,2014,2020.603,61.76,7.611151260700042,61.3
eri,Eritrea,2015,1603.317,62.2,7.379829887269621,61.76
eri,Eritrea,2016,1720.68,62.59,7.450474840514948,62.2
eri,Eritrea,2017,1559.463,63.01,7.35209681021334,62.59
eri,Eritrea,2018,1765.072,63.42,7.47594676173651,63.01
eri,Eritrea,2019,1821.279,63.8,7.507294280512362,63.42
eri,Eritrea,2020,1912.47217,63.64,7.556152013960828,63.8
eri,Eritrea,2021,2008.23146,63.08,7.60500974309297,63.64
eri,Eritrea,2022,2108.78552,63.14,7.653867477820274,63.08
esp,Spain,1960,6713.18452,69.45,8.811828710526582,
esp,Spain,1961,7464.93618,69.69,8.917972160707007,69.45
esp,Spain,1962,8149.40276,69.78,9.00569992256813,69.69
esp,Spain,1963,8895.20263,70.0,9.093267380054073,69.78
esp,Spain,1964,9299.56982,70.49,9.137723422157531,70.0
esp,Spain,1965,9909.73808,70.94,9.20127319710594,70.49
esp,Spain,1966,10539.67754,71.22,9.262902227699456,70.94
esp,Spain,1967,10928.57967,71.43,9.299136624876677,71.22
esp,Spain,1968,11459.26275,71.61,9.346553655738576,71.43
esp,Spain,1969,12404.30287,71.51,9.425798697045755,71.61
esp,Spain,1970,12715.64071,72.02,9.450588066677126,71.51
esp,Spain,1971,13197.81304,72.1,9.487806416060337,72.02
esp,Spain,1972,14267.62167,72.81,9.565748030147413,72.1
esp,Spain,1973,15291.42318,72.92,9.635047373728204,72.81
esp,Spain,1974,16117.53923,73.26,9.687663351182124,72.92
esp,Spain,1975,16208.59331,73.59,9.69329683181552,73.26
esp,Spain,1976,16640.66753,73.96,9.719604829556152,73.59
esp,Spain,1977,16946.89437,74.32,9.73783987301236,73.96
esp,Spain,1978,17099.9898,74.6,9.746833145999345,74.32
esp,Spain,1979,17049.83449,75.05,9.743895775333169,74.6
esp,Spain,1980,17327.13369,75.51,9.760028973184896,75.05
esp,Spain,1981,18030.86112,75.79,9.799840075456206,75.51
esp,Spain,1982,18837.81764,76.17,9.84362170490274,75.79
esp,Spain,1983,19532.39323,76.19,9.8798295575818,76.17
esp,Spain,1984,20184.95956,76.37,9.912693029817113,76.19
esp,Spain,1985,21081.35002,76.45,9.95614404329915,76.37
esp,Spain,1986,22106.23447,76.64,10.003614950437287,76.45
esp,Spain,1987,23838.06091,76.8,10.079038780203414,76.64
esp,Spain,1988,25781.88182,76.86,10.157427269174377,76.8
esp,Spain,1989,27937.10812,76.89,10.237711124232936,76.86
esp,Spain,1990,29891.57274,76.96,10.305331871491585,76.89
esp,Spain,1991,30796.14333,77.12,10.335144744562976,76.96
esp,Spain,1992,31130.60674,77.45,10.345946753769327,77.12
esp,Spain,1993,30746.48967,77.7,10.333531109645078,77.45
esp,Spain,1994,31494.09057,77.95,10.357555206262084,77.7
esp,Spain,1995,32419.39467,78.09,10.386512123616278,77.95
esp,Spain,1996,33257.2968,78.28,10.412029474639372,78.09
esp,Spain,1997,34440.83804,78.77,10.44699829157895,78.28
esp,Spain,1998,35913.286,78.97,10.488862589577797,78.77
esp,Spain,1999,37479.47157,79.07,10.531548637266841,78.97
esp,Spain,2000,39364.63231,79.47,10.580623035044017,79.07
esp,Spain,2001,40739.16636,79.77,10.614945227126666,79.47
esp,Spain,2002,41366.64971,79.92,10.630230272613144,79.77
esp,Spain,2003,41913.25931,80.01,10.643357507162722,79.92
esp,Spain,2004,42562.96373,80.33,10.658739758104174,80.01
esp,Spain,2005,43400.49882,80.58,10.678226213570833,80.33
esp,Spain,2006,44458.13989,80.96,10.702303348811203,80.58
esp,Spain,2007,45232.17425,81.15,10.71956393228711,80.96
esp,Spain,2008,44895.56756,81.4,10.71209435081731,81.15
esp,Spain,2009,42844.18943,81.76,10.665325312263972,81.4
esp,Spain,2010,42695.52742,82.08,10.661849449468358,81.76
esp,Spain,2011,42271.83468,82.25,10.651876296451421,82.08
esp,Spain,2012,41034.04816,82.41,10.622157443986328,82.25
esp,Spain,2013,40594.91401,82.71,10.611398067053141,82.41
esp,Spain,2014,41339.41112,82.83,10.629571588335075,82.71
esp,Spain,2015,43053.76143,82.78,10.670204879558197,82.83
esp,Spain,2016,44274.66761,82.97,10.698167955225903,82.78
esp,Spain,2017,45446.25086,83.04,10.72428560687426,82.97
esp,Spain,2018,46325.20994,83.07,10.743441583037518,83.04
esp,Spain,2019,46896.41711,83.09,10.755696557273112,83.07
esp,Spain,2020,41553.44779,81.85,10.634735776143048,83.09
esp,Spain,2021,44251.66582,82.57,10.697648295377213,81.85
esp,Spain,2022,46649.56354,83.47,10.750418850175988,82.57
est,Estonia,1960,10743.00219,69.41,9.282009862520194,
est,Estonia,1961,11157.41429,69.58,9.319859514645554,69.41
est,Estonia,1962,11268.94518,69.82,9.32980600726752,69.58
est,Estonia,1963,10845.25211,69.95,9.291482669648222,69.82
est,Estonia,1964,12075.95493,70.56,9.398971558623673,69.95
est,Estonia,1965,12600.21452,70.82,9.441469118191465,70.56
est,Estonia,1966,13056.8577,70.7,9.47706876897996,70.82
est,Estonia,1967,13482.71889,70.92,9.509164062199194,70.7
est,Estonia,1968,14125.47421,70.64,9.555735127840482,70.92
est,Estonia,1969,14180.08542,70.31,9.559593824045407,70.64
est,Estonia,1970,15120.4566,70.46,9.62380384769026,70.31
est,Estonia,1971,15358.32937,70.57,9.639413235812366,70.46
est,Estonia,1972,15279.69199,70.3,9.634279904794829,70.57
est,Estonia,1973,16395.35266,70.71,9.704753199263937,70.3
est,Estonia,1974,16641.99955,70.84,9.719684872420356,70.71
est,Estonia,1975,16891.97026,70.23,9.734593655455551,70.84
est,Estonia,1976,17145.23528,69.94,9.74947558775416,70.23
est,Estonia,1977,17401.76527,69.87,9.764326932355534,69.94
est,Estonia,1978,17661.53101,69.69,9.779144164058257,69.87
est,Estonia,1979,17926.03719,69.39,9.794009526555342,69.69
est,Estonia,1980,18192.18368,69.66,9.808747312685167,69.39
est,Estonia,1981,18670.61884,69.41,9.834706382210333,69.66
est,Estonia,1982,19164.62006,69.87,9.860821152937737,69.41
est,Estonia,1983,19638.05361,69.85,9.885224473636905,69.87
est,Estonia,1984,19947.38439,69.64,9.900853305451893,69.85
est,Estonia,1985,19755.82108,69.82,9.891203465130337,69.64
est,Estonia,1986,20094.06402,70.97,9.908179728042864,69.82
est,Estonia,1987,20082.29556,71.14,9.907593887988682,70.97
est,Estonia,1988,20937.06022,71.02,9.949276083928916,71.14
est,Estonia,1989,22207.27326,70.47,10.008175138527566,71.02
est,Estonia,1990,20345.04717,69.99,9.920592778938879,70.47
est,Estonia,1991,18572.02839,69.51,9.829411877783917,69.99
est,Estonia,1992,15150.42035,69.47,9.625783556427193,69.51
est,Estonia,1993,14448.27137,68.35,9.578330058010831,69.47
est,Estonia,1994,14431.88453,66.77,9.57719524130033,68.35
est,Estonia,1995,15335.05271,68.0,9.637896513777529,66.77
est,Estonia,1996,16257.43562,70.01,9.696305659717012,68.0
est,Estonia,1997,18460.72154,70.28,9.823400593966868,70.01
est,Estonia,1998,19357.41721,69.89,9.870830943356472,70.28
est,Estonia,1999,19165.71375,70.74,9.860878219490077,69.89
est,Estonia,2000,20974.85794,71.05,9.95107975848768,70.74
est,Estonia,2001,22290.85904,70.76,10.011931964892568,71.05
est,Estonia,2002,23898.59735,71.44,10.081575047912859,70.76
est,Estonia,2003,25814.06126,72.09,10.158674632523176,71.44
est,Estonia,2004,27675.34626,72.54,10.228297269151684,72.09
est,Estonia,2005,30444.97207,73.01,10.323676138650235,72.54
est,Estonia,2006,33599.05985,73.26,10.422253364905067,73.01
est,Estonia,2007,36298.32759,73.32,10.499526947290773,73.26
est,Estonia,2008,34530.8009,74.44,10.44960698443883,73.32
est,Estonia,2009,29553.15493,75.18,10.293945782955822,74.44
est,Estonia,2010,30379.10913,76.25,10.321510451493335,75.18
est,Estonia,2011,32789.43238,76.25,10.397861558923383,76.25
est,Estonia,2012,34115.36222,76.49,10.437503066810041,76.25
est,Estonia,2013,34838.36295,77.22,10.45847444220462,76.49
est,Estonia,2014,36090.49409,77.25,10.493784788039102,77.22
est,Estonia,2015,36729.80725,77.78,10.511343891046064,77.25
est,Estonia,2016,37854.84525,77.69,10.541514262561808,77.78
est,Estonia,2017,39939.45756,77.79,10.595120025505521,77.69
est,Estonia,2018,41273.19955,77.9,10.627968647001055,77.79
est,Estonia,2019,42652.53486,78.05,10.66084198515135,77.9
est,Estonia,2020,41340.76465,77.72,10.629604329678148,78.05
est,Estonia,2021,44251.5375,76.53,10.697645395595167,77.72
est,Estonia,2022,43690.41423,78.53,10.684884003017496,76.53
eth,Ethiopia,1960,812.72881,40.81,6.700397486866282,
eth,Ethiopia,1961,829.16644,41.04,6.7204209069977665,40.81
eth,Ethiopia,1962,837.9316,41.23,6.730936474239058,41.04
eth,Ethiopia,1963,898.00095,41.4,6.800171126208099,41.23
eth,Ethiopia,1964,909.60929,41.57,6.813015155664734,41.4
eth,Ethiopia,1965,936.69011,41.71,6.842352501816226,41.57
eth,Ethiopia,1966,948.27063,41.99,6.854639936198422,41.71
eth,Ethiopia,1967,967.41744,42.16,6.874630087929508,41.99
eth,Ethiopia,1968,967.08899,42.33,6.874290518106361,42.16
eth,Ethiopia,1969,973.58498,42.53,6.880985114274118,42.33
eth,Ethiopia,1970,967.82704,42.68,6.875053393625867,42.53
eth,Ethiopia,1971,976.20755,42.85,6.8836752174940266,42.68
eth,Ethiopia,1972,992.79471,43.09,6.900523905511979,42.85
eth,Ethiopia,1973,985.65016,43.34,6.893301484341401,43.09
eth,Ethiopia,1974,956.5435,42.89,6.863326266152526,43.34
eth,Ethiopia,1975,913.95596,43.17,6.817782386485833,42.89
eth,Ethiopia,1976,901.3995,43.08,6.803948555563694,43.17
eth,Ethiopia,1977,884.03295,43.24,6.784494335698651,43.08
eth,Ethiopia,1978,839.0458,43.41,6.732265293773478,43.24
eth,Ethiopia,1979,878.5834,44.48,6.778310837668677,43.41
eth,Ethiopia,1980,901.15744,44.75,6.803679981521916,44.48
eth,Ethiopia,1981,918.08091,44.99,6.822285523991533,44.75
eth,Ethiopia,1982,921.58247,45.34,6.826092268493359,44.99
eth,Ethiopia,1983,968.76614,42.56,6.876023241173931,45.34
eth,Ethiopia,1984,934.05475,41.52,6.839535055354508,42.56
eth,Ethiopia,1985,832.26998,46.34,6.724156883376338,41.52
eth,Ethiopia,1986,884.06361,46.89,6.784529017062437,46.34
eth,Ethiopia,1987,972.85876,47.36,6.8802389123482435,46.89
eth,Ethiopia,1988,968.69703,47.56,6.875951900462944,47.36
eth,Ethiopia,1989,959.73698,47.25,6.8666592677560665,47.56
eth,Ethiopia,1990,962.09165,46.91,6.869109716398053,47.25
eth,Ethiopia,1991,850.7098,48.35,6.7460710598402525,46.91
eth,Ethiopia,1992,740.82403,48.88,6.60776312071084,48.35
eth,Ethiopia,1993,785.91049,49.19,6.666842905537216,48.88
eth,Ethiopia,1994,789.58654,49.39,6.671509441368101,49.19
eth,Ethiopia,1995,805.14145,49.64,6.691017976268331,49.39
eth,Ethiopia,1996,866.71967,50.15,6.764715591163716,49.64
eth,Ethiopia,1997,869.42415,50.64,6.767831095946674,50.15
eth,Ethiopia,1998,814.43772,51.12,6.702497961030175,50.64
eth,Ethiopia,1999,820.02852,50.75,6.709339120141276,51.12
eth,Ethiopia,2000,838.63896,51.13,6.731780292040525,50.75
eth,Ethiopia,2001,874.26297,53.27,6.773381211406788,51.13
eth,Ethiopia,2002,861.11509,54.17,6.75822816564566,53.27
eth,Ethiopia,2003,815.90332,54.99,6.704295867552594,54.17
eth,Ethiopia,2004,889.25057,55.94,6.790379051817957,54.99
eth,Ethiopia,2005,962.42678,57.04,6.86945799054099,55.94
eth,Ethiopia,2006,1032.8501,58.18,6.940077347263737,57.04
eth,Ethiopia,2007,1114.84014,59.52,7.016466301418133,58.18
eth,Ethiopia,2008,1197.23535,60.81,7.087770302772827,59.52
eth,Ethiopia,2009,1264.25544,61.93,7.1422386428972455,60.81
eth,Ethiopia,2010,1381.19045,63.05,7.230701051214494,61.93
eth,Ethiopia,2011,1492.53397,64.05,7.308230605476753,63.05
eth,Ethiopia,2012,1576.76876,64.89,7.363132943364213,64.05
eth,Ethiopia,2013,1696.86516,65.6,7.436537804210459,64.89
eth,Ethiopia,2014,1821.39162,66.25,7.50735611426665,65.6
eth,Ethiopia,2015,1957.41454,66.84,7.579379769185239,66.25
eth,Ethiopia,2016,2084.84056,67.36,7.6424476612849395,66.84
eth,Ethiopia,2017,2222.82825,67.92,7.706535650520614,67.36
eth,Ethiopia,2018,2311.16512,68.38,7.745507057310903,67.92
eth,Ethiopia,2019,2437.97046,68.84,7.798921193478886,68.38
eth,Ethiopia,2020,2516.54908,68.36,7.830643829304591,68.84
eth,Ethiopia,2021,2588.4131,67.94,7.858800264211874,68.36
eth,Ethiopia,2022,2655.59277,68.64,7.8844231742927215,67.94
fin,Finland,1960,11952.65115,69.22,9.388708386310281,
fin,Finland,1961,12706.54661,69.22,9.449872620734302,69.22
fin,Finland,1962,12940.43631,69.16,9.468112285415357,69.22
fin,Finland,1963,13203.10686,69.38,9.488207449061536,69.16
fin,Finland,1964,13749.52704,69.55,9.528759705412215,69.38
fin,Finland,1965,14338.61694,69.56,9.570711661803488,69.55
fin,Finland,1966,14572.13791,69.86,9.586866622124296,69.56
fin,Finland,1967,14708.34276,70.0,9.5961701464738,69.86
fin,Finland,1968,14871.62975,70.09,9.607210633314075,70.0
fin,Finland,1969,16229.31157,70.12,9.69457424248023,70.09
fin,Finland,1970,17453.05519,70.66,9.767269994826908,70.12
fin,Finland,1971,17704.66542,70.86,9.781583466880859,70.66
fin,Finland,1972,18864.41439,71.25,9.845032589775062,70.86
fin,Finland,1973,19940.90773,71.68,9.900528565548893,71.25
fin,Finland,1974,20356.03795,71.71,9.921132852022176,71.68
fin,Finland,1975,20463.75311,72.17,9.926410459144595,71.71
fin,Finland,1976,20291.20976,72.43,9.917943054502285,72.17
fin,Finland,1977,20187.99182,72.8,9.912843242268869,72.43
fin,Finland,1978,20546.40561,73.33,9.93044129513688,72.8
fin,Finland,1979,21832.6068,73.63,9.991159856065686,73.33
fin,Finland,1980,22818.36187,74.01,10.035320836001551,73.63
fin,Finland,1981,24220.00087,74.33,10.09493405302781,74.01
fin,Finland,1982,25672.26763,74.74,10.15316660771198,74.33
fin,Finland,1983,26827.97965,74.8,10.197200638683482,74.74
fin,Finland,1984,28077.74851,74.97,10.242732673657251,74.8
fin,Finland,1985,29459.73968,74.88,10.290779853589257,74.97
fin,Finland,1986,30489.93334,75.01,10.325151853689324,74.88
fin,Finland,1987,32033.73789,75.1,10.374544935450901,75.01
fin,Finland,1988,34371.17765,75.11,10.444973633149816,75.1
fin,Finland,1989,37051.67735,75.28,10.520068902304049,75.11
fin,Finland,1990,37953.94831,75.43,10.544128817201209,75.28
fin,Finland,1991,35570.71297,75.74,10.479277908879938,75.43
fin,Finland,1992,34243.43019,75.98,10.44125000602063,75.74
fin,Finland,1993,33859.42944,76.3,10.42997280498402,75.98
fin,Finland,1994,35092.03437,76.79,10.465729442673306,76.3
fin,Finland,1995,36481.51624,76.94,10.504561006921017,76.79
fin,Finland,1996,37739.41814,77.17,10.538460401209624,76.94
fin,Finland,1997,40072.46267,77.33,10.598444660938057,77.17
fin,Finland,1998,42194.30897,77.57,10.650040632399069,77.33
fin,Finland,1999,43999.58534,77.8,10.691935488765083,77.57
fin,Finland,2000,46480.58365,78.04,10.746789948460723,77.8
fin,Finland,2001,47650.01092,78.39,10.77163813825336,78.04
fin,Finland,2002,48390.8085,78.6,10.787065167645308,78.39
fin,Finland,2003,49300.35799,78.82,10.805686621464863,78.6
fin,Finland,2004,51178.8478,79.03,10.843081596760092,78.82
fin,Finland,2005,52477.08912,79.32,10.868131955616235,79.03
fin,Finland,2006,54435.98489,79.63,10.904780701106505,79.32
fin,Finland,2007,57140.60224,79.74,10.953270215456207,79.63
fin,Finland,2008,57379.21966,79.99,10.957437489930857,79.74
fin,Finland,2009,52545.32598,80.18,10.869431428105745,79.99
fin,Finland,2010,54017.94586,80.4,10.897071601077522,80.18
fin,Finland,2011,55053.39069,80.71,10.916058733169592,80.4
fin,Finland,2012,53957.6681,80.91,10.895955094043183,80.71
fin,Finland,2013,53183.42867,81.16,10.881502135640872,80.91
fin,Finland,2014,52710.73349,81.41,10.872574385328225,81.16
fin,Finland,2015,52782.48739,81.68,10.873934736457269,81.41
fin,Finland,2016,53984.63163,81.76,10.89645468559586,81.68
fin,Finland,2017,55637.22628,81.77,10.926607793608571,81.76
fin,Finland,2018,56226.33724,81.83,10.93714056027079,81.77
fin,Finland,2019,56922.48732,81.87,10.94944574977328,81.83
fin,Finland,2020,55424.8575,81.86,10.92278346343926,81.87
fin,Finland,2021,56790.37662,82.03,10.947122164650862,81.86
fin,Finland,2022,57068.30565,82.35,10.952004174111579,82.03
fji,Fiji,1960,3716.37951,64.6,8.220505223351894,
fji,Fiji,1961,3682.91466,64.77,8.211459744848884,64.6
fji,Fiji,1962,3672.61971,64.76,8.208660503840814,64.77
fji,Fiji,1963,3765.86588,65.13,8.233733095200026,64.76
fji,Fiji,1964,3810.68658,65.42,8.245564656610235,65.13
fji,Fiji,1965,3586.8484,65.57,8.18502921290901,65.42
fji,Fiji,1966,3494.47726,65.51,8.158939075527288,65.57
fji,Fiji,1967,3861.89181,65.55,8.258912448613668,65.51
fji,Fiji,1968,4076.46853,65.27,8.312986336215447,65.55
fji,Fiji,1969,4064.53605,65.34,8.310054882626934,65.27
fji,Fiji,1970,4423.58696,65.17,8.39470617537156,65.34
fji,Fiji,1971,4591.53575,64.66,8.431969833149804,65.17
fji,Fiji,1972,4824.11159,65.13,8.481381870394864,64.66
fji,Fiji,1973,5236.6731,65.13,8.56344167109767,65.13
fji,Fiji,1974,5249.67092,65.43,8.565920671716315,65.13
fji,Fiji,1975,5238.60359,65.03,8.563810251342181,65.43
fji,Fiji,1976,5206.57276,66.47,8.557677098711446,65.03
fji,Fiji,1977,5353.40883,67.68,8.585488801472927,66.47
fji,Fiji,1978,5333.73032,67.31,8.58180614478366,67.68
fji,Fiji,1979,5837.79267,67.78,8.672108036908813,67.31
fji,Fiji,1980,5586.27003,66.47,8.62806708583085,67.78
fji,Fiji,1981,6075.70689,65.69,8.712053621933219,66.47
fji,Fiji,1982,6018.67409,66.17,8.702622263213525,65.69
fji,Fiji,1983,5772.01015,66.48,8.660775678381475,66.17
fji,Fiji,1984,6306.89629,66.95,8.749398962894396,66.48
fji,Fiji,1985,6081.68925,66.11,8.713037773541666,66.95
fji,Fiji,1986,6504.20134,65.8,8.780203607083072,66.11
fji,Fiji,1987,6121.43676,66.09,8.719552112659333,65.8
fji,Fiji,1988,6440.2871,66.21,8.77032839885005,66.09
fji,Fiji,1989,7414.14502,66.24,8.911144943810719,66.21
fji,Fiji,1990,8052.19916,66.34,8.993700520681317,66.24
fji,Fiji,1991,7771.95776,66.32,8.958277375588068,66.34
fji,Fiji,1992,8179.73473,66.4,9.009414999975604,66.32
fji,Fiji,1993,8290.33205,66.19,9.022845301609458,66.4
fji,Fiji,1994,8653.81683,66.18,9.065755754626,66.19
fji,Fiji,1995,8818.33069,66.12,9.084587866915777,66.18
fji,Fiji,1996,9182.10108,65.97,9.125011333243455,66.12
fji,Fiji,1997,8896.03395,65.93,9.093360832805024,65.97
fji,Fiji,1998,8913.90533,66.45,9.095367733077657,65.93
fji,Fiji,1999,9601.71178,65.89,9.169696671977182,66.45
fji,Fiji,2000,9351.40908,65.75,9.14328231467138,65.89
fji,Fiji,2001,9456.52944,66.24,9.154460727926223,65.75
fji,Fiji,2002,9678.79793,66.63,9.177692991774427,66.24
fji,Fiji,2003,9696.60146,66.55,9.179530738150882,66.63
fji,Fiji,2004,10127.03988,67.07,9.222964341312089,66.55
fji,Fiji,2005,10112.25152,67.11,9.221502989495022,67.07
fji,Fiji,2006,10210.99365,67.11,9.231220227676978,67.11
fji,Fiji,2007,10041.97504,67.09,9.214529091030917,67.11
fji,Fiji,2008,10084.79561,67.1,9.218784183450168,67.09
fji,Fiji,2009,9905.77984,67.53,9.200873687987013,67.1
fji,Fiji,2010,10167.34962,67.64,9.22693684740891,67.53
fji,Fiji,2011,10412.99638,67.7,9.250809956887466,67.64
fji,Fiji,2012,10537.69203,67.73,9.262713825631609,67.7
fji,Fiji,2013,11019.29836,67.87,9.307403410988435,67.73
fji,Fiji,2014,11621.12949,67.96,9.360580227919593,67.87
fji,Fiji,2015,12131.09169,68.02,9.403526997064011,67.96
fji,Fiji,2016,12419.82578,67.96,9.427049328013885,68.02
fji,Fiji,2017,13090.50071,68.19,9.47964210950928,67.96
fji,Fiji,2018,13612.9521,68.27,9.518776978810918,68.19
fji,Fiji,2019,13567.47388,68.38,9.515430580746836,68.27
fji,Fiji,2020,11254.96982,68.41,9.328565071862338,68.38
fji,Fiji,2021,10685.19703,67.6,9.276614607452212,68.41
fji,Fiji,2022,12762.34664,68.8,9.454254445946267,67.6
fra,France,1960,13827.29748,71.19,9.534399995585478,
fra,France,1961,14314.0549,71.35,9.568997193697085,71.19
fra,France,1962,14863.91923,71.18,9.606692027104518,71.35
fra,France,1963,15368.56074,71.19,9.640079191289248,71.18
fra,France,1964,16096.8857,71.74,9.686381097479025,71.19
fra,France,1965,16622.09477,71.83,9.718488099576685,71.74
fra,France,1966,17208.50163,72.04,9.753158821498975,71.83
fra,France,1967,17773.1602,72.13,9.785444744391793,72.04
fra,France,1968,18299.29031,72.12,9.814617557203198,72.13
fra,France,1969,19297.55605,72.08,9.867733737341101,72.12
fra,France,1970,20137.54901,72.6,9.910341461250114,72.08
fra,France,1971,20834.99257,72.74,9.944389187245019,72.6
fra,France,1972,21452.86374,72.93,9.973613423137111,72.74
fra,France,1973,22390.0963,73.24,10.016374010610795,72.93
fra,France,1974,22897.7524,73.38,10.038794036253838,73.24
fra,France,1975,22448.95491,73.34,10.018999340193732,73.38
fra,France,1976,23179.75268,73.57,10.051034447294114,73.34
fra,France,1977,23768.34651,74.02,10.07610999588168,73.57
fra,France,1978,24336.44101,74.32,10.099730136047567,74.02
fra,France,1979,24913.96781,74.52,10.12318388140057,74.32
fra,France,1980,25027.44267,74.68,10.127728208610764,74.52
fra,France,1981,26389.6859,74.88,10.180728527190842,74.68
fra,France,1982,27749.22125,75.11,10.230963055717742,74.88
fra,France,1983,28510.63389,75.27,10.258032415612545,75.11
fra,France,1984,29385.61916,75.59,10.288260689439028,75.27
fra,France,1985,30236.83998,75.77,10.316816326817298,75.59
fra,France,1986,31152.35583,76.05,10.346645149927332,75.77
fra,France,1987,32266.81569,76.51,10.38179460307763,76.05
fra,France,1988,34339.76924,76.8,10.444059414568667,76.51
fra,France,1989,36560.39435,76.98,10.506720811888469,76.8
fra,France,1990,38340.95776,77.21,10.554273996986632,76.98
fra,France,1991,38621.61981,77.37,10.561567497360851,77.21
fra,France,1992,39043.07066,77.6,10.572420691634768,77.37
fra,France,1993,38730.86195,77.77,10.564392027618755,77.6
fra,France,1994,39524.73127,78.04,10.584681863066578,77.77
fra,France,1995,40292.26927,78.19,10.6039149000046,78.04
fra,France,1996,40731.78388,78.39,10.614763997375487,78.19
fra,France,1997,41621.57117,78.72,10.636373849595502,78.39
fra,France,1998,42931.17053,78.77,10.667353426861338,78.72
fra,France,1999,44195.66798,78.93,10.696382053760281,78.77
fra,France,2000,45733.71556,79.19,10.730591063296835,78.93
fra,France,2001,46304.54285,79.35,10.74299535297168,79.19
fra,France,2002,46495.2528,79.52,10.747105496041295,79.35
fra,France,2003,46636.54244,79.73,10.750139685343287,79.52
fra,France,2004,47646.61563,80.32,10.771566880956552,79.73
fra,France,2005,48195.83192,80.56,10.783027821610743,80.32
fra,France,2006,49169.89075,80.84,10.803036738520255,80.56
fra,France,2007,50116.61434,81.09,10.822107855650914,80.84
fra,France,2008,50040.18577,81.24,10.820581677004013,81.09
fra,France,2009,48391.26396,81.37,10.78707457971902,81.24
fra,France,2010,49130.42294,81.58,10.802233733715097,81.37
fra,France,2011,50085.68298,81.82,10.821490477370979,81.58
fra,France,2012,49935.62691,82.0,10.818489993119305,81.82
fra,France,2013,50066.53043,82.26,10.821108008535166,82.0
fra,France,2014,50326.56786,82.57,10.82628840471718,82.26
fra,France,2015,50682.89536,82.52,10.833343763032094,82.57
fra,France,2016,50984.0753,82.83,10.83926861392698,82.52
fra,France,2017,51895.5663,82.87,10.856988637759157,82.83
fra,France,2018,52560.95362,82.92,10.869728796449001,82.87
fra,France,2019,53448.55488,82.87,10.886474879230814,82.92
fra,France,2020,49311.33341,82.34,10.805909220223478,82.87
fra,France,2021,52517.33549,82.63,10.86889859388528,82.34
fra,France,2022,53691.61749,83.37,10.891012169429576,82.63
fsm,"Micronesia, Fed. Sts.",1960,1823.26239,53.01,7.508382697398637,
fsm,"Micronesia, Fed. Sts.",1961,1853.92519,53.37,7.525060394718381,53.01
fsm,"Micronesia, Fed. Sts.",1962,1888.27595,53.71,7.543419495982747,53.37
fsm,"Micronesia, Fed. Sts.",1963,1921.20169,54.06,7.560706149448829,53.71
fsm,"Micronesia, Fed. Sts.",1964,1953.98058,54.45,7.577623893965827,54.06
fsm,"Micronesia, Fed. Sts.",1965,1987.88005,54.86,7.5948240483740355,54.45
fsm,"Micronesia, Fed. Sts.",1966,2022.8926,55.21,7.612283746287367,54.86
fsm,"Micronesia, Fed. Sts.",1967,2057.74906,55.58,7.629367975043027,55.21
fsm,"Micronesia, Fed. Sts.",1968,2093.70896,55.92,7.646692394187241,55.58
fsm,"Micronesia, Fed. Sts.",1969,2130.76483,56.27,7.6642362693688,55.92
fsm,"Micronesia, Fed. Sts.",1970,2167.65556,56.59,7.6814014753988955,56.27
fsm,"Micronesia, Fed. Sts.",1971,2189.36888,56.97,7.691368598629546,56.59
fsm,"Micronesia, Fed. Sts.",1972,2200.99377,57.33,7.696664250990879,56.97
fsm,"Micronesia, Fed. Sts.",1973,2942.60524,57.67,7.987050604000384,57.33
fsm,"Micronesia, Fed. Sts.",1974,3376.50569,57.99,8.124596634190436,57.67
fsm,"Micronesia, Fed. Sts.",1975,3335.90852,58.28,8.112500341040295,57.99
fsm,"Micronesia, Fed. Sts.",1976,3275.65972,58.6,8.094274569004169,58.28
fsm,"Micronesia, Fed. Sts.",1977,3261.35802,58.94,8.089898958171476,58.6
fsm,"Micronesia, Fed. Sts.",1978,3330.92999,59.26,8.111006820260405,58.94
fsm,"Micronesia, Fed. Sts.",1979,3280.86821,59.62,8.095863364522542,59.26
fsm,"Micronesia, Fed. Sts.",1980,2937.6096,59.74,7.985351468394688,59.62
fsm,"Micronesia, Fed. Sts.",1981,3109.05645,59.85,8.042074566857572,59.74
fsm,"Micronesia, Fed. Sts.",1982,2924.04313,59.71,7.9807225711028815,59.85
fsm,"Micronesia, Fed. Sts.",1983,2884.95707,60.15,7.9672652984155405,59.71
fsm,"Micronesia, Fed. Sts.",1984,2680.47113,60.37,7.893747852830931,60.15
fsm,"Micronesia, Fed. Sts.",1985,3034.39324,60.56,8.017766762584177,60.37
fsm,"Micronesia, Fed. Sts.",1986,3186.80599,60.72,8.066774437132912,60.56
fsm,"Micronesia, Fed. Sts.",1987,3169.21673,60.76,8.0612397480119,60.72
fsm,"Micronesia, Fed. Sts.",1988,3280.84498,61.01,8.095856284054582,60.76
fsm,"Micronesia, Fed. Sts.",1989,3223.3538,61.16,8.078177649293716,61.01
fsm,"Micronesia, Fed. Sts.",1990,3271.86668,61.29,8.093115951171237,61.16
fsm,"Micronesia, Fed. Sts.",1991,3437.24036,61.41,8.142424207485805,61.29
fsm,"Micronesia, Fed. Sts.",1992,3492.34125,61.54,8.158327635552574,61.41
fsm,"Micronesia, Fed. Sts.",1993,3686.84366,61.69,8.21252599429741,61.54
fsm,"Micronesia, Fed. Sts.",1994,3591.53292,61.81,8.186334387559441,61.69
fsm,"Micronesia, Fed. Sts.",1995,3793.82835,62.03,8.241130906983349,61.81
fsm,"Micronesia, Fed. Sts.",1996,3648.89003,62.18,8.202178298958476,62.03
fsm,"Micronesia, Fed. Sts.",1997,3411.68707,62.36,8.134962189868606,62.18
fsm,"Micronesia, Fed. Sts.",1998,3496.79122,62.55,8.159601032678873,62.36
fsm,"Micronesia, Fed. Sts.",1999,3532.29966,62.75,8.169704399574622,62.55
fsm,"Micronesia, Fed. Sts.",2000,3685.98012,62.58,8.212291744834866,62.75
fsm,"Micronesia, Fed. Sts.",2001,3747.83183,63.18,8.22893277308805,62.58
fsm,"Micronesia, Fed. Sts.",2002,3759.02757,62.47,8.231915577934728,63.18
fsm,"Micronesia, Fed. Sts.",2003,3816.94106,63.61,8.247204611179848,62.47
fsm,"Micronesia, Fed. Sts.",2004,3702.98912,63.66,8.216895642751046,63.61
fsm,"Micronesia, Fed. Sts.",2005,3787.95304,63.77,8.23958105718583,63.66
fsm,"Micronesia, Fed. Sts.",2006,3800.24146,63.84,8.242819885801026,63.77
fsm,"Micronesia, Fed. Sts.",2007,3751.28828,63.92,8.229854601300978,63.84
fsm,"Micronesia, Fed. Sts.",2008,3684.97378,63.95,8.212018689265694,63.92
fsm,"Micronesia, Fed. Sts.",2009,3750.78882,63.99,8.229721448843577,63.95
fsm,"Micronesia, Fed. Sts.",2010,3842.23613,64.04,8.253809801616894,63.99
fsm,"Micronesia, Fed. Sts.",2011,3958.93215,64.12,8.283729608793067,64.04
fsm,"Micronesia, Fed. Sts.",2012,3878.11227,64.2,8.263103785873483,64.12
fsm,"Micronesia, Fed. Sts.",2013,3727.42607,64.22,8.223473212773525,64.2
fsm,"Micronesia, Fed. Sts.",2014,3632.24157,64.19,8.197605249073264,64.22
fsm,"Micronesia, Fed. Sts.",2015,3788.9341,64.05,8.239840018415515,64.19
fsm,"Micronesia, Fed. Sts.",2016,3794.74546,64.13,8.241372615116504,64.05
fsm,"Micronesia, Fed. Sts.",2017,3811.78965,64.15,8.24585408224422,64.13
fsm,"Micronesia, Fed. Sts.",2018,3796.94605,64.14,8.241952351545134,64.15
fsm,"Micronesia, Fed. Sts.",2019,3938.55709,64.13,8.27856971440458,64.14
fsm,"Micronesia, Fed. Sts.",2020,3850.53053,63.77,8.255966217788282,64.13
fsm,"Micronesia, Fed. Sts.",2021,3944.70572,63.8,8.28012963480683,63.77
fsm,"Micronesia, Fed. Sts.",2022,3813.33831,63.99,8.246260281334758,63.8
gab,Gabon,1960,5135.91834,49.98,8.544013945710688,
gab,Gabon,1961,5669.10243,50.32,8.642786082603477,49.98
gab,Gabon,1962,5875.29647,50.65,8.67851180071787,50.32
gab,Gabon,1963,6199.90832,51.0,8.732289783827078,50.65
gab,Gabon,1964,6435.90697,51.24,8.7696480533776,51.0
gab,Gabon,1965,6634.52747,51.69,8.800042726445724,51.24
gab,Gabon,1966,6698.67239,51.97,8.809664634998336,51.69
gab,Gabon,1967,7134.28187,52.28,8.87266687593169,51.97
gab,Gabon,1968,7255.13138,52.55,8.889464274044744,52.28
gab,Gabon,1969,7848.40235,52.85,8.968065267769989,52.55
gab,Gabon,1970,8419.75817,53.16,9.038336385921307,52.85
gab,Gabon,1971,9131.08158,53.51,9.119439430975728,53.16
gab,Gabon,1972,9998.17236,53.89,9.210157591272807,53.51
gab,Gabon,1973,10731.12124,54.31,9.280903325971588,53.89
gab,Gabon,1974,14423.99363,54.92,9.576648323257986,54.31
gab,Gabon,1975,16430.257,55.56,9.706879853027054,54.92
gab,Gabon,1976,21531.70455,56.36,9.977281758148848,55.56
gab,Gabon,1977,18490.04572,56.87,9.824987797066052,56.36
gab,Gabon,1978,13782.78199,57.22,9.531175410258163,56.87
gab,Gabon,1979,13786.8363,57.65,9.531469524597114,57.22
gab,Gabon,1980,14105.48622,58.12,9.55431909430599,57.65
gab,Gabon,1981,14576.78233,58.47,9.587185290534725,58.12
gab,Gabon,1982,14984.76096,58.72,9.614789027671577,58.47
gab,Gabon,1983,15576.51403,59.02,9.653519547919931,58.72
gab,Gabon,1984,16559.5831,59.41,9.714720252501579,59.02
gab,Gabon,1985,17064.36887,59.78,9.744747876771742,59.41
gab,Gabon,1986,16750.54567,60.33,9.726186114036016,59.78
gab,Gabon,1987,14130.77282,60.51,9.556110167742737,60.33
gab,Gabon,1988,15226.86326,60.45,9.630816466699274,60.51
gab,Gabon,1989,17527.20843,60.45,9.77150971994062,60.45
gab,Gabon,1990,18735.95954,60.45,9.83819992635609,60.45
gab,Gabon,1991,19849.95086,60.6,9.895956810545522,60.45
gab,Gabon,1992,19165.65208,60.85,9.860875001759705,60.6
gab,Gabon,1993,19754.815,60.73,9.89115253808385,60.85
gab,Gabon,1994,20454.28489,60.56,9.925947669595937,60.73
gab,Gabon,1995,21328.4122,60.41,9.967795368938408,60.56
gab,Gabon,1996,21934.68178,60.02,9.99582430608683,60.41
gab,Gabon,1997,22992.22661,60.22,10.042911464307117,60.02
gab,Gabon,1998,23531.27309,60.1,10.066085585230162,60.22
gab,Gabon,1999,21102.13434,59.84,9.957129467902984,60.1
gab,Gabon,2000,20439.64102,59.59,9.925231481541108,59.84
gab,Gabon,2001,20584.51941,59.52,9.93229458731986,59.59
gab,Gabon,2002,20173.20857,59.77,9.912110694647973,59.52
gab,Gabon,2003,20273.43083,59.82,9.917066481660529,59.77
gab,Gabon,2004,20020.44574,60.17,9.90450931735662,59.82
gab,Gabon,2005,20089.26663,61.11,9.907940952911723,60.17
gab,Gabon,2006,19055.90344,61.66,9.855132224411799,61.11
gab,Gabon,2007,19671.99521,62.03,9.886951340402709,61.66
gab,Gabon,2008,18472.96499,62.17,9.824063590358444,62.03
gab,Gabon,2009,17915.04478,62.69,9.793396129317287,62.17
gab,Gabon,2010,18530.57609,63.27,9.827177408380592,62.69
gab,Gabon,2011,19153.08782,63.69,9.860219225474626,63.27
gab,Gabon,2012,19450.40271,64.47,9.875623053716568,63.69
gab,Gabon,2013,19836.45549,65.28,9.895276710140301,64.47
gab,Gabon,2014,20008.98998,65.89,9.903936950541716,65.28
gab,Gabon,2015,20147.71162,66.27,9.910845993679924,65.89
gab,Gabon,2016,19988.1756,66.63,9.902896157696668,66.27
gab,Gabon,2017,19555.70788,67.05,9.881022485971915,66.63
gab,Gabon,2018,19225.59826,67.46,9.86399791274532,67.05
gab,Gabon,2019,19491.40676,67.81,9.877728968449965,67.46
gab,Gabon,2020,18681.48407,67.74,9.835288155629229,67.81
gab,Gabon,2021,18523.5798,67.02,9.826799783257844,67.74
gab,Gabon,2022,18662.0498,66.89,9.83424731831468,67.02
gbr,UK,1960,16107.12216,71.17,9.687016823342045,
gbr,UK,1961,16337.70396,71.08,9.701230842016754,71.17
gbr,UK,1962,16279.32496,71.05,9.697651174323395,71.08
gbr,UK,1963,16688.87665,71.1,9.722497707620157,71.05
gbr,UK,1964,17354.60408,71.5,9.761613115013482,71.1
gbr,UK,1965,17554.44654,71.65,9.773062560905313,71.5
gbr,UK,1966,17677.32631,71.7,9.780038097945752,71.65
gbr,UK,1967,17849.0809,72.01,9.789707295686041,71.7
gbr,UK,1968,18582.80195,71.93,9.829991805626587,72.01
gbr,UK,1969,18512.21886,71.88,9.826186271965128,71.93
gbr,UK,1970,18739.87041,72.08,9.838408640613753,71.88
gbr,UK,1971,19044.11385,72.24,9.85451334855741,72.08
gbr,UK,1972,19602.26793,72.16,9.883400549238926,72.24
gbr,UK,1973,20723.62387,72.33,9.93902957828146,72.16
gbr,UK,1974,20181.17933,72.53,9.912505732735202,72.33
gbr,UK,1975,19879.80541,72.78,9.897459691933284,72.53
gbr,UK,1976,20250.75518,72.93,9.91594736467883,72.78
gbr,UK,1977,20584.23286,73.24,9.932280666567626,72.93
gbr,UK,1978,21248.413,73.3,9.964037489210757,73.24
gbr,UK,1979,21796.23412,73.42,9.989492487065744,73.3
gbr,UK,1980,21237.59308,73.79,9.963528148784002,73.42
gbr,UK,1981,22020.49757,74.08,9.99972900629749,73.79
gbr,UK,1982,23143.3956,74.24,10.04946473155521,74.08
gbr,UK,1983,24509.95028,74.51,10.10683444796033,74.24
gbr,UK,1984,25514.37411,74.76,10.146997262920891,74.51
gbr,UK,1985,26888.46795,74.81,10.199452772928002,74.76
gbr,UK,1986,28065.20793,75.0,10.242285936221116,74.81
gbr,UK,1987,29867.28196,75.25,10.304518911421994,75.0
gbr,UK,1988,32054.17249,75.39,10.375182640770714,75.25
gbr,UK,1989,33555.44784,75.6,10.42095450894941,75.39
gbr,UK,1990,34496.95059,75.85,10.448626210417288,75.6
gbr,UK,1991,33991.66487,76.08,10.433870622661557,75.85
gbr,UK,1992,34014.97468,76.34,10.434556138401403,76.08
gbr,UK,1993,34763.7296,76.43,10.456329869365785,76.34
gbr,UK,1994,35996.25289,76.73,10.491170125631994,76.43
gbr,UK,1995,36792.38627,76.84,10.513046207914376,76.73
gbr,UK,1996,37629.28701,77.05,10.535537936025571,76.84
gbr,UK,1997,39240.69074,77.3,10.577469516480535,77.05
gbr,UK,1998,40439.99642,77.45,10.607574584608193,77.3
gbr,UK,1999,41551.22969,77.6,10.634682395272854,77.45
gbr,UK,2000,43163.51653,77.97,10.672750892651736,77.6
gbr,UK,2001,44115.61785,78.29,10.694569144998455,77.97
gbr,UK,2002,44751.84782,78.45,10.708888014917546,78.29
gbr,UK,2003,45963.07531,78.64,10.73559364247435,78.45
gbr,UK,2004,46828.68704,79.04,10.754251265055958,78.64
gbr,UK,2005,47788.26355,79.33,10.774535355904748,79.04
gbr,UK,2006,48571.69291,79.55,10.790796189786928,79.33
gbr,UK,2007,49459.8415,79.78,10.808916336460486,79.55
gbr,UK,2008,48947.71347,79.97,10.798507935325249,79.78
gbr,UK,2009,46342.91858,80.32,10.743823777876203,79.97
gbr,UK,2010,47013.88241,80.58,10.75819820750447,80.32
gbr,UK,2011,47178.91992,80.81,10.761702459948458,80.58
gbr,UK,2012,47550.94285,80.92,10.769556896378424,80.81
gbr,UK,2013,48083.80343,80.96,10.78070067236155,80.92
gbr,UK,2014,49250.55999,81.09,10.804676016890923,80.96
gbr,UK,2015,49983.34859,81.05,10.819445200744077,81.09
gbr,UK,2016,50540.87977,81.09,10.830537788190757,81.05
gbr,UK,2017,51601.14044,81.16,10.851299052775806,81.09
gbr,UK,2018,52071.26966,81.05,10.860368629573898,81.16
gbr,UK,2019,52645.5442,81.07,10.871336883401455,81.05
gbr,UK,2020,47144.72215,79.79,10.76097734436242,81.07
gbr,UK,2021,51004.42717,80.09,10.839667715193833,79.79
gbr,UK,2022,52982.17492,81.5,10.877710813701091,80.09
geo,Georgia,1960,6566.7348,59.25,8.789772001638662,
geo,Georgia,1961,6837.57771,60.14,8.830188811930734,59.25
geo,Georgia,1962,6921.30149,60.95,8.842359107517126,60.14
geo,Georgia,1963,6673.82373,61.56,8.805948247515124,60.95
geo,Georgia,1964,7442.72387,62.26,8.914992172383794,61.56
geo,Georgia,1965,7780.97589,62.95,8.959437045038682,62.26
geo,Georgia,1966,8276.80655,63.56,9.021212490617582,62.95
geo,Georgia,1967,8708.06055,64.12,9.07200437570647,63.56
geo,Georgia,1968,9012.74015,64.6,9.106394427562746,64.12
geo,Georgia,1969,9357.97277,64.99,9.14398396161214,64.6
geo,Georgia,1970,10394.2261,65.36,9.24900574826618,64.99
geo,Georgia,1971,10552.59889,65.67,9.264127448851786,65.36
geo,Georgia,1972,10753.54965,65.93,9.282991179051788,65.67
geo,Georgia,1973,11345.23467,66.23,9.33655308188322,65.93
geo,Georgia,1974,11481.88856,66.51,9.348526165054285,66.23
geo,Georgia,1975,11620.18845,66.74,9.360499248002451,66.51
geo,Georgia,1976,11760.15417,67.06,9.372472331060564,66.74
geo,Georgia,1977,11901.80579,67.41,9.384445414646024,67.06
geo,Georgia,1978,12045.1636,67.73,9.396418497356068,67.41
geo,Georgia,1979,12190.24817,68.09,9.408391580758652,67.73
geo,Georgia,1980,12337.08029,68.54,9.420364664115457,68.09
geo,Georgia,1981,12921.36456,68.84,9.466637387858677,68.54
geo,Georgia,1982,13529.69818,69.1,9.512642413451125,68.84
geo,Georgia,1983,14209.44886,69.1,9.561662434976554,69.1
geo,Georgia,1984,15198.3905,68.95,9.628944813069927,69.1
geo,Georgia,1985,16003.06383,69.06,9.680535472265168,68.95
geo,Georgia,1986,15917.84559,69.08,9.675196122979507,69.06
geo,Georgia,1987,15714.92327,68.89,9.662366066623502,69.08
geo,Georgia,1988,16758.77202,68.7,9.726677102855387,68.89
geo,Georgia,1989,16130.36973,68.52,9.688459092741239,68.7
geo,Georgia,1990,13783.49522,68.53,9.531227156817536,68.52
geo,Georgia,1991,10771.22918,68.41,9.284633893628817,68.53
geo,Georgia,1992,5891.12345,67.93,8.681201996997247,68.41
geo,Georgia,1993,4141.145,67.78,8.328727598629223,67.93
geo,Georgia,1994,3756.70721,68.81,8.231298110676597,67.78
geo,Georgia,1995,3968.25928,69.98,8.286082809011955,68.81
geo,Georgia,1996,4530.22791,70.93,8.418527528469788,69.98
geo,Georgia,1997,5129.05014,70.88,8.542675763126239,70.93
geo,Georgia,1998,5383.07997,70.63,8.591015974478845,70.88
geo,Georgia,1999,5623.01002,70.67,8.634622390257535,70.63
geo,Georgia,2000,5817.64099,70.68,8.668650130379119,70.67
geo,Georgia,2001,6168.02458,70.78,8.727133900319531,70.68
geo,Georgia,2002,6546.59987,70.38,8.786701090031471,70.78
geo,Georgia,2003,7304.22141,70.59,8.896207735342193,70.38
geo,Georgia,2004,7757.61197,70.68,8.956429829992137,70.59
geo,Georgia,2005,8531.25642,71.05,9.05149192389456,70.68
geo,Georgia,2006,9368.12491,71.47,9.145068238877816,71.05
geo,Georgia,2007,10588.92675,71.96,9.267564087850573,71.47
geo,Georgia,2008,10868.556,71.52,9.293629128604591,71.96
geo,Georgia,2009,10556.10672,71.72,9.26445980746222,71.52
geo,Georgia,2010,11294.36859,71.88,9.332059525613117,71.72
geo,Georgia,2011,12288.68289,72.17,9.416434027573759,71.88
geo,Georgia,2012,13193.9597,72.45,9.487514405359477,72.17
geo,Georgia,2013,13913.00182,72.92,9.540579064654777,72.45
geo,Georgia,2014,14475.31354,73.18,9.580199963001078,72.92
geo,Georgia,2015,14936.84341,73.29,9.611586151891881,73.18
geo,Georgia,2016,15442.95644,73.14,9.644908284523561,73.29
geo,Georgia,2017,16237.62422,73.2,9.695086311142049,73.14
geo,Georgia,2018,17228.67908,73.28,9.754330662624932,73.2
geo,Georgia,2019,18186.88165,73.4,9.808455824710453,73.28
geo,Georgia,2020,17031.14403,72.7,9.742798948734555,73.4
geo,Georgia,2021,18915.6534,71.63,9.847745080483188,72.7
geo,Georgia,2022,20966.52804,71.52,9.950682542233858,71.63
gha,Ghana,1960,2663.85574,51.03,7.887529878542375,
gha,Ghana,1961,2669.50063,51.48,7.889646703939464,51.03
gha,Ghana,1962,2710.18899,52.03,7.904773649449545,51.48
gha,Ghana,1963,2713.00652,52.38,7.905812715899685,52.03
gha,Ghana,1964,2680.77965,52.71,7.893862945376682,52.38
gha,Ghana,1965,2627.55885,53.0,7.873810500216742,52.71
gha,Ghana,1966,2542.06169,53.24,7.840730719747612,53.0
gha,Ghana,1967,2501.44196,53.5,7.824622628580334,53.24
gha,Ghana,1968,2451.01181,53.84,7.804256201957957,53.5
gha,Ghana,1969,2474.36265,54.12,7.8137381266885555,53.84
gha,Ghana,1970,2668.07401,54.46,7.889112146530831,54.12
gha,Ghana,1971,2759.35644,54.77,7.9227527576088885,54.46
gha,Ghana,1972,2592.30615,55.18,7.86030316392325,54.77
gha,Ghana,1973,2607.51353,55.55,7.866152375739701,55.18
gha,Ghana,1974,2703.43004,55.95,7.902276630921111,55.55
gha,Ghana,1975,2305.14723,56.27,7.742899827577431,55.95
gha,Ghana,1976,2168.66602,56.55,7.681867520178853,56.27
gha,Ghana,1977,2166.01088,56.8,7.680642450632346,56.55
gha,Ghana,1978,2299.24229,57.16,7.740334908509815,56.8
gha,Ghana,1979,2193.22947,57.4,7.693130380426669,57.16
gha,Ghana,1980,2120.07511,57.53,7.6592067962837405,57.4
gha,Ghana,1981,2130.51667,57.69,7.66411979736371,57.53
gha,Ghana,1982,1980.03931,57.7,7.590871977026856,57.69
gha,Ghana,1983,1828.30151,57.78,7.511142678237963,57.7
gha,Ghana,1984,1962.96956,57.9,7.582213687278999,57.78
gha,Ghana,1985,2067.87633,58.17,7.634277432099312,57.9
gha,Ghana,1986,2155.38754,58.45,7.675725819316478,58.17
gha,Ghana,1987,2268.29752,58.68,7.7267848379019295,58.45
gha,Ghana,1988,2408.03656,58.94,7.786566989037707,58.68
gha,Ghana,1989,2529.12332,59.19,7.835628007837783,58.94
gha,Ghana,1990,2624.40597,59.37,7.872609852273805,59.19
gha,Ghana,1991,2704.39344,59.57,7.902632929536906,59.37
gha,Ghana,1992,2750.73982,59.68,7.919625179934304,59.57
gha,Ghana,1993,2813.74152,59.89,7.942270378444744,59.68
gha,Ghana,1994,2849.08258,59.65,7.954752319686819,59.89
gha,Ghana,1995,2909.96893,59.89,7.975897683132594,59.65
gha,Ghana,1996,2985.54065,59.84,8.0015361317041,59.89
gha,Ghana,1997,3053.16446,59.53,8.023933859610269,59.84
gha,Ghana,1998,3130.84259,59.71,8.049057445389964,59.53
gha,Ghana,1999,3200.71521,59.66,8.071129566939716,59.71
gha,Ghana,2000,3247.06701,59.61,8.085507409401444,59.66
gha,Ghana,2001,3299.50233,59.5,8.101526926990829,59.61
gha,Ghana,2002,3364.62378,59.53,8.121071431965012,59.5
gha,Ghana,2003,3454.94981,59.64,8.147563209323463,59.53
gha,Ghana,2004,3561.94033,59.81,8.178060711884475,59.64
gha,Ghana,2005,3683.02601,60.01,8.211489978597701,59.81
gha,Ghana,2006,3826.47521,60.25,8.249699347723828,60.01
gha,Ghana,2007,3899.59845,60.53,8.268628865278373,60.25
gha,Ghana,2008,4158.47667,60.95,8.332904101097022,60.53
gha,Ghana,2009,4260.95433,61.34,8.35724843530119,60.95
gha,Ghana,2010,4495.68917,61.79,8.41087425439713,61.34
gha,Ghana,2011,5005.36733,62.41,8.518266081663608,61.79
gha,Ghana,2012,5339.71322,63.01,8.582927226392272,62.41
gha,Ghana,2013,5593.77482,63.47,8.629409619108294,63.01
gha,Ghana,2014,5619.07233,63.88,8.633921863426574,63.47
gha,Ghana,2015,5607.36636,64.22,8.631836433743002,63.88
gha,Ghana,2016,5666.07795,64.65,8.64225243779671,64.22
gha,Ghana,2017,5993.63085,65.11,8.69845265939349,64.65
gha,Ghana,2018,6234.51208,65.77,8.737855600040024,65.11
gha,Ghana,2019,6508.24652,66.31,8.7808253471544,65.77
gha,Ghana,2020,6412.68542,65.67,8.766033404460593,66.31
gha,Ghana,2021,6607.50297,65.34,8.79596109596756,65.67
gha,Ghana,2022,6728.45414,65.5,8.81410069937476,65.34
gin,Guinea,1960,1159.46738,41.15,7.055716023483982,
gin,Guinea,1961,1235.85592,41.48,7.119519061643587,41.15
gin,Guinea,1962,1296.16395,41.8,7.167164373540814,41.48
gin,Guinea,1963,1246.33165,42.14,7.127959835679582,41.8
gin,Guinea,1964,1258.30588,42.43,7.1375215555584735,42.14
gin,Guinea,1965,1325.12115,42.75,7.1892591682027565,42.43
gin,Guinea,1966,1346.00714,43.02,7.204897814796844,42.75
gin,Guinea,1967,1348.59137,43.28,7.206815897051176,43.02
gin,Guinea,1968,1365.0331,43.5,7.218933956409305,43.28
gin,Guinea,1969,1364.04728,43.72,7.218211500559266,43.5
gin,Guinea,1970,1322.36654,43.85,7.187178243706362,43.72
gin,Guinea,1971,1378.86456,44.08,7.229015656871162,43.85
gin,Guinea,1972,1397.19481,44.35,7.242221798353777,44.08
gin,Guinea,1973,1403.10699,44.6,7.246444335213498,44.35
gin,Guinea,1974,1462.69836,44.85,7.288038200678221,44.6
gin,Guinea,1975,1488.8086,45.13,7.305731481775624,44.85
gin,Guinea,1976,1592.41558,45.53,7.373007375052175,45.13
gin,Guinea,1977,1524.6003,45.9,7.329487556327078,45.53
gin,Guinea,1978,1611.09627,46.4,7.3846701393058805,45.9
gin,Guinea,1979,1575.36372,46.88,7.362241457932069,46.4
gin,Guinea,1980,1596.71053,47.27,7.375700873175791,46.88
gin,Guinea,1981,1586.43587,47.66,7.369245187892979,47.27
gin,Guinea,1982,1594.8762,48.08,7.374551394651688,47.66
gin,Guinea,1983,1591.74989,48.38,7.372589249790803,48.08
gin,Guinea,1984,1574.99792,49.02,7.362009230623941,48.38
gin,Guinea,1985,1608.45858,49.57,7.3830315956481165,49.02
gin,Guinea,1986,1623.06193,50.14,7.392069724519198,49.57
gin,Guinea,1987,1644.26539,50.55,7.405048992028185,50.14
gin,Guinea,1988,1712.33872,50.95,7.445615387599155,50.55
gin,Guinea,1989,1745.35977,51.39,7.464715985305789,50.95
gin,Guinea,1990,1771.44373,51.92,7.479550159759266,51.39
gin,Guinea,1991,1749.15762,52.39,7.466889591026643,51.92
gin,Guinea,1992,1768.63686,52.62,7.477964393267892,52.39
gin,Guinea,1993,1825.61959,53.07,7.509674709768905,52.62
gin,Guinea,1994,1863.55106,53.29,7.530239118597601,53.07
gin,Guinea,1995,1915.86853,53.55,7.557926339266328,53.29
gin,Guinea,1996,1964.80389,53.98,7.58314771779614,53.55
gin,Guinea,1997,2049.52671,54.24,7.625364172306409,53.98
gin,Guinea,1998,2107.83081,54.34,7.653414645529358,54.24
gin,Guinea,1999,2157.74764,54.44,7.676820197367272,54.34
gin,Guinea,2000,2188.59249,54.34,7.6910139175611105,54.44
gin,Guinea,2001,2261.24514,54.71,7.723670887453464,54.34
gin,Guinea,2002,2362.78757,55.09,7.767597374711608,54.71
gin,Guinea,2003,2357.32725,55.44,7.765283735046492,55.09
gin,Guinea,2004,2379.76742,55.7,7.774758039201272,55.44
gin,Guinea,2005,2421.05132,56.0,7.791957154565514,55.7
gin,Guinea,2006,2416.21988,56.25,7.789959564847328,56.0
gin,Guinea,2007,2539.14707,56.5,7.839583504406804,56.25
gin,Guinea,2008,2597.95859,56.87,7.862481257919527,56.5
gin,Guinea,2009,2522.31914,57.14,7.832934050945693,56.87
gin,Guinea,2010,2594.8305,57.56,7.861276475547606,57.14
gin,Guinea,2011,2673.40873,57.91,7.891109615036642,57.56
gin,Guinea,2012,2762.90351,58.19,7.924037402127593,57.91
gin,Guinea,2013,2802.56007,58.4,7.938288589150142,58.19
gin,Guinea,2014,2834.96634,57.86,7.949785343075495,58.4
gin,Guinea,2015,2869.85157,58.49,7.962015589646222,57.86
gin,Guinea,2016,3099.78874,59.26,8.039089239763934,58.49
gin,Guinea,2017,3332.76576,59.91,8.11155779681015,59.26
gin,Guinea,2018,3455.64513,60.57,8.147764442360092,59.91
gin,Guinea,2019,3557.46234,61.24,8.17680274382224,60.57
gin,Guinea,2020,3630.99331,60.84,8.197261528944999,61.24
gin,Guinea,2021,3738.80513,60.39,8.226521355405486,60.84
gin,Guinea,2022,3792.01069,60.49,8.240651682463765,60.39
gmb,Gambia,1960,1706.61741,53.85,7.442268567620823,
gmb,Gambia,1961,1817.3162,54.14,7.50511607637093,53.85
gmb,Gambia,1962,1759.72989,54.37,7.472915604663319,54.14
gmb,Gambia,1963,1723.64609,54.6,7.452197145927211,54.37
gmb,Gambia,1964,1811.29329,54.85,7.501796393970395,54.6
gmb,Gambia,1965,1945.6445,55.21,7.5733485636319955,54.85
gmb,Gambia,1966,2089.72194,55.6,7.644786293045643,55.21
gmb,Gambia,1967,2067.18154,55.97,7.63394138359485,55.6
gmb,Gambia,1968,2050.31846,56.22,7.625750406408923,55.97
gmb,Gambia,1969,2136.03671,56.52,7.66670738626199,56.22
gmb,Gambia,1970,1975.95422,56.59,7.588806710023237,56.52
gmb,Gambia,1971,1917.2311,56.66,7.558637288727035,56.59
gmb,Gambia,1972,1864.59711,56.7,7.530800281931112,56.66
gmb,Gambia,1973,1977.21257,56.78,7.589443338887813,56.7
gmb,Gambia,1974,2035.4414,56.87,7.61846797853329,56.78
gmb,Gambia,1975,2098.56803,56.99,7.649010500642272,56.87
gmb,Gambia,1976,2011.40012,57.14,7.6065863356703165,56.99
gmb,Gambia,1977,1982.56459,57.33,7.5921465330539455,57.14
gmb,Gambia,1978,2020.01775,57.0,7.610861577485356,57.33
gmb,Gambia,1979,1897.2,57.88,7.5481343940034265,57.0
gmb,Gambia,1980,1846.03456,58.16,7.520795136447681,57.88
gmb,Gambia,1981,1878.54216,56.54,7.538251308201088,58.16
gmb,Gambia,1982,2162.83742,58.88,7.679176259004192,56.54
gmb,Gambia,1983,2280.61915,59.2,7.732202242101097,58.88
gmb,Gambia,1984,2159.69879,59.44,7.677724041880211,59.2
gmb,Gambia,1985,2196.46783,59.64,7.6946058172808085,59.44
gmb,Gambia,1986,2192.01876,59.87,7.692578206425444,59.64
gmb,Gambia,1987,2208.44558,60.05,7.700044189573825,59.87
gmb,Gambia,1988,2239.03468,60.25,7.713800105536416,60.05
gmb,Gambia,1989,2307.05593,60.39,7.743727501486298,60.25
gmb,Gambia,1990,2401.07258,60.61,7.783670824835585,60.39
gmb,Gambia,1991,2388.93146,60.8,7.778601457085869,60.61
gmb,Gambia,1992,2387.56295,60.75,7.778028438499442,60.8
gmb,Gambia,1993,2384.36613,61.18,7.776688594413478,60.75
gmb,Gambia,1994,2323.82556,61.25,7.750970054913677,61.18
gmb,Gambia,1995,2286.40783,61.37,7.73473723176736,61.25
gmb,Gambia,1996,2291.54085,61.43,7.736979730541321,61.37
gmb,Gambia,1997,2329.00688,61.12,7.753197223937513,61.43
gmb,Gambia,1998,2358.3421,61.51,7.765714151150907,61.12
gmb,Gambia,1999,2456.78966,61.48,7.8066107603909565,61.51
gmb,Gambia,2000,2538.65544,61.6,7.839389865524406,61.48
gmb,Gambia,2001,2628.79005,61.69,7.874278962278884,61.6
gmb,Gambia,2002,2500.01615,61.73,7.824052470835427,61.69
gmb,Gambia,2003,2601.61094,61.82,7.863886124449201,61.73
gmb,Gambia,2004,2728.61837,61.97,7.911550668496348,61.82
gmb,Gambia,2005,2606.00889,62.16,7.865575169037376,61.97
gmb,Gambia,2006,2531.6846,62.43,7.836640209944312,62.16
gmb,Gambia,2007,2544.14242,62.6,7.841548905597442,62.43
gmb,Gambia,2008,2634.21604,62.94,7.876340898681629,62.6
gmb,Gambia,2009,2737.72235,63.28,7.914881594570579,62.94
gmb,Gambia,2010,2824.21259,63.71,7.945984875524798,63.28
gmb,Gambia,2011,2519.83983,64.17,7.831950618961668,63.71
gmb,Gambia,2012,2574.9351,64.53,7.853579608896718,64.17
gmb,Gambia,2013,2572.44729,64.79,7.852612977702368,64.53
gmb,Gambia,2014,2465.10971,65.03,7.809991592585771,64.79
gmb,Gambia,2015,2495.95742,65.36,7.822427670048935,65.03
gmb,Gambia,2016,2478.46056,65.69,7.815392904483503,65.36
gmb,Gambia,2017,2533.18684,66.04,7.837233409618517,65.69
gmb,Gambia,2018,2651.43282,66.39,7.882855459654284,66.04
gmb,Gambia,2019,2750.82132,66.74,7.919654807888236,66.39
gmb,Gambia,2020,2702.3192,65.55,7.901865646257814,66.74
gmb,Gambia,2021,2777.79621,64.99,7.929413162092103,65.55
gmb,Gambia,2022,2863.1805,65.85,7.959688348867014,64.99
gnb,Guinea-Bissau,1960,1176.95319,37.39,7.070684335866177,
gnb,Guinea-Bissau,1961,1243.81947,37.79,7.125942142189336,37.39
gnb,Guinea-Bissau,1962,1278.60069,38.17,7.153521547985226,37.79
gnb,Guinea-Bissau,1963,1373.83647,35.95,7.2253624482319045,38.17
gnb,Guinea-Bissau,1964,1479.83008,36.38,7.299682549356084,35.95
gnb,Guinea-Bissau,1965,1557.6652,36.8,7.350943312452588,36.38
gnb,Guinea-Bissau,1966,1516.47506,37.2,7.324143881230132,36.8
gnb,Guinea-Bissau,1967,1627.23173,37.63,7.394635524858357,37.2
gnb,Guinea-Bissau,1968,1661.07842,38.06,7.415222321021395,37.63
gnb,Guinea-Bissau,1969,1726.32255,38.53,7.453748731356663,38.06
gnb,Guinea-Bissau,1970,1575.7643,39.02,7.3624957033956715,38.53
gnb,Guinea-Bissau,1971,1488.55878,39.41,7.305563669095022,39.02
gnb,Guinea-Bissau,1972,1556.78238,39.83,7.350376393279304,39.41
gnb,Guinea-Bissau,1973,1541.5019,40.21,7.340512479891128,39.83
gnb,Guinea-Bissau,1974,1580.51254,43.21,7.3655044658222355,40.21
gnb,Guinea-Bissau,1975,1634.06783,43.57,7.3988277861862715,43.21
gnb,Guinea-Bissau,1976,1641.37699,43.99,7.4032907965765755,43.57
gnb,Guinea-Bissau,1977,1503.47128,44.28,7.315531900151025,43.99
gnb,Guinea-Bissau,1978,1680.16131,44.69,7.426645085645028,44.28
gnb,Guinea-Bissau,1979,1690.33912,45.1,7.432684450508941,44.69
gnb,Guinea-Bissau,1980,1394.89211,45.31,7.240572350762743,45.1
gnb,Guinea-Bissau,1981,1426.49389,45.45,7.262974887433726,45.31
gnb,Guinea-Bissau,1982,1504.64967,45.68,7.316315372677472,45.45
gnb,Guinea-Bissau,1983,1454.7367,45.9,7.282580201030646,45.68
gnb,Guinea-Bissau,1984,1533.53018,46.2,7.335327663830163,45.9
gnb,Guinea-Bissau,1985,1596.35078,46.53,7.375475540827556,46.2
gnb,Guinea-Bissau,1986,1567.66244,46.88,7.357340897121911,46.53
gnb,Guinea-Bissau,1987,1649.71533,47.24,7.408358024737357,46.88
gnb,Guinea-Bissau,1988,1713.53293,47.7,7.446312559104906,47.24
gnb,Guinea-Bissau,1989,1782.91059,48.15,7.486002470784148,47.7
gnb,Guinea-Bissau,1990,1869.81915,48.62,7.5335969939418534,48.15
gnb,Guinea-Bissau,1991,1917.98104,49.04,7.559028370097339,48.62
gnb,Guinea-Bissau,1992,1897.51065,49.38,7.548298121902255,49.04
gnb,Guinea-Bissau,1993,1881.09839,49.7,7.539611135216412,49.38
gnb,Guinea-Bissau,1994,1886.97037,49.79,7.542727843072509,49.7
gnb,Guinea-Bissau,1995,1924.86871,50.27,7.5626130417985795,49.79
gnb,Guinea-Bissau,1996,2078.82589,49.51,7.63955853735729,50.27
gnb,Guinea-Bissau,1997,2175.43222,50.04,7.684982645619296,49.51
gnb,Guinea-Bissau,1998,1680.13503,49.79,7.426629444167407,50.04
gnb,Guinea-Bissau,1999,1919.75711,49.95,7.5599539518110355,49.79
gnb,Guinea-Bissau,2000,1903.68346,51.47,7.551545951530247,49.95
gnb,Guinea-Bissau,2001,1951.61367,51.8,7.576411832426271,51.47
gnb,Guinea-Bissau,2002,1974.42194,52.09,7.588030945885957,51.8
gnb,Guinea-Bissau,2003,1933.98218,52.41,7.567336461906674,52.09
gnb,Guinea-Bissau,2004,1921.90486,52.67,7.561072087784756,52.41
gnb,Guinea-Bissau,2005,2004.37282,52.75,7.603086482825998,52.67
gnb,Guinea-Bissau,2006,2015.43233,53.59,7.608589007198239,52.75
gnb,Guinea-Bissau,2007,2023.64221,54.26,7.612654241065626,53.59
gnb,Guinea-Bissau,2008,2068.09149,54.79,7.634381475462103,54.26
gnb,Guinea-Bissau,2009,2072.05371,55.52,7.636295524858081,54.79
gnb,Guinea-Bissau,2010,2138.02686,56.2,7.667638654649199,55.52
gnb,Guinea-Bissau,2011,2250.92052,56.87,7.719094531531698,56.2
gnb,Guinea-Bissau,2012,2154.30225,57.41,7.675222168206618,56.87
gnb,Guinea-Bissau,2013,2166.00798,57.92,7.680641111764675,57.41
gnb,Guinea-Bissau,2014,2130.19123,58.25,7.663967034016269,57.92
gnb,Guinea-Bissau,2015,2203.48514,58.75,7.697795540442646,58.25
gnb,Guinea-Bissau,2016,2265.5718,59.31,7.725582456388038,58.75
gnb,Guinea-Bissau,2017,2314.15796,59.84,7.746801168172314,59.31
gnb,Guinea-Bissau,2018,2344.86927,60.33,7.759984930925527,59.84
gnb,Guinea-Bissau,2019,2418.1041,60.95,7.790739082357204,60.33
gnb,Guinea-Bissau,2020,2413.67908,60.07,7.788907451643545,60.95
gnb,Guinea-Bissau,2021,2483.85063,59.72,7.817565308395076,60.07
gnb,Guinea-Bissau,2022,2564.42407,59.93,7.849489198280252,59.72
gnq,Equatorial Guinea,1960,1100.88969,40.37,7.003873940967558,
gnq,Equatorial Guinea,1961,1145.49779,40.73,7.043594572603169,40.37
gnq,Equatorial Guinea,1962,1201.71391,41.14,7.091504075118631,40.73
gnq,Equatorial Guinea,1963,1301.18758,41.71,7.17103264951829,41.14
gnq,Equatorial Guinea,1964,1406.90459,42.3,7.249147243869849,41.71
gnq,Equatorial Guinea,1965,1468.31309,42.89,7.291869463001005,42.3
gnq,Equatorial Guinea,1966,1472.51518,43.43,7.294727224470907,42.89
gnq,Equatorial Guinea,1967,1507.76533,43.97,7.31838391974749,43.43
gnq,Equatorial Guinea,1968,1499.13317,44.49,7.312642333382779,43.97
gnq,Equatorial Guinea,1969,1436.92376,44.92,7.270259829695916,44.49
gnq,Equatorial Guinea,1970,1365.15297,45.21,7.219021767274208,44.92
gnq,Equatorial Guinea,1971,1393.42569,45.54,7.239520519342955,45.21
gnq,Equatorial Guinea,1972,1405.42848,45.85,7.248097503246097,45.54
gnq,Equatorial Guinea,1973,1526.06809,46.25,7.330449830770326,45.85
gnq,Equatorial Guinea,1974,1642.65439,46.73,7.404068742897189,46.25
gnq,Equatorial Guinea,1975,1892.68494,47.39,7.54575170312623,46.73
gnq,Equatorial Guinea,1976,1991.39724,48.2,7.596591801993397,47.39
gnq,Equatorial Guinea,1977,2104.00067,49.0,7.651595892298614,48.2
gnq,Equatorial Guinea,1978,1955.8599,49.62,7.578585222262643,49.0
gnq,Equatorial Guinea,1979,1706.7999,47.07,7.44237549272467,49.62
gnq,Equatorial Guinea,1980,1616.58724,50.47,7.388072564159599,47.07
gnq,Equatorial Guinea,1981,1669.33765,50.71,7.4201822099711015,50.47
gnq,Equatorial Guinea,1982,1630.13607,50.91,7.396418768844277,50.71
gnq,Equatorial Guinea,1983,1610.52577,50.99,7.384315969885085,50.91
gnq,Equatorial Guinea,1984,1534.03602,50.83,7.335657462746701,50.99
gnq,Equatorial Guinea,1985,1652.00685,51.06,7.4097461005614305,50.83
gnq,Equatorial Guinea,1986,1545.01174,51.1,7.342786788008477,51.06
gnq,Equatorial Guinea,1987,1559.79293,51.06,7.352308354253736,51.1
gnq,Equatorial Guinea,1988,1565.42955,51.02,7.355915538156924,51.06
gnq,Equatorial Guinea,1989,1519.1171,51.06,7.3258845898153915,51.02
gnq,Equatorial Guinea,1990,1528.37002,51.06,7.331957100096406,51.06
gnq,Equatorial Guinea,1991,1446.50216,51.24,7.276903617674667,51.06
gnq,Equatorial Guinea,1992,1775.02341,51.57,7.48156889055494,51.24
gnq,Equatorial Guinea,1993,1873.78472,51.8,7.535715578931593,51.57
gnq,Equatorial Guinea,1994,2054.45085,51.99,7.627763864941659,51.8
gnq,Equatorial Guinea,1995,2277.44211,52.23,7.7308082105893305,51.99
gnq,Equatorial Guinea,1996,3466.74465,52.69,8.15097129140065,52.23
gnq,Equatorial Guinea,1997,7910.89398,54.39,8.975996073338875,52.69
gnq,Equatorial Guinea,1998,9302.7773,55.51,9.13806826896757,54.39
gnq,Equatorial Guinea,1999,11168.49676,56.56,9.320852304671945,55.51
gnq,Equatorial Guinea,2000,12428.04693,57.61,9.427711046656436,56.56
gnq,Equatorial Guinea,2001,19105.05954,58.94,9.857708476337804,57.61
gnq,Equatorial Guinea,2002,21418.4856,60.02,9.972009641222245,58.94
gnq,Equatorial Guinea,2003,22887.27786,60.46,10.038336483201094,60.02
gnq,Equatorial Guinea,2004,29356.54335,60.94,10.287270742486715,60.46
gnq,Equatorial Guinea,2005,32249.49451,61.13,10.381257647992552,60.94
gnq,Equatorial Guinea,2006,33027.962,61.97,10.40510981499772,61.13
gnq,Equatorial Guinea,2007,36215.3295,62.46,10.497237775027909,61.97
gnq,Equatorial Guinea,2008,40526.68854,62.9,10.609716012361387,62.46
gnq,Equatorial Guinea,2009,38976.73346,63.52,10.570720169139634,62.9
gnq,Equatorial Guinea,2010,33668.87407,63.54,10.424329071441546,63.52
gnq,Equatorial Guinea,2011,34341.93426,63.13,10.44412245959785,63.54
gnq,Equatorial Guinea,2012,35711.49193,63.39,10.48322781876926,63.13
gnq,Equatorial Guinea,2013,32894.36932,64.45,10.401056776817683,63.39
gnq,Equatorial Guinea,2014,31765.89971,65.02,10.366148657240963,64.45
gnq,Equatorial Guinea,2015,27797.79428,64.77,10.232711954084907,65.02
gnq,Equatorial Guinea,2016,24435.06456,64.93,10.10377445181249,64.77
gnq,Equatorial Guinea,2017,22250.43892,65.57,10.01011701414139,64.93
gnq,Equatorial Guinea,2018,20165.47956,65.85,9.911727488824834,65.57
gnq,Equatorial Guinea,2019,18446.59166,65.98,9.82263489852793,65.85
gnq,Equatorial Guinea,2020,17089.15373,64.98,9.746199256451726,65.98
gnq,Equatorial Guinea,2021,16821.44865,64.85,9.730410056453211,64.98
gnq,Equatorial Guinea,2022,16932.77068,65.49,9.737006116787361,64.85
grc,Greece,1960,6440.96328,72.43,8.770433385552531,
grc,Greece,1961,7016.12328,72.37,8.855966105163324,72.43
grc,Greece,1962,7150.66623,72.18,8.874960810368137,72.37
grc,Greece,1963,7873.63652,72.4,8.971275308385858,72.18
grc,Greece,1964,8507.74867,72.55,9.048732635451266,72.4
grc,Greece,1965,9290.83149,73.01,9.136783331570152,72.55
grc,Greece,1966,9786.39876,73.16,9.188748819026248,73.01
grc,Greece,1967,10196.33998,73.05,9.229784109388897,73.16
grc,Greece,1968,10853.78153,73.15,9.292268826357391,73.05
grc,Greece,1969,11944.9569,73.55,9.38806445154913,73.15
grc,Greece,1970,12903.7381,73.82,9.46527232356684,73.55
grc,Greece,1971,13781.49362,74.13,9.531081929114732,73.82
grc,Greece,1972,15239.68079,74.11,9.631657883483218,74.13
grc,Greece,1973,16022.01979,74.43,9.681719291950932,74.11
grc,Greece,1974,15118.33209,74.6,9.623663332140826,74.43
grc,Greece,1975,15881.5749,74.63,9.672914904946577,74.6
grc,Greece,1976,16698.9772,74.66,9.723102751020281,74.63
grc,Greece,1977,16963.21032,74.86,9.73880217916908,74.66
grc,Greece,1978,17886.49787,75.14,9.791801398256167,74.86
grc,Greece,1979,18249.99688,75.24,9.811920188051719,75.14
grc,Greece,1980,18240.18704,75.3,9.811382517961711,75.24
grc,Greece,1981,18834.04867,75.44,9.843421610222983,75.3
grc,Greece,1982,19305.8625,75.6,9.868164085245002,75.44
grc,Greece,1983,19556.47488,75.6,9.881061706488182,75.6
grc,Greece,1984,20368.70828,75.78,9.92175509434812,75.6
grc,Greece,1985,21280.52509,75.86,9.965547618433106,75.78
grc,Greece,1986,21723.46165,76.23,9.986148137499855,75.86
grc,Greece,1987,21682.37811,76.37,9.984255140958583,76.23
grc,Greece,1988,23153.52436,76.8,10.049902288099807,76.37
grc,Greece,1989,24638.00364,77.06,10.112045393261173,76.8
grc,Greece,1990,25181.86487,77.23,10.133879366412708,77.06
grc,Greece,1991,25801.45602,77.32,10.158186204201042,77.23
grc,Greece,1992,25926.40668,77.39,10.163017291220715,77.32
grc,Greece,1993,25495.28289,77.58,10.146248729328853,77.39
grc,Greece,1994,26005.0042,77.68,10.166044267714563,77.58
grc,Greece,1995,26552.61526,77.75,10.18688352502047,77.68
grc,Greece,1996,27000.08238,77.89,10.203595196092923,77.75
grc,Greece,1997,27990.94872,78.09,10.239636476897564,77.89
grc,Greece,1998,28920.16909,78.16,10.272294523074418,78.09
grc,Greece,1999,29692.65924,78.23,10.298655130604462,78.16
grc,Greece,2000,30878.47385,78.44,10.33781458096145,78.23
grc,Greece,2001,32216.03115,78.68,10.380219469441675,78.44
grc,Greece,2002,33660.65195,78.89,10.424084836244095,78.68
grc,Greece,2003,35613.94532,79.08,10.480492562608815,78.89
grc,Greece,2004,37508.87544,79.23,10.532332862354588,79.08
grc,Greece,2005,37901.02852,79.43,10.542733528433168,79.23
grc,Greece,2006,40277.6367,79.7,10.603551673313824,79.43
grc,Greece,2007,41648.95477,79.64,10.637031551721867,79.7
grc,Greece,2008,41617.32244,79.97,10.636271764384626,79.64
grc,Greece,2009,39846.18215,80.15,10.592781874108017,79.97
grc,Greece,2010,37566.74837,80.4,10.53387458624648,80.15
grc,Greece,2011,33906.49174,80.49,10.43136177179054,80.4
grc,Greece,2012,31250.22686,80.56,10.349781914658198,80.49
grc,Greece,2013,30762.44322,80.87,10.334049848943849,80.56
grc,Greece,2014,31213.37651,81.05,10.348602016212158,80.87
grc,Greece,2015,31347.97657,80.92,10.352905000756373,81.05
grc,Greece,2016,31468.61985,81.0,10.356746133043364,80.92
grc,Greece,2017,31995.41088,81.14,10.373347761497666,81.0
grc,Greece,2018,32722.33104,80.96,10.395813030232878,81.14
grc,Greece,2019,33502.75065,80.94,10.419382823397626,80.96
grc,Greece,2020,30487.11293,80.6,10.32505934642062,80.94
grc,Greece,2021,33531.15511,79.8,10.420230288911622,80.6
grc,Greece,2022,35906.61277,80.3,10.488676757235133,79.8
grd,Grenada,1960,2283.59974,64.11,7.7335083102347815,
grd,Grenada,1961,2320.46261,64.62,7.749521845644715,64.11
grd,Grenada,1962,2356.90561,64.68,7.765104855464747,64.62
grd,Grenada,1963,2392.93199,64.66,7.780274667111694,64.68
grd,Grenada,1964,2430.91659,65.23,7.7960236627443535,64.66
grd,Grenada,1965,2468.46758,65.58,7.811352824130801,65.23
grd,Grenada,1966,2507.93656,65.53,7.827215606377065,65.58
grd,Grenada,1967,2546.95541,65.83,7.842653967955382,65.53
grd,Grenada,1968,2585.52762,66.29,7.857684874432476,65.83
grd,Grenada,1969,2625.97028,66.72,7.873205737205399,66.29
grd,Grenada,1970,2667.10144,66.98,7.888747558704287,66.72
grd,Grenada,1971,2851.26555,67.41,7.955518227332083,66.98
grd,Grenada,1972,3062.41857,67.94,8.026960265111724,67.41
grd,Grenada,1973,3327.83727,68.38,8.110077903510014,67.94
grd,Grenada,1974,3546.39009,68.75,8.173685489043903,68.38
grd,Grenada,1975,3667.06132,69.02,8.207145890047684,68.75
grd,Grenada,1976,4027.28035,69.15,8.300846576009588,69.02
grd,Grenada,1977,4299.97236,69.09,8.366363873754018,69.15
grd,Grenada,1978,4571.72032,69.25,8.427644850690141,69.09
grd,Grenada,1979,4854.26059,69.46,8.487612070465632,69.25
grd,Grenada,1980,4789.45957,69.31,8.474172859405128,69.46
grd,Grenada,1981,4998.75777,69.52,8.516944714548417,69.31
grd,Grenada,1982,5249.86985,69.52,8.56595856480219,69.52
grd,Grenada,1983,5365.81464,66.18,8.587803486967388,69.52
grd,Grenada,1984,5568.55336,69.45,8.624890579260082,66.18
grd,Grenada,1985,5965.89483,69.55,8.693814336692697,69.45
grd,Grenada,1986,6483.96911,69.65,8.777088118809672,69.55
grd,Grenada,1987,7280.00964,69.5,8.892887465365678,69.65
grd,Grenada,1988,7776.9867,69.46,8.958924228522465,69.5
grd,Grenada,1989,8439.88999,69.42,9.040724553144866,69.46
grd,Grenada,1990,9104.65452,69.21,9.116541047454996,69.42
grd,Grenada,1991,9160.83911,69.66,9.122693059367808,69.21
grd,Grenada,1992,9000.22308,69.74,9.105004642677839,69.66
grd,Grenada,1993,8738.35371,69.89,9.07547708820687,69.74
grd,Grenada,1994,8802.3012,70.25,9.082768466281133,69.89
grd,Grenada,1995,8911.1178,70.7,9.095054967141547,70.25
grd,Grenada,1996,9231.93243,71.18,9.130423669613643,70.7
grd,Grenada,1997,9620.54023,71.62,9.171655699047665,71.18
grd,Grenada,1998,10670.16518,71.94,9.275206824963227,71.62
grd,Grenada,1999,11320.63989,71.89,9.334382877544721,71.94
grd,Grenada,2000,11784.00236,71.97,9.374498158414001,71.89
grd,Grenada,2001,11474.64677,72.07,9.347895251884147,71.97
grd,Grenada,2002,11808.09279,72.08,9.376540405041085,72.07
grd,Grenada,2003,12852.81801,72.16,9.461318366669655,72.08
grd,Grenada,2004,12702.39748,71.75,9.449546032583124,72.16
grd,Grenada,2005,14316.43725,72.38,9.569163614168868,71.75
grd,Grenada,2006,13676.87097,72.55,9.523461434750628,72.38
grd,Grenada,2007,14444.55033,72.6,9.578072482613093,72.55
grd,Grenada,2008,14512.62241,72.52,9.582774060768163,72.6
grd,Grenada,2009,13490.53871,72.5,9.509743882429664,72.52
grd,Grenada,2010,13363.09203,72.47,9.500251859683935,72.5
grd,Grenada,2011,13406.05988,72.58,9.503462113564648,72.47
grd,Grenada,2012,13169.46048,73.16,9.485655828066768,72.58
grd,Grenada,2013,13394.52168,73.12,9.50260107249455,73.16
grd,Grenada,2014,14296.70914,73.05,9.56778465969408,73.12
grd,Grenada,2015,15145.97202,73.09,9.625489902319625,73.05
grd,Grenada,2016,15650.41172,72.87,9.658252503609472,73.09
grd,Grenada,2017,16301.47244,73.03,9.699010716457337,72.87
grd,Grenada,2018,16975.2476,73.17,9.739511538476632,73.03
grd,Grenada,2019,17047.35493,73.32,9.743750334606437,73.17
grd,Grenada,2020,14656.72088,73.38,9.59265427238551,73.32
grd,Grenada,2021,15298.12311,73.39,9.635485427306614,73.38
grd,Grenada,2022,16386.46234,73.78,9.704210805853569,73.39
gtm,Guatemala,1960,4240.66691,47.9,8.352475825951553,
gtm,Guatemala,1961,4263.98418,49.29,8.357959255707465,47.9
gtm,Guatemala,1962,4257.0217,48.77,8.356325063301654,49.29
gtm,Guatemala,1963,4498.06719,49.06,8.411403070157805,48.77
gtm,Guatemala,1964,4538.61539,49.47,8.420377264343271,49.06
gtm,Guatemala,1965,4618.76667,49.53,8.437882993891623,49.47
gtm,Guatemala,1966,4753.1385,49.27,8.466560415680311,49.53
gtm,Guatemala,1967,4825.38773,50.31,8.481646369093735,49.27
gtm,Guatemala,1968,5118.05599,49.51,8.540529956480137,50.31
gtm,Guatemala,1969,5224.04994,48.62,8.561028230634923,49.51
gtm,Guatemala,1970,5378.6663,49.87,8.590195722795386,48.62
gtm,Guatemala,1971,5511.34871,51.86,8.614564647149086,49.87
gtm,Guatemala,1972,5741.75176,53.52,8.655519627423233,51.86
gtm,Guatemala,1973,5950.02054,53.92,8.691149950634557,53.52
gtm,Guatemala,1974,6142.89107,54.26,8.72305076862839,53.92
gtm,Guatemala,1975,6079.32745,54.38,8.71264935206541,54.26
gtm,Guatemala,1976,6338.19427,46.34,8.754349191406233,54.38
gtm,Guatemala,1977,6634.16355,57.22,8.799987872504285,46.34
gtm,Guatemala,1978,6763.79142,58.22,8.819338872760039,57.22
gtm,Guatemala,1979,6879.32092,57.99,8.836275222567508,58.22
gtm,Guatemala,1980,6931.89294,57.95,8.843888206400017,57.99
gtm,Guatemala,1981,7131.84267,56.8,8.872324919008921,57.95
gtm,Guatemala,1982,6936.18111,55.46,8.844506629711171,56.8
gtm,Guatemala,1983,6717.54133,58.4,8.812477493057248,55.46
gtm,Guatemala,1984,6713.20315,59.83,8.811831485658725,58.4
gtm,Guatemala,1985,6621.1339,59.42,8.798021918251543,59.83
gtm,Guatemala,1986,6525.27232,59.88,8.78343796618592,59.42
gtm,Guatemala,1987,6654.42778,60.35,8.803037743661347,59.88
gtm,Guatemala,1988,6867.93831,60.99,8.834619239740567,60.35
gtm,Guatemala,1989,7150.77592,61.58,8.874976150079874,60.99
gtm,Guatemala,1990,7388.6505,61.4,8.907700385629365,61.58
gtm,Guatemala,1991,7447.41196,61.25,8.91562186310098,61.4
gtm,Guatemala,1992,7625.15936,61.42,8.939208500929348,61.25
gtm,Guatemala,1993,7732.43887,61.91,8.9531795989347,61.42
gtm,Guatemala,1994,7831.20231,62.48,8.965871328921127,61.91
gtm,Guatemala,1995,8005.50984,64.08,8.98788531359631,62.48
gtm,Guatemala,1996,8042.14632,65.18,8.992451281770688,64.08
gtm,Guatemala,1997,8192.37277,65.25,9.010958850394397,65.18
gtm,Guatemala,1998,8397.28597,65.43,9.035663833814215,65.25
gtm,Guatemala,1999,8522.20231,66.37,9.050430073510531,65.43
gtm,Guatemala,2000,8628.76971,66.74,9.062857214239326,66.37
gtm,Guatemala,2001,8647.82894,67.19,9.06506357882739,66.74
gtm,Guatemala,2002,8791.80193,67.76,9.081574967394747,67.19
gtm,Guatemala,2003,8830.89407,68.11,9.086011542152832,67.76
gtm,Guatemala,2004,8923.16468,68.4,9.09640594740619,68.11
gtm,Guatemala,2005,9031.22567,68.4,9.108443370311974,68.4
gtm,Guatemala,2006,9328.01386,68.91,9.140777394438226,68.4
gtm,Guatemala,2007,9726.22375,69.51,9.182580996045607,68.91
gtm,Guatemala,2008,9857.30345,69.86,9.195967926420355,69.51
gtm,Guatemala,2009,9724.45031,69.87,9.182398643495823,69.86
gtm,Guatemala,2010,9825.0174,70.27,9.19268720772826,69.87
gtm,Guatemala,2011,10032.08835,70.66,9.213544069652103,70.27
gtm,Guatemala,2012,10126.82807,71.07,9.222943425800985,70.66
gtm,Guatemala,2013,10297.83929,71.33,9.239689374541411,71.07
gtm,Guatemala,2014,10553.56393,71.58,9.264218895128298,71.33
gtm,Guatemala,2015,10785.95815,71.77,9.286000395859977,71.58
gtm,Guatemala,2016,10872.59368,71.95,9.294000560668291,71.77
gtm,Guatemala,2017,11005.45908,72.32,9.306146708674317,71.95
gtm,Guatemala,2018,11192.37173,72.41,9.322987729696536,72.32
gtm,Guatemala,2019,11466.37626,72.58,9.347174228209877,72.41
gtm,Guatemala,2020,11097.15007,71.25,9.314443603883936,72.58
gtm,Guatemala,2021,11825.14092,68.71,9.377983130413861,71.25
gtm,Guatemala,2022,12147.9306,68.16,9.404914113274774,68.71
guy,Guyana,1960,3975.85802,58.85,8.287995857883342,
guy,Guyana,1961,4044.26624,59.41,8.305055413779414,58.85
guy,Guyana,1962,3979.71494,59.46,8.288965472597848,59.41
guy,Guyana,1963,3403.71261,59.74,8.132622058984557,59.46
guy,Guyana,1964,3696.39673,60.01,8.215113767368974,59.74
guy,Guyana,1965,3990.38152,60.28,8.291642124360319,60.01
guy,Guyana,1966,4103.50201,60.52,8.319596036895405,60.28
guy,Guyana,1967,4184.57587,60.78,8.339160632507031,60.52
guy,Guyana,1968,4141.84489,61.08,8.328896593161623,60.78
guy,Guyana,1969,4351.94295,61.29,8.378377679534415,61.08
guy,Guyana,1970,4470.82771,61.68,8.405328840488133,61.29
guy,Guyana,1971,4546.68756,61.54,8.422154238026703,61.68
guy,Guyana,1972,4377.10866,61.42,8.38414366210551,61.54
guy,Guyana,1973,4400.49271,61.22,8.389471793182565,61.42
guy,Guyana,1974,4680.18142,61.0,8.451092153117616,61.22
guy,Guyana,1975,5070.50176,61.22,8.531195058157799,61.0
guy,Guyana,1976,5128.23675,61.68,8.542517165631516,61.22
guy,Guyana,1977,4937.77201,61.67,8.504669498324855,61.68
guy,Guyana,1978,4796.61434,59.57,8.475665602189242,61.67
guy,Guyana,1979,4665.74408,61.99,8.448002603241774,59.57
guy,Guyana,1980,4716.8932,62.36,8.458905641518506,61.99
guy,Guyana,1981,5002.49762,62.46,8.517692590695656,62.36
guy,Guyana,1982,4634.14766,62.73,8.441207568964591,62.46
guy,Guyana,1983,4300.08129,62.72,8.366389206154127,62.73
guy,Guyana,1984,4393.71695,62.13,8.38793083348232,62.72
guy,Guyana,1985,4568.54235,62.61,8.426949472396803,62.13
guy,Guyana,1986,4652.25668,62.65,8.445107688384672,62.61
guy,Guyana,1987,4793.26369,62.79,8.474966813294145,62.65
guy,Guyana,1988,4704.09272,63.15,8.45618820026856,62.79
guy,Guyana,1989,4656.38378,62.18,8.445994412990302,63.15
guy,Guyana,1990,4685.76954,62.37,8.452285437320567,62.18
guy,Guyana,1991,4997.49118,62.95,8.516691301490557,62.37
guy,Guyana,1992,5388.2967,63.55,8.591984602829278,62.95
guy,Guyana,1993,5824.29391,63.18,8.669793053919125,63.55
guy,Guyana,1994,6319.74569,63.41,8.751434247407245,63.18
guy,Guyana,1995,6642.9817,63.1,8.80131619288198,63.41
guy,Guyana,1996,7186.29781,62.98,8.879931409898496,63.1
guy,Guyana,1997,7653.1008,63.34,8.94286617802855,62.98
guy,Guyana,1998,7551.02935,63.5,8.929439170698268,63.34
guy,Guyana,1999,7804.18729,64.11,8.962415700686188,63.5
guy,Guyana,2000,7728.71826,63.96,8.952698314120047,64.11
guy,Guyana,2001,7940.0353,63.94,8.979673000075127,63.96
guy,Guyana,2002,8068.25115,63.85,8.995692027741807,63.94
guy,Guyana,2003,8052.1375,64.08,8.993692863116612,63.85
guy,Guyana,2004,8215.14184,64.25,9.013734296299186,64.08
guy,Guyana,2005,8099.96146,64.39,8.999614582624519,64.25
guy,Guyana,2006,8568.65446,65.01,9.055865993430814,64.39
guy,Guyana,2007,9244.30508,65.24,9.131762973878676,65.01
guy,Guyana,2008,9471.54647,65.3,9.15604747485414,65.24
guy,Guyana,2009,9884.66399,65.87,9.198739743120049,65.3
guy,Guyana,2010,10374.39476,65.75,9.247096007011724,65.87
guy,Guyana,2011,10958.85988,65.74,9.301903529543528,65.75
guy,Guyana,2012,11534.99856,65.69,9.353141045770395,65.74
guy,Guyana,2013,11896.90699,65.99,9.38403372850867,65.69
guy,Guyana,2014,12030.05293,66.02,9.395163208792795,65.99
guy,Guyana,2015,12040.08253,66.41,9.395996573490482,66.02
guy,Guyana,2016,12420.47247,66.67,9.427101395826728,66.41
guy,Guyana,2017,12801.64085,66.88,9.457328633098143,66.67
guy,Guyana,2018,12980.3576,67.09,9.471192539955625,66.88
guy,Guyana,2019,13402.42195,67.31,9.503190712144352,67.09
guy,Guyana,2020,19234.1302,66.69,9.864441594512279,67.31
guy,Guyana,2021,22865.9271,63.95,10.037403181957238,66.69
guy,Guyana,2022,37068.19938,64.25,10.52051472145547,63.95
hnd,Honduras,1960,2693.70365,49.05,7.898672347207505,
hnd,Honduras,1961,2657.99469,50.07,7.885327241528532,49.05
hnd,Honduras,1962,2690.78429,51.27,7.897587987722039,50.07
hnd,Honduras,1963,2648.16835,52.34,7.88162349132,51.27
hnd,Honduras,1964,2670.18772,53.37,7.88990405603897,52.34
hnd,Honduras,1965,2816.43951,54.39,7.94322878109366,53.37
hnd,Honduras,1966,2852.55197,55.31,7.955969300676312,54.39
hnd,Honduras,1967,2880.41137,56.02,7.965688399735342,55.31
hnd,Honduras,1968,2945.37955,56.56,7.987992967238149,56.02
hnd,Honduras,1969,2851.15959,56.15,7.955481064196254,56.56
hnd,Honduras,1970,2824.62286,57.69,7.946130133783549,56.15
hnd,Honduras,1971,2833.66664,58.45,7.9493267845385915,57.69
hnd,Honduras,1972,2884.87548,59.02,7.96723701683222,58.45
hnd,Honduras,1973,2997.02065,57.61,8.005373957516483,59.02
hnd,Honduras,1974,3071.09498,54.74,8.02978944799903,57.61
hnd,Honduras,1975,3021.48652,62.45,8.01350421443141,54.74
hnd,Honduras,1976,3215.39153,63.81,8.075704411527468,62.45
hnd,Honduras,1977,3417.6235,64.8,8.136700705472592,63.81
hnd,Honduras,1978,3616.2973,65.96,8.193205936052713,64.8
hnd,Honduras,1979,3642.97367,66.84,8.200555569422741,65.96
hnd,Honduras,1980,3527.61978,67.86,8.168378639210008,66.84
hnd,Honduras,1981,3582.2829,67.5,8.183755557726498,67.86
hnd,Honduras,1982,3514.42897,68.31,8.164632335855456,67.5
hnd,Honduras,1983,3479.93689,69.19,8.154769437546607,68.31
hnd,Honduras,1984,3627.15007,68.96,8.196202514219614,69.19
hnd,Honduras,1985,3757.23116,68.86,8.231437571495956,68.96
hnd,Honduras,1986,3820.55862,68.74,8.248151926511332,68.86
hnd,Honduras,1987,4006.50618,69.7,8.295674863710383,68.74
hnd,Honduras,1988,4086.12012,69.21,8.315351172889656,69.7
hnd,Honduras,1989,4209.16881,69.06,8.345020474880066,69.21
hnd,Honduras,1990,4286.05578,69.09,8.363122190414536,69.06
hnd,Honduras,1991,4115.38801,69.57,8.322488400282033,69.09
hnd,Honduras,1992,4248.73832,69.39,8.354377351962711,69.57
hnd,Honduras,1993,4404.7969,69.53,8.390449430610397,69.39
hnd,Honduras,1994,4284.03958,69.98,8.362651670553905,69.53
hnd,Honduras,1995,4412.20306,69.45,8.392129403792994,69.98
hnd,Honduras,1996,4394.23965,69.38,8.388049791739492,69.45
hnd,Honduras,1997,4481.09113,69.56,8.407621851557703,69.38
hnd,Honduras,1998,4522.07565,63.35,8.41672638202129,69.56
hnd,Honduras,1999,4371.92555,69.88,8.382958820331675,63.35
hnd,Honduras,2000,4561.67337,70.07,8.425444802297735,69.88
hnd,Honduras,2001,4567.90827,70.22,8.426810670135971,70.07
hnd,Honduras,2002,4621.84604,70.38,8.438549480024227,70.22
hnd,Honduras,2003,4714.39261,70.47,8.458375365984718,70.38
hnd,Honduras,2004,4888.62686,70.67,8.494666737309636,70.47
hnd,Honduras,2005,5062.7798,70.89,8.529670979023315,70.67
hnd,Honduras,2006,5270.98125,71.06,8.569971819649108,70.89
hnd,Honduras,2007,5470.17678,71.2,8.607066212992528,71.06
hnd,Honduras,2008,5573.82136,71.27,8.62583615873033,71.2
hnd,Honduras,2009,5317.86049,71.29,8.578826337912414,71.27
hnd,Honduras,2010,5396.07228,71.1,8.59342661234542,71.29
hnd,Honduras,2011,5488.43372,70.97,8.610398196895211,71.1
hnd,Honduras,2012,5600.60776,69.28,8.63063039940587,70.97
hnd,Honduras,2013,5644.13385,69.64,8.638372028141534,69.28
hnd,Honduras,2014,5705.16246,69.86,8.64912673866548,69.64
hnd,Honduras,2015,5812.53489,69.9,8.667772052458242,69.86
hnd,Honduras,2016,5926.49025,71.53,8.687187453365077,69.9
hnd,Honduras,2017,6099.60735,71.73,8.71597967923718,71.53
hnd,Honduras,2018,6219.27974,71.92,8.735409381600533,71.73
hnd,Honduras,2019,6264.01884,72.07,8.74257724532895,71.92
hnd,Honduras,2020,5603.26398,70.66,8.6311045605015,72.07
hnd,Honduras,2021,6202.98079,69.34,8.73278522807972,70.66
hnd,Honduras,2022,6352.5871,69.94,8.75661742623767,69.34
hrv,Croatia,1960,7377.48015,64.71,8.906187416200124,
hrv,Croatia,1961,7902.21777,65.96,8.97489872943746,64.71
hrv,Croatia,1962,8090.64105,65.39,8.998463246715454,65.96
hrv,Croatia,1963,8936.91488,66.58,9.097945716887114,65.39
hrv,Croatia,1964,9763.70139,66.61,9.18642684829222,66.58
hrv,Croatia,1965,10029.14735,67.64,9.21325086737234,66.61
hrv,Croatia,1966,10734.51721,68.82,9.281219735850218,67.64
hrv,Croatia,1967,11078.13726,68.47,9.312728828839452,68.82
hrv,Croatia,1968,11555.65779,68.54,9.354930447959692,68.47
hrv,Croatia,1969,12426.13228,68.02,9.42755697598787,68.54
hrv,Croatia,1970,13303.92869,68.67,9.495814660816306,68.02
hrv,Croatia,1971,14373.84398,69.15,9.573165443649179,68.67
hrv,Croatia,1972,14768.84809,69.13,9.600275382639781,69.15
hrv,Croatia,1973,15353.35686,70.0,9.639089417054503,69.13
hrv,Croatia,1974,16683.55788,70.38,9.72217895532534,70.0
hrv,Croatia,1975,17170.57877,70.58,9.75095266153541,70.38
hrv,Croatia,1976,17893.97494,70.84,9.79221933963713,70.58
hrv,Croatia,1977,19406.79378,70.94,9.873378478592878,70.84
hrv,Croatia,1978,20875.72381,70.72,9.946342222650877,70.94
hrv,Croatia,1979,22118.34692,70.71,10.004162720474772,70.72
hrv,Croatia,1980,22530.01634,70.67,10.022603758681242,70.71
hrv,Croatia,1981,22610.03803,70.72,10.026149247269716,70.67
hrv,Croatia,1982,22613.47362,70.64,10.026301185493054,70.72
hrv,Croatia,1983,22257.90561,70.33,10.010452532801942,70.64
hrv,Croatia,1984,22779.05141,70.67,10.033596594782084,70.33
hrv,Croatia,1985,22817.67189,71.32,10.035290597615644,70.67
hrv,Croatia,1986,23485.03031,71.63,10.06411848907129,71.32
hrv,Croatia,1987,23498.37237,71.38,10.064686436882543,71.63
hrv,Croatia,1988,23345.42301,71.77,10.058156227180904,71.38
hrv,Croatia,1989,23037.22598,72.21,10.044866707387534,71.77
hrv,Croatia,1990,21461.25297,72.46,9.97400440078037,72.21
hrv,Croatia,1991,17277.46231,72.01,9.757158174513307,72.46
hrv,Croatia,1992,15708.64175,72.41,9.661966269841713,72.01
hrv,Croatia,1993,14517.23895,72.7,9.583092115338363,72.41
hrv,Croatia,1994,15338.35256,73.28,9.638111674108353,72.7
hrv,Croatia,1995,16595.35979,73.01,9.716878404545747,73.28
hrv,Croatia,1996,17942.95279,73.49,9.79495271459958,73.01
hrv,Croatia,1997,19279.7003,73.48,9.866808023437908,73.49
hrv,Croatia,1998,19845.06083,73.82,9.895710430468199,73.48
hrv,Croatia,1999,19860.49259,74.11,9.896487740413423,73.82
hrv,Croatia,2000,20744.13228,74.65,9.940018703981817,74.11
hrv,Croatia,2001,22211.13259,74.93,10.00834891018532,74.65
hrv,Croatia,2002,23571.12738,75.05,10.067777825927585,74.93
hrv,Croatia,2003,24989.31837,75.06,10.126203747346555,75.05
hrv,Croatia,2004,26127.9304,75.58,10.170760151397758,75.06
hrv,Croatia,2005,27321.1578,75.57,10.215416691996124,75.58
hrv,Croatia,2006,28790.69754,75.96,10.267807611864296,75.57
hrv,Croatia,2007,30337.54416,75.91,10.320141305658025,75.96
hrv,Croatia,2008,31012.22676,75.94,10.342136817320371,75.91
hrv,Croatia,2009,28981.8043,76.48,10.274423474116023,75.94
hrv,Croatia,2010,28704.52721,76.8,10.264810131816382,76.48
hrv,Croatia,2011,28775.64882,77.13,10.267284781381058,76.8
hrv,Croatia,2012,28260.83662,77.37,10.249232260188144,77.13
hrv,Croatia,2013,28401.68535,77.85,10.254203765698412,77.37
hrv,Croatia,2014,28460.72957,77.94,10.256280506241486,77.85
hrv,Croatia,2015,29471.75209,77.72,10.291187527306842,77.94
hrv,Croatia,2016,30824.85989,78.39,10.336076782685637,77.72
hrv,Croatia,2017,32351.87222,78.5,10.384427172133861,78.39
hrv,Croatia,2018,33730.87456,78.61,10.426168855973344,78.5
hrv,Croatia,2019,35123.48766,78.66,10.466625349766053,78.61
hrv,Croatia,2020,32493.62543,77.91,10.388799208464357,78.66
hrv,Croatia,2021,36930.47013,77.5,10.516792238066149,77.91
hrv,Croatia,2022,39861.78946,79.16,10.593173486386794,77.5
hti,Haiti,1960,2517.0988,45.41,7.830862247443997,
hti,Haiti,1961,2381.16302,45.65,7.775344311173762,45.41
hti,Haiti,1962,2550.87441,45.95,7.844191485256039,45.65
hti,Haiti,1963,2378.6202,44.22,7.774275850647567,45.95
hti,Haiti,1964,2288.73724,46.3,7.735755520877603,44.22
hti,Haiti,1965,2270.45964,46.51,7.72773757455971,46.3
hti,Haiti,1966,2227.24405,46.59,7.708520248141354,46.51
hti,Haiti,1967,2141.29576,47.02,7.669166420104667,46.59
hti,Haiti,1968,2180.98067,47.36,7.68752990325543,47.02
hti,Haiti,1969,2216.86213,47.67,7.703848020041623,47.36
hti,Haiti,1970,2242.62673,47.96,7.715403105156675,47.67
hti,Haiti,1971,2361.39958,48.27,7.7670097646124026,47.96
hti,Haiti,1972,2346.6488,48.51,7.760743546818631,48.27
hti,Haiti,1973,2418.16003,48.96,7.790762211780453,48.51
hti,Haiti,1974,2518.15528,49.41,7.831281880693369,48.96
hti,Haiti,1975,2503.84398,49.73,7.825582421972037,49.41
hti,Haiti,1976,2669.50396,50.06,7.889647951363003,49.73
hti,Haiti,1977,2636.41161,50.39,7.877174032901231,50.06
hti,Haiti,1978,2716.15138,50.62,7.9069712235023975,50.39
hti,Haiti,1979,2867.7511,50.93,7.961283412737278,50.62
hti,Haiti,1980,3022.82263,51.28,8.013946319554957,50.93
hti,Haiti,1981,3116.60677,51.68,8.044500115248134,51.28
hti,Haiti,1982,3084.52518,51.99,8.034153012014006,51.68
hti,Haiti,1983,3098.14881,52.31,8.03856005403883,51.99
hti,Haiti,1984,3133.18883,52.67,8.049806560441407,52.31
hti,Haiti,1985,3177.25055,53.05,8.063771494867838,52.67
hti,Haiti,1986,3178.63221,53.35,8.064206260603436,53.05
hti,Haiti,1987,3176.72314,53.79,8.063605485366715,53.35
hti,Haiti,1988,3274.77059,54.14,8.094003096760854,53.79
hti,Haiti,1989,3267.07158,54.35,8.091649321370232,54.14
hti,Haiti,1990,3313.01695,54.57,8.105614518495683,54.35
hti,Haiti,1991,3353.08359,54.65,8.117635676068994,54.57
hti,Haiti,1992,3151.5041,54.93,8.055635109920111,54.65
hti,Haiti,1993,2956.04315,54.49,7.991606879390509,54.93
hti,Haiti,1994,2581.17541,54.79,7.85600015943952,54.49
hti,Haiti,1995,2813.1864,55.35,7.9420730700698385,54.79
hti,Haiti,1996,2903.70714,55.71,7.973743523751837,55.35
hti,Haiti,1997,2955.77874,56.06,7.991517428116403,55.71
hti,Haiti,1998,2993.55058,56.55,8.004215446831981,56.06
hti,Haiti,1999,3046.33572,57.03,8.021694744059305,56.55
hti,Haiti,2000,3044.25409,57.43,8.02101118790268,57.03
hti,Haiti,2001,3002.41933,57.79,8.007173685982874,57.43
hti,Haiti,2002,3001.23422,58.17,8.006778889712395,57.79
hti,Haiti,2003,3067.16904,58.45,8.028510278343722,58.17
hti,Haiti,2004,2993.79455,57.54,8.004296942050592,58.45
hti,Haiti,2005,3055.95983,59.05,8.024849005566512,57.54
hti,Haiti,2006,3082.35804,59.5,8.033450180450023,59.05
hti,Haiti,2007,3194.91253,59.96,8.069314989285074,59.5
hti,Haiti,2008,3246.74698,60.23,8.085408844828837,59.96
hti,Haiti,2009,3403.47309,60.73,8.132551686289979,60.23
hti,Haiti,2010,3195.24821,32.52,8.06942005080511,60.73
hti,Haiti,2011,3320.34681,60.02,8.107824517298253,32.52
hti,Haiti,2012,3285.70755,61.42,8.097337295853873,60.02
hti,Haiti,2013,3376.63982,61.62,8.124636357901354,61.42
hti,Haiti,2014,3423.65318,61.93,8.138463441243514,61.62
hti,Haiti,2015,3422.09749,62.18,8.13800894323394,61.93
hti,Haiti,2016,3435.73122,62.41,8.141985055364575,62.18
hti,Haiti,2017,3474.34693,63.14,8.15316180652417,62.41
hti,Haiti,2018,3485.69688,63.49,8.15642326877089,63.14
hti,Haiti,2019,3381.58479,63.79,8.126099751371635,63.49
hti,Haiti,2020,3229.47554,63.59,8.080075031515992,63.79
hti,Haiti,2021,3134.95015,62.74,8.05036855182417,63.59
hti,Haiti,2022,3047.65179,63.27,8.022126668154424,62.74
hun,Hungary,1960,7142.42813,68.14,8.873808071751188,
hun,Hungary,1961,7439.07646,68.81,8.914501988401728,68.14
hun,Hungary,1962,7690.49485,68.16,8.947740410234271,68.81
hun,Hungary,1963,8057.31382,68.9,8.994335507000049,68.16
hun,Hungary,1964,8446.29038,69.46,9.041482615674846,68.9
hun,Hungary,1965,8453.05409,69.37,9.042283085820083,69.46
hun,Hungary,1966,8869.1814,69.86,9.090337782431465,69.37
hun,Hungary,1967,9303.1459,69.62,9.138107890758555,69.86
hun,Hungary,1968,9340.23936,69.43,9.142087158303505,69.62
hun,Hungary,1969,9542.42421,69.35,9.163502842224732,69.43
hun,Hungary,1970,9438.91891,69.21,9.15259673033561,69.35
hun,Hungary,1971,9861.7974,69.13,9.196423723072746,69.21
hun,Hungary,1972,10181.79487,69.67,9.228356587922669,69.13
hun,Hungary,1973,10725.00178,69.75,9.28033290976357,69.67
hun,Hungary,1974,11096.46686,69.45,9.314382035731041,69.75
hun,Hungary,1975,11470.68766,69.43,9.347550161246975,69.45
hun,Hungary,1976,11606.32178,69.62,9.359305209680707,69.43
hun,Hungary,1977,12279.7659,69.88,9.415708138001508,69.62
hun,Hungary,1978,12643.75533,69.49,9.444918722468117,69.88
hun,Hungary,1979,12704.02721,69.53,9.449674325329712,69.49
hun,Hungary,1980,12728.63008,69.11,9.451609072249312,69.53
hun,Hungary,1981,13669.41701,69.07,9.522916281405497,69.11
hun,Hungary,1982,14631.51792,69.35,9.590933242562384,69.07
hun,Hungary,1983,15031.80301,68.92,9.617923436297481,69.35
hun,Hungary,1984,15847.55428,68.94,9.670770463298378,68.92
hun,Hungary,1985,16087.45254,68.92,9.685794901783481,68.94
hun,Hungary,1986,16677.44739,69.15,9.721812630029152,68.92
hun,Hungary,1987,17625.96608,69.57,9.777128439227935,69.15
hun,Hungary,1988,18350.2493,69.98,9.817398439221492,69.57
hun,Hungary,1989,18978.39435,69.42,9.851056471641243,69.98
hun,Hungary,1990,18794.3011,69.47,9.84130896988523,69.42
hun,Hungary,1991,16755.06305,69.5,9.726455763220136,69.47
hun,Hungary,1992,16428.0007,69.13,9.706742517686626,69.5
hun,Hungary,1993,16524.52167,69.17,9.712600718461312,69.13
hun,Hungary,1994,17204.5095,69.56,9.752926808670871,69.17
hun,Hungary,1995,17651.42471,69.95,9.778571779217064,69.56
hun,Hungary,1996,17853.51831,70.76,9.789955871986985,69.95
hun,Hungary,1997,18586.93313,71.01,9.830214092926086,70.76
hun,Hungary,1998,19508.16283,70.95,9.878588263627178,71.01
hun,Hungary,1999,20313.6607,71.12,9.919048879593388,70.95
hun,Hungary,2000,21395.97367,71.9,9.970958037046532,71.12
hun,Hungary,2001,22440.53385,72.47,10.018624149460605,71.9
hun,Hungary,2002,23689.88094,72.63,10.07280327139094,72.47
hun,Hungary,2003,24810.57948,72.71,10.119025433124087,72.63
hun,Hungary,2004,26212.32986,73.07,10.173985184392734,72.71
hun,Hungary,2005,27496.65624,73.07,10.221819684989118,73.07
hun,Hungary,2006,28710.4327,73.51,10.26501584440523,73.07
hun,Hungary,2007,28925.20692,73.6,10.272468705709583,73.51
hun,Hungary,2008,29319.78459,74.17,10.286017809111389,73.6
hun,Hungary,2009,27424.58359,74.36,10.219195101436545,74.17
hun,Hungary,2010,27801.83382,74.77,10.232857262251352,74.36
hun,Hungary,2011,28415.11734,75.1,10.254676583231758,74.77
hun,Hungary,2012,28179.65646,75.39,10.246355594462818,75.1
hun,Hungary,2013,28891.02175,75.87,10.271286159743852,75.39
hun,Hungary,2014,30264.94923,75.99,10.317745530809098,75.87
hun,Hungary,2015,31485.56754,75.9,10.357284546486918,75.99
hun,Hungary,2016,32378.9675,76.33,10.385264339755961,75.9
hun,Hungary,2017,33828.71494,76.34,10.429065275241864,76.33
hun,Hungary,2018,35798.04128,76.32,10.485648458042826,76.34
hun,Hungary,2019,37662.67681,76.61,10.536424878017646,76.32
hun,Hungary,2020,36119.52117,75.88,10.494588750798533,76.61
hun,Hungary,2021,38887.19095,74.68,10.56842019389048,75.88
hun,Hungary,2022,40656.96868,75.11,10.612925531525613,74.68
idn,Indonesia,1960,1804.82933,48.63,7.498221312279848,
idn,Indonesia,1961,1880.05982,49.15,7.539058874466713,48.63
idn,Indonesia,1962,1823.5712,49.46,7.508552055277529,49.15
idn,Indonesia,1963,1703.25132,50.15,7.440294244642469,49.46
idn,Indonesia,1964,1722.16812,50.77,7.451339310884134,50.15
idn,Indonesia,1965,1691.54813,51.24,7.433399441850835,50.77
idn,Indonesia,1966,1660.37933,51.6,7.41480136729388,51.24
idn,Indonesia,1967,1599.87547,52.16,7.377681073948864,51.6
idn,Indonesia,1968,1689.57667,52.79,7.432233285414717,52.16
idn,Indonesia,1969,1763.08857,53.43,7.474822419366262,52.79
idn,Indonesia,1970,1868.39696,54.09,7.532836101566042,53.43
idn,Indonesia,1971,1919.50355,54.62,7.5598218638791,54.09
idn,Indonesia,1972,2048.56232,55.18,7.6248935187843685,54.62
idn,Indonesia,1973,2239.2172,55.8,7.713881619486498,55.18
idn,Indonesia,1974,2299.27904,56.46,7.740350891908548,55.8
idn,Indonesia,1975,2277.51597,56.92,7.730840641184172,56.46
idn,Indonesia,1976,2374.09935,57.31,7.772373423493623,56.92
idn,Indonesia,1977,2485.8756,57.92,7.818380230593341,57.31
idn,Indonesia,1978,2556.31583,58.47,7.846322372026758,57.92
idn,Indonesia,1979,2619.89321,59.06,7.870888836382465,58.47
idn,Indonesia,1980,2772.21041,59.71,7.927400262912524,59.06
idn,Indonesia,1981,3045.78063,60.27,8.021512511820246,59.71
idn,Indonesia,1982,3065.40187,60.86,8.0279339555992,60.27
idn,Indonesia,1983,3183.46353,61.34,8.065725043446745,60.86
idn,Indonesia,1984,3405.93682,61.71,8.133275311432266,61.34
idn,Indonesia,1985,3504.05483,62.11,8.161676099764906,61.71
idn,Indonesia,1986,3703.3602,62.51,8.216995848664723,62.11
idn,Indonesia,1987,3902.79491,62.82,8.269448219041083,62.51
idn,Indonesia,1988,4166.85146,63.21,8.334915984038833,62.82
idn,Indonesia,1989,4569.10123,63.66,8.42707179715062,63.21
idn,Indonesia,1990,5005.11544,64.05,8.518215756418394,63.66
idn,Indonesia,1991,5284.45849,64.5,8.572525431370769,64.05
idn,Indonesia,1992,5529.30001,64.9,8.617816506034234,64.5
idn,Indonesia,1993,5804.77999,65.3,8.666436993327633,64.9
idn,Indonesia,1994,6132.63087,65.68,8.721379116304453,65.3
idn,Indonesia,1995,6519.85186,66.04,8.782606933803681,65.68
idn,Indonesia,1996,6905.46846,66.39,8.84006890713372,66.04
idn,Indonesia,1997,7104.00042,66.65,8.868413343793627,66.39
idn,Indonesia,1998,6065.98711,66.81,8.710452563287483,66.65
idn,Indonesia,1999,6012.31921,66.99,8.701565844939065,66.81
idn,Indonesia,2000,6206.67205,67.24,8.733380129509511,66.99
idn,Indonesia,2001,6331.96468,67.45,8.753365842968922,67.24
idn,Indonesia,2002,6514.41786,67.65,8.781773131767732,67.45
idn,Indonesia,2003,6721.55555,67.84,8.813074887384444,67.65
idn,Indonesia,2004,6954.3854,66.25,8.847127732372337,67.84
idn,Indonesia,2005,7239.70057,68.26,8.8873351267897,66.25
idn,Indonesia,2006,7518.89093,68.39,8.925173923354475,68.26
idn,Indonesia,2007,7870.61403,68.67,8.970891359968938,68.39
idn,Indonesia,2008,8216.98862,68.89,9.013959072996554,68.67
idn,Indonesia,2009,8463.00413,69.09,9.043459487676603,68.89
idn,Indonesia,2010,8848.22474,69.34,9.087972123529955,69.09
idn,Indonesia,2011,9274.96955,69.6,9.135074604451379,69.34
idn,Indonesia,2012,9708.61182,69.83,9.180768587110364,69.6
idn,Indonesia,2013,10121.81415,70.03,9.222448190609608,69.83
idn,Indonesia,2014,10504.38694,70.24,9.25954825269943,70.03
idn,Indonesia,2015,10893.66211,70.44,9.295936441306926,70.24
idn,Indonesia,2016,11319.66343,70.7,9.334296618983004,70.44
idn,Indonesia,2017,11772.57433,70.89,9.373527895964841,70.7
idn,Indonesia,2018,12262.23103,71.1,9.414279169280356,70.89
idn,Indonesia,2019,12757.78509,71.39,9.453896959543231,71.1
idn,Indonesia,2020,12388.54493,69.65,9.42452752866292,71.39
idn,Indonesia,2021,12757.07464,68.4,9.453841270426558,69.65
idn,Indonesia,2022,13334.26539,69.09,9.498092346234776,68.4
ind,India,1960,1318.57799,45.75,7.184309154593884,
ind,India,1961,1317.8477,45.95,7.18375515451609,45.75
ind,India,1962,1310.28844,46.39,7.178002575164539,45.95
ind,India,1963,1341.07306,46.68,7.201225363527655,46.39
ind,India,1964,1399.14951,47.09,7.243619838147656,46.68
ind,India,1965,1310.41647,45.71,7.178100281701139,47.09
ind,India,1966,1276.88619,46.04,7.152179729116453,45.71
ind,India,1967,1337.65754,46.37,7.198675258749716,46.04
ind,India,1968,1342.32032,48.29,7.202154977574644,46.37
ind,India,1969,1412.60241,48.73,7.253188963047273,48.29
ind,India,1970,1418.27406,49.33,7.257195960631791,48.73
ind,India,1971,1390.58053,49.68,7.237476586416318,49.33
ind,India,1972,1341.57615,50.13,7.201600433070123,49.68
ind,India,1973,1352.02183,50.88,7.2093564029222605,50.13
ind,India,1974,1324.41111,51.51,7.188723194342225,50.88
ind,India,1975,1398.23066,51.59,7.242962902030857,51.51
ind,India,1976,1375.05721,52.15,7.226250616507841,51.59
ind,India,1977,1432.58359,52.75,7.267234799416993,52.15
ind,India,1978,1465.4077,53.59,7.289888776250068,52.75
ind,India,1979,1345.41599,54.69,7.204458530462161,53.59
ind,India,1980,1393.44577,55.17,7.2395349297671805,54.69
ind,India,1981,1511.96147,55.53,7.3211630736105535,55.17
ind,India,1982,1571.25029,56.28,7.359626944470868,55.53
ind,India,1983,1682.26634,56.65,7.427897175203006,56.28
ind,India,1984,1735.49936,56.87,7.459050466531966,56.65
ind,India,1985,1804.14789,57.3,7.497843676198178,56.87
ind,India,1986,1860.23531,57.82,7.528458269458125,57.3
ind,India,1987,1916.3413,58.31,7.558173074191278,57.82
ind,India,1988,2100.00417,58.6,7.649694609423829,58.31
ind,India,1989,2231.76189,59.1,7.710546637702947,58.6
ind,India,1990,2356.2242,59.58,7.764815701534252,59.1
ind,India,1991,2321.69207,59.77,7.7500515393380525,59.58
ind,India,1992,2385.24668,60.0,7.777057827743344,59.77
ind,India,1993,2440.49377,60.59,7.799955662568361,60.0
ind,India,1994,2537.09128,61.21,7.838773538455386,60.59
ind,India,1995,2661.22006,61.74,7.886539965792125,61.21
ind,India,1996,2795.24264,62.05,7.935674193985821,61.74
ind,India,1997,2840.73312,61.89,7.951817438687707,62.05
ind,India,1998,2948.70454,62.11,7.989121213901054,61.89
ind,India,1999,3125.36652,62.56,8.04730684169299,62.11
ind,India,2000,3176.02294,62.94,8.063385045262855,62.56
ind,India,2001,3260.4152,63.27,8.089609828214098,62.94
ind,India,2002,3312.59814,63.79,8.105488097025413,63.27
ind,India,2003,3502.41996,64.47,8.161209425701651,63.79
ind,India,2004,3706.63429,65.2,8.217879544386086,64.47
ind,India,2005,3925.41317,65.39,8.275226890918445,65.2
ind,India,2006,4167.70953,65.59,8.335121890505667,65.39
ind,India,2007,4410.92781,65.84,8.391840334067593,65.59
ind,India,2008,4474.6522,66.08,8.406183907018157,65.84
ind,India,2009,4744.01134,66.81,8.464638331062563,66.08
ind,India,2010,5059.28271,67.28,8.528979995316053,66.81
ind,India,2011,5249.54926,67.56,8.565897496661803,67.28
ind,India,2012,5460.43769,68.01,8.605284228529731,67.56
ind,India,2013,5732.24189,68.36,8.653861987987886,68.01
ind,India,2014,6079.84393,69.0,8.712734305222853,68.36
ind,India,2015,6488.14603,69.36,8.77773210324849,69.0
ind,India,2016,6940.62589,69.96,8.845147235313311,69.36
ind,India,2017,7326.60694,70.34,8.899267787299951,69.96
ind,India,2018,7714.33975,70.46,8.950836181096195,70.34
ind,India,2019,7930.09113,70.77,8.978419806366142,70.46
ind,India,2020,7399.53068,70.01,8.909171855559403,70.77
ind,India,2021,8050.01858,67.1,8.99342967848448,70.01
ind,India,2022,8594.39191,67.61,9.058865166041269,67.1
irl,Ireland,1960,8656.34681,70.12,9.066048066133925,
irl,Ireland,1961,9095.97579,70.05,9.11558737381733,70.12
irl,Ireland,1962,9346.75265,70.22,9.142784251796163,70.05
irl,Ireland,1963,9703.61805,70.48,9.18025408979155,70.22
irl,Ireland,1964,10025.89624,70.61,9.212926648677536,70.48
irl,Ireland,1965,10155.57393,70.75,9.225777989404166,70.61
irl,Ireland,1966,10166.83078,70.68,9.22688581609219,70.75
irl,Ireland,1967,10655.07239,71.1,9.273791338503068,70.68
irl,Ireland,1968,11493.46845,71.17,9.349534192130905,71.1
irl,Ireland,1969,12152.33078,71.11,9.40527626411581,71.17
irl,Ireland,1970,12299.18066,71.23,9.417287926133634,71.11
irl,Ireland,1971,12561.69147,71.55,9.438407102133185,71.23
irl,Ireland,1972,13147.93994,71.4,9.484020366778545,71.55
irl,Ireland,1973,13519.01743,71.36,9.51185267166012,71.4
irl,Ireland,1974,13830.3755,71.41,9.534622575410971,71.36
irl,Ireland,1975,14335.60563,71.74,9.57050162576825,71.41
irl,Ireland,1976,14267.41353,71.99,9.565733441765198,71.74
irl,Ireland,1977,15171.59051,72.15,9.627179912594833,71.99
irl,Ireland,1978,15991.68502,72.18,9.679824179888216,72.15
irl,Ireland,1979,16193.69271,72.36,9.692377106519523,72.18
irl,Ireland,1980,16463.18209,72.69,9.708881778146898,72.36
irl,Ireland,1981,17589.00924,73.04,9.775029510960517,72.69
irl,Ireland,1982,18344.19386,73.27,9.817068392515043,73.04
irl,Ireland,1983,18542.22809,73.37,9.827806009353267,73.27
irl,Ireland,1984,19507.86915,73.67,9.878573209302834,73.37
irl,Ireland,1985,20312.53712,73.8,9.918993566516578,73.67
irl,Ireland,1986,20615.30014,73.94,9.933788804336494,73.8
irl,Ireland,1987,21787.34709,74.34,9.989084671559242,73.94
irl,Ireland,1988,23254.05915,74.53,10.054234982873723,74.34
irl,Ireland,1989,25421.21232,74.73,10.14333923518767,74.53
irl,Ireland,1990,28251.92424,74.98,10.248916848945152,74.73
irl,Ireland,1991,28764.63841,75.22,10.26690207873342,74.98
irl,Ireland,1992,29692.85038,75.44,10.29866156786504,75.22
irl,Ireland,1993,30457.74441,75.53,10.324095572820843,75.44
irl,Ireland,1994,32238.06218,75.78,10.380903088734717,75.53
irl,Ireland,1995,35306.3914,75.74,10.471819286022182,75.78
irl,Ireland,1996,37876.89188,75.98,10.542096492191241,75.74
irl,Ireland,1997,41749.3297,76.13,10.639438675060298,75.98
irl,Ireland,1998,45034.20279,76.31,10.715177542051613,76.13
irl,Ireland,1999,49376.26882,76.41,10.807225199493498,76.31
irl,Ireland,2000,53465.98999,76.77,10.886801029618972,76.41
irl,Ireland,2001,55573.33959,77.32,10.925458861462996,76.77
irl,Ireland,2002,57938.15556,77.79,10.967131437195654,77.32
irl,Ireland,2003,58832.30607,78.27,10.98244640596837,77.79
irl,Ireland,2004,61737.45623,78.66,11.030646095879202,78.27
irl,Ireland,2005,63909.85596,79.1,11.06522886884739,78.66
irl,Ireland,2006,65357.44119,79.38,11.08762657928772,79.1
irl,Ireland,2007,66810.4223,79.73,11.10961436980959,79.38
irl,Ireland,2008,62507.26896,79.97,11.043038132321781,79.73
irl,Ireland,2009,58687.01334,80.19,10.97997374352007,79.97
irl,Ireland,2010,59285.80833,80.78,10.99012523644542,80.19
irl,Ireland,2011,60001.07784,80.81,11.002117805042888,80.78
irl,Ireland,2012,59508.99655,81.02,10.99388278262478,80.81
irl,Ireland,2013,60494.16275,81.24,11.01030215589303,81.02
irl,Ireland,2014,65660.18276,81.5,11.0922479744815,81.24
irl,Ireland,2015,81053.35278,81.65,11.30286289311885,81.5
irl,Ireland,2016,80997.58278,81.87,11.302174590987066,81.65
irl,Ireland,2017,87942.44526,81.94,11.384437848352315,81.87
irl,Ireland,2018,93214.33538,81.97,11.44265680193579,81.94
irl,Ireland,2019,96369.64458,82.02,11.47594654076133,81.97
irl,Ireland,2020,101970.8126,82.23,11.532441900337012,82.02
irl,Ireland,2021,116903.6124,81.76,11.669105048608035,82.23
irl,Ireland,2022,124489.3785,82.48,11.731975677994505,81.76
irn,Iran,1960,5429.68782,44.48,8.599636919562561,
irn,Iran,1961,5770.85691,45.33,8.660575859740604,44.48
irn,Iran,1962,5844.0882,45.35,8.673185865159166,45.33
irn,Iran,1963,6265.49882,46.97,8.742813484272387,45.35
irn,Iran,1964,6589.8376,47.82,8.79328398379381,46.97
irn,Iran,1965,7279.74175,48.71,8.892850666660419,47.82
irn,Iran,1966,7875.23851,49.58,8.971478750219319,48.71
irn,Iran,1967,8573.26322,50.43,9.056403711578465,49.58
irn,Iran,1968,9587.90682,51.05,9.168257877109054,50.43
irn,Iran,1969,10620.98725,53.13,9.270587251868884,51.05
irn,Iran,1970,8908.39104,54.51,9.094748925033903,53.13
irn,Iran,1971,9790.93584,56.01,9.189212322375804,54.51
irn,Iran,1972,10998.90326,57.08,9.305550843173405,56.01
irn,Iran,1973,11558.04005,58.85,9.355136582004096,57.08
irn,Iran,1974,12059.90477,60.22,9.397641573898424,58.85
irn,Iran,1975,11965.61209,61.47,9.389792155741077,60.22
irn,Iran,1976,13653.09206,62.6,9.52172129950242,61.47
irn,Iran,1977,12944.20253,63.47,9.46840328580751,62.6
irn,Iran,1978,10962.38465,62.57,9.302225114390188,63.47
irn,Iran,1979,9452.46809,64.62,9.154031159932888,62.57
irn,Iran,1980,7399.29741,64.7,8.909140330090143,64.62
irn,Iran,1981,7126.83262,64.8,8.871622181888636,64.7
irn,Iran,1982,8510.34017,64.43,9.049037193741494,64.8
irn,Iran,1983,9372.17822,65.23,9.145500815665404,64.43
irn,Iran,1984,8853.40958,66.19,9.08855792708397,65.23
irn,Iran,1985,8863.40342,66.31,9.089686103021709,66.19
irn,Iran,1986,7806.76049,65.2,8.962745366771754,66.31
irn,Iran,1987,7676.83846,66.53,8.945963082532785,65.2
irn,Iran,1988,7212.25706,66.75,8.883537227060156,66.53
irn,Iran,1989,7621.74916,68.14,8.938761170894884,66.75
irn,Iran,1990,8576.4415,66.68,9.056774362862354,68.14
irn,Iran,1991,9521.82838,68.89,9.161342166067568,66.68
irn,Iran,1992,9877.93917,69.3,9.198059182952433,68.89
irn,Iran,1993,9709.76817,69.63,9.180887685614149,69.3
irn,Iran,1994,9567.79231,70.01,9.16615776922405,69.63
irn,Iran,1995,9732.6873,70.37,9.183245324097788,70.01
irn,Iran,1996,10320.97988,70.71,9.241933984140529,70.37
irn,Iran,1997,10422.00249,70.92,9.251674474386805,70.71
irn,Iran,1998,10548.98828,71.34,9.263785236675409,70.92
irn,Iran,1999,10636.20251,71.63,9.272018792234302,71.34
irn,Iran,2000,11078.79502,71.94,9.31278820167969,71.63
irn,Iran,2001,11220.21075,72.2,9.325471962322741,71.94
irn,Iran,2002,12020.63785,72.51,9.394380272405057,72.2
irn,Iran,2003,12912.95251,71.77,9.465986157150738,72.51
irn,Iran,2004,13212.9011,73.17,9.488948987333604,71.77
irn,Iran,2005,13332.7353,73.55,9.49797759092206,73.17
irn,Iran,2006,13683.97852,73.95,9.523980976379805,73.55
irn,Iran,2007,14503.56106,74.37,9.582149488601122,73.95
irn,Iran,2008,14299.90427,74.76,9.568008121819997,74.37
irn,Iran,2009,14196.07393,75.11,9.560720721557843,74.76
irn,Iran,2010,14737.15585,75.45,9.59812719257975,75.11
irn,Iran,2011,14941.25949,75.79,9.611881758346344,75.45
irn,Iran,2012,14202.55076,76.05,9.561176858443554,75.79
irn,Iran,2013,13804.7913,76.24,9.532771006539006,76.05
irn,Iran,2014,14299.57177,76.48,9.567984869645757,76.24
irn,Iran,2015,13905.19212,76.69,9.540017583185346,76.48
irn,Iran,2016,14915.59412,77.09,9.610162529879945,76.69
irn,Iran,2017,15108.10941,77.31,9.622986925664744,77.09
irn,Iran,2018,14642.49757,77.56,9.591683372008657,77.31
irn,Iran,2019,14040.66465,77.76,9.549713016202901,77.56
irn,Iran,2020,14397.15357,76.46,9.57478579727505,77.76
irn,Iran,2021,14951.89487,75.48,9.612593317944281,76.46
irn,Iran,2022,15331.33294,76.18,9.637653917857637,75.48
irq,Iraq,1960,5874.71704,60.49,8.67841317444821,
irq,Iraq,1961,6362.6222,59.06,8.758195866961177,60.49
irq,Iraq,1962,6485.48693,59.54,8.777322179513876,59.06
irq,Iraq,1963,6176.71089,59.71,8.728541190326625,59.54
irq,Iraq,1964,6701.84551,60.99,8.810138216703608,59.71
irq,Iraq,1965,7077.55076,61.13,8.864683188984356,60.99
irq,Iraq,1966,7211.75686,61.52,8.883467870499219,61.13
irq,Iraq,1967,6816.24432,61.87,8.827063912937154,61.52
irq,Iraq,1968,7768.54861,62.33,8.957838631833711,61.87
irq,Iraq,1969,7772.01377,62.5,8.958284582240486,62.33
irq,Iraq,1970,7492.61269,62.78,8.92167283945142,62.5
irq,Iraq,1971,7722.50936,63.98,8.951894636834735,62.78
irq,Iraq,1972,7197.54834,64.51,8.881495738684688,63.98
irq,Iraq,1973,8206.38876,64.72,9.012668246971364,64.51
irq,Iraq,1974,8477.33799,63.35,9.045151763230336,64.72
irq,Iraq,1975,9485.59851,64.23,9.157529981063643,63.35
irq,Iraq,1976,11071.73983,66.58,9.312151179568362,64.23
irq,Iraq,1977,10969.42378,66.78,9.302867024998168,66.58
irq,Iraq,1978,12552.35078,67.08,9.437663240166422,66.78
irq,Iraq,1979,15016.7868,67.63,9.616923974336375,67.08
irq,Iraq,1980,14456.32153,64.51,9.578887074000365,67.63
irq,Iraq,1981,11503.88301,63.57,9.350439910402859,64.51
irq,Iraq,1982,11074.98558,58.05,9.312444292880887,63.57
irq,Iraq,1983,9868.47056,59.98,9.197100161960245,58.05
irq,Iraq,1984,9630.36618,63.43,9.17267652899136,59.98
irq,Iraq,1985,9332.61891,62.73,9.141270952202342,63.43
irq,Iraq,1986,9555.45941,56.58,9.164867936104619,62.73
irq,Iraq,1987,10683.17756,61.9,9.276425592607165,56.58
irq,Iraq,1988,9939.97631,61.99,9.20431991634798,61.9
irq,Iraq,1989,8922.09041,66.78,9.096285549015034,61.99
irq,Iraq,1990,8742.39254,67.0,9.075939177183406,66.78
irq,Iraq,1991,3216.50353,67.03,8.076050188316643,67.0
irq,Iraq,1992,4227.05031,67.0,8.349259702554159,67.03
irq,Iraq,1993,5072.66599,67.07,8.531621794673685,67.0
irq,Iraq,1994,5076.60853,67.12,8.53239870541554,67.07
irq,Iraq,1995,5022.98673,67.16,8.521780001899053,67.12
irq,Iraq,1996,5557.6119,67.35,8.622923780588414,67.16
irq,Iraq,1997,6405.16036,67.5,8.764859250707508,67.35
irq,Iraq,1998,8355.7348,67.87,9.030703384499278,67.5
irq,Iraq,1999,9633.2938,68.27,9.172980481617765,67.87
irq,Iraq,2000,11077.40844,68.64,9.312663037636643,68.27
irq,Iraq,2001,11281.38854,69.05,9.330909614993903,68.64
irq,Iraq,2002,10419.00416,69.35,9.251386740682667,69.05
irq,Iraq,2003,6643.82597,68.14,8.80144327683203,69.35
irq,Iraq,2004,10009.42461,68.35,9.21128238913866,68.14
irq,Iraq,2005,9965.0217,67.68,9.2068364102662,68.35
irq,Iraq,2006,10505.07578,66.59,9.259613826960841,67.68
irq,Iraq,2007,10821.91478,67.2,9.289328503471989,66.59
irq,Iraq,2008,11510.66647,69.33,9.351029403601702,67.2
irq,Iraq,2009,11483.00489,70.13,9.348623385623002,69.33
irq,Iraq,2010,11816.84102,70.63,9.37728099804932,70.13
irq,Iraq,2011,12267.58489,71.02,9.414715687850448,70.63
irq,Iraq,2012,13357.01439,71.31,9.49979694831425,71.02
irq,Iraq,2013,13712.93171,70.9,9.526094587041417,71.31
irq,Iraq,2014,13536.82277,69.92,9.513168863834439,70.9
irq,Iraq,2015,13516.0272,70.74,9.511631460261869,69.92
irq,Iraq,2016,15016.09206,70.92,9.616877709041372,70.74
irq,Iraq,2017,14417.63069,71.45,9.576207090126825,70.92
irq,Iraq,2018,14456.23571,73.25,9.578881137479478,71.45
irq,Iraq,2019,14910.22503,73.27,9.609802500200225,73.25
irq,Iraq,2020,12827.63454,70.75,9.459357071164936,73.27
irq,Iraq,2021,12731.75358,72.04,9.451854433832027,70.75
irq,Iraq,2022,13433.39772,73.02,9.505499252307287,72.04
isl,Iceland,1960,13177.58705,73.38,9.486272714664667,
isl,Iceland,1961,12845.0024,73.4,9.460710096387096,73.38
isl,Iceland,1962,13614.51165,73.55,9.51889153593721,73.4
isl,Iceland,1963,14650.93438,73.61,9.592259392616121,73.55
isl,Iceland,1964,15762.48609,73.65,9.665388097798559,73.61
isl,Iceland,1965,16518.42322,73.72,9.712231595788404,73.65
isl,Iceland,1966,17554.39262,73.76,9.773059489314152,73.72
isl,Iceland,1967,16978.52026,73.84,9.73970431001372,73.76
isl,Iceland,1968,15750.62658,73.91,9.664635426319606,73.84
isl,Iceland,1969,15923.96175,73.95,9.675580282082658,73.91
isl,Iceland,1970,16924.38097,73.93,9.736510522222382,73.95
isl,Iceland,1971,18824.69735,74.17,9.842924975513625,73.93
isl,Iceland,1972,19596.4677,74.54,9.883104609589388,74.17
isl,Iceland,1973,20526.51373,74.81,9.929472682149303,74.54
isl,Iceland,1974,21297.74164,75.09,9.966356319785252,74.81
isl,Iceland,1975,21066.28399,75.67,9.955429126270207,75.09
isl,Iceland,1976,21990.20067,75.92,9.998352209018766,75.67
isl,Iceland,1977,23607.70624,76.06,10.069328473305777,75.92
isl,Iceland,1978,24694.77979,76.23,10.114347155745252,76.06
isl,Iceland,1979,25522.90655,76.29,10.147331623998486,76.23
isl,Iceland,1980,26581.9991,76.49,10.18798954012378,76.29
isl,Iceland,1981,28757.34035,76.66,10.26664833015952,76.49
isl,Iceland,1982,29944.95234,76.97,10.307116053112724,76.66
isl,Iceland,1983,29497.69095,77.11,10.292067266383073,76.97
isl,Iceland,1984,30971.53415,77.32,10.340823808388718,77.11
isl,Iceland,1985,32291.65491,77.26,10.382564113910053,77.32
isl,Iceland,1986,34484.96554,77.27,10.448278726589844,77.26
isl,Iceland,1987,37710.79743,77.65,10.537701736409092,77.27
isl,Iceland,1988,37929.15676,77.71,10.543475402956782,77.65
isl,Iceland,1989,38432.82773,77.93,10.556667262168597,77.71
isl,Iceland,1990,39620.7749,78.11,10.587108878365168,77.93
isl,Iceland,1991,39060.84115,78.24,10.572875739017027,78.11
isl,Iceland,1992,37259.58142,78.45,10.525664410061344,78.24
isl,Iceland,1993,37359.81902,78.63,10.528351048112631,78.45
isl,Iceland,1994,38370.8598,78.73,10.555053591121291,78.63
isl,Iceland,1995,38208.27994,78.38,10.55080752346329,78.73
isl,Iceland,1996,39760.12097,78.97,10.590619703270912,78.38
isl,Iceland,1997,41821.27009,79.24,10.641160342918393,78.97
isl,Iceland,1998,44371.79001,79.54,10.700359186358394,79.24
isl,Iceland,1999,45620.95668,79.92,10.728122466245416,79.54
isl,Iceland,2000,47246.03444,80.35,10.763124002204037,79.92
isl,Iceland,2001,48512.34196,80.6,10.789573517954771,80.35
isl,Iceland,2002,48372.8176,80.82,10.78669331510252,80.6
isl,Iceland,2003,49126.5233,81.15,10.802154357342204,80.82
isl,Iceland,2004,52559.42353,81.42,10.869699685252074,81.15
isl,Iceland,2005,54980.31234,81.61,10.914730442678,81.42
isl,Iceland,2006,57117.16946,81.73,10.952860041513905,81.61
isl,Iceland,2007,60501.51448,81.94,11.010423676432891,81.73
isl,Iceland,2008,60768.62733,82.22,11.014828936919706,81.94
isl,Iceland,2009,56013.04234,82.42,10.933339841529113,82.22
isl,Iceland,2010,54588.97093,82.64,10.907587143709682,82.42
isl,Iceland,2011,55426.99198,82.83,10.922821973937916,82.64
isl,Iceland,2012,55719.26096,82.94,10.928081164345624,82.83
isl,Iceland,2013,57707.42212,83.18,10.963141077152628,82.94
isl,Iceland,2014,58031.85868,83.67,10.968747426311557,83.18
isl,Iceland,2015,59978.33157,83.73,11.001738635477302,83.67
isl,Iceland,2016,62880.26272,83.83,11.048987605211408,83.73
isl,Iceland,2017,63999.16047,83.9,11.066625244599521,83.83
isl,Iceland,2018,65354.26157,84.02,11.087577928402856,83.9
isl,Iceland,2019,65122.75495,84.08,11.084029305524803,84.02
isl,Iceland,2020,59627.24234,84.25,10.995867834862958,84.08
isl,Iceland,2021,61610.21327,84.35,11.028582935615999,84.25
isl,Iceland,2022,65475.41129,84.49,11.089429950990395,84.35
isr,Israel,1960,8927.17992,71.82,9.096855825563468,
isr,Israel,1961,9513.63377,71.94,9.16048118245271,71.82
isr,Israel,1962,9979.40915,71.71,9.208279164146106,71.94
isr,Israel,1963,10538.96178,71.79,9.26283431439733,71.71
isr,Israel,1964,11093.08913,71.67,9.3140775925031,71.79
isr,Israel,1965,11276.94607,71.68,9.330515749920595,71.67
isr,Israel,1966,11384.09592,71.84,9.339972565595048,71.68
isr,Israel,1967,11313.69674,70.24,9.333769371584172,71.84
isr,Israel,1968,12120.65901,71.67,9.402666631907483,70.24
isr,Israel,1969,13343.16964,71.51,9.49875989544411,71.67
isr,Israel,1970,14146.99493,71.7,9.557257508079001,71.51
isr,Israel,1971,15119.47705,72.19,9.623739062495181,71.7
isr,Israel,1972,16324.58914,72.16,9.700427786293467,72.19
isr,Israel,1973,16528.43953,70.51,9.712837784060042,72.16
isr,Israel,1974,16999.46041,72.12,9.740936881946375,70.51
isr,Israel,1975,17008.38334,72.4,9.741461639133002,72.12
isr,Israel,1976,16625.79908,72.95,9.718710929331378,72.4
isr,Israel,1977,16222.10484,73.26,9.694130087437664,72.95
isr,Israel,1978,16582.63143,73.46,9.71611112719372,73.26
isr,Israel,1979,17115.1485,73.78,9.747719227526119,73.46
isr,Israel,1980,17286.29207,74.16,9.757669100502135,73.78
isr,Israel,1981,18765.26471,74.43,9.839762818051026,74.16
isr,Israel,1982,19312.71168,74.66,9.868518794356731,74.43
isr,Israel,1983,19852.08316,74.84,9.896064225697147,74.66
isr,Israel,1984,20245.59715,75.21,9.915692624203153,74.84
isr,Israel,1985,21034.0956,75.58,9.95390000009199,75.21
isr,Israel,1986,21723.88491,75.72,9.986167621313415,75.58
isr,Israel,1987,23248.23726,76.08,10.053984591367072,75.72
isr,Israel,1988,24057.52125,76.54,10.088202960530593,76.08
isr,Israel,1989,24542.0359,77.0,10.108142677333891,76.54
isr,Israel,1990,26020.57897,77.31,10.166643002779747,77.0
isr,Israel,1991,26285.80525,77.23,10.176784348127647,77.31
isr,Israel,1992,27253.59688,77.14,10.212940786977068,77.23
isr,Israel,1993,27496.076,77.5,10.221798582564256,77.14
isr,Israel,1994,28653.86967,77.66,10.263043780037865,77.5
isr,Israel,1995,29837.22004,77.8,10.303511887779438,77.66
isr,Israel,1996,30706.92482,77.96,10.332243472308898,77.8
isr,Israel,1997,31006.38818,78.2,10.341948532560291,77.96
isr,Israel,1998,31495.67071,78.4,10.35760537759051,78.2
isr,Israel,1999,31688.43524,78.68,10.363707074375313,78.4
isr,Israel,2000,33488.81062,78.87,10.418966650675662,78.68
isr,Israel,2001,32762.75697,79.01,10.397047691019445,78.87
isr,Israel,2002,32038.41724,78.87,10.374691000461477,79.01
isr,Israel,2003,31879.17651,79.46,10.369708301642046,78.87
isr,Israel,2004,32759.1433,79.87,10.396937386831416,79.46
isr,Israel,2005,33568.67104,80.27,10.421348501463328,79.87
isr,Israel,2006,34810.44561,80.41,10.4576727819301,80.27
isr,Israel,2007,36342.26407,80.78,10.50073664243102,80.41
isr,Israel,2008,36838.58616,80.99,10.514301111782633,80.78
isr,Israel,2009,36410.47315,81.39,10.502611736141347,80.99
isr,Israel,2010,37722.40999,81.93,10.538009626275874,81.39
isr,Israel,2011,39075.37538,82.04,10.573247761897404,81.93
isr,Israel,2012,39299.35155,82.27,10.578963297721225,82.04
isr,Israel,2013,40148.77745,82.5,10.600347269347177,82.27
isr,Israel,2014,40872.58084,81.99,10.618214722105584,82.5
isr,Israel,2015,40967.37076,82.74,10.620531193719607,81.99
isr,Israel,2016,41963.6758,82.95,10.644559661151911,82.74
isr,Israel,2017,42947.05867,83.02,10.667723442413108,82.95
isr,Israel,2018,43814.295,82.95,10.687715412980493,83.02
isr,Israel,2019,44580.80788,83.0,10.705058728803474,82.95
isr,Israel,2020,42915.94169,82.55,10.666998637054997,83.0
isr,Israel,2021,46162.08227,82.44,10.739914009999918,82.55
isr,Israel,2022,48098.18724,82.79,10.78099976806558,82.44
ita,Italy,1960,11440.25145,69.86,9.34489324458734,
ita,Italy,1961,12260.73378,70.17,9.414157059248925,69.86
ita,Italy,1962,13007.61063,69.9,9.473289898221505,70.17
ita,Italy,1963,13700.64794,69.98,9.525198405588359,69.9
ita,Italy,1964,13996.3108,70.7,9.546549059585692,69.98
ita,Italy,1965,14180.81711,70.87,9.55964542254439,70.7
ita,Italy,1966,14786.46677,71.26,9.601467633994265,70.87
ita,Italy,1967,15657.81532,71.34,9.658725452788518,71.26
ita,Italy,1968,16668.97455,71.22,9.721304459155672,71.34
ita,Italy,1969,17440.90866,71.3,9.766573798169926,71.22
ita,Italy,1970,18366.15499,71.81,9.818264847101162,71.3
ita,Italy,1971,18509.72287,72.1,9.826051433548386,71.81
ita,Italy,1972,18912.06968,72.26,9.847555604632202,72.1
ita,Italy,1973,19976.94735,72.37,9.902334255244398,72.26
ita,Italy,1974,20766.78366,72.76,9.94111004979943,72.37
ita,Italy,1975,20134.06953,72.86,9.910168660645878,72.76
ita,Italy,1976,21324.47519,73.1,9.967610761974983,72.86
ita,Italy,1977,21736.34545,73.48,9.986741043968483,73.1
ita,Italy,1978,22329.13629,73.8,10.01364766473101,73.48
ita,Italy,1979,23476.97218,74.09,10.063775312475242,73.8
ita,Italy,1980,24145.84157,74.2,10.091867452535597,74.09
ita,Italy,1981,26078.18066,74.61,10.168854253637925,74.2
ita,Italy,1982,27080.44434,74.95,10.206567135311092,74.61
ita,Italy,1983,27999.45288,75.03,10.239940248966432,74.95
ita,Italy,1984,29458.42367,75.51,10.290735181117293,75.03
ita,Italy,1985,30887.46672,75.79,10.338105772837766,75.51
ita,Italy,1986,32204.23091,76.14,10.379853117621467,75.79
ita,Italy,1987,33806.52985,76.48,10.428409253640568,76.14
ita,Italy,1988,36075.01565,76.74,10.493355817460412,76.48
ita,Italy,1989,38309.16648,77.01,10.553444480214463,76.74
ita,Italy,1990,40221.91788,77.16,10.602167346923725,77.01
ita,Italy,1991,41010.35612,77.25,10.621579902084076,77.16
ita,Italy,1992,41516.33793,77.52,10.6338423138054,77.25
ita,Italy,1993,41319.99318,77.77,10.629101758180319,77.52
ita,Italy,1994,42379.44924,77.96,10.654418835985132,77.77
ita,Italy,1995,43778.58017,78.22,10.686899939532227,77.96
ita,Italy,1996,44520.76518,78.5,10.703710992573317,78.22
ita,Italy,1997,45512.41517,78.8,10.725740428598403,78.5
ita,Italy,1998,46466.03567,78.96,10.746476908993012,78.8
ita,Italy,1999,47384.28201,79.28,10.766045849526124,78.96
ita,Italy,2000,49342.92612,79.64,10.806549693553885,79.28
ita,Italy,2001,50434.86202,79.94,10.82843792168664,79.64
ita,Italy,2002,50612.1286,80.15,10.831946522205318,79.94
ita,Italy,2003,50510.92632,80.27,10.82994495463268,80.15
ita,Italy,2004,51002.70778,80.75,10.839634004022532,80.27
ita,Italy,2005,51210.1026,80.99,10.843692107969527,80.75
ita,Italy,2006,52029.1946,81.28,10.8595602746335,80.99
ita,Italy,2007,52557.3651,81.46,10.86966052062334,81.28
ita,Italy,2008,51693.55748,81.63,10.853088439191957,81.46
ita,Italy,2009,48725.66832,81.79,10.79396124044383,81.63
ita,Italy,2010,49301.69591,82.08,10.805713759236282,81.79
ita,Italy,2011,49473.01492,82.23,10.809182646775474,82.08
ita,Italy,2012,47795.95794,82.36,10.7746963529793,82.23
ita,Italy,2013,46833.36153,82.61,10.754351081151704,82.36
ita,Italy,2014,46825.65112,82.82,10.754186432608028,82.61
ita,Italy,2015,47311.82553,82.74,10.764515554437505,82.82
ita,Italy,2016,47987.83796,83.02,10.778702881951615,82.74
ita,Italy,2017,48849.21835,83.1,10.79649365631937,83.02
ita,Italy,2018,49133.14353,83.07,10.802289107036023,83.1
ita,Italy,2019,49690.62985,83.1,10.813571660104682,83.07
ita,Italy,2020,45505.06887,81.95,10.72557900247037,83.1
ita,Italy,2021,49825.39341,82.4,10.816280040885248,81.95
ita,Italy,2022,52333.32743,83.6,10.86538868285978,82.4
jam,Jamaica,1960,5311.62288,65.14,8.577652694660175,
jam,Jamaica,1961,5418.95229,65.39,8.59765777131994,65.14
jam,Jamaica,1962,5450.56653,64.81,8.60347483271353,65.39
jam,Jamaica,1963,5570.00891,66.11,8.625151932560984,64.81
jam,Jamaica,1964,5818.55468,66.6,8.668807173115043,66.11
jam,Jamaica,1965,6054.41856,66.84,8.708543624951918,66.6
jam,Jamaica,1966,6089.75556,67.35,8.71436322196736,66.84
jam,Jamaica,1967,6092.91459,67.82,8.714881832424986,67.35
jam,Jamaica,1968,6191.4854,67.72,8.730930304580824,67.82
jam,Jamaica,1969,6442.47887,68.36,8.770668662738448,67.72
jam,Jamaica,1970,7134.80315,68.87,8.872739940182061,68.36
jam,Jamaica,1971,7100.43402,68.81,8.867911190738536,68.87
jam,Jamaica,1972,7362.82696,69.55,8.904199235802322,68.81
jam,Jamaica,1973,7593.30483,70.06,8.935022194594675,69.55
jam,Jamaica,1974,7152.57547,70.72,8.875227776423998,70.06
jam,Jamaica,1975,7000.8378,71.03,8.853785106589973,70.72
jam,Jamaica,1976,6446.12003,71.09,8.771233683052158,71.03
jam,Jamaica,1977,6199.94024,70.86,8.732294932277053,71.09
jam,Jamaica,1978,6139.95137,72.01,8.722572100914384,70.86
jam,Jamaica,1979,5925.78949,72.8,8.68706920438409,72.01
jam,Jamaica,1980,5498.09116,73.82,8.612156249162489,72.8
jam,Jamaica,1981,5888.05886,73.51,8.680681656962008,73.82
jam,Jamaica,1982,6122.98559,73.97,8.71980509805366,73.51
jam,Jamaica,1983,6383.86024,73.03,8.761528246659429,73.97
jam,Jamaica,1984,6519.3173,72.66,8.782524940849415,73.03
jam,Jamaica,1985,6428.58869,73.07,8.76851030480465,72.66
jam,Jamaica,1986,6803.12998,73.78,8.825138076439181,73.07
jam,Jamaica,1987,7416.21083,73.36,8.911423535913869,73.78
jam,Jamaica,1988,7426.69962,74.5,8.91283684252664,73.36
jam,Jamaica,1989,8023.03956,74.81,8.99007262656538,74.5
jam,Jamaica,1990,8541.40037,75.32,9.05268025109149,74.81
jam,Jamaica,1991,8826.64819,76.24,9.085530628102699,75.32
jam,Jamaica,1992,8967.40312,75.91,9.101351405891153,76.24
jam,Jamaica,1993,9581.35016,75.52,9.167573796316299,75.91
jam,Jamaica,1994,9662.44068,75.33,9.176001553678903,75.52
jam,Jamaica,1995,9826.48316,75.28,9.1928363831053,75.33
jam,Jamaica,1996,9757.55695,75.23,9.185797335573735,75.28
jam,Jamaica,1997,9576.89332,74.97,9.16710853027194,75.23
jam,Jamaica,1998,9317.96622,74.87,9.139699667128703,74.97
jam,Jamaica,1999,9363.70389,74.48,9.144596205940797,74.87
jam,Jamaica,2000,9400.15259,74.64,9.148481201105065,74.48
jam,Jamaica,2001,9485.24573,74.7,9.157492789255457,74.64
jam,Jamaica,2002,9619.29863,75.52,9.171526633517464,74.7
jam,Jamaica,2003,9930.79875,76.27,9.203396191870716,75.52
jam,Jamaica,2004,10020.77669,76.75,9.212415885606859,76.27
jam,Jamaica,2005,10069.94372,77.42,9.217310396819135,76.75
jam,Jamaica,2006,10322.36829,77.52,9.242068498172909,77.42
jam,Jamaica,2007,10432.74762,76.31,9.252704947626155,77.52
jam,Jamaica,2008,10313.15241,75.24,9.241175292641854,76.31
jam,Jamaica,2009,9833.36045,74.63,9.193536011283118,75.24
jam,Jamaica,2010,9654.07238,76.34,9.175135113602732,74.63
jam,Jamaica,2011,9778.69454,75.77,9.18796127150168,76.34
jam,Jamaica,2012,9676.84757,77.0,9.177491462974304,75.77
jam,Jamaica,2013,9687.6083,77.12,9.178602852953953,77.0
jam,Jamaica,2014,9719.3039,76.25,9.181869279663655,77.12
jam,Jamaica,2015,9778.11854,76.14,9.18790236619867,76.25
jam,Jamaica,2016,9886.55139,76.23,9.198930667144644,76.14
jam,Jamaica,2017,9964.39102,76.3,9.206773118887867,76.23
jam,Jamaica,2018,10137.11105,76.34,9.223958330240023,76.3
jam,Jamaica,2019,10216.06554,76.25,9.231716813118577,76.34
jam,Jamaica,2020,9178.32078,76.36,9.124599545313718,76.25
jam,Jamaica,2021,9577.16421,74.9,9.167136815662605,76.36
jam,Jamaica,2022,10072.04853,75.04,9.217519394020757,74.9
jor,Jordan,1960,4843.04962,59.4,8.485299888066208,
jor,Jordan,1961,5534.37799,59.64,8.618734461230792,59.4
jor,Jordan,1962,5383.95916,59.97,8.591179285857459,59.64
jor,Jordan,1963,5451.07058,60.07,8.603567305063375,59.97
jor,Jordan,1964,6079.19093,60.89,8.712626895381835,60.07
jor,Jordan,1965,6478.79478,61.36,8.776289781307156,60.89
jor,Jordan,1966,6374.12675,61.37,8.7600023802518,61.36
jor,Jordan,1967,6242.23877,61.65,8.739094174261897,61.37
jor,Jordan,1968,5519.42265,62.94,8.616028541409671,61.65
jor,Jordan,1969,5701.99394,63.52,8.648571206687064,62.94
jor,Jordan,1970,4872.83698,63.02,8.491431588559314,63.52
jor,Jordan,1971,4746.01067,64.38,8.465059685202199,63.02
jor,Jordan,1972,4758.02782,64.82,8.467588537840346,64.38
jor,Jordan,1973,4560.12926,65.15,8.425106248597906,64.82
jor,Jordan,1974,4592.51446,65.32,8.43218296569619,65.15
jor,Jordan,1975,4556.82386,65.43,8.424381137894512,65.32
jor,Jordan,1976,5223.45952,65.69,8.56091520465435,65.43
jor,Jordan,1977,5408.35226,66.25,8.595699752435808,65.69
jor,Jordan,1978,6128.54137,66.46,8.720712051186762,66.25
jor,Jordan,1979,6813.39301,66.74,8.826645514417436,66.46
jor,Jordan,1980,7488.17011,67.12,8.92107973558101,66.74
jor,Jordan,1981,8337.25175,67.46,9.028488914668149,67.12
jor,Jordan,1982,8796.56723,67.58,9.082116836862378,67.46
jor,Jordan,1983,8750.63967,68.09,9.076882081822466,67.58
jor,Jordan,1984,9127.15439,68.72,9.119009248118301,68.09
jor,Jordan,1985,8951.25792,69.13,9.099549351113385,68.72
jor,Jordan,1986,9276.81651,69.05,9.135273718434274,69.13
jor,Jordan,1987,9259.1037,69.64,9.133362530298927,69.05
jor,Jordan,1988,9213.20911,70.28,9.128393506126942,69.64
jor,Jordan,1989,8080.90617,70.74,8.997259294979303,70.28
jor,Jordan,1990,7724.41779,71.23,8.95214173193542,70.74
jor,Jordan,1991,7329.54447,71.44,8.899668646974112,71.23
jor,Jordan,1992,7956.15672,71.76,8.981701338120727,71.44
jor,Jordan,1993,7896.73335,71.63,8.974204452940414,71.76
jor,Jordan,1994,7908.62953,71.74,8.975709787849425,71.63
jor,Jordan,1995,8071.73937,71.78,8.99612427335558,71.74
jor,Jordan,1996,7980.3108,71.81,8.984732637053847,71.78
jor,Jordan,1997,8033.70227,72.05,8.991400755482223,71.81
jor,Jordan,1998,8092.28367,72.28,8.998666253283682,72.05
jor,Jordan,1999,8189.87338,72.53,9.010653716410143,72.28
jor,Jordan,2000,8357.11725,72.89,9.030868820057377,72.53
jor,Jordan,2001,8607.27196,73.03,9.060362701687172,72.89
jor,Jordan,2002,8899.22011,73.33,9.093718923790778,73.03
jor,Jordan,2003,9045.26045,73.85,9.109996192329147,73.33
jor,Jordan,2004,9557.49136,74.03,9.165080561568066,73.85
jor,Jordan,2005,10046.66254,74.1,9.214995772762459,74.03
jor,Jordan,2006,10168.39047,74.5,9.227039213980897,74.1
jor,Jordan,2007,10320.72267,75.46,9.241909062746627,74.5
jor,Jordan,2008,10750.43681,76.23,9.282701666218664,75.46
jor,Jordan,2009,10993.70439,76.69,9.305078059756399,76.23
jor,Jordan,2010,10953.53763,76.92,9.30141775430125,76.69
jor,Jordan,2011,10977.48205,77.16,9.303601367271703,76.92
jor,Jordan,2012,11086.02994,77.49,9.313441030679693,77.16
jor,Jordan,2013,10799.35381,77.9,9.287241578914873,77.49
jor,Jordan,2014,10148.9981,78.07,9.225130270238239,77.9
jor,Jordan,2015,9581.68923,78.15,9.16760918423083,78.07
jor,Jordan,2016,9321.90451,78.11,9.140122233370246,78.15
jor,Jordan,2017,9339.8104,78.18,9.142041231230978,78.11
jor,Jordan,2018,9311.53116,77.94,9.139008820765575,78.18
jor,Jordan,2019,9288.52709,78.23,9.136535271336868,77.94
jor,Jordan,2020,9022.6393,77.35,9.107492175577589,78.23
jor,Jordan,2021,9182.49616,76.39,9.125054359506967,77.35
jor,Jordan,2022,9266.57538,76.35,9.13416915988296,76.39
jpn,Japan,1960,7244.5024,68.31,8.887998170546526,
jpn,Japan,1961,7976.46801,68.79,8.984250987202076,68.31
jpn,Japan,1962,8532.18843,69.29,9.05160116443879,68.79
jpn,Japan,1963,9097.67082,70.13,9.115773705897011,69.29
jpn,Japan,1964,9959.39467,70.65,9.206271572627283,70.13
jpn,Japan,1965,10338.50823,70.86,9.243630865894094,70.65
jpn,Japan,1966,11229.03852,71.48,9.326258426970075,70.86
jpn,Japan,1967,12245.6889,71.9,9.412929227501586,71.48
jpn,Japan,1968,13512.44023,72.18,9.511366038625933,71.9
jpn,Japan,1969,14868.92365,72.38,9.607028652839732,72.18
jpn,Japan,1970,16115.85247,72.65,9.687558692012699,72.38
jpn,Japan,1971,16509.83522,73.31,9.71171155624656,72.65
jpn,Japan,1972,17500.49352,73.72,9.769984360656817,73.31
jpn,Japan,1973,18485.50587,73.92,9.824742237509666,73.72
jpn,Japan,1974,17866.0998,74.3,9.790660330275513,73.92
jpn,Japan,1975,18036.67411,74.77,9.800162414646465,74.3
jpn,Japan,1976,18394.97732,75.23,9.81983293459438,74.77
jpn,Japan,1977,18856.07167,75.75,9.84459024552092,75.23
jpn,Japan,1978,19506.46034,76.13,9.87850098917146,75.75
jpn,Japan,1979,20232.95234,76.36,9.915067858218668,76.13
jpn,Japan,1980,20465.71501,76.57,9.926506326503327,76.36
jpn,Japan,1981,22053.32252,76.94,10.001218550702863,76.57
jpn,Japan,1982,23265.83629,77.34,10.05474130990392,76.94
jpn,Japan,1983,24250.72734,77.5,10.096201889317898,77.34
jpn,Japan,1984,25543.47361,77.82,10.148137126994689,77.5
jpn,Japan,1985,27037.97463,78.16,10.204997624614863,77.82
jpn,Japan,1986,27984.70166,78.53,10.239413270557538,78.16
jpn,Japan,1987,29468.55332,78.89,10.291078984604836,78.53
jpn,Japan,1988,31898.67417,79.0,10.370319725840243,78.89
jpn,Japan,1989,34141.13872,79.25,10.438258350215149,79.0
jpn,Japan,1990,36561.82247,79.41,10.506759873067473,79.25
jpn,Japan,1991,37618.90501,79.59,10.535261995839178,79.41
jpn,Japan,1992,37743.31866,79.72,10.538563749873672,79.59
jpn,Japan,1993,37436.93121,79.89,10.530412961687297,79.72
jpn,Japan,1994,37657.91112,80.19,10.536298333864519,79.89
jpn,Japan,1995,38489.46041,80.24,10.55813972721356,80.19
jpn,Japan,1996,39526.29383,80.71,10.584721396013766,80.24
jpn,Japan,1997,39748.99432,80.99,10.590339819636638,80.71
jpn,Japan,1998,39071.78509,81.03,10.57315587653699,80.99
jpn,Japan,1999,38799.63228,81.15,10.566166048246867,81.03
jpn,Japan,2000,39728.19279,81.57,10.589816360484864,81.15
jpn,Japan,2001,39710.67857,81.9,10.589375412118304,81.57
jpn,Japan,2002,39564.31383,82.18,10.585682825039372,81.9
jpn,Japan,2003,40010.84597,82.3,10.59690584559176,82.18
jpn,Japan,2004,40794.08013,82.46,10.616292255012036,82.3
jpn,Japan,2005,41444.59908,82.5,10.632112852435588,82.46
jpn,Japan,2006,41913.04913,82.75,10.643352492507923,82.5
jpn,Japan,2007,42413.86819,82.93,10.655230667693893,82.75
jpn,Japan,2008,41799.93643,83.09,10.640650097698295,82.93
jpn,Japan,2009,39354.08421,83.27,10.5803550403274,83.09
jpn,Japan,2010,40881.79724,83.34,10.618440187707684,83.27
jpn,Japan,2011,40967.34314,83.21,10.620530519524296,83.34
jpn,Japan,2012,41596.9238,83.63,10.635781496399748,83.21
jpn,Japan,2013,42492.24396,83.86,10.657076843199436,83.63
jpn,Japan,2014,42674.69763,84.1,10.661361462224534,83.86
jpn,Japan,2015,43386.71007,84.35,10.677908453608453,84.1
jpn,Japan,2016,43736.13051,84.5,10.68592982461099,84.35
jpn,Japan,2017,44505.27926,84.74,10.703363096173929,84.5
jpn,Japan,2018,44848.48994,84.78,10.711045197800837,84.74
jpn,Japan,2019,44730.91028,84.8,10.708420046767555,84.78
jpn,Japan,2020,42992.47964,85.07,10.66878048728727,84.8
jpn,Japan,2021,44355.34872,85.16,10.699988582946101,85.07
jpn,Japan,2022,44972.34384,85.2,10.713802998486603,85.16
kaz,Kazakhstan,1960,10375.2474,61.38,9.247178190597726,
kaz,Kazakhstan,1961,10788.30133,61.79,9.286217615830969,61.38
kaz,Kazakhstan,1962,10911.41473,62.21,9.297564743197597,61.79
kaz,Kazakhstan,1963,10514.34885,62.5,9.260496160399061,62.21
kaz,Kazakhstan,1964,11763.81148,62.88,9.372783274383972,62.5
kaz,Kazakhstan,1965,12333.06572,63.36,9.42003920434446,62.88
kaz,Kazakhstan,1966,12841.74847,63.71,9.460456741649171,63.36
kaz,Kazakhstan,1967,13324.1861,64.04,9.497336166493122,63.71
kaz,Kazakhstan,1968,14025.57403,64.36,9.548637658608584,64.04
kaz,Kazakhstan,1969,14148.38125,64.47,9.557355497234,64.36
kaz,Kazakhstan,1970,15160.26024,64.82,9.626432825275938,64.47
kaz,Kazakhstan,1971,15476.95966,65.12,9.647107723461085,64.82
kaz,Kazakhstan,1972,15476.3681,65.24,9.647069500753357,65.12
kaz,Kazakhstan,1973,16687.43875,65.36,9.722411544723885,65.24
kaz,Kazakhstan,1974,16650.95319,65.51,9.720222742418597,65.36
kaz,Kazakhstan,1975,16614.54741,65.7,9.718033940574168,65.51
kaz,Kazakhstan,1976,16578.22122,65.85,9.715845138253535,65.7
kaz,Kazakhstan,1977,16541.97446,66.08,9.713656336301923,65.85
kaz,Kazakhstan,1978,16505.80694,65.94,9.711467533731385,66.08
kaz,Kazakhstan,1979,16469.71851,66.55,9.70927873195095,65.94
kaz,Kazakhstan,1980,16433.70897,66.89,9.707089929316437,66.55
kaz,Kazakhstan,1981,16039.7576,67.02,9.682825769086863,66.89
kaz,Kazakhstan,1982,15663.11674,67.46,9.659063975284623,67.02
kaz,Kazakhstan,1983,16248.11865,67.4,9.695732405670782,67.46
kaz,Kazakhstan,1984,16009.57174,67.31,9.680942056101442,67.4
kaz,Kazakhstan,1985,16011.9355,67.65,9.681089691875522,67.31
kaz,Kazakhstan,1986,16068.42708,68.92,9.684611574662911,67.65
kaz,Kazakhstan,1987,15822.14626,68.8,9.669165899629123,68.92
kaz,Kazakhstan,1988,17040.93844,68.63,9.74337387163681,68.8
kaz,Kazakhstan,1989,16911.93133,68.25,9.735774647671311,68.63
kaz,Kazakhstan,1990,16557.069,68.09,9.714568419520562,68.25
kaz,Kazakhstan,1991,14661.86796,67.58,9.593005386150292,68.09
kaz,Kazakhstan,1992,13868.80771,66.74,9.53739754782592,67.58
kaz,Kazakhstan,1993,12661.46039,65.67,9.446318043705677,66.74
kaz,Kazakhstan,1994,11239.37915,64.85,9.327178886157007,65.67
kaz,Kazakhstan,1995,10523.87527,64.03,9.261401790132517,64.85
kaz,Kazakhstan,1996,10775.223,63.87,9.285004610813473,64.03
kaz,Kazakhstan,1997,11206.03342,64.1,9.324207610451676,63.87
kaz,Kazakhstan,1998,11265.72535,64.52,9.329520240496036,64.1
kaz,Kazakhstan,1999,11724.33057,64.85,9.369421497441472,64.52
kaz,Kazakhstan,2000,12862.60587,64.7,9.462079611012221,64.85
kaz,Kazakhstan,2001,14550.60782,64.7,9.585388046297552,64.7
kaz,Kazakhstan,2002,15912.74277,64.71,9.674875499308591,64.7
kaz,Kazakhstan,2003,17309.4469,64.58,9.75900769503122,64.71
kaz,Kazakhstan,2004,18862.0876,64.59,9.844909239351342,64.58
kaz,Kazakhstan,2005,20549.64174,64.59,9.930598786195771,64.59
kaz,Kazakhstan,2006,22565.38931,64.81,10.024172564937444,64.59
kaz,Kazakhstan,2007,24348.27497,65.33,10.100216282880094,64.81
kaz,Kazakhstan,2008,24896.57281,66.33,10.122485434827189,65.33
kaz,Kazakhstan,2009,24903.34199,67.27,10.122757289912439,66.33
kaz,Kazakhstan,2010,26374.84077,67.62,10.180165833603747,67.27
kaz,Kazakhstan,2011,27946.16034,68.12,10.238035093117672,67.62
kaz,Kazakhstan,2012,28881.24176,68.62,10.270947589312325,68.12
kaz,Kazakhstan,2013,30177.48872,69.42,10.314851518786794,68.62
kaz,Kazakhstan,2014,30986.43792,70.12,10.341304901290552,69.42
kaz,Kazakhstan,2015,30893.75949,70.64,10.338309484237096,70.12
kaz,Kazakhstan,2016,30758.32273,71.09,10.333915894499604,70.64
kaz,Kazakhstan,2017,31524.44163,71.54,10.358518448701638,71.09
kaz,Kazakhstan,2018,32330.22745,71.7,10.383757905956099,71.54
kaz,Kazakhstan,2019,33298.21237,71.94,10.413258991944991,71.7
kaz,Kazakhstan,2020,32011.54915,70.39,10.373852027606677,71.94
kaz,Kazakhstan,2021,32945.85157,69.72,10.402620631245762,70.39
kaz,Kazakhstan,2022,33506.26149,69.85,10.419487610496885,69.72
ken,Kenya,1960,1694.64041,54.29,7.435225849815462,
ken,Kenya,1961,1603.35546,54.71,7.379853874752273,54.29
ken,Kenya,1962,1659.60426,55.15,7.414334455339005,54.71
ken,Kenya,1963,1694.61785,55.58,7.435212537168111,55.15
ken,Kenya,1964,1786.63156,55.98,7.488087315949958,55.58
ken,Kenya,1965,1780.97206,56.31,7.484914595350773,55.98
ken,Kenya,1966,1949.32969,56.69,7.5752408437447105,56.31
ken,Kenya,1967,1986.42564,57.03,7.5940921418835075,56.69
ken,Kenya,1968,2012.76018,57.4,7.6072622829241,57.03
ken,Kenya,1969,2077.0174,57.79,7.638688201308523,57.4
ken,Kenya,1970,2051.9858,58.15,7.626563286188744,57.79
ken,Kenya,1971,2113.67546,58.53,7.656183635250362,58.15
ken,Kenya,1972,2148.14257,58.96,7.672358826796718,58.53
ken,Kenya,1973,2182.45764,59.39,7.688206878590694,58.96
ken,Kenya,1974,2210.68681,59.83,7.701058519987294,59.39
ken,Kenya,1975,2125.8605,60.24,7.6619319405684365,59.83
ken,Kenya,1976,2132.12355,60.63,7.6648737338881086,60.24
ken,Kenya,1977,2245.20644,61.02,7.716552751405281,60.63
ken,Kenya,1978,2358.62886,61.46,7.765835737653256,61.02
ken,Kenya,1979,2357.69447,61.85,7.765439501031275,61.46
ken,Kenya,1980,2398.15799,62.21,7.782456217487258,61.85
ken,Kenya,1981,2520.56369,62.52,7.832237841999309,62.21
ken,Kenya,1982,2664.13024,62.77,7.887632919354146,62.52
ken,Kenya,1983,2673.73934,63.07,7.891233273478897,62.77
ken,Kenya,1984,2695.99467,63.26,7.899522495027276,63.07
ken,Kenya,1985,2784.54056,63.39,7.931838169273069,63.26
ken,Kenya,1986,2938.68286,63.47,7.985716753144975,63.39
ken,Kenya,1987,3072.17645,63.39,8.030141530769097,63.47
ken,Kenya,1988,3246.00937,63.26,8.085181634700069,63.39
ken,Kenya,1989,3396.09181,62.77,8.130380581812567,63.26
ken,Kenya,1990,3555.92601,62.12,8.176370789330711,62.77
ken,Kenya,1991,3536.59451,61.2,8.170919540281268,62.12
ken,Kenya,1992,3436.53681,60.08,8.142219501983996,61.2
ken,Kenya,1993,3382.16424,58.97,8.126271091259866,60.08
ken,Kenya,1994,3414.31304,57.87,8.135731592179543,58.97
ken,Kenya,1995,3504.63937,57.04,8.161842904018217,57.87
ken,Kenya,1996,3590.27654,56.27,8.185984509156286,57.04
ken,Kenya,1997,3546.62774,55.54,8.173752498603385,56.27
ken,Kenya,1998,3597.98521,55.07,8.18812930388502,55.54
ken,Kenya,1999,3610.84994,54.88,8.191698464058389,55.07
ken,Kenya,2000,3555.83431,54.83,8.17634500106005,54.88
ken,Kenya,2001,3606.92492,54.93,8.190610865605116,54.83
ken,Kenya,2002,3540.94796,55.05,8.172149755590468,54.93
ken,Kenya,2003,3558.41524,55.24,8.177070567430778,55.05
ken,Kenya,2004,3646.91912,55.74,8.201638013430875,55.24
ken,Kenya,2005,3766.38292,56.51,8.233870382221351,55.74
ken,Kenya,2006,3908.48133,57.47,8.270904170880396,56.51
ken,Kenya,2007,4071.14989,58.52,8.311680766788577,57.47
ken,Kenya,2008,3975.48846,59.38,8.2879029025578,58.52
ken,Kenya,2009,3999.46025,60.34,8.293914693497145,59.38
ken,Kenya,2010,4211.52463,61.18,8.345580006010904,60.34
ken,Kenya,2011,4307.10612,61.95,8.368021523710409,61.18
ken,Kenya,2012,4387.9379,62.63,8.386614669061613,61.95
ken,Kenya,2013,4443.37122,63.18,8.39916865109995,62.63
ken,Kenya,2014,4558.55155,63.75,8.424760209505493,63.18
ken,Kenya,2015,4679.62183,64.42,8.450972580091191,63.75
ken,Kenya,2016,4770.31046,65.12,8.470166667718267,64.42
ken,Kenya,2017,4846.86211,65.69,8.486086786915848,65.12
ken,Kenya,2018,5017.66785,66.14,8.520720533025756,65.69
ken,Kenya,2019,5171.71264,66.51,8.55095917763667,66.14
ken,Kenya,2020,5057.40115,66.23,8.528608023621034,66.51
ken,Kenya,2021,5338.85243,64.91,8.582766008110703,66.23
ken,Kenya,2022,5491.69378,65.57,8.610992007867953,64.91
kgz,Kyrgyz Republic,1960,5555.04428,55.77,8.62246167323908,
kgz,Kyrgyz Republic,1961,5670.59177,56.33,8.643048759882475,55.77
kgz,Kyrgyz Republic,1962,5791.364,56.95,8.66412312140653,56.33
kgz,Kyrgyz Republic,1963,5909.01457,57.35,8.684234357072876,56.95
kgz,Kyrgyz Republic,1964,6031.91126,57.76,8.704819198041115,57.35
kgz,Kyrgyz Republic,1965,6155.0483,58.28,8.7250278858664,57.76
kgz,Kyrgyz Republic,1966,6281.78262,58.72,8.745409075870455,58.28
kgz,Kyrgyz Republic,1967,6407.10232,59.15,8.765162391544278,58.72
kgz,Kyrgyz Republic,1968,6537.71721,59.29,8.785343333060238,59.15
kgz,Kyrgyz Republic,1969,6666.93668,60.08,8.804915765047834,59.29
kgz,Kyrgyz Republic,1970,6798.12239,60.37,8.824401733918648,60.08
kgz,Kyrgyz Republic,1971,6904.63297,60.91,8.839947910194596,60.37
kgz,Kyrgyz Republic,1972,7012.04023,61.37,8.855383983332139,60.91
kgz,Kyrgyz Republic,1973,7120.3317,61.7,8.870709590399528,61.37
kgz,Kyrgyz Republic,1974,7081.04761,61.8,8.865177143255776,61.7
kgz,Kyrgyz Republic,1975,7041.98025,62.17,8.859644695110099,61.8
kgz,Kyrgyz Republic,1976,7003.12843,62.51,8.85411224677052,62.17
kgz,Kyrgyz Republic,1977,6964.49096,62.65,8.8485797981159,62.51
kgz,Kyrgyz Republic,1978,6926.06666,62.87,8.843047349518997,62.65
kgz,Kyrgyz Republic,1979,6887.85436,63.42,8.837514901865445,62.87
kgz,Kyrgyz Republic,1980,6849.85288,64.25,8.831982453653366,63.42
kgz,Kyrgyz Republic,1981,6758.5511,64.75,8.8185638117446,64.25
kgz,Kyrgyz Republic,1982,6663.11898,65.18,8.804342969224358,64.75
kgz,Kyrgyz Republic,1983,6949.83032,65.36,8.846472523872313,65.18
kgz,Kyrgyz Republic,1984,6880.84051,65.31,8.836496090616754,65.36
kgz,Kyrgyz Republic,1985,6471.15557,66.18,8.775109975874757,65.31
kgz,Kyrgyz Republic,1986,6216.82927,67.33,8.73501529209396,66.18
kgz,Kyrgyz Republic,1987,5999.58548,67.43,8.699445659156932,67.33
kgz,Kyrgyz Republic,1988,6479.7034,67.1,8.77643001669383,67.43
kgz,Kyrgyz Republic,1989,6503.98494,67.04,8.78017033572681,67.1
kgz,Kyrgyz Republic,1990,6508.76799,67.25,8.780905468444866,67.04
kgz,Kyrgyz Republic,1991,5863.51681,67.2,8.676504840785388,67.25
kgz,Kyrgyz Republic,1992,4968.25684,67.06,8.51082432114976,67.2
kgz,Kyrgyz Republic,1993,4207.55192,66.34,8.344636265858107,67.06
kgz,Kyrgyz Republic,1994,3348.37956,65.46,8.116231794359194,66.34
kgz,Kyrgyz Republic,1995,3118.39356,65.56,8.045073263589543,65.46
kgz,Kyrgyz Republic,1996,3273.8666,66.3,8.09372701183524,65.56
kgz,Kyrgyz Republic,1997,3529.73246,66.81,8.168977356686835,66.3
kgz,Kyrgyz Republic,1998,3534.35761,67.17,8.170286839044813,66.81
kgz,Kyrgyz Republic,1999,3594.55127,67.6,8.187174441780265,67.17
kgz,Kyrgyz Republic,2000,3730.63998,67.23,8.22433507432782,67.6
kgz,Kyrgyz Republic,2001,3878.12216,67.32,8.263106336080053,67.23
kgz,Kyrgyz Republic,2002,3829.19618,67.2,8.25041018547429,67.32
kgz,Kyrgyz Republic,2003,4043.10627,67.07,8.304768554232256,67.2
kgz,Kyrgyz Republic,2004,4262.81316,67.39,8.357684587514786,67.07
kgz,Kyrgyz Republic,2005,4196.50495,67.37,8.342007303076578,67.39
kgz,Kyrgyz Republic,2006,4270.37212,67.21,8.359456249966527,67.37
kgz,Kyrgyz Republic,2007,4581.30527,67.62,8.429739229955093,67.21
kgz,Kyrgyz Republic,2008,4908.8137,68.34,8.498787582635115,67.62
kgz,Kyrgyz Republic,2009,4976.42441,69.27,8.512466922180625,68.34
kgz,Kyrgyz Republic,2010,4876.47965,69.62,8.492178855328412,69.27
kgz,Kyrgyz Republic,2011,5092.85166,70.25,8.535593200208709,69.62
kgz,Kyrgyz Republic,2012,4993.39432,70.72,8.515871181946673,70.25
kgz,Kyrgyz Republic,2013,5418.54062,71.22,8.597581799874584,70.72
kgz,Kyrgyz Republic,2014,5513.75447,71.62,8.615001062119342,71.22
kgz,Kyrgyz Republic,2015,5600.21433,71.9,8.630560149205126,71.62
kgz,Kyrgyz Republic,2016,5715.01041,72.73,8.650851397749562,71.9
kgz,Kyrgyz Republic,2017,5861.222,72.98,8.676113393254402,72.73
kgz,Kyrgyz Republic,2018,5951.82877,73.29,8.691453807617924,72.98
kgz,Kyrgyz Republic,2019,6087.60194,73.42,8.71400951304119,73.29
kgz,Kyrgyz Republic,2020,5537.79547,71.77,8.619351770943448,73.42
kgz,Kyrgyz Republic,2021,5736.47883,72.13,8.654600856828832,71.77
kgz,Kyrgyz Republic,2022,6139.77789,72.65,8.722543846219782,72.13
khm,Cambodia,1960,1915.60514,49.41,7.557788851697262,
khm,Cambodia,1961,1873.03392,49.79,7.535314812264088,49.41
khm,Cambodia,1962,1998.39355,50.2,7.6000989117840385,49.79
khm,Cambodia,1963,2123.30489,50.61,7.660729064203982,50.2
khm,Cambodia,1964,2038.85125,50.97,7.620141815485637,50.61
khm,Cambodia,1965,2109.40583,51.3,7.65416158965779,50.97
khm,Cambodia,1966,2181.59926,51.61,7.687813492330735,51.3
khm,Cambodia,1967,2267.36676,51.67,7.726374419513086,51.61
khm,Cambodia,1968,2343.11329,52.0,7.759235789878328,51.67
khm,Cambodia,1969,2351.15029,52.31,7.762659972485832,52.0
khm,Cambodia,1970,2137.11796,44.47,7.667213452672676,52.31
khm,Cambodia,1971,2042.52859,44.77,7.621943824188213,44.47
khm,Cambodia,1972,1931.71727,45.18,7.566164663483926,44.77
khm,Cambodia,1973,2057.47699,45.02,7.629235749013598,45.18
khm,Cambodia,1974,1842.11239,44.92,7.518668230154769,45.02
khm,Cambodia,1975,1733.01643,24.66,7.457618770340024,44.92
khm,Cambodia,1976,1854.56213,24.51,7.525403898660179,24.66
khm,Cambodia,1977,1837.9782,24.35,7.516421442127122,24.51
khm,Cambodia,1978,1989.06916,24.16,7.5954220494912965,24.35
khm,Cambodia,1979,1899.55359,24.06,7.5493741849172595,24.16
khm,Cambodia,1980,1849.6143,52.17,7.522732409849556,24.06
khm,Cambodia,1981,1832.21616,52.6,7.513281529540029,52.17
khm,Cambodia,1982,1838.69061,53.06,7.516808972277772,52.6
khm,Cambodia,1983,1876.20507,53.52,7.537006435958746,53.06
khm,Cambodia,1984,1919.30286,54.0,7.5597173053373306,53.52
khm,Cambodia,1985,1960.52829,54.47,7.5809692516206235,54.0
khm,Cambodia,1986,1982.56169,54.91,7.592145070301037,54.47
khm,Cambodia,1987,2171.52972,56.55,7.683187138273114,54.91
khm,Cambodia,1988,2318.19144,57.15,7.748542608927768,56.55
khm,Cambodia,1989,2385.64554,57.36,7.777225033365494,57.15
khm,Cambodia,1990,2398.05802,57.81,7.782414530457396,57.36
khm,Cambodia,1991,2476.19031,58.2,7.814476492724754,57.81
khm,Cambodia,1992,2515.66469,58.6,7.830292337873771,58.2
khm,Cambodia,1993,2472.64388,58.79,7.813043253917018,58.6
khm,Cambodia,1994,1702.53557,58.72,7.439873930610115,58.79
khm,Cambodia,1995,1723.22113,58.96,7.451950568397512,58.72
khm,Cambodia,1996,1698.13522,59.11,7.437285998565152,58.96
khm,Cambodia,1997,1657.01824,59.38,7.412775025211481,59.11
khm,Cambodia,1998,1660.29774,59.59,7.4147522267130315,59.38
khm,Cambodia,1999,1825.32941,60.03,7.509515748358811,59.59
khm,Cambodia,2000,1961.44747,60.36,7.581437984765894,60.03
khm,Cambodia,2001,2065.2722,60.94,7.6330173126888,60.36
khm,Cambodia,2002,2152.3577,61.55,7.6743191249412,60.94
khm,Cambodia,2003,2325.43103,62.21,7.751660690086306,61.55
khm,Cambodia,2004,2502.53676,62.9,7.825060200392178,62.21
khm,Cambodia,2005,2787.71365,63.68,7.93297705857115,62.9
khm,Cambodia,2006,3041.77375,64.46,8.020196094642337,63.68
khm,Cambodia,2007,3305.02309,65.17,8.103198738645649,64.46
khm,Cambodia,2008,3496.42884,65.89,8.15949739515647,65.17
khm,Cambodia,2009,3582.53377,66.45,8.183825586036127,65.89
khm,Cambodia,2010,3711.53751,66.87,8.219201492932505,66.45
khm,Cambodia,2011,3921.97912,67.38,8.27435168292774,66.87
khm,Cambodia,2012,4159.16354,67.87,8.333069260922215,67.38
khm,Cambodia,2013,4419.39887,68.24,8.393758963560154,67.87
khm,Cambodia,2014,4702.73062,68.59,8.455898601971603,68.24
khm,Cambodia,2015,4968.57277,68.88,8.510887908835674,68.59
khm,Cambodia,2016,5283.72965,69.15,8.572387500442307,68.88
khm,Cambodia,2017,5632.03126,69.41,8.636225448248611,69.15
khm,Cambodia,2018,6050.59088,69.66,8.707911212371565,69.41
khm,Cambodia,2019,6448.88456,69.9,8.771662458400481,69.66
khm,Cambodia,2020,6128.78244,69.63,8.7207513860373,69.9
khm,Cambodia,2021,6225.53265,68.81,8.736414283937384,69.63
khm,Cambodia,2022,6458.36815,69.12,8.77313195650665,68.81
kir,Kiribati,1960,3272.90986,48.22,8.093434733639198,
kir,Kiribati,1961,3357.57895,48.59,8.118975442640663,48.22
kir,Kiribati,1962,3443.15552,48.94,8.144143632228356,48.59
kir,Kiribati,1963,3531.87153,49.32,8.169583187902647,48.94
kir,Kiribati,1964,3622.52086,49.69,8.194925432632363,49.32
kir,Kiribati,1965,3716.16398,50.02,8.220447227054839,49.69
kir,Kiribati,1966,3811.61307,50.4,8.245807756474345,50.02
kir,Kiribati,1967,3908.81386,50.76,8.270989246342461,50.4
kir,Kiribati,1968,4007.71297,51.08,8.29597602592882,50.76
kir,Kiribati,1969,4110.42807,51.43,8.321282455351374,51.08
kir,Kiribati,1970,4215.78363,51.72,8.346590767746727,51.43
kir,Kiribati,1971,4015.63394,51.97,8.297950506818708,51.72
kir,Kiribati,1972,4400.13665,52.19,8.389390876242281,51.97
kir,Kiribati,1973,5204.96441,52.72,8.557368143369592,52.19
kir,Kiribati,1974,7398.93287,53.45,8.90909106203671,52.72
kir,Kiribati,1975,7613.31351,54.04,8.937653771333123,53.45
kir,Kiribati,1976,5436.0079,54.31,8.600800228544445,54.04
kir,Kiribati,1977,5048.82951,54.05,8.526911715206204,54.31
kir,Kiribati,1978,4960.93142,54.71,8.509348788379658,54.05
kir,Kiribati,1979,4263.89264,54.83,8.357937787292306,54.71
kir,Kiribati,1980,2300.78324,54.77,7.7410048830773865,54.83
kir,Kiribati,1981,2407.36484,54.66,7.786288000870965,54.77
kir,Kiribati,1982,2477.3581,54.58,7.814947989084526,54.66
kir,Kiribati,1983,2288.87091,54.48,7.735813922556234,54.58
kir,Kiribati,1984,2545.88898,54.43,7.842235172510667,54.48
kir,Kiribati,1985,2260.71261,54.37,7.723435356724561,54.43
kir,Kiribati,1986,2200.2972,54.37,7.696347721131543,54.37
kir,Kiribati,1987,2168.42163,54.35,7.681754822433278,54.37
kir,Kiribati,1988,2608.57507,54.42,7.866559401040098,54.35
kir,Kiribati,1989,2410.11091,54.48,7.787428046172667,54.42
kir,Kiribati,1990,2316.69618,54.57,7.7478973893779255,54.48
kir,Kiribati,1991,2173.07431,54.61,7.683898176634451,54.57
kir,Kiribati,1992,2506.22638,54.72,7.826533466571567,54.61
kir,Kiribati,1993,2472.24143,54.85,7.8128804796661875,54.72
kir,Kiribati,1994,2484.24256,55.12,7.8177230872393215,54.85
kir,Kiribati,1995,2499.6104,55.32,7.823890158711977,55.12
kir,Kiribati,1996,2465.90657,55.64,7.81031479573972,55.32
kir,Kiribati,1997,2451.99965,55.81,7.804659154315472,55.64
kir,Kiribati,1998,2523.90964,56.03,7.8335644227033,55.81
kir,Kiribati,1999,2391.71773,56.2,7.779767102254441,56.03
kir,Kiribati,2000,2505.66286,56.43,7.826308593285111,56.2
kir,Kiribati,2001,2384.28348,56.69,7.776653930512052,56.43
kir,Kiribati,2002,2372.64843,56.95,7.771762091224695,56.69
kir,Kiribati,2003,2293.03555,57.21,7.737631786444657,56.95
kir,Kiribati,2004,2227.16408,57.45,7.708484342136482,57.21
kir,Kiribati,2005,2212.14122,57.72,7.70171620328068,57.45
kir,Kiribati,2006,2280.04051,57.95,7.731948489334505,57.72
kir,Kiribati,2007,2297.18898,58.2,7.739441471834286,57.95
kir,Kiribati,2008,2179.61155,58.41,7.686901951832359,58.2
kir,Kiribati,2009,2141.59941,58.62,7.669308216711148,58.41
kir,Kiribati,2010,2119.64018,58.84,7.659001626845805,58.62
kir,Kiribati,2011,2150.38302,59.05,7.6734012540922985,58.84
kir,Kiribati,2012,2242.01379,59.26,7.715129754371441,59.05
kir,Kiribati,2013,2382.37034,59.49,7.775851212221623,59.26
kir,Kiribati,2014,2381.34837,59.69,7.775422148257987,59.49
kir,Kiribati,2015,2615.84119,59.91,7.869341003547789,59.69
kir,Kiribati,2016,2761.93353,60.12,7.92368626778537,59.91
kir,Kiribati,2017,2822.66919,60.34,7.945438237539955,60.12
kir,Kiribati,2018,2877.60161,59.26,7.964712451875281,60.34
kir,Kiribati,2019,2927.48488,60.75,7.981898930642139,59.26
kir,Kiribati,2020,2834.68581,60.86,7.949686384623439,60.75
kir,Kiribati,2021,3020.494,60.99,8.013175673150734,60.86
kir,Kiribati,2022,3107.77605,61.21,8.041662652906824,60.99
kna,St. Kitts and Nevis,1960,4107.29675,58.25,8.320520366033435,
kna,St. Kitts and Nevis,1961,4122.37792,58.81,8.32418544089643,58.25
kna,St. Kitts and Nevis,1962,4137.70337,59.98,8.327896171347446,58.81
kna,St. Kitts and Nevis,1963,4152.21481,60.65,8.33139716001996,59.98
kna,St. Kitts and Nevis,1964,4166.95668,61.21,8.334941235400093,60.65
kna,St. Kitts and Nevis,1965,4180.89368,61.8,8.338280301710105,61.21
kna,St. Kitts and Nevis,1966,4197.06096,62.44,8.34213978788858,61.8
kna,St. Kitts and Nevis,1967,4211.39357,62.88,8.345548886155077,62.44
kna,St. Kitts and Nevis,1968,4225.90974,62.95,8.34898983968951,62.88
kna,St. Kitts and Nevis,1969,4241.56734,62.94,8.352688135580559,62.95
kna,St. Kitts and Nevis,1970,4256.39163,62.61,8.356177045115121,62.94
kna,St. Kitts and Nevis,1971,4525.83568,62.2,8.417557519745635,62.61
kna,St. Kitts and Nevis,1972,4716.513,61.86,8.45882503436725,62.2
kna,St. Kitts and Nevis,1973,4860.36123,62.0,8.488868041292907,61.86
kna,St. Kitts and Nevis,1974,5076.70662,62.46,8.532418027183564,62.0
kna,St. Kitts and Nevis,1975,5165.92433,63.25,8.54983932585203,62.46
kna,St. Kitts and Nevis,1976,5444.62341,63.81,8.602383870440788,63.25
kna,St. Kitts and Nevis,1977,5754.66448,64.1,8.65776601884827,63.81
kna,St. Kitts and Nevis,1978,6042.81637,63.73,8.70662546867497,64.1
kna,St. Kitts and Nevis,1979,6514.20659,63.58,8.781740700101468,63.73
kna,St. Kitts and Nevis,1980,7021.27124,63.82,8.856699568944435,63.58
kna,St. Kitts and Nevis,1981,7550.48074,64.16,8.92936651438814,63.82
kna,St. Kitts and Nevis,1982,8016.8346,64.59,8.98929893467134,64.16
kna,St. Kitts and Nevis,1983,8049.53102,64.64,8.99336911033043,64.59
kna,St. Kitts and Nevis,1984,9030.53406,64.76,9.108366787519303,64.64
kna,St. Kitts and Nevis,1985,9794.58454,64.79,9.189584913960957,64.76
kna,St. Kitts and Nevis,1986,10900.40254,64.89,9.296554997810558,64.79
kna,St. Kitts and Nevis,1987,12019.61191,65.24,9.394294920546331,64.89
kna,St. Kitts and Nevis,1988,13542.91757,65.38,9.513619001097677,65.24
kna,St. Kitts and Nevis,1989,14824.73046,65.41,9.60405204225039,65.38
kna,St. Kitts and Nevis,1990,15908.90989,65.94,9.67463460169969,65.41
kna,St. Kitts and Nevis,1991,15538.7982,67.15,9.651095285023727,65.94
kna,St. Kitts and Nevis,1992,15981.40671,67.49,9.679181244857668,67.15
kna,St. Kitts and Nevis,1993,16771.79631,67.81,9.727453963571069,67.49
kna,St. Kitts and Nevis,1994,17349.3747,67.83,9.761311744379714,67.81
kna,St. Kitts and Nevis,1995,17959.96491,67.92,9.795900388068091,67.83
kna,St. Kitts and Nevis,1996,18679.37213,68.27,9.835175099333574,67.92
kna,St. Kitts and Nevis,1997,19610.55207,68.65,9.883823071267347,68.27
kna,St. Kitts and Nevis,1998,19174.0598,68.73,9.861313592438796,68.65
kna,St. Kitts and Nevis,1999,19431.89979,69.47,9.874671313711115,68.73
kna,St. Kitts and Nevis,2000,20983.72711,69.94,9.951502516791923,69.47
kna,St. Kitts and Nevis,2001,21721.90173,70.33,9.986076326844849,69.94
kna,St. Kitts and Nevis,2002,21781.74987,70.69,9.988827736234834,70.33
kna,St. Kitts and Nevis,2003,20727.10175,71.06,9.939197386200677,70.69
kna,St. Kitts and Nevis,2004,21353.81277,71.19,9.968985586787474,71.06
kna,St. Kitts and Nevis,2005,23227.34239,71.43,10.05308541500111,71.19
kna,St. Kitts and Nevis,2006,23750.28261,71.53,10.075349708760411,71.43
kna,St. Kitts and Nevis,2007,23685.70446,71.67,10.07262695779078,71.53
kna,St. Kitts and Nevis,2008,26123.91089,72.04,10.170606299977074,71.67
kna,St. Kitts and Nevis,2009,25079.80936,72.12,10.12981839344205,72.04
kna,St. Kitts and Nevis,2010,24997.56725,72.19,10.126533789115413,72.12
kna,St. Kitts and Nevis,2011,25380.00873,72.25,10.14171708523995,72.19
kna,St. Kitts and Nevis,2012,25114.05726,72.28,10.131183018549496,72.25
kna,St. Kitts and Nevis,2013,26532.10166,72.22,10.186110662237684,72.28
kna,St. Kitts and Nevis,2014,28530.30722,72.13,10.258722212463622,72.22
kna,St. Kitts and Nevis,2015,28729.56645,72.04,10.265682061361735,72.13
kna,St. Kitts and Nevis,2016,29867.02656,72.07,10.304510360222311,72.04
kna,St. Kitts and Nevis,2017,29948.92001,72.13,10.30724854312715,72.07
kna,St. Kitts and Nevis,2018,30576.24867,72.12,10.327978799296277,72.13
kna,St. Kitts and Nevis,2019,31512.19431,72.1,10.358129870854123,72.12
kna,St. Kitts and Nevis,2020,26736.92836,72.15,10.193800973451967,72.1
kna,St. Kitts and Nevis,2021,26896.61771,72.21,10.199755821996805,72.15
kna,St. Kitts and Nevis,2022,29712.68558,72.56,10.299329357505066,72.21
kor,South Korea,1960,1762.64108,59.11,7.474568576873033,
kor,South Korea,1961,1800.28495,59.53,7.4957002369108094,59.11
kor,South Korea,1962,1791.46926,60.03,7.490791377792324,59.53
kor,South Korea,1963,1877.66496,60.47,7.537784241296669,60.03
kor,South Korea,1964,1973.6149,60.91,7.587622114842101,60.47
kor,South Korea,1965,2028.542,61.36,7.615072587386557,60.91
kor,South Korea,1966,2190.89064,61.78,7.6920634250681506,61.36
kor,South Korea,1967,2284.24208,62.23,7.733789554651531,61.78
kor,South Korea,1968,2478.33993,62.61,7.81534423195764,62.23
kor,South Korea,1969,2745.17467,63.12,7.917599983977485,62.61
kor,South Korea,1970,2906.42118,63.57,7.974677768246253,63.12
kor,South Korea,1971,3115.59287,64.09,8.044174740559416,63.57
kor,South Korea,1972,3241.65905,64.43,8.083840530201382,64.09
kor,South Korea,1973,3617.64519,64.95,8.193578593152894,64.43
kor,South Korea,1974,3851.37528,65.33,8.256185579079949,64.95
kor,South Korea,1975,4041.4232,65.73,8.304352186147865,65.33
kor,South Korea,1976,4454.86809,66.12,8.401752730038933,65.73
kor,South Korea,1977,4876.96247,66.46,8.492277860375953,66.12
kor,South Korea,1978,5273.39292,67.07,8.570429252210428,66.46
kor,South Korea,1979,5589.21413,67.64,8.628593971292984,67.07
kor,South Korea,1980,5359.56758,67.33,8.58663857543728,67.64
kor,South Korea,1981,5909.05703,68.49,8.684241542678352,67.33
kor,South Korea,1982,6478.63526,68.6,8.776265159140644,68.49
kor,South Korea,1983,7351.21356,68.5,8.902620688781774,68.6
kor,South Korea,1984,8147.5156,69.45,9.005468325407644,68.5
kor,South Korea,1985,8816.33771,69.87,9.084361837147224,69.45
kor,South Korea,1986,9788.93422,70.33,9.189007865451336,69.87
kor,South Korea,1987,11041.41783,70.61,9.309408738215527,70.33
kor,South Korea,1988,12474.56877,71.33,9.431447352487178,70.61
kor,South Korea,1989,13521.03376,71.7,9.512001808212382,71.33
kor,South Korea,1990,15042.97471,72.13,9.618666364515795,71.7
kor,South Korea,1991,16383.91126,72.54,9.7040551115648,72.13
kor,South Korea,1992,17119.33828,73.12,9.747963997079571,72.54
kor,South Korea,1993,18009.37843,73.57,9.798647925081372,73.12
kor,South Korea,1994,19374.60941,73.86,9.871718694534472,73.57
kor,South Korea,1995,20914.21995,74.34,9.948184586981878,73.86
kor,South Korea,1996,22227.50249,74.84,10.009085652018682,74.34
kor,South Korea,1997,23258.04721,75.27,10.054406467690123,74.84
kor,South Korea,1998,21794.22141,75.58,9.98940014070336,75.27
kor,South Korea,1999,24013.38446,75.96,10.086366639714463,75.58
kor,South Korea,2000,25861.5996,76.34,10.160514506561327,75.96
kor,South Korea,2001,26795.53081,76.87,10.195990391771922,76.34
kor,South Korea,2002,28587.43844,77.29,10.26072268494,76.87
kor,South Korea,2003,29230.37327,77.71,10.282963628122967,77.29
kor,South Korea,2004,30525.00934,78.25,10.326301604957564,77.71
kor,South Korea,2005,31672.64627,78.78,10.363208693667454,78.25
kor,South Korea,2006,33076.42929,79.31,10.406576201654918,78.78
kor,South Korea,2007,34729.10397,79.75,10.45533334552047,79.31
kor,South Korea,2008,35425.44575,80.17,10.475185647401382,79.75
kor,South Korea,2009,35452.77854,80.53,10.47595690801432,80.17
kor,South Korea,2010,37610.97291,80.82,10.535051119515868,80.53
kor,South Korea,2011,38698.4611,81.16,10.563555113369349,80.82
kor,South Korea,2012,39420.41939,81.5,10.582039219665845,81.16
kor,South Korea,2013,40483.25341,81.93,10.608643671532183,81.5
kor,South Korea,2014,41518.09423,82.31,10.633884616738161,81.93
kor,South Korea,2015,42459.90289,82.61,10.656315448160896,82.31
kor,South Korea,2016,43538.02127,82.84,10.68138988749951,82.61
kor,South Korea,2017,44787.64824,82.88,10.709687671459811,82.84
kor,South Korea,2018,45890.43041,82.94,10.73401188651247,82.88
kor,South Korea,2019,46757.26145,82.92,10.752724847788823,82.94
kor,South Korea,2020,46361.59578,82.87,10.74422671834532,82.92
kor,South Korea,2021,48419.64325,82.96,10.787660862641694,82.87
kor,South Korea,2022,49777.9293,83.28,10.815326978029484,82.96
kwt,Kuwait,1960,38862.0991,69.24,10.567774738456611,
kwt,Kuwait,1961,43994.02381,69.66,10.691809081175688,69.24
kwt,Kuwait,1962,49800.41204,71.31,10.815778536874099,69.66
kwt,Kuwait,1963,56370.76923,69.63,10.939706027070859,71.31
kwt,Kuwait,1964,63800.89442,68.97,11.063522488356872,69.63
kwt,Kuwait,1965,72210.40147,69.66,11.187339379186039,68.97
kwt,Kuwait,1966,74471.03113,70.03,11.218165484855644,69.66
kwt,Kuwait,1967,70398.52158,69.76,11.161927541641534,70.03
kwt,Kuwait,1968,71072.73268,69.46,11.171459035623457,69.76
kwt,Kuwait,1969,67781.93019,70.32,11.124050922035005,69.46
kwt,Kuwait,1970,100688.818,70.55,11.519790029839864,70.32
kwt,Kuwait,1971,102486.2747,70.98,11.537484163228623,70.55
kwt,Kuwait,1972,101558.8449,70.96,11.528393662181662,70.98
kwt,Kuwait,1973,90654.86959,70.38,11.41481493332818,70.96
kwt,Kuwait,1974,75452.14019,70.6,11.231253829466327,70.38
kwt,Kuwait,1975,63279.25611,70.55,11.055312846841465,70.6
kwt,Kuwait,1976,64284.77479,70.64,11.07107809820662,70.55
kwt,Kuwait,1977,58968.13539,70.02,10.984752498857535,70.64
kwt,Kuwait,1978,60392.36721,71.0,11.008618005242093,70.02
kwt,Kuwait,1979,65703.03567,71.58,11.092900408428113,71.0
kwt,Kuwait,1980,50509.62239,72.53,10.829919139488796,71.58
kwt,Kuwait,1981,39603.83993,73.21,10.586681360470779,72.53
kwt,Kuwait,1982,33877.99251,73.5,10.430520894058871,73.21
kwt,Kuwait,1983,35472.26616,74.27,10.476506435210892,73.5
kwt,Kuwait,1984,36175.64132,75.11,10.496141279607917,74.27
kwt,Kuwait,1985,33364.07627,75.22,10.415235039355773,75.11
kwt,Kuwait,1986,34918.15368,76.07,10.460762135703487,75.22
kwt,Kuwait,1987,34961.77712,75.84,10.462010661429465,76.07
kwt,Kuwait,1988,31875.68425,75.42,10.369598748896989,75.84
kwt,Kuwait,1989,37576.28331,75.28,10.534128367331379,75.42
kwt,Kuwait,1990,28477.12306,74.92,10.256856344271752,75.28
kwt,Kuwait,1991,20545.20783,72.24,9.930382997109616,74.92
kwt,Kuwait,1992,34188.16891,79.5,10.439634924896144,72.24
kwt,Kuwait,1993,47190.8094,79.54,10.76195443651231,79.5
kwt,Kuwait,1994,53424.1207,78.71,10.8860176214651,79.54
kwt,Kuwait,1995,56907.2168,78.33,10.949177445112214,78.71
kwt,Kuwait,1996,57153.54302,78.82,10.953496662401951,78.33
kwt,Kuwait,1997,57809.75925,77.83,10.96491288556344,78.82
kwt,Kuwait,1998,58928.19815,78.55,10.984075001257255,77.83
kwt,Kuwait,1999,56880.07903,77.83,10.948700453892473,78.55
kwt,Kuwait,2000,58580.26386,78.07,10.978153124639249,77.83
kwt,Kuwait,2001,57799.99596,79.21,10.964743984764272,78.07
kwt,Kuwait,2002,58629.24067,78.56,10.97898883865488,79.21
kwt,Kuwait,2003,67698.87165,78.87,11.122824791848622,78.56
kwt,Kuwait,2004,73414.45772,78.79,11.203876166868362,78.87
kwt,Kuwait,2005,78600.30407,78.71,11.27213084698488,78.79
kwt,Kuwait,2006,80163.48958,78.75,11.291823448055803,78.71
kwt,Kuwait,2007,80178.19205,78.98,11.292006837301715,78.75
kwt,Kuwait,2008,77620.47674,78.11,11.259586546877754,78.98
kwt,Kuwait,2009,68208.16378,78.66,11.13031954018672,78.11
kwt,Kuwait,2010,62956.21532,80.09,11.050194768832108,78.66
kwt,Kuwait,2011,64844.50189,80.93,11.07974740419203,80.09
kwt,Kuwait,2012,64908.26275,80.97,11.080730209688456,80.93
kwt,Kuwait,2013,62458.80891,81.34,11.04226256101067,80.97
kwt,Kuwait,2014,60065.65444,81.56,11.003193483625962,81.34
kwt,Kuwait,2015,57763.51744,81.51,10.964112669219455,81.56
kwt,Kuwait,2016,56936.62084,81.61,10.949694013092763,81.51
kwt,Kuwait,2017,52285.58712,81.59,10.864476031194085,81.61
kwt,Kuwait,2018,51623.80791,81.6,10.851738238665005,81.59
kwt,Kuwait,2019,51380.6455,81.47,10.847016833839142,81.6
kwt,Kuwait,2020,49372.57295,78.64,10.807150345552216,81.47
kwt,Kuwait,2021,50651.95758,80.44,10.832733158090878,78.64
kwt,Kuwait,2022,51379.88333,82.06,10.847001999933386,80.44
lao,Lao,1960,950.01954,40.22,6.8564825528041125,
lao,Lao,1961,956.02264,40.49,6.862781594779356,40.22
lao,Lao,1962,961.96221,41.51,6.868975167149837,40.49
lao,Lao,1963,966.62125,40.39,6.873806743444111,41.51
lao,Lao,1964,972.43989,40.64,6.879808263813661,40.39
lao,Lao,1965,978.1962,40.9,6.8857102634115535,40.64
lao,Lao,1966,983.89061,41.0,6.891514722173369,40.9
lao,Lao,1967,989.52352,41.44,6.897223534340725,41.0
lao,Lao,1968,995.09531,41.74,6.902838521515848,41.44
lao,Lao,1969,1000.60641,42.07,6.908361505189892,41.74
lao,Lao,1970,1006.0572,42.39,6.9137942078902,42.07
lao,Lao,1971,1028.11388,42.73,6.935481218089774,42.39
lao,Lao,1972,1033.62209,43.1,6.940824504703986,42.73
lao,Lao,1973,1093.05531,43.51,6.996732090738842,43.1
lao,Lao,1974,1102.76622,45.1,7.005577047559716,43.51
lao,Lao,1975,1146.4464,45.52,7.044422350223851,45.1
lao,Lao,1976,1162.90575,45.99,7.058677108821987,45.52
lao,Lao,1977,1122.45286,46.28,7.023271623188915,45.99
lao,Lao,1978,1116.03252,46.59,7.0175352823016475,46.28
lao,Lao,1979,1078.97141,46.93,6.983763468150833,46.59
lao,Lao,1980,1166.83153,47.34,7.062047260254447,46.93
lao,Lao,1981,1388.73016,47.86,7.236145054623168,47.34
lao,Lao,1982,1482.08728,48.4,7.301206697509199,47.86
lao,Lao,1983,1529.33613,49.06,7.332589018263001,48.4
lao,Lao,1984,1622.73978,49.78,7.391871221942737,49.06
lao,Lao,1985,1734.01799,50.4,7.458196532142494,49.78
lao,Lao,1986,1788.7494,50.91,7.489271995440835,50.4
lao,Lao,1987,1746.2521,51.37,7.465227113147399,50.91
lao,Lao,1988,1701.18567,51.84,7.439080739878212,51.37
lao,Lao,1989,1888.38441,52.4,7.543476932971881,51.84
lao,Lao,1990,1997.54628,52.89,7.599674846333235,52.4
lao,Lao,1991,2029.66793,53.55,7.615627477374168,52.89
lao,Lao,1992,2088.17962,54.01,7.644047970206814,53.55
lao,Lao,1993,2155.94745,54.5,7.675985557891396,54.01
lao,Lao,1994,2273.81616,54.93,7.729214826715226,54.5
lao,Lao,1995,2376.23618,55.59,7.773273077899351,54.93
lao,Lao,1996,2486.35979,56.11,7.818574988067014,55.59
lao,Lao,1997,2604.67054,56.71,7.865061474020282,56.11
lao,Lao,1998,2658.85383,57.25,7.885650417938108,56.71
lao,Lao,1999,2803.33226,57.84,7.938564081421284,57.25
lao,Lao,2000,2916.10923,58.39,7.9780055512747206,57.84
lao,Lao,2001,3033.61249,59.0,8.01750942927269,58.39
lao,Lao,2002,3163.07732,59.74,8.059300668153883,59.0
lao,Lao,2003,3304.59077,60.4,8.103067923136672,59.74
lao,Lao,2004,3464.16562,61.07,8.15022708031767,60.4
lao,Lao,2005,3651.7154,61.68,8.202952308776743,61.07
lao,Lao,2006,3880.73142,62.26,8.263778925160763,61.68
lao,Lao,2007,4129.17689,62.94,8.325833365850015,62.26
lao,Lao,2008,4379.65438,63.58,8.38472509158124,62.94
lao,Lao,2009,4631.96746,64.24,8.440736994184977,63.58
lao,Lao,2010,4946.10564,64.92,8.506355806526944,64.24
lao,Lao,2011,5266.87867,65.58,8.569193183334255,64.92
lao,Lao,2012,5608.96956,66.18,8.632122302501276,65.58
lao,Lao,2013,5974.47369,66.65,8.69525128756432,66.18
lao,Lao,2014,6341.2123,67.22,8.754825243663149,66.65
lao,Lao,2015,6703.74124,67.64,8.810421043564974,67.22
lao,Lao,2016,7063.25545,68.03,8.862661336105884,67.64
lao,Lao,2017,7432.45963,68.37,8.91361212330688,68.03
lao,Lao,2018,7775.08575,68.64,8.958679765925524,68.37
lao,Lao,2019,8075.27502,68.97,8.996562205715223,68.64
lao,Lao,2020,7995.59502,69.33,8.986646046513734,68.97
lao,Lao,2021,8080.43553,68.89,8.99720105229019,69.33
lao,Lao,2022,8183.03287,69.84,9.009818127383545,68.89
lbn,Lebanon,1960,8141.30549,64.87,9.004705825744031,
lbn,Lebanon,1961,8462.65644,65.24,9.043418403312586,64.87
lbn,Lebanon,1962,8570.15281,65.59,9.056040842237993,65.24
lbn,Lebanon,1963,8426.98419,65.89,9.039194239658098,65.59
lbn,Lebanon,1964,8705.93356,66.21,9.071760090564629,65.89
lbn,Lebanon,1965,9316.46947,66.56,9.139539023680399,66.21
lbn,Lebanon,1966,9678.35981,66.86,9.177647724798152,66.56
lbn,Lebanon,1967,8966.51523,67.06,9.10125238793162,66.86
lbn,Lebanon,1968,9817.49971,67.3,9.191921756913075,67.06
lbn,Lebanon,1969,9766.5487,67.46,9.18671842776581,67.3
lbn,Lebanon,1970,10162.90176,67.59,9.22649928665397,67.46
lbn,Lebanon,1971,10844.70888,67.78,9.291432579193899,67.59
lbn,Lebanon,1972,11872.46036,68.02,9.381976741609533,67.78
lbn,Lebanon,1973,12143.15493,68.16,9.4045209097635,68.02
lbn,Lebanon,1974,12173.23887,68.58,9.406995286153075,68.16
lbn,Lebanon,1975,8367.6399,62.04,9.032127152395967,68.58
lbn,Lebanon,1976,3573.37668,38.33,8.181266276480123,62.04
lbn,Lebanon,1977,6518.11345,69.23,8.782340264891934,38.33
lbn,Lebanon,1978,6298.69376,69.23,8.74809755119924,69.23
lbn,Lebanon,1979,6868.39408,69.39,8.834685599520926,69.23
lbn,Lebanon,1980,7076.24517,69.41,8.864498702785719,69.39
lbn,Lebanon,1981,7378.97895,69.36,8.906390554364231,69.41
lbn,Lebanon,1982,4781.96844,48.57,8.472607548247433,69.36
lbn,Lebanon,1983,5956.32437,64.21,8.692208853368633,48.57
lbn,Lebanon,1984,8697.32927,65.09,9.070771277054758,64.21
lbn,Lebanon,1985,10894.6093,65.13,9.296023386249257,65.09
lbn,Lebanon,1986,10135.89763,65.86,9.223838622305143,65.13
lbn,Lebanon,1987,11854.01553,70.88,9.380421952453219,65.86
lbn,Lebanon,1988,8624.2458,71.08,9.062332794597896,70.88
lbn,Lebanon,1989,5064.11156,70.35,8.529933993597153,71.08
lbn,Lebanon,1990,4962.6449,69.92,8.509694123561607,70.35
lbn,Lebanon,1991,7208.52175,71.71,8.883019181518684,69.92
lbn,Lebanon,1992,8115.19841,71.96,9.001493929434151,71.71
lbn,Lebanon,1993,8878.50235,72.29,9.091388167483204,71.96
lbn,Lebanon,1994,9564.08602,72.7,9.165770322682478,72.29
lbn,Lebanon,1995,10137.14874,73.15,9.223962048254924,72.7
lbn,Lebanon,1996,11087.77395,73.45,9.313598334317106,73.15
lbn,Lebanon,1997,11070.09395,73.87,9.312002512568204,73.45
lbn,Lebanon,1998,11404.31162,74.22,9.341746775159052,73.87
lbn,Lebanon,1999,11264.19941,74.56,9.329384781543679,74.22
lbn,Lebanon,2000,11315.07118,74.82,9.333890848812324,74.56
lbn,Lebanon,2001,11634.75954,75.08,9.36175240856967,74.82
lbn,Lebanon,2002,11930.2893,75.25,9.386835764588385,75.08
lbn,Lebanon,2003,12201.25174,75.34,9.409293827097503,75.25
lbn,Lebanon,2004,12864.28796,75.43,9.462210376118458,75.34
lbn,Lebanon,2005,13041.6867,75.44,9.475906175275401,75.43
lbn,Lebanon,2006,13040.91933,75.06,9.475847333762452,75.44
lbn,Lebanon,2007,13987.73909,75.46,9.54593644559295,75.06
lbn,Lebanon,2008,15001.4709,75.42,9.615903535276779,75.46
lbn,Lebanon,2009,16297.40785,75.55,9.69876134654126,75.42
lbn,Lebanon,2010,17390.7584,75.62,9.76369421766823,75.55
lbn,Lebanon,2011,17353.19608,75.67,9.761531980513785,75.62
lbn,Lebanon,2012,17323.30138,75.74,9.759807774806989,75.67
lbn,Lebanon,2013,16396.49693,75.79,9.704822989166901,75.74
lbn,Lebanon,2014,15205.87327,75.81,9.629437031543471,75.79
lbn,Lebanon,2015,14980.02052,75.93,9.614472626896708,75.81
lbn,Lebanon,2016,15572.36117,76.08,9.65325290201391,75.93
lbn,Lebanon,2017,16128.58382,76.22,9.688348369372667,76.08
lbn,Lebanon,2018,16290.05165,76.18,9.69830987224791,76.22
lbn,Lebanon,2019,15659.5661,76.64,9.658837261625813,76.18
lbn,Lebanon,2020,12507.43664,75.26,9.434078677588985,76.64
lbn,Lebanon,2021,11599.77551,72.59,9.358741024320985,75.26
lbn,Lebanon,2022,11474.75058,71.98,9.347904298744805,72.59
lbr,Liberia,1960,3635.91093,40.83,8.19861495829765,
lbr,Liberia,1961,3888.21085,41.01,8.265704395076963,40.83
lbr,Liberia,1962,4158.01815,41.33,8.332793833487797,41.01
lbr,Liberia,1963,4446.54768,41.91,8.399883271822796,41.33
lbr,Liberia,1964,4528.72598,42.33,8.41819593830342,41.91
lbr,Liberia,1965,4507.02313,42.66,8.413392154694343,42.33
lbr,Liberia,1966,5006.5032,43.1,8.518492986316733,42.66
lbr,Liberia,1967,4946.59272,43.47,8.506454279154465,43.1
lbr,Liberia,1968,5014.07061,43.97,8.520003361187888,43.47
lbr,Liberia,1969,5206.15748,44.74,8.557597334808868,43.97
lbr,Liberia,1970,5369.04372,45.29,8.588405093432812,44.74
lbr,Liberia,1971,5466.24888,45.81,8.606347897833444,45.29
lbr,Liberia,1972,5487.043,46.4,8.610144773733207,45.81
lbr,Liberia,1973,5520.21119,46.92,8.616171397597252,46.4
lbr,Liberia,1974,5526.57985,47.5,8.61732443121263,46.92
lbr,Liberia,1975,5155.98894,48.11,8.547914218983077,47.5
lbr,Liberia,1976,5241.26356,48.68,8.564317885650716,48.11
lbr,Liberia,1977,5131.51461,49.19,8.543156140202441,48.68
lbr,Liberia,1978,5259.0253,49.65,8.567700984378305,49.19
lbr,Liberia,1979,5333.34883,50.15,8.581734618174588,49.65
lbr,Liberia,1980,4829.9718,50.26,8.482595908120258,50.15
lbr,Liberia,1981,4478.09578,50.98,8.40695318594291,50.26
lbr,Liberia,1982,4390.2464,51.32,8.387140632056767,50.98
lbr,Liberia,1983,4090.23002,51.68,8.316356487064262,51.32
lbr,Liberia,1984,3940.2005,51.96,8.278986889322086,51.68
lbr,Liberia,1985,3765.16398,52.2,8.233546693070416,51.96
lbr,Liberia,1986,3654.02659,52.39,8.203585013868235,52.2
lbr,Liberia,1987,3675.51286,52.53,8.209447955651717,52.39
lbr,Liberia,1988,3755.0785,52.75,8.230864469439107,52.53
lbr,Liberia,1989,3850.08671,52.78,8.255850949106133,52.75
lbr,Liberia,1990,1970.51446,49.14,7.58604993484716,52.78
lbr,Liberia,1991,1890.22945,52.18,7.544453502801449,49.14
lbr,Liberia,1992,1141.59794,52.3,7.040184261676065,52.18
lbr,Liberia,1993,725.66049,50.15,6.587082260816846,52.3
lbr,Liberia,1994,562.39617,48.58,6.332206530373693,50.15
lbr,Liberia,1995,528.23223,50.28,6.269536016555054,48.58
lbr,Liberia,1996,570.03777,49.57,6.345702621791185,50.28
lbr,Liberia,1997,1077.24865,52.42,6.982165523304166,49.57
lbr,Liberia,1998,1256.30839,52.97,7.135932850329232,52.42
lbr,Liberia,1999,1441.08555,53.77,7.273151962731384,52.97
lbr,Liberia,2000,1773.49234,54.84,7.480705955061412,53.77
lbr,Liberia,2001,1809.79138,55.72,7.500966857948457,54.84
lbr,Liberia,2002,1876.64189,55.43,7.537239229891794,55.72
lbr,Liberia,2003,1290.02676,55.49,7.162418241326606,55.43
lbr,Liberia,2004,1296.5855,58.45,7.1674895495841175,55.49
lbr,Liberia,2005,1309.06143,59.22,7.17706569376217,58.45
lbr,Liberia,2006,1342.61658,59.96,7.202375660601647,59.22
lbr,Liberia,2007,1402.31948,60.61,7.245882916100143,59.96
lbr,Liberia,2008,1450.60369,61.08,7.279735086701066,60.61
lbr,Liberia,2009,1486.86272,61.5,7.304423622090792,61.08
lbr,Liberia,2010,1538.85083,61.94,7.338791202565496,61.5
lbr,Liberia,2011,1601.03374,62.42,7.378404787103199,61.94
lbr,Liberia,2012,1668.9729,62.9,7.419963686262184,62.42
lbr,Liberia,2013,1774.52058,63.37,7.481285569652435,62.9
lbr,Liberia,2014,1750.14385,59.86,7.4674532635393245,63.37
lbr,Liberia,2015,1714.09048,62.53,7.446637886562579,59.86
lbr,Liberia,2016,1653.3105,64.51,7.410534920471627,62.53
lbr,Liberia,2017,1661.30291,65.1,7.41535745903118,64.51
lbr,Liberia,2018,1647.97444,65.65,7.407302200640403,65.1
lbr,Liberia,2019,1575.76665,66.11,7.362497194734349,65.65
lbr,Liberia,2020,1497.37692,65.94,7.3114701362945995,66.11
lbr,Liberia,2021,1539.20892,65.72,7.339023875112945,65.94
lbr,Liberia,2022,1578.99837,66.11,7.364545981956186,65.72
lby,Libya,1960,3308.46065,52.82,8.10423829977401,
lby,Libya,1961,3405.03099,53.59,8.133009319863781,52.82
lby,Libya,1962,4230.48071,54.66,8.35007090860945,53.59
lby,Libya,1963,5344.34541,55.36,8.583794348232514,54.66
lby,Libya,1964,7066.32761,57.12,8.86309619112395,55.36
lby,Libya,1965,8471.03186,58.52,9.044407605491648,57.12
lby,Libya,1966,9360.5044,59.63,9.144254456908573,58.52
lby,Libya,1967,9759.41615,60.8,9.185987856921088,59.63
lby,Libya,1968,12180.82557,62.07,9.407618319755052,60.8
lby,Libya,1969,12766.85374,63.35,9.454607539656978,62.07
lby,Libya,1970,12522.89915,64.58,9.43531417934946,63.35
lby,Libya,1971,11550.15241,65.48,9.354453911533874,64.58
lby,Libya,1972,12132.14953,66.15,9.403614193988039,65.48
lby,Libya,1973,11818.95942,66.75,9.377460251551739,66.15
lby,Libya,1974,13786.84144,67.29,9.531469897416441,66.75
lby,Libya,1975,13847.06783,67.73,9.535828780176695,67.29
lby,Libya,1976,16600.07256,67.97,9.71716234541942,67.73
lby,Libya,1977,17910.30119,67.84,9.793131311775443,67.97
lby,Libya,1978,18222.23197,69.01,9.810397664408997,67.84
lby,Libya,1979,19189.5274,69.42,9.862119961288377,69.01
lby,Libya,1980,18679.1404,69.81,9.835162693593391,69.42
lby,Libya,1981,15306.40766,70.02,9.636026821014926,69.81
lby,Libya,1982,15683.46649,70.39,9.66036234663881,70.02
lby,Libya,1983,15020.34314,70.75,9.61716077059645,70.39
lby,Libya,1984,13881.15197,71.03,9.538287225573677,70.75
lby,Libya,1985,14816.48596,71.35,9.603495756024088,71.03
lby,Libya,1986,13126.75288,71.67,9.482407631304353,71.35
lby,Libya,1987,11119.41492,69.35,9.316447951312437,71.67
lby,Libya,1988,11327.16715,72.05,9.334959291867678,69.35
lby,Libya,1989,12144.49037,72.22,9.404630878431508,72.05
lby,Libya,1990,13562.45979,72.61,9.515060945485793,72.22
lby,Libya,1991,15870.39358,73.02,9.672210613464982,72.61
lby,Libya,1992,15607.76257,73.4,9.65552367011651,73.02
lby,Libya,1993,15169.59118,73.9,9.627048122737516,73.4
lby,Libya,1994,15600.96715,74.25,9.655088188110778,73.9
lby,Libya,1995,15401.70596,74.62,9.64223355888982,74.25
lby,Libya,1996,15887.98641,73.45,9.67331853092205,74.62
lby,Libya,1997,16827.35268,74.97,9.730760977129565,73.45
lby,Libya,1998,16284.91933,74.85,9.697994764059747,74.97
lby,Libya,1999,16433.90703,74.87,9.70710198130098,74.85
lby,Libya,2000,16980.38363,74.91,9.739814052660767,74.87
lby,Libya,2001,16648.99624,75.03,9.720105207705437,74.91
lby,Libya,2002,16355.17401,75.04,9.702299579475651,75.03
lby,Libya,2003,18291.09457,75.53,9.814169584864894,75.04
lby,Libya,2004,18855.45539,76.37,9.844557561615064,75.53
lby,Libya,2005,20743.89301,76.75,9.940007169569256,76.37
lby,Libya,2006,21719.57712,76.87,9.985969304245076,76.75
lby,Libya,2007,22619.89506,76.05,10.026585110402056,76.87
lby,Libya,2008,22178.26602,75.92,10.006868080210817,76.05
lby,Libya,2009,20672.92354,75.74,9.936580081474483,75.92
lby,Libya,2010,21109.96793,76.2,9.957500621655992,75.74
lby,Libya,2011,10739.09317,73.15,9.281645929674944,76.2
lby,Libya,2012,20595.58004,76.48,9.932831770591084,73.15
lby,Libya,2013,16553.14265,76.66,9.714331250996246,76.48
lby,Libya,2014,12495.79297,74.33,9.433147304240556,76.66
lby,Libya,2015,12192.13862,74.6,9.408546647612448,74.33
lby,Libya,2016,11828.71138,74.27,9.378285022890557,74.6
lby,Libya,2017,15424.05543,75.58,9.64368361059387,74.27
lby,Libya,2018,16380.85155,75.65,9.70386834323526,75.58
lby,Libya,2019,14333.42244,75.93,9.570349322732453,75.65
lby,Libya,2020,9976.0374,75.94,9.20794123635044,75.93
lby,Libya,2021,12641.50977,75.35,9.444741104397115,75.94
lby,Libya,2022,11456.07681,75.6,9.346275593961469,75.35
lca,St. Lucia,1960,2487.0258,59.2,7.818842817694107,
lca,St. Lucia,1961,2581.81472,60.18,7.856247810504957,59.2
lca,St. Lucia,1962,2670.03737,61.15,7.8898477475510305,60.18
lca,St. Lucia,1963,2759.05303,61.69,7.9226427947647196,61.15
lca,St. Lucia,1964,2848.86732,62.69,7.954676762686888,61.69
lca,St. Lucia,1965,2931.95258,63.33,7.983423889615181,62.69
lca,St. Lucia,1966,3011.23309,63.93,8.010104938305178,63.33
lca,St. Lucia,1967,3097.29699,64.48,8.038285071403887,63.93
lca,St. Lucia,1968,3196.35195,65.0,8.069765422850715,64.48
lca,St. Lucia,1969,3302.43673,65.2,8.102415877999485,65.0
lca,St. Lucia,1970,3400.21225,65.43,8.13159313512639,65.2
lca,St. Lucia,1971,3528.1188,65.55,8.168520090029132,65.43
lca,St. Lucia,1972,3582.93379,65.69,8.183937238205944,65.55
lca,St. Lucia,1973,3600.3287,66.1,8.18878042583166,65.69
lca,St. Lucia,1974,3773.16833,66.52,8.235670333334346,66.1
lca,St. Lucia,1975,3912.04688,66.65,8.271816014722987,66.52
lca,St. Lucia,1976,4588.78267,66.88,8.431370054371644,66.65
lca,St. Lucia,1977,4960.77778,67.62,8.509317817909366,66.88
lca,St. Lucia,1978,5275.84712,68.35,8.570894536920031,67.62
lca,St. Lucia,1979,5378.07276,68.8,8.5900853659303,68.35
lca,St. Lucia,1980,5023.64392,68.73,8.52191082984005,68.8
lca,St. Lucia,1981,5470.52665,69.29,8.60713017048893,68.73
lca,St. Lucia,1982,5777.3522,69.55,8.661700759822176,69.29
lca,St. Lucia,1983,6155.7606,69.62,8.725143605313688,69.55
lca,St. Lucia,1984,6733.4909,69.93,8.814848995437487,69.62
lca,St. Lucia,1985,7560.79687,69.96,8.930731869703404,69.93
lca,St. Lucia,1986,8782.58939,70.07,9.08052656228346,69.96
lca,St. Lucia,1987,9208.96793,70.05,9.127933063252495,70.07
lca,St. Lucia,1988,10733.19938,70.16,9.28109696266229,70.05
lca,St. Lucia,1989,11972.39743,70.26,9.390359065047054,70.16
lca,St. Lucia,1990,13287.91677,70.22,9.494610387727459,70.26
lca,St. Lucia,1991,13427.31026,70.41,9.505045990977857,70.22
lca,St. Lucia,1992,14549.49555,70.46,9.585311601895524,70.41
lca,St. Lucia,1993,14671.6962,70.65,9.593675488175002,70.46
lca,St. Lucia,1994,14942.21863,70.98,9.611945950338754,70.65
lca,St. Lucia,1995,15217.84046,71.37,9.630223733043717,70.98
lca,St. Lucia,1996,15682.04182,71.82,9.660271503539,71.37
lca,St. Lucia,1997,15592.99891,72.34,9.654577304681721,71.82
lca,St. Lucia,1998,16598.63339,72.75,9.717075645052057,72.34
lca,St. Lucia,1999,17068.36423,73.08,9.744981984014577,72.75
lca,St. Lucia,2000,17094.41493,73.36,9.746507076860642,73.08
lca,St. Lucia,2001,16544.95503,73.49,9.713836502310315,73.36
lca,St. Lucia,2002,16666.96197,73.6,9.721183713785209,73.49
lca,St. Lucia,2003,17441.56304,73.79,9.766611317300205,73.6
lca,St. Lucia,2004,18770.48958,73.97,9.840041212351744,73.79
lca,St. Lucia,2005,18740.06188,74.27,9.838418857814709,73.97
lca,St. Lucia,2006,19947.63643,74.64,9.900865940612613,74.27
lca,St. Lucia,2007,20314.52634,75.02,9.919091492373491,74.64
lca,St. Lucia,2008,21350.20787,75.29,9.968816754909138,75.02
lca,St. Lucia,2009,20775.71543,75.51,9.941540056194485,75.29
lca,St. Lucia,2010,20849.05512,75.62,9.945063908214445,75.51
lca,St. Lucia,2011,21637.86869,75.98,9.982200238738487,75.62
lca,St. Lucia,2012,21515.89963,75.99,9.976547458481713,75.98
lca,St. Lucia,2013,21029.28889,75.67,9.953671454049905,75.99
lca,St. Lucia,2014,21214.47733,75.61,9.962439120519358,75.67
lca,St. Lucia,2015,21142.97333,75.6,9.959062899013677,75.61
lca,St. Lucia,2016,21775.47377,75.1,9.988539559004105,75.6
lca,St. Lucia,2017,22422.59704,75.08,10.017824525778535,75.1
lca,St. Lucia,2018,22981.91793,75.08,10.042463008755593,75.08
lca,St. Lucia,2019,22738.24711,75.14,10.03180368034044,75.08
lca,St. Lucia,2020,17142.04406,75.11,9.749289441750706,75.14
lca,St. Lucia,2021,19101.1653,72.76,9.857504622644862,75.11
lca,St. Lucia,2022,22962.28181,72.94,10.041608227464083,72.76
lka,Sri Lanka,1960,2172.89477,64.02,7.683815552944868,
lka,Sri Lanka,1961,2190.84858,64.93,7.692044227211825,64.02
lka,Sri Lanka,1962,2164.3154,64.22,7.679859377959753,64.93
lka,Sri Lanka,1963,2176.01033,63.61,7.685248355207213,64.22
lka,Sri Lanka,1964,2193.28324,63.62,7.693154896484667,63.61
lka,Sri Lanka,1965,2179.64751,64.47,7.686918450048917,63.62
lka,Sri Lanka,1966,2133.97157,64.43,7.665740109373704,64.47
lka,Sri Lanka,1967,2255.03631,65.79,7.720921353802709,64.43
lka,Sri Lanka,1968,2325.6637,65.05,7.751760739650419,65.79
lka,Sri Lanka,1969,2393.22796,64.74,7.780398344549752,65.05
lka,Sri Lanka,1970,2472.25769,66.07,7.8128870566721105,64.74
lka,Sri Lanka,1971,2396.18423,65.58,7.78163284693049,66.07
lka,Sri Lanka,1972,2391.59521,65.27,7.779715874161459,65.58
lka,Sri Lanka,1973,2417.18875,65.79,7.79036047033128,65.27
lka,Sri Lanka,1974,2441.61662,63.58,7.800415648078766,65.79
lka,Sri Lanka,1975,2447.68131,64.35,7.802896451334038,63.58
lka,Sri Lanka,1976,2465.89714,65.58,7.810310971581033,64.35
lka,Sri Lanka,1977,2529.74245,66.49,7.835872778120783,65.58
lka,Sri Lanka,1978,2649.77087,67.64,7.882228451091084,66.49
lka,Sri Lanka,1979,2742.86632,68.44,7.916758754788296,67.64
lka,Sri Lanka,1980,2831.68592,69.32,7.9486275447085095,68.44
lka,Sri Lanka,1981,3085.84564,69.86,8.034581012229449,69.32
lka,Sri Lanka,1982,3294.65433,69.69,8.100056533997929,69.86
lka,Sri Lanka,1983,3445.39089,69.26,8.144792642903589,69.69
lka,Sri Lanka,1984,3674.06638,68.77,8.209054333113217,69.26
lka,Sri Lanka,1985,3863.14653,69.26,8.259237293606226,68.77
lka,Sri Lanka,1986,4028.59744,69.6,8.301173564587636,69.26
lka,Sri Lanka,1987,4085.514,69.93,8.315202825572042,69.6
lka,Sri Lanka,1988,4233.22566,70.14,8.350719548809437,69.93
lka,Sri Lanka,1989,4389.45161,69.3,8.38695958027087,70.14
lka,Sri Lanka,1990,4725.14235,69.6,8.460652966458161,69.3
lka,Sri Lanka,1991,4963.18272,70.35,8.509802491351401,69.6
lka,Sri Lanka,1992,4991.03772,70.93,8.515399127044738,70.35
lka,Sri Lanka,1993,5244.50914,72.1,8.56493693017829,70.93
lka,Sri Lanka,1994,5472.72143,72.06,8.607531290889998,72.1
lka,Sri Lanka,1995,5677.24265,70.89,8.644220944903049,72.06
lka,Sri Lanka,1996,5863.58357,70.83,8.67651622637907,70.89
lka,Sri Lanka,1997,6147.39813,70.5,8.723784202989242,70.83
lka,Sri Lanka,1998,6227.93106,71.16,8.736799463528461,70.5
lka,Sri Lanka,1999,6344.75278,71.59,8.755383416426449,71.16
lka,Sri Lanka,2000,6608.71259,71.49,8.796144146856506,71.59
lka,Sri Lanka,2001,6381.1372,72.6,8.761101604969276,71.49
lka,Sri Lanka,2002,6539.77854,73.38,8.78565858149258,72.6
lka,Sri Lanka,2003,6854.39425,73.38,8.832645221935806,73.38
lka,Sri Lanka,2004,7156.22946,69.01,8.875738509514191,73.38
lka,Sri Lanka,2005,7533.6151,73.35,8.927130298547674,69.01
lka,Sri Lanka,2006,8037.25742,73.6,8.99184318706398,73.35
lka,Sri Lanka,2007,8505.18757,74.02,9.048431558672606,73.6
lka,Sri Lanka,2008,8932.08535,73.28,9.097405168445071,74.02
lka,Sri Lanka,2009,9173.15096,73.36,9.12403612236759,73.28
lka,Sri Lanka,2010,9832.18622,74.05,9.193416591261789,73.36
lka,Sri Lanka,2011,10618.4926,75.27,9.270352344985186,74.05
lka,Sri Lanka,2012,11447.69377,75.55,9.345543571227914,75.27
lka,Sri Lanka,2013,12249.72234,75.95,9.413258549593543,75.55
lka,Sri Lanka,2014,12909.96631,76.07,9.465754874232326,75.95
lka,Sri Lanka,2015,13329.77934,76.44,9.497755859397332,76.07
lka,Sri Lanka,2016,13845.61468,76.6,9.53572383187486,76.44
lka,Sri Lanka,2017,14572.48582,76.75,9.586890496853526,76.6
lka,Sri Lanka,2018,14759.82489,77.17,9.59966423426295,76.75
lka,Sri Lanka,2019,14637.44429,77.3,9.591338201920934,77.17
lka,Sri Lanka,2020,13886.65137,77.69,9.53868332461,77.3
lka,Sri Lanka,2021,14316.13522,77.7,9.569142517217113,77.69
lka,Sri Lanka,2022,13249.06506,77.91,9.491682267415355,77.7
lso,Lesotho,1960,808.06084,53.28,6.69463735271612,
lso,Lesotho,1961,794.14674,53.31,6.677268255254795,53.28
lso,Lesotho,1962,884.8219,53.42,6.785386381817999,53.31
lso,Lesotho,1963,946.89978,53.5,6.853193258652327,53.42
lso,Lesotho,1964,989.59536,53.52,6.897296132304149,53.5
lso,Lesotho,1965,973.91647,53.58,6.881325540211364,53.52
lso,Lesotho,1966,942.5823,53.7,6.84862323646482,53.58
lso,Lesotho,1967,1008.30395,53.89,6.916024940876372,53.7
lso,Lesotho,1968,968.98476,54.11,6.876248884212908,53.89
lso,Lesotho,1969,946.1115,54.35,6.8523604267998275,54.11
lso,Lesotho,1970,932.72681,54.61,6.838112349824902,54.35
lso,Lesotho,1971,815.39075,54.72,6.703667446195225,54.61
lso,Lesotho,1972,935.59193,54.99,6.84117940919185,54.72
lso,Lesotho,1973,1135.59191,55.41,7.034909300586121,54.99
lso,Lesotho,1974,1159.09865,55.83,7.0553979561972735,55.41
lso,Lesotho,1975,1024.04155,56.2,6.931512380948138,55.83
lso,Lesotho,1976,1146.89674,56.62,7.044815086921585,56.2
lso,Lesotho,1977,1293.42354,57.11,7.165047888939651,56.62
lso,Lesotho,1978,1484.13766,57.72,7.302589182228358,57.11
lso,Lesotho,1979,1267.53859,58.13,7.144832180761244,57.72
lso,Lesotho,1980,1181.69751,58.48,7.0747072515089595,58.13
lso,Lesotho,1981,1222.8396,58.83,7.10893097418318,58.48
lso,Lesotho,1982,1276.78006,59.18,7.1520966094056755,58.83
lso,Lesotho,1983,1290.65103,59.44,7.162902044469018,59.18
lso,Lesotho,1984,1368.63584,59.72,7.221569785520247,59.44
lso,Lesotho,1985,1391.09114,60.0,7.237843710984786,59.72
lso,Lesotho,1986,1420.80661,60.27,7.258980024535642,60.0
lso,Lesotho,1987,1405.51794,60.44,7.2481611544060005,60.27
lso,Lesotho,1988,1506.85958,60.62,7.317783015784777,60.44
lso,Lesotho,1989,1584.5928,60.72,7.368082744787384,60.62
lso,Lesotho,1990,1673.41253,60.63,7.422620251582957,60.72
lso,Lesotho,1991,1713.75665,60.5,7.44644311124828,60.63
lso,Lesotho,1992,1781.40409,60.04,7.485157146942141,60.5
lso,Lesotho,1993,1792.70844,59.36,7.491482850232083,60.04
lso,Lesotho,1994,1847.59534,58.31,7.5216402563623195,59.36
lso,Lesotho,1995,1858.31787,57.15,7.527426986549356,58.31
lso,Lesotho,1996,1922.50485,55.77,7.561384224133444,57.15
lso,Lesotho,1997,1958.72742,54.11,7.5800502658437345,55.77
lso,Lesotho,1998,1962.85472,52.05,7.582155182368009,54.11
lso,Lesotho,1999,1957.4962,50.23,7.579421486611477,52.05
lso,Lesotho,2000,2018.82258,48.47,7.610269739265852,50.23
lso,Lesotho,2001,2079.02974,47.29,7.639656592710003,48.47
lso,Lesotho,2002,2084.95818,46.1,7.642504076477789,47.29
lso,Lesotho,2003,2176.65739,45.0,7.685545671724985,46.1
lso,Lesotho,2004,2217.41832,44.16,7.7040988792325065,45.0
lso,Lesotho,2005,2302.38253,43.88,7.741699748369778,44.16
lso,Lesotho,2006,2400.48772,44.18,7.783427212356994,43.88
lso,Lesotho,2007,2484.13606,45.09,7.817680216110464,44.18
lso,Lesotho,2008,2597.78691,46.32,7.862415173081437,45.09
lso,Lesotho,2009,2543.48624,47.4,7.841290954379895,46.32
lso,Lesotho,2010,2651.37805,48.12,7.882834802685237,47.4
lso,Lesotho,2011,2749.31958,48.21,7.919108734591344,48.12
lso,Lesotho,2012,2894.22705,47.94,7.970473359538981,48.21
lso,Lesotho,2013,2914.37516,47.88,7.977410722462863,47.94
lso,Lesotho,2014,2930.61724,47.94,7.982968341941006,47.88
lso,Lesotho,2015,2986.95867,48.47,8.002010981495006,47.94
lso,Lesotho,2016,3057.26092,49.63,8.025274669900536,48.47
lso,Lesotho,2017,2924.68096,50.75,7.980940680212736,49.63
lso,Lesotho,2018,2846.41828,51.42,7.953816739038222,50.75
lso,Lesotho,2019,2773.2864,51.77,7.927788321927024,51.42
lso,Lesotho,2020,2517.11042,52.27,7.830866863859203,51.77
lso,Lesotho,2021,2544.7825,50.71,7.8418004636429774,52.27
lso,Lesotho,2022,2577.54544,50.69,7.854592845221654,50.71
ltu,Lithuania,1960,11000.85548,69.91,9.305728319665597,
ltu,Lithuania,1961,11435.99253,70.57,9.34452090024157,69.91
ltu,Lithuania,1962,11562.86886,69.89,9.355554282717247,70.57
ltu,Lithuania,1963,11138.26167,70.69,9.318141457319507,69.89
ltu,Lithuania,1964,12415.20185,71.96,9.426676956368294,70.69
ltu,Lithuania,1965,12968.55394,71.99,9.470282778419314,71.96
ltu,Lithuania,1966,13453.64839,71.92,9.507005604008874,71.99
ltu,Lithuania,1967,13908.50356,72.04,9.54025569897217,71.92
ltu,Lithuania,1968,14584.5915,71.68,9.587720873681953,72.04
ltu,Lithuania,1969,14659.26467,71.47,9.59282781524676,71.68
ltu,Lithuania,1970,15646.80028,71.26,9.65802172011246,71.47
ltu,Lithuania,1971,15912.24783,71.86,9.674844395450226,71.26
ltu,Lithuania,1972,15849.32485,71.45,9.670882182183671,71.86
ltu,Lithuania,1973,17023.48373,71.6,9.74234906567119,71.45
ltu,Lithuania,1974,17174.50526,71.3,9.751181310853239,71.6
ltu,Lithuania,1975,17326.86656,71.12,9.760013556205726,71.3
ltu,Lithuania,1976,17480.57951,71.14,9.768845801405982,71.12
ltu,Lithuania,1977,17635.65611,70.82,9.777678046968141,71.14
ltu,Lithuania,1978,17792.10844,70.7,9.786510291905836,70.82
ltu,Lithuania,1979,17949.94873,70.65,9.795342537644936,70.7
ltu,Lithuania,1980,18109.18927,70.58,9.804174782895819,70.65
ltu,Lithuania,1981,18787.18176,70.67,9.84093009499561,70.58
ltu,Lithuania,1982,19478.67536,70.94,9.87707557488442,70.67
ltu,Lithuania,1983,19600.76397,70.96,9.883323822520207,70.94
ltu,Lithuania,1984,19743.22366,70.51,9.890565605632213,70.96
ltu,Lithuania,1985,19044.71571,70.86,9.85454495152379,70.51
ltu,Lithuania,1986,19620.20013,72.38,9.884314933373142,70.86
ltu,Lithuania,1987,19886.87295,72.19,9.89781514229353,72.38
ltu,Lithuania,1988,21387.07022,72.19,9.97054182308329,72.19
ltu,Lithuania,1989,21192.82028,71.58,9.961417737262074,72.19
ltu,Lithuania,1990,19949.09441,71.39,9.900939028305261,71.58
ltu,Lithuania,1991,18812.80559,70.51,9.842293065346011,71.39
ltu,Lithuania,1992,14850.77443,70.42,9.605807293039422,70.51
ltu,Lithuania,1993,12520.26379,69.02,9.435103713920949,70.42
ltu,Lithuania,1994,11393.14657,68.54,9.340767275532418,69.02
ltu,Lithuania,1995,11923.94361,69.03,9.386303725669034,68.54
ltu,Lithuania,1996,12638.977,70.25,9.444540730881249,69.03
ltu,Lithuania,1997,13807.16042,71.22,9.532942607592771,70.25
ltu,Lithuania,1998,14964.64492,71.45,9.613445692641452,71.22
ltu,Lithuania,1999,14924.31356,71.91,9.610746944573293,71.45
ltu,Lithuania,2000,15572.75456,72.24,9.653278163759824,71.91
ltu,Lithuania,2001,16741.67663,71.71,9.7256564961368,72.24
ltu,Lithuania,2002,18034.14359,72.01,9.800022106210697,71.71
ltu,Lithuania,2003,20124.46223,72.01,9.909691380439055,72.01
ltu,Lithuania,2004,21703.07383,72.01,9.985209180649047,72.01
ltu,Lithuania,2005,23794.49118,71.25,10.077209369842656,72.01
ltu,Lithuania,2006,25998.13053,70.92,10.165779911726188,71.25
ltu,Lithuania,2007,29260.05645,70.58,10.28397860382721,70.92
ltu,Lithuania,2008,30369.42416,71.4,10.321191597043441,70.58
ltu,Lithuania,2009,26184.70551,72.97,10.172930760135165,71.4
ltu,Lithuania,2010,26887.49131,73.21,10.199416450377422,72.97
ltu,Lithuania,2011,29240.74879,73.67,10.283318521948958,73.21
ltu,Lithuania,2012,30920.3304,73.99,10.339169188284629,73.67
ltu,Lithuania,2013,32474.64135,74.04,10.388214797597909,73.99
ltu,Lithuania,2014,33975.08438,74.62,10.433382722607137,74.04
ltu,Lithuania,2015,35251.29869,74.65,10.47025764983126,74.62
ltu,Lithuania,2016,36618.14684,74.92,10.508299211814212,74.65
ltu,Lithuania,2017,38774.4892,75.97,10.565517814521476,74.92
ltu,Lithuania,2018,41019.79016,76.08,10.621809916059899,75.97
ltu,Lithuania,2019,43062.32284,76.24,10.670403713727232,76.08
ltu,Lithuania,2020,43091.79737,75.09,10.671087941738106,76.24
ltu,Lithuania,2021,45873.52732,73.74,10.733643482825242,75.09
ltu,Lithuania,2022,46651.21458,74.32,10.75045424194942,73.74
lux,Luxembourg,1960,21338.36165,68.94,9.968261748244016,
lux,Luxembourg,1961,21961.35728,69.13,9.997039700635174,68.94
lux,Luxembourg,1962,21988.07022,69.12,9.998255322535575,69.13
lux,Luxembourg,1963,22415.14405,69.22,10.017492083069001,69.12
lux,Luxembourg,1964,23979.31805,69.36,10.084946989895228,69.22
lux,Luxembourg,1965,24154.01342,69.62,10.092205832436722,69.36
lux,Luxembourg,1966,24269.60573,69.67,10.09698005343006,69.62
lux,Luxembourg,1967,24301.14596,69.84,10.098278787064434,69.67
lux,Luxembourg,1968,25360.80856,70.09,10.140960291323658,69.84
lux,Luxembourg,1969,27823.92897,70.21,10.233651683758719,70.09
lux,Luxembourg,1970,28100.0527,70.15,10.243526730764918,70.21
lux,Luxembourg,1971,28616.09952,70.32,10.261724758707478,70.15
lux,Luxembourg,1972,30200.36536,70.57,10.315609301303025,70.32
lux,Luxembourg,1973,32402.09783,70.81,10.385978447523875,70.57
lux,Luxembourg,1974,33420.60259,70.99,10.4169278328067,70.81
lux,Luxembourg,1975,30949.99084,71.15,10.34012798215147,70.99
lux,Luxembourg,1976,31559.59527,71.44,10.359632950733094,71.15
lux,Luxembourg,1977,31932.26545,71.83,10.371372233708714,71.44
lux,Luxembourg,1978,33121.86152,72.1,10.407948812233746,71.83
lux,Luxembourg,1979,33786.84878,72.38,10.427826916407096,72.1
lux,Luxembourg,1980,33965.56228,72.63,10.433102416177025,72.38
lux,Luxembourg,1981,36043.4208,72.74,10.49247962397712,72.63
lux,Luxembourg,1982,37564.42557,72.88,10.533812753058498,72.74
lux,Luxembourg,1983,39451.84786,73.19,10.582836165734703,72.88
lux,Luxembourg,1984,42564.88786,73.45,10.658784963755776,73.19
lux,Luxembourg,1985,45501.55151,73.88,10.725501703478558,73.45
lux,Luxembourg,1986,50325.84114,74.2,10.826273964526285,73.88
lux,Luxembourg,1987,52813.1427,74.38,10.874515353492939,74.2
lux,Luxembourg,1988,58767.60341,74.64,10.981346019636188,74.38
lux,Luxembourg,1989,66116.56423,75.0,11.099174587941178,74.64
lux,Luxembourg,1990,70450.73731,75.25,11.16266898299243,75.0
lux,Luxembourg,1991,75992.95555,75.46,11.238395924840894,75.25
lux,Luxembourg,1992,76838.0963,75.79,11.249455841718746,75.46
lux,Luxembourg,1993,79507.28223,75.99,11.283603896824724,75.79
lux,Luxembourg,1994,81962.54235,76.35,11.314017621271452,75.99
lux,Luxembourg,1995,82523.00094,76.64,11.320832332738204,76.35
lux,Luxembourg,1996,83103.31528,76.87,11.327839875113938,76.64
lux,Luxembourg,1997,87156.66183,77.24,11.37546248899056,76.87
lux,Luxembourg,1998,92370.37884,77.52,11.433561630909846,77.24
lux,Luxembourg,1999,99331.00008,77.8,11.506212987416042,77.52
lux,Luxembourg,2000,105744.8971,78.01,11.568784841370721,77.8
lux,Luxembourg,2001,108404.5395,78.42,11.593625244417126,78.01
lux,Luxembourg,2002,111622.4333,78.65,11.622877323961468,78.42
lux,Luxembourg,2003,113887.9356,78.99,11.642970222841932,78.65
lux,Luxembourg,2004,117865.5346,79.24,11.677299716393382,78.99
lux,Luxembourg,2005,119947.1266,79.55,11.694806312999674,79.24
lux,Luxembourg,2006,126076.8982,79.81,11.744647302948975,79.55
lux,Luxembourg,2007,135296.0133,80.21,11.81522034809283,79.81
lux,Luxembourg,2008,133542.6202,80.57,11.802175958306684,80.21
lux,Luxembourg,2009,127891.4399,80.78,11.758937057258347,80.57
lux,Luxembourg,2010,131432.0596,81.02,11.786245340052501,80.78
lux,Luxembourg,2011,129885.3698,81.26,11.774407569679962,81.02
lux,Luxembourg,2012,128895.4051,81.5,11.76675654127872,81.26
lux,Luxembourg,2013,129945.4538,81.72,11.774870055232972,81.5
lux,Luxembourg,2014,130247.6617,82.01,11.777193007055235,81.72
lux,Luxembourg,2015,130097.2562,82.34,11.776037574347379,82.01
lux,Luxembourg,2016,133661.6497,82.74,11.803066883499742,82.34
lux,Luxembourg,2017,132169.834,82.81,11.791842995792829,82.74
lux,Luxembourg,2018,131733.8846,82.87,11.788539140895583,82.81
lux,Luxembourg,2019,132724.7527,82.92,11.796032734199054,82.87
lux,Luxembourg,2020,129865.63,82.2,11.774255579504345,82.92
lux,Luxembourg,2021,136772.4438,83.41,11.826073829669465,82.2
lux,Luxembourg,2022,132573.9944,83.37,11.794896216836078,83.41
lva,Latvia,1960,9022.76433,70.35,9.107506032845906,
lva,Latvia,1961,9445.5642,70.44,9.153300513461215,70.35
lva,Latvia,1962,9619.71377,70.15,9.17156978957885,70.44
lva,Latvia,1963,9332.76144,70.55,9.141286224326171,70.15
lva,Latvia,1964,10476.30973,71.58,9.256871770864468,70.55
lva,Latvia,1965,11019.02301,71.4,9.307378422696868,71.58
lva,Latvia,1966,11512.27808,71.31,9.351169403939116,71.4
lva,Latvia,1967,11984.55867,71.01,9.39137432266107,71.31
lva,Latvia,1968,12656.01685,70.72,9.445888021390873,71.01
lva,Latvia,1969,12806.73129,70.45,9.457726193711462,70.72
lva,Latvia,1970,13766.3362,70.46,9.529981485150278,70.45
lva,Latvia,1971,14097.98438,70.59,9.553787114374632,70.46
lva,Latvia,1972,14139.40427,70.27,9.556720807728523,70.59
lva,Latvia,1973,15292.157,70.21,9.635095361569773,70.27
lva,Latvia,1974,15457.62131,70.08,9.64585744937217,70.21
lva,Latvia,1975,15624.87597,69.47,9.656619536653096,70.08
lva,Latvia,1976,15793.94037,69.49,9.667381624566039,69.47
lva,Latvia,1977,15964.83408,69.37,9.678143712360772,69.49
lva,Latvia,1978,16137.57689,69.19,9.688905799822091,69.37
lva,Latvia,1979,16312.18882,69.04,9.699667887714515,69.19
lva,Latvia,1980,16488.69008,69.23,9.710429975163652,69.04
lva,Latvia,1981,16721.20375,69.17,9.72443287866443,69.23
lva,Latvia,1982,16939.22861,69.85,9.73738743056946,69.17
lva,Latvia,1983,17115.49244,69.67,9.74773932297222,69.85
lva,Latvia,1984,17433.18166,69.59,9.766130661155852,69.67
lva,Latvia,1985,16902.33881,69.93,9.735207282460257,69.59
lva,Latvia,1986,17171.41857,71.23,9.751001569581838,69.93
lva,Latvia,1987,16914.77321,71.27,9.735942673498558,71.23
lva,Latvia,1988,17474.66323,71.14,9.768507295385554,71.27
lva,Latvia,1989,18348.95904,70.34,9.817328123808224,71.14
lva,Latvia,1990,18469.45244,69.84,9.823873426841546,70.34
lva,Latvia,1991,16142.94604,69.44,9.689238455526656,69.84
lva,Latvia,1992,11060.66796,68.76,9.31115066746605,69.44
lva,Latvia,1993,10492.83985,66.94,9.258448384485447,68.76
lva,Latvia,1994,10870.31931,65.7,9.293791355028794,66.94
lva,Latvia,1995,10898.90733,66.69,9.296417818238245,65.7
lva,Latvia,1996,11246.71372,68.99,9.327831251181248,66.69
lva,Latvia,1997,12366.17297,69.69,9.422720037567188,68.99
lva,Latvia,1998,13270.62735,69.27,9.493308402018885,69.69
lva,Latvia,1999,13723.90657,70.14,9.526894596173179,69.27
lva,Latvia,2000,14631.5001,70.65,9.590932024642893,70.14
lva,Latvia,2001,15755.35528,70.13,9.664935604238613,70.65
lva,Latvia,2002,17128.81367,70.51,9.748517334395734,70.13
lva,Latvia,2003,18734.42372,70.96,9.838117951213738,70.51
lva,Latvia,2004,20570.08999,71.28,9.93159335745513,70.96
lva,Latvia,2005,23183.29827,70.93,10.05118739624524,71.28
lva,Latvia,2006,26380.36588,70.45,10.180375295773304,70.93
lva,Latvia,2007,29365.76926,70.92,10.287584964105921,70.45
lva,Latvia,2008,28681.14263,72.09,10.263995134575447,70.92
lva,Latvia,2009,24505.49003,72.88,10.106652454287147,72.09
lva,Latvia,2010,24119.73078,73.26,10.090785489087287,72.88
lva,Latvia,2011,25308.73221,73.89,10.138904761806527,73.26
lva,Latvia,2012,27496.54546,74.23,10.221815656127491,73.89
lva,Latvia,2013,28375.18429,74.19,10.253270249564375,74.23
lva,Latvia,2014,29243.74125,74.68,10.283420855405248,74.19
lva,Latvia,2015,30599.61331,75.08,10.32874265093252,74.68
lva,Latvia,2016,31668.51484,75.67,10.363078243579913,75.08
lva,Latvia,2017,33036.39159,75.75,10.405365008292975,75.67
lva,Latvia,2018,34729.70628,75.8,10.45535068846078,75.75
lva,Latvia,2019,35208.19346,75.86,10.469034103249745,75.8
lva,Latvia,2020,34225.8976,75.78,10.440737876255401,75.86
lva,Latvia,2021,36912.01306,73.9,10.51629233422795,75.78
lva,Latvia,2022,37681.04524,76.26,10.53691246822063,73.9
mar,Morocco,1960,2188.45529,46.67,7.69095122690433,
mar,Morocco,1961,2281.39294,48.77,7.732541473997968,46.67
mar,Morocco,1962,2355.77556,49.29,7.76462527707576,48.77
mar,Morocco,1963,2446.15422,49.66,7.8022723641369085,49.29
mar,Morocco,1964,2465.11847,50.31,7.809995146173832,49.66
mar,Morocco,1965,2437.59664,51.02,7.798767849265561,50.31
mar,Morocco,1966,2408.15573,51.61,7.786616476264483,51.02
mar,Morocco,1967,2449.68228,52.25,7.80371361349673,51.61
mar,Morocco,1968,2509.38945,52.92,7.827794755524525,52.25
mar,Morocco,1969,2606.14559,53.62,7.865627623353745,52.92
mar,Morocco,1970,2649.25657,54.28,7.882034339999025,53.62
mar,Morocco,1971,2692.40885,54.86,7.898191555161315,54.28
mar,Morocco,1972,2693.41635,55.46,7.898565685391814,54.86
mar,Morocco,1973,2709.65879,56.0,7.904577998197623,55.46
mar,Morocco,1974,2776.83927,56.62,7.9290686066256235,56.0
mar,Morocco,1975,2888.1817,57.11,7.968382413546085,56.62
mar,Morocco,1976,3108.52136,57.86,8.041902445167207,57.11
mar,Morocco,1977,3183.81354,58.62,8.06583498369169,57.86
mar,Morocco,1978,3168.08143,59.31,8.060881456518118,58.62
mar,Morocco,1979,3217.20287,59.9,8.076267587109585,59.31
mar,Morocco,1980,3317.33688,60.62,8.106917595442113,59.9
mar,Morocco,1981,3293.23822,61.29,8.09962662108995,60.62
mar,Morocco,1982,3629.55376,62.39,8.19686498857277,61.29
mar,Morocco,1983,3578.12079,63.04,8.182593022582127,62.39
mar,Morocco,1984,3696.52034,63.77,8.215147207484383,63.04
mar,Morocco,1985,3886.80894,64.41,8.26534377605526,63.77
mar,Morocco,1986,4132.82952,64.92,8.326717565173208,64.41
mar,Morocco,1987,3979.21328,65.3,8.288839410397813,64.92
mar,Morocco,1988,4371.53,65.74,8.382868341230362,65.3
mar,Morocco,1989,4470.30523,66.12,8.405211969392692,65.74
mar,Morocco,1990,4707.6158,66.69,8.456936859272835,66.12
mar,Morocco,1991,4945.55518,67.0,8.506244508735687,66.69
mar,Morocco,1992,4747.32519,66.91,8.465336620523521,67.0
mar,Morocco,1993,4622.96899,67.06,8.438792416200208,66.91
mar,Morocco,1994,5019.51317,67.48,8.521088229895447,67.06
mar,Morocco,1995,4661.20989,67.69,8.447030326468076,67.48
mar,Morocco,1996,5141.33474,68.14,8.545068001781765,67.69
mar,Morocco,1997,4969.39377,68.4,8.511053133783566,68.14
mar,Morocco,1998,5233.47973,68.75,8.562831676162379,68.4
mar,Morocco,1999,5223.66957,68.93,8.560955416658667,68.75
mar,Morocco,2000,5262.19116,69.51,8.568302789332625,68.93
mar,Morocco,2001,5571.15868,69.93,8.625358332831834,69.51
mar,Morocco,2002,5681.19619,70.26,8.644917086373782,69.93
mar,Morocco,2003,5935.52988,70.34,8.688711583597673,70.26
mar,Morocco,2004,6109.49798,70.55,8.717599885123901,70.34
mar,Morocco,2005,6201.10325,70.81,8.732482498751494,70.55
mar,Morocco,2006,6572.15745,71.01,8.790597436569508,70.81
mar,Morocco,2007,6685.63947,71.2,8.807717142403197,71.01
mar,Morocco,2008,6948.25428,71.38,8.84624572427336,71.2
mar,Morocco,2009,7088.24049,71.62,8.866192420885408,71.38
mar,Morocco,2010,7210.63672,71.86,8.883312537059448,71.62
mar,Morocco,2011,7503.79297,72.14,8.923163901019755,71.86
mar,Morocco,2012,7628.64404,72.33,8.939665394199734,72.14
mar,Morocco,2013,7839.03223,72.14,8.966870665674083,72.33
mar,Morocco,2014,7951.79834,72.35,8.981153388356901,72.14
mar,Morocco,2015,8198.80859,72.55,9.011744128793724,72.35
mar,Morocco,2016,8141.94043,72.76,9.00478381265198,72.55
mar,Morocco,2017,8450.00879,72.94,9.041922760587365,72.76
mar,Morocco,2018,8611.75,73.13,9.0608828288014,72.94
mar,Morocco,2019,8768.17578,73.34,9.0788840568883,73.13
mar,Morocco,2020,8054.56299,73.0,8.993994040880468,73.34
mar,Morocco,2021,8623.26562,73.12,9.06221913414252,73.0
mar,Morocco,2022,8666.0791,74.04,9.0671717298834,73.12
mco,Monaco,1960,34904.26718,70.9,10.46036436948421,
mco,Monaco,1961,37224.81078,71.09,10.524730774396241,70.9
mco,Monaco,1962,39700.94124,71.3,10.589130175210354,71.09
mco,Monaco,1963,42341.96922,71.5,10.653534053290828,71.3
mco,Monaco,1964,45157.65834,71.81,10.717915164394851,71.5
mco,Monaco,1965,48160.51026,72.08,10.782294675026243,71.81
mco,Monaco,1966,51363.71167,72.35,10.846687203470726,72.08
mco,Monaco,1967,54778.8007,72.61,10.911058549550761,72.35
mco,Monaco,1968,58422.6902,72.92,10.975459624179681,72.61
mco,Monaco,1969,62305.87429,73.26,11.039810990699669,72.92
mco,Monaco,1970,66449.31625,73.62,11.104194774396955,73.26
mco,Monaco,1971,70890.68473,73.88,11.168894317851645,73.62
mco,Monaco,1972,75170.97783,74.18,11.22752050233488,73.88
mco,Monaco,1973,81220.44983,74.47,11.304922339639136,74.18
mco,Monaco,1974,86071.36597,74.75,11.362932067971867,74.47
mco,Monaco,1975,86547.89318,74.99,11.368453218078153,74.75
mco,Monaco,1976,91861.81058,75.21,11.428040667896731,74.99
mco,Monaco,1977,96752.8608,75.42,11.479915179447122,75.21
mco,Monaco,1978,102348.1193,75.6,11.536135215737415,75.42
mco,Monaco,1979,107839.7564,75.79,11.588401667241506,75.6
mco,Monaco,1980,111555.3857,75.97,11.622276479286871,75.79
mco,Monaco,1981,114468.1877,76.15,11.648052226691448,75.97
mco,Monaco,1982,119165.777,76.19,11.688270886685956,76.15
mco,Monaco,1983,122519.4706,76.42,11.71602524001018,76.19
mco,Monaco,1984,126324.5535,76.73,11.746609695619922,76.42
mco,Monaco,1985,130554.6457,77.04,11.779547159093509,76.73
mco,Monaco,1986,135893.8147,77.35,11.819629085490508,77.04
mco,Monaco,1987,141520.7199,77.78,11.860201415734238,77.35
mco,Monaco,1988,150415.4541,77.85,11.921156438543584,77.78
mco,Monaco,1989,159211.6466,77.98,11.97798970675175,77.85
mco,Monaco,1990,166038.445,78.11,12.01997463690992,77.98
mco,Monaco,1991,170342.5597,78.24,12.045566745586981,78.11
mco,Monaco,1992,175340.5875,78.35,12.07448557577002,78.24
mco,Monaco,1993,176466.7462,78.44,12.08088773080583,78.35
mco,Monaco,1994,183286.656,78.51,12.118806632487171,78.44
mco,Monaco,1995,190296.1471,78.57,12.15633680662631,78.51
mco,Monaco,1996,195770.6682,78.62,12.18469919295371,78.57
mco,Monaco,1997,203764.869,78.68,12.224722005127557,78.62
mco,Monaco,1998,214744.4599,78.74,12.27720404160919,78.68
mco,Monaco,1999,225751.4628,78.79,12.327189950992457,78.74
mco,Monaco,2000,238547.0417,78.84,12.3823218096936,78.79
mco,Monaco,2001,246826.2616,78.88,12.416439973780271,78.84
mco,Monaco,2002,253119.6762,78.92,12.441617684325463,78.88
mco,Monaco,2003,259620.0048,78.95,12.466974320935545,78.92
mco,Monaco,2004,269933.6927,78.97,12.505931625227577,78.95
mco,Monaco,2005,278689.2909,78.98,12.537852787543398,78.97
mco,Monaco,2006,294763.3933,79.01,12.593928256892294,78.98
mco,Monaco,2007,335747.8329,79.08,12.724115659859814,79.01
mco,Monaco,2008,336887.0953,79.13,12.727503124416435,79.08
mco,Monaco,2009,308897.2706,79.15,12.640764042998423,79.13
mco,Monaco,2010,317914.6823,79.16,12.669538331110777,79.15
mco,Monaco,2011,341018.7763,79.21,12.739692817213115,79.16
mco,Monaco,2012,341018.7763,79.26,12.739692817213115,79.21
mco,Monaco,2013,339873.8466,79.33,12.736329788328424,79.26
mco,Monaco,2014,342110.8631,79.43,12.742890124626992,79.33
mco,Monaco,2015,345111.166,79.55,12.751621864401542,79.43
mco,Monaco,2016,349538.2275,79.68,12.764368212357104,79.55
mco,Monaco,2017,352820.3593,79.82,12.773714309216183,79.68
mco,Monaco,2018,356466.52,79.94,12.783995601382903,79.82
mco,Monaco,2019,382300.98,80.06,12.853963483113079,79.94
mco,Monaco,2020,332201.78,80.06,12.713497834364917,80.06
mco,Monaco,2021,401030.5,79.51,12.901792763246677,80.06
mco,Monaco,2022,440710.22,80.39,12.996142840940129,79.51
mda,Moldova,1960,7014.93299,58.42,8.855796440103196,
mda,Moldova,1961,7356.3516,58.83,8.903319382298088,58.42
mda,Moldova,1962,7502.45811,59.25,8.922985993826758,58.83
mda,Moldova,1963,7289.66817,59.65,8.894213305448186,59.25
mda,Moldova,1964,8225.36592,60.12,9.014978063397777,59.65
mda,Moldova,1965,8693.98111,60.77,9.070386238783552,60.12
mda,Moldova,1966,9129.81544,61.22,9.119300758707805,60.77
mda,Moldova,1967,9549.94599,61.7,9.164290777961401,61.22
mda,Moldova,1968,10136.36212,62.18,9.223884447487515,61.7
mda,Moldova,1969,10310.63151,62.66,9.240930827317515,62.18
mda,Moldova,1970,11140.80947,62.87,9.318370174216644,62.66
mda,Moldova,1971,11444.92655,63.05,9.345301814716445,62.87
mda,Moldova,1972,11517.99801,63.31,9.351666135293552,63.05
mda,Moldova,1973,12498.51811,63.52,9.433365365062643,63.31
mda,Moldova,1974,12640.04207,63.71,9.444624996018094,63.52
mda,Moldova,1975,12783.16853,64.05,9.455884625997253,63.71
mda,Moldova,1976,12927.91566,64.38,9.467144256915338,64.05
mda,Moldova,1977,13074.3018,64.83,9.478403887889723,64.38
mda,Moldova,1978,13222.3455,65.12,9.489663518243395,64.83
mda,Moldova,1979,13372.06554,65.61,9.500923148814248,65.12
mda,Moldova,1980,13523.48091,65.79,9.512182780216246,65.61
mda,Moldova,1981,14247.623,66.06,9.564345364765416,65.79
mda,Moldova,1982,15017.56707,66.15,9.6169759328372,66.06
mda,Moldova,1983,15587.35152,65.33,9.654215064361528,66.15
mda,Moldova,1984,15825.79408,65.7,9.669396424584425,65.33
mda,Moldova,1985,14192.78652,66.32,9.560489122968637,65.7
mda,Moldova,1986,15047.84477,67.88,9.618990055271095,66.32
mda,Moldova,1987,14959.95197,68.6,9.613132040961817,67.88
mda,Moldova,1988,14816.65101,68.58,9.60350689558047,68.6
mda,Moldova,1989,15707.61753,68.59,9.661901066661969,68.58
mda,Moldova,1990,15057.0714,68.27,9.619603020292274,68.59
mda,Moldova,1991,12543.18788,67.64,9.43693299878517,68.27
mda,Moldova,1992,8884.02104,67.81,9.09200955331408,67.64
mda,Moldova,1993,8781.81472,67.84,9.080438353199263,67.81
mda,Moldova,1994,6083.75393,66.37,8.713377207130607,67.84
mda,Moldova,1995,6025.91653,66.03,8.70382486795143,66.37
mda,Moldova,1996,5690.07246,66.87,8.646478261661436,66.03
mda,Moldova,1997,5815.49518,68.14,8.668281216959215,66.87
mda,Moldova,1998,5454.66196,68.84,8.604225927511093,68.14
mda,Moldova,1999,5296.88384,68.79,8.574873971910078,68.84
mda,Moldova,2000,5439.47218,68.86,8.601437309407393,68.79
mda,Moldova,2001,5807.35467,69.19,8.666880439794209,68.86
mda,Moldova,2002,6301.55086,69.14,8.74855105033916,69.19
mda,Moldova,2003,6766.93984,69.13,8.819804245990253,69.14
mda,Moldova,2004,7320.24172,69.39,8.89839862826807,69.13
mda,Moldova,2005,7928.45439,68.9,8.978213388948637,69.39
mda,Moldova,2006,8376.23856,69.37,9.033154233520145,68.9
mda,Moldova,2007,8695.70584,69.6,9.070584601181979,69.37
mda,Moldova,2008,9446.53942,69.93,9.153403754478783,69.6
mda,Moldova,2009,8944.8927,70.07,9.098838000342644,69.93
mda,Moldova,2010,9649.95099,69.95,9.174708115563657,70.07
mda,Moldova,2011,10217.30878,71.69,9.231838500313465,69.95
mda,Moldova,2012,10158.38547,71.97,9.226054798071802,71.69
mda,Moldova,2013,11080.06346,72.65,9.312902687721696,71.97
mda,Moldova,2014,11641.12084,72.33,9.362299008745863,72.65
mda,Moldova,2015,11691.07975,72.08,9.366581415470167,72.33
mda,Moldova,2016,12377.36668,72.63,9.423624816020228,72.08
mda,Moldova,2017,13118.82194,73.66,9.481803267308075,72.63
mda,Moldova,2018,13895.50437,73.99,9.539320640186409,73.66
mda,Moldova,2019,14621.24014,74.33,9.590230554603743,73.99
mda,Moldova,2020,13559.26002,73.52,9.514824989208886,74.33
mda,Moldova,2021,15682.07033,72.14,9.660273321540409,73.52
mda,Moldova,2022,15358.01536,71.9,9.639392790020214,72.14
mdg,Madagascar,1960,2175.46019,44.83,7.684995502751748,
mdg,Madagascar,1961,2193.4793,45.22,7.693244283588866,44.83
mdg,Madagascar,1962,2180.76136,45.65,7.687429342516772,45.22
mdg,Madagascar,1963,2074.60536,46.14,7.63752622662497,45.65
mdg,Madagascar,1964,2113.4766,46.6,7.656089548263509,46.14
mdg,Madagascar,1965,2053.9904,46.87,7.627539716670376,46.6
mdg,Madagascar,1966,2049.55873,46.88,7.625379795303523,46.87
mdg,Madagascar,1967,2154.52326,47.14,7.675324753005971,46.88
mdg,Madagascar,1968,2232.35972,47.55,7.71081447539009,47.14
mdg,Madagascar,1969,2253.33484,48.14,7.72016654900773,47.55
mdg,Madagascar,1970,2299.42762,48.44,7.740415510076671,48.14
mdg,Madagascar,1971,2325.34363,49.06,7.751623104949893,48.44
mdg,Madagascar,1972,2229.35459,49.82,7.709467401039008,49.06
mdg,Madagascar,1973,2112.51738,50.68,7.6556355864164205,49.82
mdg,Madagascar,1974,2082.65118,51.4,7.641396966844252,50.68
mdg,Madagascar,1975,2045.19482,52.03,7.623248330443005,51.4
mdg,Madagascar,1976,1919.77235,52.65,7.5599618902837875,52.03
mdg,Madagascar,1977,1904.27565,53.47,7.551856979032207,52.65
mdg,Madagascar,1978,1795.69259,54.1,7.493146070514863,53.47
mdg,Madagascar,1979,1908.44484,54.64,7.554043969488329,54.1
mdg,Madagascar,1980,1861.17224,54.9,7.52896180475073,54.64
mdg,Madagascar,1981,1723.60208,55.07,7.452171612517469,54.9
mdg,Madagascar,1982,1699.847,54.51,7.438293525994064,55.07
mdg,Madagascar,1983,1704.15817,54.69,7.440826525851447,54.51
mdg,Madagascar,1984,1686.84419,54.7,7.430614719063048,54.69
mdg,Madagascar,1985,1699.01582,54.79,7.437804432988205,54.7
mdg,Madagascar,1986,1699.53653,54.42,7.438110863462389,54.79
mdg,Madagascar,1987,1706.81747,54.39,7.442385786789936,54.42
mdg,Madagascar,1988,1748.99464,54.87,7.466796410405559,54.39
mdg,Madagascar,1989,1820.66171,55.44,7.506955290915844,54.87
mdg,Madagascar,1990,1882.9049,55.92,7.540571022867683,55.44
mdg,Madagascar,1991,1721.43084,56.26,7.450911107704943,55.92
mdg,Madagascar,1992,1698.58619,56.61,7.437551531087967,56.26
mdg,Madagascar,1993,1689.67217,56.58,7.432289806851609,56.61
mdg,Madagascar,1994,1644.73086,57.31,7.405332038871492,56.58
mdg,Madagascar,1995,1627.41075,57.92,7.39474553386935,57.31
mdg,Madagascar,1996,1616.12006,58.17,7.387783530875792,57.92
mdg,Madagascar,1997,1628.24251,58.39,7.395256497385223,58.17
mdg,Madagascar,1998,1642.9086,58.64,7.404223486544643,58.39
mdg,Madagascar,1999,1670.24698,59.1,7.420726786691394,58.64
mdg,Madagascar,2000,1694.67393,59.52,7.435245629627329,59.1
mdg,Madagascar,2001,1745.16802,59.95,7.464606116534228,59.52
mdg,Madagascar,2002,1486.11958,60.01,7.303923693103339,59.95
mdg,Madagascar,2003,1586.25455,60.27,7.369130887424799,60.01
mdg,Madagascar,2004,1623.16057,60.58,7.392130496693643,60.27
mdg,Madagascar,2005,1652.10454,61.1,7.409805232950444,60.58
mdg,Madagascar,2006,1691.25894,61.51,7.433228465502069,61.1
mdg,Madagascar,2007,1736.46208,61.89,7.459605034917192,61.51
mdg,Madagascar,2008,1798.6291,62.14,7.494780042600061,61.89
mdg,Madagascar,2009,1675.25797,62.32,7.423722444340844,62.14
mdg,Madagascar,2010,1635.24511,62.57,7.399547986468406,62.32
mdg,Madagascar,2011,1614.55138,62.9,7.386812413786101,62.57
mdg,Madagascar,2012,1617.79083,63.21,7.388816812376417,62.9
mdg,Madagascar,2013,1610.60231,63.52,7.3843634936085225,63.21
mdg,Madagascar,2014,1620.35789,63.83,7.390402323580341,63.52
mdg,Madagascar,2015,1627.58061,64.16,7.394849902810074,63.83
mdg,Madagascar,2016,1648.91227,64.5,7.407871119203755,64.16
mdg,Madagascar,2017,1669.72764,64.8,7.420415802289851,64.5
mdg,Madagascar,2018,1678.78623,65.11,7.425826329138449,64.8
mdg,Madagascar,2019,1707.83154,65.48,7.442979739507678,65.11
mdg,Madagascar,2020,1545.72714,64.79,7.3432497193919115,65.48
mdg,Madagascar,2021,1577.43246,64.1,7.363553778918766,64.79
mdg,Madagascar,2022,1602.71368,64.84,7.379453521559284,64.1
mdv,Maldives,1960,2613.29283,37.84,7.868366325831747,
mdv,Maldives,1961,2671.51911,38.78,7.890402544656913,37.84
mdv,Maldives,1962,2729.40117,39.65,7.911837512469562,38.78
mdv,Maldives,1963,2789.44558,40.35,7.933598138222725,39.65
mdv,Maldives,1964,2850.38384,41.56,7.955208944895819,40.35
mdv,Maldives,1965,2912.20701,42.56,7.976666495388803,41.56
mdv,Maldives,1966,2974.90625,43.41,7.997967804878155,42.56
mdv,Maldives,1967,3039.71142,44.56,8.019517862262775,43.41
mdv,Maldives,1968,3105.36819,45.62,8.040887567047706,44.56
mdv,Maldives,1969,3169.4043,46.42,8.061298931231457,45.62
mdv,Maldives,1970,3237.97352,47.53,8.082702956316556,46.42
mdv,Maldives,1971,3282.44295,48.47,8.09634322598022,47.53
mdv,Maldives,1972,3231.59194,49.44,8.080730155481884,48.47
mdv,Maldives,1973,3152.50792,50.08,8.05595358012775,49.44
mdv,Maldives,1974,3203.45723,50.84,8.071985889967632,50.08
mdv,Maldives,1975,2838.14749,51.69,7.950906826066579,50.84
mdv,Maldives,1976,2755.88025,52.33,7.921492180536422,51.69
mdv,Maldives,1977,2963.9537,52.66,7.994279365511246,52.33
mdv,Maldives,1978,3287.72662,51.48,8.097951607950495,52.66
mdv,Maldives,1979,3514.25866,54.64,8.164583874461524,51.48
mdv,Maldives,1980,4016.20403,55.95,8.29809246436394,54.64
mdv,Maldives,1981,4447.50923,57.02,8.400099494861053,55.95
mdv,Maldives,1982,4584.41723,58.01,8.430418273013528,57.02
mdv,Maldives,1983,4920.16105,59.19,8.501096542690455,58.01
mdv,Maldives,1984,5856.93005,60.44,8.675380863044246,59.19
mdv,Maldives,1985,6514.98416,61.65,8.781860058243634,60.44
mdv,Maldives,1986,6916.36576,62.61,8.84164573146607,61.65
mdv,Maldives,1987,7430.21404,63.44,8.913309944833887,62.61
mdv,Maldives,1988,8039.41989,64.18,8.992112206584785,63.44
mdv,Maldives,1989,8781.97196,64.92,9.080456258222009,64.18
mdv,Maldives,1990,8823.64682,65.48,9.085190535200315,64.92
mdv,Maldives,1991,8831.00242,66.01,9.086023811503415,65.48
mdv,Maldives,1992,9145.30985,66.58,9.120996442153666,66.01
mdv,Maldives,1993,9415.02871,67.3,9.150062490475875,66.58
mdv,Maldives,1994,9878.00434,68.14,9.198065780460668,67.3
mdv,Maldives,1995,10783.17689,68.72,9.285742503273163,68.14
mdv,Maldives,1996,11391.02351,69.19,9.340580912807887,68.72
mdv,Maldives,1997,12113.61825,69.84,9.402085573919035,69.19
mdv,Maldives,1998,12792.66349,70.84,9.456627120742198,69.84
mdv,Maldives,1999,13357.52998,71.59,9.499835548261375,70.84
mdv,Maldives,2000,13643.94781,72.23,9.521051318406624,71.59
mdv,Maldives,2001,12884.92356,72.75,9.46381319058924,72.23
mdv,Maldives,2002,13586.38972,73.72,9.516823814751282,72.75
mdv,Maldives,2003,15196.64198,74.44,9.628829760059006,73.72
mdv,Maldives,2004,15837.69504,73.86,9.670148139628544,74.44
mdv,Maldives,2005,13823.02455,75.77,9.534090926488245,73.86
mdv,Maldives,2006,16732.71966,76.31,9.725121342634035,75.77
mdv,Maldives,2007,17375.84649,76.81,9.76283638809519,76.31
mdv,Maldives,2008,18307.67501,77.2,9.815075650359695,76.81
mdv,Maldives,2009,16218.08905,77.49,9.693882506302105,77.2
mdv,Maldives,2010,16730.01442,77.77,9.724959655905185,77.49
mdv,Maldives,2011,17581.76767,78.04,9.774617716241233,77.77
mdv,Maldives,2012,17390.14752,78.3,9.763659090348575,78.04
mdv,Maldives,2013,17986.89076,78.51,9.797398480434385,78.3
mdv,Maldives,2014,18765.35922,78.69,9.839767854471425,78.51
mdv,Maldives,2015,18829.44816,78.87,9.84317731479584,78.69
mdv,Maldives,2016,19345.17923,78.89,9.870198532018032,78.87
mdv,Maldives,2017,20036.71655,78.94,9.905321696964394,78.89
mdv,Maldives,2018,21072.58054,79.01,9.95572797390728,78.94
mdv,Maldives,2019,21855.50123,79.07,9.992207941374396,79.01
mdv,Maldives,2020,14242.97508,78.83,9.564019087301658,79.07
mdv,Maldives,2021,19052.62249,78.88,9.854960034597156,78.83
mdv,Maldives,2022,21357.81125,79.79,9.969172818254478,78.88
mex,Mexico,1960,6195.71106,57.15,8.731612567137578,
mex,Mexico,1961,6259.48894,58.17,8.741853821783867,57.15
mex,Mexico,1962,6330.97344,59.14,8.753209285305505,58.17
mex,Mexico,1963,6658.0724,58.94,8.803585292212224,59.14
mex,Mexico,1964,7255.87709,59.54,8.88956705256661,58.94
mex,Mexico,1965,7463.4367,59.87,8.917771270761786,59.54
mex,Mexico,1966,7712.85462,60.4,8.950643647059355,59.87
mex,Mexico,1967,7922.02837,60.83,8.977402559341822,60.4
mex,Mexico,1968,8325.22152,61.0,9.02704492350364,60.83
mex,Mexico,1969,8478.97904,61.23,9.045345325311326,61.0
mex,Mexico,1970,8762.4808,61.44,9.078234340184952,61.23
mex,Mexico,1971,8817.83384,62.49,9.084531522465227,61.44
mex,Mexico,1972,9255.50862,62.75,9.13297417973743,62.49
mex,Mexico,1973,9701.12494,63.0,9.17999713096298,62.75
mex,Mexico,1974,9967.80562,63.69,9.207115740435816,63.0
mex,Mexico,1975,10223.41675,64.21,9.232436127846091,63.69
mex,Mexico,1976,10360.96493,64.62,9.245800651437607,64.21
mex,Mexico,1977,10416.88674,65.06,9.251183493313265,64.62
mex,Mexico,1978,11013.80977,65.9,9.306905198019011,65.06
mex,Mexico,1979,11740.65113,65.93,9.370812554365394,65.9
mex,Mexico,1980,12441.44918,66.19,9.428788853077453,65.93
mex,Mexico,1981,13966.96086,66.57,9.544449880982091,66.19
mex,Mexico,1982,14106.62773,67.15,9.554400017699582,66.57
mex,Mexico,1983,13532.3153,67.76,9.512835829954305,67.15
mex,Mexico,1984,14021.41056,68.36,9.548340766084026,67.76
mex,Mexico,1985,14303.97823,68.62,9.568292975460235,68.36
mex,Mexico,1986,13696.8841,69.23,9.524923647992077,68.62
mex,Mexico,1987,13937.63651,69.65,9.542348122593971,69.23
mex,Mexico,1988,14200.64818,69.92,9.561042889026456,69.65
mex,Mexico,1989,14892.97908,70.33,9.608645178198115,69.92
mex,Mexico,1990,15841.15468,70.85,9.670366559176244,70.33
mex,Mexico,1991,16273.74164,71.29,9.697308145500745,70.85
mex,Mexico,1992,16640.00505,71.55,9.719565017860731,71.29
mex,Mexico,1993,16863.94888,71.82,9.732933420027196,71.55
mex,Mexico,1994,17391.17589,72.18,9.76371822380869,71.82
mex,Mexico,1995,16144.99144,72.35,9.689365152997128,72.18
mex,Mexico,1996,16915.30402,72.69,9.735974054449683,72.35
mex,Mexico,1997,17918.65866,72.93,9.793597832164904,72.69
mex,Mexico,1998,18779.0132,73.2,9.840495206120787,72.93
mex,Mexico,1999,19120.57055,73.69,9.858520026641346,73.2
mex,Mexico,2000,19908.14321,74.21,9.898884133543087,73.69
mex,Mexico,2001,19620.26506,74.57,9.884318242712094,74.21
mex,Mexico,2002,19395.26617,74.62,9.872784303420012,74.57
mex,Mexico,2003,19422.80593,74.68,9.874203218019872,74.62
mex,Mexico,2004,19911.1135,75.05,9.899033322164419,74.68
mex,Mexico,2005,20124.2296,75.01,9.909679820808696,75.05
mex,Mexico,2006,20853.26453,75.34,9.945265787153057,75.01
mex,Mexico,2007,21036.09314,75.57,9.953994962347275,75.34
mex,Mexico,2008,20956.7633,75.24,9.95021670380064,75.57
mex,Mexico,2009,19376.05357,75.05,9.87179323054958,75.24
mex,Mexico,2010,20058.38548,75.25,9.90640257373051,75.05
mex,Mexico,2011,20457.60017,75.55,9.926109738882278,75.25
mex,Mexico,2012,20898.93572,75.72,9.94745351416827,75.55
mex,Mexico,2013,20805.34804,75.52,9.942965349948112,75.72
mex,Mexico,2014,21069.76616,75.61,9.9555944084927,75.52
mex,Mexico,2015,21408.92832,75.73,9.971563325216497,75.61
mex,Mexico,2016,21578.26336,75.47,9.97944176106044,75.73
mex,Mexico,2017,21777.52251,75.5,9.988633639328146,75.47
mex,Mexico,2018,21997.77301,75.48,9.998696500398491,75.5
mex,Mexico,2019,21704.18595,75.63,9.985260421847219,75.48
mex,Mexico,2020,19728.48178,71.48,9.889818646233266,75.63
mex,Mexico,2021,20782.58774,71.56,9.941870787217574,71.48
mex,Mexico,2022,21392.11146,76.27,9.970777509687164,71.56
mhl,Marshall Islands,1960,2274.83666,56.34,7.729663531005268,
mhl,Marshall Islands,1961,2327.15923,56.66,7.752403588120694,56.34
mhl,Marshall Islands,1962,2382.16432,56.95,7.775764731582974,56.66
mhl,Marshall Islands,1963,2438.51489,57.24,7.7991444813443005,56.95
mhl,Marshall Islands,1964,2496.2112,57.58,7.822529341294254,57.24
mhl,Marshall Islands,1965,2555.25356,57.9,7.845906738418273,57.58
mhl,Marshall Islands,1966,2614.30431,58.18,7.868753302863655,57.9
mhl,Marshall Islands,1967,2676.03951,58.46,7.892093185713115,58.18
mhl,Marshall Islands,1968,2739.12161,58.74,7.915392567693298,58.46
mhl,Marshall Islands,1969,2803.5509,59.04,7.938642071275495,58.74
mhl,Marshall Islands,1970,2869.32766,59.36,7.961833016501018,59.04
mhl,Marshall Islands,1971,2937.79058,59.72,7.985413074411134,59.36
mhl,Marshall Islands,1972,3004.92475,60.04,8.008007805058424,59.72
mhl,Marshall Islands,1973,3076.08425,60.47,8.03141271971729,60.04
mhl,Marshall Islands,1974,3390.89496,60.92,8.128849165532628,60.47
mhl,Marshall Islands,1975,3255.91954,61.29,8.08823001551489,60.92
mhl,Marshall Islands,1976,3147.70242,61.68,8.054428075208836,61.29
mhl,Marshall Islands,1977,3118.46931,62.02,8.04509755464791,61.68
mhl,Marshall Islands,1978,3188.3231,62.34,8.067250383582692,62.02
mhl,Marshall Islands,1979,3144.35788,62.65,8.053364976587549,62.34
mhl,Marshall Islands,1980,2807.08848,62.87,7.939903097062108,62.65
mhl,Marshall Islands,1981,2866.22013,63.08,7.960749412835649,62.87
mhl,Marshall Islands,1982,2827.5803,63.23,7.947176607233344,63.08
mhl,Marshall Islands,1983,3142.57512,62.82,8.0527978447133,63.23
mhl,Marshall Islands,1984,3081.17555,62.91,8.033066475227283,62.82
mhl,Marshall Islands,1985,2863.01797,63.07,7.95963158171132,62.91
mhl,Marshall Islands,1986,3344.22184,63.26,8.11498931171713,63.07
mhl,Marshall Islands,1987,3611.10581,63.4,8.191769322980532,63.26
mhl,Marshall Islands,1988,3781.5461,63.3,8.2378882261513,63.4
mhl,Marshall Islands,1989,3667.90546,63.12,8.207376058780289,63.3
mhl,Marshall Islands,1990,3900.02392,62.88,8.268737965432262,63.12
mhl,Marshall Islands,1991,3820.17466,62.79,8.248051423068468,62.88
mhl,Marshall Islands,1992,4021.68972,62.69,8.299457421658058,62.79
mhl,Marshall Islands,1993,4203.32995,62.77,8.3436323353738,62.69
mhl,Marshall Islands,1994,4398.29848,63.43,8.3889730360242,62.77
mhl,Marshall Islands,1995,4711.424,63.33,8.457745476772784,63.43
mhl,Marshall Islands,1996,4189.098,63.28,8.340240715278304,63.33
mhl,Marshall Islands,1997,3887.95484,63.14,8.265638550286535,63.28
mhl,Marshall Islands,1998,3817.27494,63.07,8.247292080541525,63.14
mhl,Marshall Islands,1999,3727.63344,62.99,8.223528844790888,63.07
mhl,Marshall Islands,2000,3800.07744,62.67,8.242776724454197,62.99
mhl,Marshall Islands,2001,4017.18911,62.95,8.298337710672136,62.67
mhl,Marshall Islands,2002,4126.32541,62.98,8.325142558674443,62.95
mhl,Marshall Islands,2003,4044.94902,63.01,8.305224226199327,62.98
mhl,Marshall Islands,2004,4012.28804,63.07,8.297116941120867,63.01
mhl,Marshall Islands,2005,4074.82182,63.14,8.312582299565616,63.07
mhl,Marshall Islands,2006,4076.50248,63.19,8.3129946644678,63.14
mhl,Marshall Islands,2007,4222.31016,63.37,8.348137688523838,63.19
mhl,Marshall Islands,2008,3909.90973,63.56,8.271269565756382,63.37
mhl,Marshall Islands,2009,4047.51962,63.75,8.305859532976731,63.56
mhl,Marshall Islands,2010,4269.35843,63.95,8.35921884434844,63.75
mhl,Marshall Islands,2011,4259.11602,64.16,8.356816910688597,63.95
mhl,Marshall Islands,2012,4244.04434,64.38,8.353271947370155,64.16
mhl,Marshall Islands,2013,4469.85358,64.59,8.405110930918994,64.38
mhl,Marshall Islands,2014,4491.99194,64.77,8.410051521555744,64.59
mhl,Marshall Islands,2015,4670.10918,64.92,8.448937729404648,64.77
mhl,Marshall Islands,2016,4896.52196,65.06,8.4962804279869,64.92
mhl,Marshall Islands,2017,5199.34448,65.22,8.556287835084634,65.06
mhl,Marshall Islands,2018,5635.3075,65.35,8.636806994638956,65.22
mhl,Marshall Islands,2019,6405.07565,65.49,8.764846025346174,65.35
mhl,Marshall Islands,2020,6417.18441,65.73,8.766734735065505,65.49
mhl,Marshall Islands,2021,6705.87529,66.02,8.810739330074247,65.73
mhl,Marshall Islands,2022,6844.33468,65.9,8.831176535043811,66.02
mkd,North Macedonia,1960,4860.58178,57.49,8.48891341754906,
mkd,North Macedonia,1961,4929.30217,59.33,8.502952709350577,57.49
mkd,North Macedonia,1962,4976.40283,58.61,8.512462585724364,59.33
mkd,North Macedonia,1963,5788.38156,57.43,8.663608008177055,58.61
mkd,North Macedonia,1964,7409.08656,60.46,8.910462439436547,57.43
mkd,North Macedonia,1965,6711.22549,61.77,8.811536849653374,60.46
mkd,North Macedonia,1966,7226.76909,63.85,8.885547339755517,61.77
mkd,North Macedonia,1967,7473.3005,63.74,8.919092014549639,63.85
mkd,North Macedonia,1968,7643.83768,64.35,8.941655070179179,63.74
mkd,North Macedonia,1969,8363.16246,64.24,9.031591919236128,64.35
mkd,North Macedonia,1970,8937.43944,65.32,9.09800441103525,64.24
mkd,North Macedonia,1971,9407.34068,66.29,9.149245586900323,65.32
mkd,North Macedonia,1972,9746.64881,66.82,9.184678793114584,66.29
mkd,North Macedonia,1973,10224.68282,67.78,9.232559960380971,66.82
mkd,North Macedonia,1974,10686.98659,68.5,9.276782073728564,67.78
mkd,North Macedonia,1975,11052.65784,68.7,9.310426206530343,68.5
mkd,North Macedonia,1976,11410.63675,69.32,9.342301247609262,68.7
mkd,North Macedonia,1977,11994.25686,69.64,9.392183219206997,69.32
mkd,North Macedonia,1978,12831.49403,69.72,9.459657898998476,69.64
mkd,North Macedonia,1979,13597.10981,69.97,9.517612535169262,69.72
mkd,North Macedonia,1980,13618.21783,70.09,9.519163721655913,69.97
mkd,North Macedonia,1981,13680.65186,70.26,9.523737840626083,70.09
mkd,North Macedonia,1982,13745.92667,70.81,9.528497817024515,70.26
mkd,North Macedonia,1983,13412.82201,69.46,9.503966394852066,70.81
mkd,North Macedonia,1984,13807.75424,70.14,9.532985614787064,69.46
mkd,North Macedonia,1985,13661.9787,70.54,9.52237197622163,70.14
mkd,North Macedonia,1986,14580.01162,70.48,9.587406802544498,70.54
mkd,North Macedonia,1987,14361.28488,69.86,9.572291314922568,70.48
mkd,North Macedonia,1988,13886.20083,69.4,9.53865087997689,69.86
mkd,North Macedonia,1989,14134.72809,69.37,9.556390033296042,69.4
mkd,North Macedonia,1990,12713.52078,70.48,9.450421334478289,69.37
mkd,North Macedonia,1991,11973.81093,70.75,9.390477121315536,70.48
mkd,North Macedonia,1992,11271.25181,70.3,9.330010675399665,70.75
mkd,North Macedonia,1993,10514.48801,70.21,9.260509395558088,70.3
mkd,North Macedonia,1994,10388.95468,70.55,9.24849847075473,70.21
mkd,North Macedonia,1995,10254.37446,70.71,9.235459670108696,70.55
mkd,North Macedonia,1996,10326.39768,70.97,9.242458777190745,70.71
mkd,North Macedonia,1997,10553.29839,71.19,9.264193733643282,70.97
mkd,North Macedonia,1998,10877.77861,71.1,9.29447732768902,71.19
mkd,North Macedonia,1999,11322.168,71.37,9.334517852854297,71.1
mkd,North Macedonia,2000,11809.58873,71.55,9.376667084706973,71.37
mkd,North Macedonia,2001,11422.40041,71.43,9.34333165464258,71.55
mkd,North Macedonia,2002,11686.62394,71.55,9.366200213782179,71.43
mkd,North Macedonia,2003,11953.65794,71.68,9.388792614285148,71.55
mkd,North Macedonia,2004,12570.3932,72.18,9.439099581922425,71.68
mkd,North Macedonia,2005,13252.08051,72.46,9.491909838710718,72.18
mkd,North Macedonia,2006,14028.64075,72.32,9.548856286721064,72.46
mkd,North Macedonia,2007,15043.63907,72.42,9.618710527677855,72.32
mkd,North Macedonia,2008,15983.2583,72.89,9.679297097159045,72.42
mkd,North Macedonia,2009,16055.28825,72.98,9.683793560270885,72.89
mkd,North Macedonia,2010,16730.16875,73.41,9.72496888060065,72.98
mkd,North Macedonia,2011,17200.28883,73.74,9.752681455102413,73.41
mkd,North Macedonia,2012,17189.04892,73.69,9.752027769330274,73.74
mkd,North Macedonia,2013,17757.24956,73.96,9.784549137435894,73.69
mkd,North Macedonia,2014,18451.19,73.95,9.822884146033712,73.96
mkd,North Macedonia,2015,19214.0158,73.95,9.863395281286406,73.95
mkd,North Macedonia,2016,19824.6806,73.84,9.894682935402269,73.95
mkd,North Macedonia,2017,20119.94289,74.12,9.909466785740461,73.84
mkd,North Macedonia,2018,20804.77627,74.27,9.942937867694235,74.12
mkd,North Macedonia,2019,21765.68543,74.37,9.988089945794684,74.27
mkd,North Macedonia,2020,20970.28714,72.33,9.95086181669683,74.37
mkd,North Macedonia,2021,22142.97287,71.05,10.005275473219509,72.33
mkd,North Macedonia,2022,22820.9765,71.1,10.035435413911584,71.05
mli,Mali,1960,1092.76791,37.66,6.996469123451253,
mli,Mali,1961,1068.52274,37.87,6.974032356704009,37.66
mli,Mali,1962,1041.56763,38.08,6.948482193782459,37.87
mli,Mali,1963,1086.67834,38.31,6.990880927966233,38.08
mli,Mali,1964,1032.20774,38.43,6.939455224233306,38.31
mli,Mali,1965,1027.12129,38.65,6.934515304220976,38.43
mli,Mali,1966,1040.73593,38.94,6.947683366886896,38.65
mli,Mali,1967,1027.86013,39.2,6.9352343764467825,38.94
mli,Mali,1968,1047.56306,39.48,6.954221850461644,39.2
mli,Mali,1969,1020.52044,39.72,6.928068011446668,39.48
mli,Mali,1970,1066.06742,40.21,6.971731848504471,39.72
mli,Mali,1971,1071.91609,40.47,6.977203064313427,40.21
mli,Mali,1972,1102.03761,41.12,7.004916117987108,40.47
mli,Mali,1973,1053.18606,41.54,6.95957519168192,41.12
mli,Mali,1974,1006.40705,41.92,6.914141891088572,41.54
mli,Mali,1975,1106.25572,42.42,7.008736366930241,41.92
mli,Mali,1976,1225.66573,43.05,7.111239428422916,42.42
mli,Mali,1977,1279.54613,43.74,7.154260708095705,43.05
mli,Mali,1978,1227.50185,44.38,7.11273636679585,43.74
mli,Mali,1979,1396.33862,45.15,7.241608818378227,44.38
mli,Mali,1980,1259.57579,45.75,7.138530268654731,45.15
mli,Mali,1981,1243.36915,46.15,7.125580030525348,45.75
mli,Mali,1982,1141.83818,46.78,7.040394681401655,46.15
mli,Mali,1983,1183.01828,47.36,7.0758243160990695,46.78
mli,Mali,1984,1218.35102,47.73,7.1052536005102604,47.36
mli,Mali,1985,1250.14599,48.26,7.131015615476692,47.73
mli,Mali,1986,1316.96961,49.01,7.183088626306202,48.26
mli,Mali,1987,1341.69507,49.35,7.201689071146804,49.01
mli,Mali,1988,1346.88602,49.7,7.205550555161193,49.35
mli,Mali,1989,1497.99379,50.02,7.311882018541202,49.7
mli,Mali,1990,1608.62074,50.19,7.383132407585907,50.02
mli,Mali,1991,1717.95379,50.65,7.448889204627158,50.19
mli,Mali,1992,1627.9844,50.96,7.395097964206992,50.65
mli,Mali,1993,1643.65044,51.3,7.404674925270417,50.96
mli,Mali,1994,1665.59941,51.36,7.417940343633937,51.3
mli,Mali,1995,1648.98994,51.66,7.407918221873919,51.36
mli,Mali,1996,1724.82228,51.89,7.452879298070952,51.66
mli,Mali,1997,1772.25675,51.15,7.480009013445605,51.89
mli,Mali,1998,1849.6078,50.99,7.522728895597194,51.15
mli,Mali,1999,1905.1402,52.93,7.552310880653288,50.99
mli,Mali,2000,1854.02231,53.28,7.5251127794946076,52.93
mli,Mali,2001,2085.90553,53.82,7.642958346903371,53.28
mli,Mali,2002,2093.25341,54.28,7.6464747901289565,53.82
mli,Mali,2003,2217.92891,54.91,7.704329115999,54.28
mli,Mali,2004,2186.81189,55.65,7.690200004174528,54.91
mli,Mali,2005,2280.77116,56.16,7.732268892832442,55.65
mli,Mali,2006,2358.76971,56.6,7.7658954527686745,56.16
mli,Mali,2007,2378.00868,57.11,7.774018727370222,56.6
mli,Mali,2008,2458.1025,57.57,7.807144989826105,57.11
mli,Mali,2009,2498.01449,58.0,7.823251491309212,57.57
mli,Mali,2010,2594.41565,58.44,7.861116587198165,58.0
mli,Mali,2011,2612.84826,58.9,7.868196192651867,58.44
mli,Mali,2012,2523.17698,59.15,7.833274092831709,58.9
mli,Mali,2013,2508.92142,59.16,7.827608226625267,59.15
mli,Mali,2014,2615.67031,59.53,7.869275676347396,59.16
mli,Mali,2015,2686.55974,59.88,7.896016747033118,59.53
mli,Mali,2016,2759.10958,60.4,7.922663290717448,59.88
mli,Mali,2017,2816.19329,60.84,7.943141354837095,60.4
mli,Mali,2018,2862.40632,61.23,7.959417920689412,60.84
mli,Mali,2019,2916.17069,61.83,7.978026627080698,61.23
mli,Mali,2020,2796.41038,60.76,7.936091866546261,61.83
mli,Mali,2021,2796.22794,61.08,7.936026623635983,60.76
mli,Mali,2022,2808.52247,61.57,7.940413812652606,61.08
mlt,Malta,1960,2895.57557,69.08,7.970939185444592,
mlt,Malta,1961,2859.17892,69.18,7.9582897716863235,69.08
mlt,Malta,1962,2729.92769,69.31,7.912030400648726,69.18
mlt,Malta,1963,2721.14014,69.41,7.908806240580858,69.31
mlt,Malta,1964,2796.48698,69.56,7.93611925843103,69.41
mlt,Malta,1965,3006.62798,69.73,8.008574457343475,69.56
mlt,Malta,1966,3328.86166,69.96,8.11038568068872,69.73
mlt,Malta,1967,3536.55537,70.17,8.170908473076228,69.96
mlt,Malta,1968,3872.60383,70.42,8.261682384068447,70.17
mlt,Malta,1969,4075.59331,70.63,8.312771612622681,70.42
mlt,Malta,1970,4546.48194,70.93,8.422109012871704,70.63
mlt,Malta,1971,4640.31795,71.17,8.442538166579556,70.93
mlt,Malta,1972,4938.54696,71.41,8.504826429263183,71.17
mlt,Malta,1973,5095.19961,71.58,8.536054122514525,71.41
mlt,Malta,1974,5560.7281,71.78,8.623484331908411,71.58
mlt,Malta,1975,6565.24025,71.98,8.78954438164993,71.78
mlt,Malta,1976,7616.87333,72.19,8.938121240327723,71.98
mlt,Malta,1977,8453.65171,72.39,9.042353782028714,72.19
mlt,Malta,1978,9229.80897,72.36,9.130193630641333,72.39
mlt,Malta,1979,10027.3056,72.57,9.213067210769672,72.36
mlt,Malta,1980,10430.15972,72.74,9.252456861396263,72.57
mlt,Malta,1981,11231.25723,73.1,9.326455994271228,72.74
mlt,Malta,1982,11732.00388,73.39,9.370075760816688,73.1
mlt,Malta,1983,11937.69594,73.72,9.38745639847627,73.39
mlt,Malta,1984,12410.41929,74.26,9.426291664090433,73.72
mlt,Malta,1985,12944.76512,74.73,9.468446747563705,74.26
mlt,Malta,1986,13373.74802,75.29,9.501048961401585,74.73
mlt,Malta,1987,14181.58281,75.78,9.559699416564808,75.29
mlt,Malta,1988,15461.66421,76.08,9.646118962531679,75.78
mlt,Malta,1989,16893.65874,76.26,9.734693608012387,76.08
mlt,Malta,1990,18050.97561,76.59,9.80095501271587,76.26
mlt,Malta,1991,18722.11764,76.85,9.837460865428667,76.59
mlt,Malta,1992,19406.20066,77.04,9.873347915632786,76.85
mlt,Malta,1993,20081.09299,77.34,9.907534004097219,77.04
mlt,Malta,1994,21025.58432,77.69,9.953495276131543,77.34
mlt,Malta,1995,22211.29199,77.84,10.008356086740925,77.69
mlt,Malta,1996,22906.59353,78.02,10.03918007517352,77.84
mlt,Malta,1997,23936.36716,78.2,10.083154219894526,78.02
mlt,Malta,1998,25007.61887,78.49,10.126935812222026,78.2
mlt,Malta,1999,26040.33094,78.62,10.167401805151119,78.49
mlt,Malta,2000,30472.6794,78.83,10.324585803788073,78.62
mlt,Malta,2001,30125.32912,79.03,10.313121595878505,78.83
mlt,Malta,2002,30781.2392,79.13,10.334660666491494,79.03
mlt,Malta,2003,31725.70052,79.32,10.364882373347475,79.13
mlt,Malta,2004,31699.24739,79.62,10.364048217943155,79.32
mlt,Malta,2005,32482.84961,79.98,10.388467524725215,79.62
mlt,Malta,2006,33165.59803,80.26,10.409268413758488,79.98
mlt,Malta,2007,34758.54591,80.41,10.456180746225852,80.26
mlt,Malta,2008,36111.44129,80.58,10.49436502734924,80.41
mlt,Malta,2009,35403.97747,80.83,10.474579450719792,80.58
mlt,Malta,2010,37492.67548,81.08,10.531900872347629,80.83
mlt,Malta,2011,37704.496,81.2,10.537534623619946,81.08
mlt,Malta,2012,38899.98733,81.36,10.568749203899543,81.2
mlt,Malta,2013,40882.02394,81.59,10.61844573294754,81.36
mlt,Malta,2014,43121.60831,81.82,10.671779503356696,81.59
mlt,Malta,2015,46127.62084,82.18,10.739167200108016,81.82
mlt,Malta,2016,46922.18901,82.25,10.756245955771215,82.18
mlt,Malta,2017,51578.98126,82.38,10.85086952856173,82.25
mlt,Malta,2018,53367.94767,82.5,10.884965613838729,82.38
mlt,Malta,2019,53342.21379,82.57,10.884483300249343,82.5
mlt,Malta,2020,50392.95912,82.72,10.827606744300507,82.57
mlt,Malta,2021,56802.01025,83.14,10.947326995808323,82.72
mlt,Malta,2022,57781.49999,83.07,10.96442393405017,83.14
mmr,Myanmar,1960,985.52672,38.74,6.893176239365758,
mmr,Myanmar,1961,981.27612,39.07,6.888853887850616,38.74
mmr,Myanmar,1962,1038.27886,39.57,6.945319678897956,39.07
mmr,Myanmar,1963,1070.48018,40.09,6.975862593145587,39.57
mmr,Myanmar,1964,1030.30781,40.31,6.937612881238705,40.09
mmr,Myanmar,1965,1052.32577,40.76,6.958758012661013,40.31
mmr,Myanmar,1966,979.46889,41.18,6.887010475777598,40.76
mmr,Myanmar,1967,952.37483,41.54,6.858958686292042,41.18
mmr,Myanmar,1968,996.8859,41.66,6.9046363200827106,41.54
mmr,Myanmar,1969,1004.00352,42.2,6.911750806221624,41.66
mmr,Myanmar,1970,1031.36192,43.09,6.938635460244949,42.2
mmr,Myanmar,1971,1028.49264,44.22,6.935849553014903,43.09
mmr,Myanmar,1972,994.92622,44.96,6.902668583655521,44.22
mmr,Myanmar,1973,982.78993,45.66,6.890395394359285,44.96
mmr,Myanmar,1974,990.69663,46.39,6.8984083623379915,45.66
mmr,Myanmar,1975,1004.47606,47.02,6.9122213512183714,46.39
mmr,Myanmar,1976,1031.1575,47.8,6.93843723665618,47.02
mmr,Myanmar,1977,1058.93353,48.47,6.9650175768703955,47.8
mmr,Myanmar,1978,1089.90523,49.09,6.99384602648913,48.47
mmr,Myanmar,1979,1116.80655,50.01,7.018228596962256,49.09
mmr,Myanmar,1980,1166.11196,50.57,7.061430382883947,50.01
mmr,Myanmar,1981,1196.02093,51.12,7.086755434357454,50.57
mmr,Myanmar,1982,1219.1142,51.7,7.105879808440267,51.12
mmr,Myanmar,1983,1235.93727,52.29,7.119584884302504,51.7
mmr,Myanmar,1984,1249.55279,52.86,7.1305409982821075,52.29
mmr,Myanmar,1985,1231.83888,53.38,7.116263356320338,52.86
mmr,Myanmar,1986,1172.3242,53.9,7.066743553044788,53.38
mmr,Myanmar,1987,1065.51089,54.32,6.971209672040173,53.9
mmr,Myanmar,1988,967.97815,54.49,6.875209514707769,54.32
mmr,Myanmar,1989,974.97415,55.07,6.882410957825863,54.49
mmr,Myanmar,1990,965.91875,55.42,6.873079720944247,55.07
mmr,Myanmar,1991,930.99294,55.65,6.83625169400449,55.42
mmr,Myanmar,1992,992.47317,55.92,6.900199979450362,55.65
mmr,Myanmar,1993,1023.54507,56.31,6.931027439305249,55.92
mmr,Myanmar,1994,1069.54265,56.63,6.974986406175209,56.31
mmr,Myanmar,1995,1113.44753,56.96,7.015216363898791,56.63
mmr,Myanmar,1996,1154.47794,57.36,7.051403520773102,56.96
mmr,Myanmar,1997,1189.08128,57.72,7.080936254320704,57.36
mmr,Myanmar,1998,1228.08594,58.11,7.113212089971697,57.72
mmr,Myanmar,1999,1330.87257,58.52,7.1935900737666625,58.11
mmr,Myanmar,2000,1480.20467,58.93,7.299935647737446,58.52
mmr,Myanmar,2001,1613.49953,59.37,7.386160720199753,58.93
mmr,Myanmar,2002,1771.33976,59.81,7.4794914657971185,59.37
mmr,Myanmar,2003,1978.38482,60.3,7.590036043310807,59.81
mmr,Myanmar,2004,2206.92628,60.76,7.699356002889607,60.3
mmr,Myanmar,2005,2465.03768,61.38,7.8099623723640175,60.76
mmr,Myanmar,2006,2744.36713,61.97,7.917305773627971,61.38
mmr,Myanmar,2007,3028.21296,62.65,8.015727942335275,61.97
mmr,Myanmar,2008,3290.85083,57.66,8.098901421267621,62.65
mmr,Myanmar,2009,3594.33403,64.03,8.187114004037555,57.66
mmr,Myanmar,2010,3893.79031,64.76,8.267138334970138,64.03
mmr,Myanmar,2011,4078.61221,65.4,8.313512064928066,64.76
mmr,Myanmar,2012,4340.99945,66.06,8.375859888600669,65.4
mmr,Myanmar,2013,4666.95376,66.69,8.44826183803701,66.06
mmr,Myanmar,2014,5006.50667,67.3,8.518493679415021,66.69
mmr,Myanmar,2015,5313.88616,67.73,8.578078703433158,67.3
mmr,Myanmar,2016,5580.98977,68.23,8.627121417781916,67.73
mmr,Myanmar,2017,5877.87466,68.26,8.678950523172063,68.23
mmr,Myanmar,2018,6201.26341,69.1,8.732508326080165,68.26
mmr,Myanmar,2019,6562.98898,69.46,8.78920141536215,69.1
mmr,Myanmar,2020,5926.8345,69.66,8.687245538334038,69.46
mmr,Myanmar,2021,5178.44718,68.49,8.552260518112089,69.66
mmr,Myanmar,2022,5350.47667,70.14,8.584940933117394,68.49
mne,Montenegro,1960,4201.909,70.79,8.343294224816326,
mne,Montenegro,1961,5098.5355,71.19,8.536708620612245,70.79
mne,Montenegro,1962,5031.33339,71.09,8.523440315439457,71.19
mne,Montenegro,1963,5758.07188,71.55,8.658357954595418,71.09
mne,Montenegro,1964,6765.47119,71.81,8.819587189324963,71.55
mne,Montenegro,1965,6980.69912,72.44,8.850904351199148,71.81
mne,Montenegro,1966,7341.66128,73.15,8.90132042842431,72.44
mne,Montenegro,1967,7524.27008,73.27,8.925889085576788,73.15
mne,Montenegro,1968,7935.44555,73.47,8.979094781352654,73.27
mne,Montenegro,1969,8782.8974,73.39,9.080561632191138,73.47
mne,Montenegro,1970,9504.00977,73.66,9.159469069590113,73.39
mne,Montenegro,1971,9897.32204,73.69,9.200019498520582,73.66
mne,Montenegro,1972,10449.69754,73.81,9.254328313433415,73.69
mne,Montenegro,1973,10443.34234,73.56,9.25371995770993,73.81
mne,Montenegro,1974,11106.34817,73.37,9.315272131031032,73.56
mne,Montenegro,1975,11494.76094,73.22,9.349646640112821,73.37
mne,Montenegro,1976,12123.63966,73.2,9.402912516521889,73.22
mne,Montenegro,1977,13472.68564,73.19,9.508419628892531,73.2
mne,Montenegro,1978,14262.83205,73.15,9.56541227523149,73.19
mne,Montenegro,1979,14313.95621,72.42,9.568990299051164,73.15
mne,Montenegro,1980,17762.25799,73.6,9.78483114754125,72.42
mne,Montenegro,1981,17186.28988,73.74,9.751867244948421,73.6
mne,Montenegro,1982,17759.91741,73.34,9.78469936619751,73.74
mne,Montenegro,1983,17571.89234,72.81,9.774055878284276,73.34
mne,Montenegro,1984,18306.9117,72.83,9.815033956047746,72.81
mne,Montenegro,1985,18484.67943,73.0,9.82469752905103,72.83
mne,Montenegro,1986,19242.14893,73.28,9.864858408731191,73.0
mne,Montenegro,1987,18446.40109,73.55,9.822624567568807,73.28
mne,Montenegro,1988,17961.77305,73.85,9.796001059143835,73.55
mne,Montenegro,1989,18139.62418,74.21,9.805854005703685,73.85
mne,Montenegro,1990,16673.21876,74.67,9.72155904408855,74.21
mne,Montenegro,1991,15170.21917,75.02,9.627089519832149,74.67
mne,Montenegro,1992,11704.00615,75.02,9.367686468161203,75.02
mne,Montenegro,1993,7542.21817,74.72,8.928271604740143,75.02
mne,Montenegro,1994,7763.18332,74.37,8.957147750708852,74.72
mne,Montenegro,1995,9006.08142,74.27,9.105655341460224,74.37
mne,Montenegro,1996,11689.30764,74.11,9.366429826022665,74.27
mne,Montenegro,1997,12695.10831,73.82,9.44897202580778,74.11
mne,Montenegro,1998,13559.98032,73.73,9.514878110165899,73.82
mne,Montenegro,1999,12497.8298,73.64,9.43331029221739,73.73
mne,Montenegro,2000,13282.74747,73.71,9.4942212894333,73.64
mne,Montenegro,2001,13581.45852,73.77,9.516460797407355,73.71
mne,Montenegro,2002,13976.90186,73.88,9.545161378924876,73.77
mne,Montenegro,2003,14443.43883,73.8,9.577995530216414,73.88
mne,Montenegro,2004,15216.20192,73.81,9.630116054938973,73.8
mne,Montenegro,2005,15972.78646,73.8,9.678641706890726,73.81
mne,Montenegro,2006,17449.70872,73.86,9.767078235227645,73.8
mne,Montenegro,2007,18751.30328,74.06,9.839018537249636,73.86
mne,Montenegro,2008,20145.93819,74.26,9.910757968395071,74.06
mne,Montenegro,2009,18982.64833,74.44,9.851280595096107,74.26
mne,Montenegro,2010,19481.40719,74.73,9.877215812267183,74.44
mne,Montenegro,2011,20080.62756,74.93,9.90751082630535,74.73
mne,Montenegro,2012,19499.94456,75.15,9.878166901470873,74.93
mne,Montenegro,2013,20154.0802,75.14,9.911162038191366,75.15
mne,Montenegro,2014,20475.51705,75.2,9.926985161149677,75.14
mne,Montenegro,2015,21138.97652,75.31,9.958873843871894,75.2
mne,Montenegro,2016,21737.99444,75.38,9.9868169043498,75.31
mne,Montenegro,2017,22740.38639,75.45,10.031897758804849,75.38
mne,Montenegro,2018,23877.72407,75.64,10.080701256013118,75.45
mne,Montenegro,2019,24835.37457,75.86,10.12002430977118,75.64
mne,Montenegro,2020,21039.32187,75.09,9.954148435818924,75.86
mne,Montenegro,2021,23842.06192,75.17,10.079206607372134,75.09
mne,Montenegro,2022,25429.02514,75.67,10.143646522644001,75.17
mng,Mongolia,1960,1554.70909,43.93,7.349043726725764,
mng,Mongolia,1961,1620.39636,44.54,7.390426064967088,43.93
mng,Mongolia,1962,1687.46261,45.27,7.430981265464177,44.54
mng,Mongolia,1963,1761.23674,46.02,7.473771534440759,45.27
mng,Mongolia,1964,1838.3585,46.72,7.516628332862323,46.02
mng,Mongolia,1965,1915.29694,47.72,7.557627949646398,46.72
mng,Mongolia,1966,1993.84796,48.03,7.5978216988684615,47.72
mng,Mongolia,1967,2083.32352,48.75,7.641719743651244,48.03
mng,Mongolia,1968,2169.05735,49.4,7.682047951233432,48.75
mng,Mongolia,1969,2262.29088,50.0,7.724133242573001,49.4
mng,Mongolia,1970,2361.33947,50.55,7.766984309045466,50.0
mng,Mongolia,1971,2429.5146,51.51,7.795446763294869,50.55
mng,Mongolia,1972,2476.62663,52.53,7.814652683367944,51.51
mng,Mongolia,1973,2650.76421,53.51,7.882603258538497,52.53
mng,Mongolia,1974,2713.96053,54.88,7.906164297179261,53.51
mng,Mongolia,1975,2842.03099,55.61,7.952274212890346,54.88
mng,Mongolia,1976,2907.21441,55.9,7.974950654288951,55.61
mng,Mongolia,1977,3088.09179,56.26,8.035308635443828,55.9
mng,Mongolia,1978,3271.44134,56.53,8.092985943536169,56.26
mng,Mongolia,1979,3359.09686,56.89,8.119427425159628,56.53
mng,Mongolia,1980,3530.95059,57.19,8.169322402627422,56.89
mng,Mongolia,1981,3780.39981,57.66,8.237585052861668,57.19
mng,Mongolia,1982,4045.63014,57.97,8.305392599807233,57.66
mng,Mongolia,1983,4228.63079,58.28,8.34963352933398,57.97
mng,Mongolia,1984,4420.86371,58.64,8.394090365484056,58.28
mng,Mongolia,1985,4610.62846,58.85,8.436119452078843,58.64
mng,Mongolia,1986,4973.52394,59.36,8.511883910092495,58.85
mng,Mongolia,1987,5075.29726,59.94,8.532140375593649,59.36
mng,Mongolia,1988,5260.13065,59.95,8.56791114382633,59.94
mng,Mongolia,1989,5389.21944,60.19,8.592155837089615,59.95
mng,Mongolia,1990,5205.57521,60.41,8.557485485990243,60.19
mng,Mongolia,1991,4727.38364,60.43,8.46112718679765,60.41
mng,Mongolia,1992,4364.97175,60.11,8.381366996316906,60.43
mng,Mongolia,1993,4313.96979,59.77,8.369613824142942,60.11
mng,Mongolia,1994,4451.42353,59.65,8.40097921838701,59.77
mng,Mongolia,1995,4754.97625,59.55,8.466946980224641,59.65
mng,Mongolia,1996,4879.08414,59.59,8.492712805004297,59.55
mng,Mongolia,1997,5086.85049,59.95,8.534414153787354,59.59
mng,Mongolia,1998,5269.83372,60.38,8.569754088855465,59.95
mng,Mongolia,1999,5436.94166,60.73,8.600971986906266,60.38
mng,Mongolia,2000,5499.26802,60.99,8.612370275090939,60.73
mng,Mongolia,2001,5659.42226,61.27,8.641077091782355,60.99
mng,Mongolia,2002,5913.39851,61.7,8.684975989118936,61.27
mng,Mongolia,2003,6305.11321,62.09,8.74911620382862,61.7
mng,Mongolia,2004,6950.37134,62.5,8.846550367347321,62.09
mng,Mongolia,2005,7418.6352,62.94,8.91175038393328,62.5
mng,Mongolia,2006,7996.2096,63.49,8.986722908383287,62.94
mng,Mongolia,2007,8729.25736,64.05,9.07443557763215,63.49
mng,Mongolia,2008,9378.25723,64.55,9.146149228362718,64.05
mng,Mongolia,2009,9101.86854,64.81,9.11623500549272,64.55
mng,Mongolia,2010,9507.11882,65.08,9.159796146440181,64.81
mng,Mongolia,2011,10960.09593,65.51,9.302016313200928,65.08
mng,Mongolia,2012,12078.91853,66.06,9.399216941818892,65.51
mng,Mongolia,2013,13210.09457,66.62,9.488736556461223,66.06
mng,Mongolia,2014,13943.42771,67.18,9.542763544332367,66.62
mng,Mongolia,2015,13974.59673,67.65,9.544996441077425,67.18
mng,Mongolia,2016,13898.1457,67.78,9.53951070734213,67.65
mng,Mongolia,2017,14401.53751,67.88,9.575090251392195,67.78
mng,Mongolia,2018,15230.24088,68.03,9.631038261916464,67.88
mng,Mongolia,2019,15790.69611,68.08,9.6671761917751,68.03
mng,Mongolia,2020,14801.34208,68.38,9.602473136722006,68.08
mng,Mongolia,2021,14792.25091,67.28,9.60185873547042,68.38
mng,Mongolia,2022,15310.43495,68.88,9.636289897784437,67.28
moz,Mozambique,1960,524.0759,45.09,6.261636521159925,
moz,Mozambique,1961,522.47478,45.35,6.258576714731448,45.09
moz,Mozambique,1962,532.03505,45.65,6.276709370630071,45.35
moz,Mozambique,1963,533.41775,45.91,6.279304888284607,45.65
moz,Mozambique,1964,541.79442,45.73,6.294886630594637,45.91
moz,Mozambique,1965,549.57223,45.98,6.309140211975097,45.73
moz,Mozambique,1966,557.52315,46.18,6.323504027135826,45.98
moz,Mozambique,1967,586.68307,46.49,6.374484759200481,46.18
moz,Mozambique,1968,603.17206,46.85,6.402202495992312,46.49
moz,Mozambique,1969,626.16684,47.27,6.439616853162485,46.85
moz,Mozambique,1970,615.21401,47.65,6.421970191014056,47.27
moz,Mozambique,1971,624.81015,47.99,6.437447843591988,47.65
moz,Mozambique,1972,623.87736,48.34,6.435953810591675,47.99
moz,Mozambique,1973,618.72036,48.71,6.4276534097052105,48.34
moz,Mozambique,1974,614.34664,49.17,6.42055932910354,48.71
moz,Mozambique,1975,596.24024,49.79,6.390643673095831,49.17
moz,Mozambique,1976,586.7175,49.93,6.374543443337663,49.79
moz,Mozambique,1977,560.01301,49.94,6.32796001560219,49.93
moz,Mozambique,1978,535.10606,50.13,6.282464970239116,49.94
moz,Mozambique,1979,518.79309,50.2,6.251505133155438,50.13
moz,Mozambique,1980,511.71134,50.45,6.237760676988194,50.2
moz,Mozambique,1981,549.00615,47.97,6.308109643632579,50.45
moz,Mozambique,1982,524.5937,48.18,6.262624058210834,47.97
moz,Mozambique,1983,458.64646,48.31,6.128279673622161,48.18
moz,Mozambique,1984,436.00971,45.81,6.077664513743249,48.31
moz,Mozambique,1985,425.12181,45.83,6.052375739623817,45.81
moz,Mozambique,1986,422.26559,47.6,6.045634476261517,45.83
moz,Mozambique,1987,477.06862,47.71,6.167660337984199,47.6
moz,Mozambique,1988,528.4891,51.05,6.270022180688902,47.71
moz,Mozambique,1989,571.20617,51.39,6.347750212787764,51.05
moz,Mozambique,1990,582.81382,51.58,6.367867787149026,51.39
moz,Mozambique,1991,592.47052,51.82,6.3843011164971895,51.58
moz,Mozambique,1992,532.78768,52.13,6.278122995835713,51.82
moz,Mozambique,1993,562.33844,52.37,6.332103875045872,52.13
moz,Mozambique,1994,554.76653,52.58,6.318547358574724,52.37
moz,Mozambique,1995,530.06295,52.6,6.2729957730780495,52.58
moz,Mozambique,1996,574.76896,52.64,6.3539681513549535,52.6
moz,Mozambique,1997,623.44344,52.57,6.435258047292442,52.64
moz,Mozambique,1998,672.76033,52.56,6.511389144375789,52.57
moz,Mozambique,1999,730.07918,52.42,6.593152994013877,52.56
moz,Mozambique,2000,719.34845,52.19,6.578345871757707,52.42
moz,Mozambique,2001,792.39659,52.29,6.675062011433006,52.19
moz,Mozambique,2002,847.42533,52.17,6.742202729178336,52.29
moz,Mozambique,2003,886.47313,52.13,6.787250814846213,52.17
moz,Mozambique,2004,936.22742,52.08,6.841858417050611,52.13
moz,Mozambique,2005,973.32303,52.06,6.880716020921751,52.08
moz,Mozambique,2006,1043.9713,52.32,6.9507872776432595,52.06
moz,Mozambique,2007,1096.58921,52.82,6.999959923417618,52.32
moz,Mozambique,2008,1142.8423,53.36,7.041273684022322,52.82
moz,Mozambique,2009,1179.2234,53.51,7.072611365200191,53.36
moz,Mozambique,2010,1224.23021,53.53,7.110067525452792,53.51
moz,Mozambique,2011,1275.5296,53.61,7.151116743898251,53.53
moz,Mozambique,2012,1338.51595,53.63,7.199316779213652,53.61
moz,Mozambique,2013,1385.83255,54.01,7.234056357155278,53.63
moz,Mozambique,2014,1449.92927,54.91,7.279270054914526,54.01
moz,Mozambique,2015,1512.59975,55.83,7.321585138143587,54.91
moz,Mozambique,2016,1537.90853,56.65,7.338178674954977,55.83
moz,Mozambique,2017,1532.00736,57.34,7.334334154466542,56.65
moz,Mozambique,2018,1538.83512,57.88,7.338780993596645,57.34
moz,Mozambique,2019,1528.88988,58.38,7.332297182406719,57.88
moz,Mozambique,2020,1466.12477,58.39,7.290377987965538,58.38
moz,Mozambique,2021,1457.23541,56.62,7.284296364866618,58.39
moz,Mozambique,2022,1476.6656,56.91,7.297541852023181,56.62
mrt,Mauritania,1960,1576.20345,50.61,7.362774354725681,
mrt,Mauritania,1961,1719.59454,50.96,7.449843809460073,50.61
mrt,Mauritania,1962,1737.39792,51.42,7.4601438246338985,50.96
mrt,Mauritania,1963,1678.8229,51.69,7.425848172062137,51.42
mrt,Mauritania,1964,2306.74977,52.16,7.74359478675128,51.69
mrt,Mauritania,1965,2655.99793,52.8,7.8845757312285505,52.16
mrt,Mauritania,1966,2678.26126,53.34,7.892923079371672,52.8
mrt,Mauritania,1967,2823.92441,53.8,7.945882831257723,53.34
mrt,Mauritania,1968,3150.1052,54.3,8.055191128087413,53.8
mrt,Mauritania,1969,3094.91793,54.68,8.037516667804272,54.3
mrt,Mauritania,1970,3426.01966,55.03,8.13915441733812,54.68
mrt,Mauritania,1971,3429.95017,55.17,8.140301012357664,55.03
mrt,Mauritania,1972,3415.92979,55.33,8.136205001418551,55.17
mrt,Mauritania,1973,3365.38788,55.4,8.121298504380896,55.33
mrt,Mauritania,1974,3625.10785,55.53,8.19563931857034,55.4
mrt,Mauritania,1975,3962.75918,54.92,8.284695824248406,55.53
mrt,Mauritania,1976,4192.49336,55.18,8.34105090991555,54.92
mrt,Mauritania,1977,4143.89996,55.45,8.329392642721281,55.18
mrt,Mauritania,1978,3799.33749,55.65,8.242581985777825,55.45
mrt,Mauritania,1979,4140.66097,56.59,8.328610708665295,55.65
mrt,Mauritania,1980,4126.21782,56.82,8.325116484288158,56.59
mrt,Mauritania,1981,4246.43131,57.07,8.353834217415152,56.82
mrt,Mauritania,1982,3877.29954,57.21,8.262894195455106,57.07
mrt,Mauritania,1983,3929.82591,57.37,8.276350406172211,57.21
mrt,Mauritania,1984,3801.95651,57.54,8.243271084266487,57.37
mrt,Mauritania,1985,3885.53542,57.76,8.26501607055164,57.54
mrt,Mauritania,1986,4065.12209,58.12,8.31019905597123,57.76
mrt,Mauritania,1987,4111.81262,58.4,8.321619237030552,58.12
mrt,Mauritania,1988,4115.86691,58.82,8.3226047616401,58.4
mrt,Mauritania,1989,4226.61359,58.97,8.349156381673282,58.82
mrt,Mauritania,1990,4140.43936,59.38,8.3285571867923,58.97
mrt,Mauritania,1991,4192.81643,59.86,8.341127966102679,59.38
mrt,Mauritania,1992,4197.92448,60.22,8.342345510699946,59.86
mrt,Mauritania,1993,4380.03149,60.61,8.384811192842365,60.22
mrt,Mauritania,1994,4255.53026,60.84,8.355974653689525,60.61
mrt,Mauritania,1995,4507.08771,61.33,8.413406483339983,60.84
mrt,Mauritania,1996,4800.56872,61.73,8.47648967321072,61.33
mrt,Mauritania,1997,4577.87414,62.19,8.42899000777985,61.73
mrt,Mauritania,1998,4653.4727,62.62,8.4453690370565,62.19
mrt,Mauritania,1999,4786.73173,63.14,8.47360314646011,62.62
mrt,Mauritania,2000,4556.78573,63.61,8.42437277018913,63.14
mrt,Mauritania,2001,4479.34501,64.06,8.407232111595311,63.61
mrt,Mauritania,2002,4486.13711,64.55,8.408747278589901,64.06
mrt,Mauritania,2003,4733.72513,65.0,8.46246772543933,64.55
mrt,Mauritania,2004,4896.03471,65.45,8.496180913627816,65.0
mrt,Mauritania,2005,5238.92547,65.8,8.563871693309702,65.45
mrt,Mauritania,2006,6101.8421,66.46,8.716345988180088,65.8
mrt,Mauritania,2007,5888.90125,66.92,8.68082471425244,66.46
mrt,Mauritania,2008,5746.05454,67.4,8.656268731314585,66.92
mrt,Mauritania,2009,5608.36041,67.76,8.632013693767785,67.4
mrt,Mauritania,2010,5605.76389,68.09,8.63155061346353,67.76
mrt,Mauritania,2011,5653.2172,68.38,8.639980078013956,68.09
mrt,Mauritania,2012,5716.25196,68.7,8.65106861785434,68.38
mrt,Mauritania,2013,5769.72871,68.99,8.660380341065773,68.7
mrt,Mauritania,2014,5837.85204,69.32,8.672118206796895,68.99
mrt,Mauritania,2015,5969.5424,69.6,8.694425553532644,69.32
mrt,Mauritania,2016,5866.28145,69.94,8.676976228270476,69.6
mrt,Mauritania,2017,6050.62181,70.23,8.707916324255935,69.94
mrt,Mauritania,2018,6153.63791,70.49,8.72479871599691,70.23
mrt,Mauritania,2019,6162.21045,70.78,8.72619083144586,70.49
mrt,Mauritania,2020,5963.2355,69.54,8.693368481886775,70.78
mrt,Mauritania,2021,5836.56581,69.35,8.6718978566224,69.54
mrt,Mauritania,2022,6053.26179,69.71,8.708352544584733,69.35
mus,Mauritius,1960,4442.78445,58.06,8.399036587241824,
mus,Mauritius,1961,4600.45037,60.07,8.433909484206394,58.06
mus,Mauritius,1962,5163.33911,61.3,8.549338763528493,60.07
mus,Mauritius,1963,5146.40297,61.08,8.546053297199064,61.3
mus,Mauritius,1964,5443.56648,62.34,8.60218972797744,61.08
mus,Mauritius,1965,4989.37956,62.51,8.515066844341773,62.34
mus,Mauritius,1966,4856.25569,62.28,8.488022985801242,62.51
mus,Mauritius,1967,4711.70105,62.12,8.457804278921458,62.28
mus,Mauritius,1968,4426.18001,61.34,8.395292190818745,62.12
mus,Mauritius,1969,4191.34774,62.72,8.34077761752046,61.34
mus,Mauritius,1970,4192.21312,63.69,8.34098406440324,62.72
mus,Mauritius,1971,4144.25874,64.0,8.329479219248881,63.69
mus,Mauritius,1972,4431.40819,63.7,8.39647268837386,64.0
mus,Mauritius,1973,4824.63721,63.93,8.481490821308897,63.7
mus,Mauritius,1974,5066.99593,65.07,8.530503402238958,63.93
mus,Mauritius,1975,4987.07644,63.96,8.51460513328107,65.07
mus,Mauritius,1976,5917.93373,64.88,8.685742634857577,63.96
mus,Mauritius,1977,6115.48583,65.05,8.718579493861533,64.88
mus,Mauritius,1978,6156.79523,66.4,8.725311666277914,65.05
mus,Mauritius,1979,6181.27776,66.49,8.729280286361949,66.4
mus,Mauritius,1980,5398.76295,67.24,8.593925122975438,66.49
mus,Mauritius,1981,5855.69908,67.58,8.67517066770879,67.24
mus,Mauritius,1982,6246.28979,68.46,8.739742932860258,67.58
mus,Mauritius,1983,6286.729,68.75,8.746196182634552,68.46
mus,Mauritius,1984,6594.74938,69.12,8.794029062913038,68.75
mus,Mauritius,1985,7058.08805,68.82,8.861929479362841,69.12
mus,Mauritius,1986,7711.02034,69.23,8.950405797619652,68.82
mus,Mauritius,1987,8488.25643,69.49,9.046438890723437,69.23
mus,Mauritius,1988,9128.71969,69.67,9.11918073264947,69.49
mus,Mauritius,1989,9638.43538,69.91,9.17351406945246,69.67
mus,Mauritius,1990,10441.21825,70.2,9.253516545241837,69.91
mus,Mauritius,1991,10648.63829,70.79,9.273187302868877,70.2
mus,Mauritius,1992,11055.34903,70.8,9.31066966493246,70.79
mus,Mauritius,1993,11346.14877,70.69,9.336633649910544,70.8
mus,Mauritius,1994,11533.95024,70.84,9.35305015996456,70.69
mus,Mauritius,1995,11799.63417,71.09,9.375823807430795,70.84
mus,Mauritius,1996,12198.24257,71.16,9.40904716870557,71.09
mus,Mauritius,1997,12618.1192,71.06,9.442889091708134,71.16
mus,Mauritius,1998,13126.66215,71.76,9.482400719441657,71.06
mus,Mauritius,1999,13192.41076,71.9,9.487397000807446,71.76
mus,Mauritius,2000,14021.36627,72.32,9.548337607338352,71.9
mus,Mauritius,2001,14267.12388,72.63,9.565713140051814,72.32
mus,Mauritius,2002,14295.52068,72.66,9.567701528017526,72.63
mus,Mauritius,2003,14934.18232,72.86,9.61140797990468,72.66
mus,Mauritius,2004,15390.75057,73.18,9.641521995624215,72.86
mus,Mauritius,2005,15487.53309,73.16,9.64779066249686,73.18
mus,Mauritius,2006,16086.48209,73.34,9.685734576553665,73.16
mus,Mauritius,2007,16859.11109,73.75,9.732646507152891,73.34
mus,Mauritius,2008,17638.14144,73.73,9.777818963465753,73.75
mus,Mauritius,2009,18117.4412,73.84,9.804630355497281,73.73
mus,Mauritius,2010,18819.99841,74.21,9.842675328654776,73.84
mus,Mauritius,2011,19556.04878,74.61,9.881039918070552,74.21
mus,Mauritius,2012,20183.70007,74.74,9.912630630420553,74.61
mus,Mauritius,2013,20811.49499,75.07,9.94326075678809,74.74
mus,Mauritius,2014,21568.86485,75.0,9.979006111665518,75.07
mus,Mauritius,2015,22335.28362,75.17,10.013922932160934,75.0
mus,Mauritius,2016,23182.04341,75.21,10.051133267020486,75.17
mus,Mauritius,2017,24073.23256,75.25,10.088855820056544,75.21
mus,Mauritius,2018,25024.13379,75.32,10.127595989798136,75.25
mus,Mauritius,2019,25739.3549,75.48,10.155776418675995,75.32
mus,Mauritius,2020,21994.66598,74.69,9.998555247488833,75.48
mus,Mauritius,2021,22737.57294,73.91,10.03177403073767,74.69
mus,Mauritius,2022,24788.7665,74.33,10.118145865824346,73.91
mwi,Malawi,1960,646.10422,37.71,6.470960822039462,
mwi,Malawi,1961,671.93404,38.16,6.510160180943751,37.71
mwi,Malawi,1962,627.59694,38.53,6.441898145129974,38.16
mwi,Malawi,1963,600.16935,38.9,6.3972118653911085,38.53
mwi,Malawi,1964,571.72447,39.2,6.348657179522909,38.9
mwi,Malawi,1965,652.00121,39.55,6.480046417753152,39.2
mwi,Malawi,1966,709.81971,40.06,6.5650110082123225,39.55
mwi,Malawi,1967,719.38667,40.55,6.578399001759856,40.06
mwi,Malawi,1968,699.85331,41.01,6.550870755940381,40.55
mwi,Malawi,1969,732.48838,41.54,6.596447477284167,41.01
mwi,Malawi,1970,765.91117,42.05,6.641066196958567,41.54
mwi,Malawi,1971,846.93098,42.73,6.741619203728454,42.05
mwi,Malawi,1972,901.63057,43.46,6.804204868539401,42.73
mwi,Malawi,1973,918.08011,44.18,6.82228465260826,43.46
mwi,Malawi,1974,947.51492,44.87,6.853842683534451,44.18
mwi,Malawi,1975,955.25034,45.55,6.861973442254714,44.87
mwi,Malawi,1976,967.20672,46.19,6.874412247167266,45.55
mwi,Malawi,1977,975.35108,46.77,6.882797488235146,46.19
mwi,Malawi,1978,1019.438,47.55,6.927006774040685,46.77
mwi,Malawi,1979,1020.05498,48.29,6.927611806786443,47.55
mwi,Malawi,1980,1036.86472,48.83,6.943956746489292,48.29
mwi,Malawi,1981,1000.94565,49.22,6.90870048213686,48.83
mwi,Malawi,1982,1022.4224,49.55,6.929929992616444,49.22
mwi,Malawi,1983,1052.32362,49.83,6.958755969565369,49.55
mwi,Malawi,1984,1089.60837,50.02,6.993573617083805,49.83
mwi,Malawi,1985,1126.13231,50.16,7.026544306237027,50.02
mwi,Malawi,1986,1084.04804,50.15,6.988457498360781,50.16
mwi,Malawi,1987,1054.06764,50.09,6.960411901615263,50.15
mwi,Malawi,1988,1042.80178,50.0,6.949666389000736,50.09
mwi,Malawi,1989,1038.01397,49.67,6.945064522209449,50.0
mwi,Malawi,1990,1075.74189,49.38,6.980765832763961,49.67
mwi,Malawi,1991,1130.04774,48.97,7.030015158601584,49.38
mwi,Malawi,1992,1013.61416,48.53,6.921277598917242,48.97
mwi,Malawi,1993,1093.92833,47.79,6.997530468952931,48.53
mwi,Malawi,1994,993.97596,46.91,6.901713021253445,47.79
mwi,Malawi,1995,1155.50842,46.33,7.052295716576679,46.91
mwi,Malawi,1996,1219.51113,45.97,7.106205344305594,46.33
mwi,Malawi,1997,1242.9446,45.72,7.125238520927756,45.97
mwi,Malawi,1998,1254.1082,45.49,7.134180001362172,45.72
mwi,Malawi,1999,1260.87187,45.52,7.139558720968825,45.49
mwi,Malawi,2000,1246.68825,45.9,7.128245914424827,45.52
mwi,Malawi,2001,1156.01263,46.26,7.052731974778175,45.9
mwi,Malawi,2002,1145.60656,46.74,7.04368952244697,46.26
mwi,Malawi,2003,1179.46015,47.37,7.072812112774655,46.74
mwi,Malawi,2004,1210.29196,47.97,7.098616898741414,47.37
mwi,Malawi,2005,1215.72811,48.88,7.103098443775303,47.97
mwi,Malawi,2006,1237.46547,50.13,7.120820591023246,48.88
mwi,Malawi,2007,1318.03456,51.64,7.183896936266473,50.13
mwi,Malawi,2008,1377.884,53.36,7.228304268059299,51.64
mwi,Malawi,2009,1449.27141,54.96,7.278816233269251,53.36
mwi,Malawi,2010,1504.37514,56.32,7.316132901599235,54.96
mwi,Malawi,2011,1533.2289,57.72,7.335131182793922,56.32
mwi,Malawi,2012,1518.14804,59.28,7.325246476257164,57.72
mwi,Malawi,2013,1555.50607,60.56,7.349556218612302,59.28
mwi,Malawi,2014,1597.56484,61.46,7.376235773847408,60.56
mwi,Malawi,2015,1597.69145,62.04,7.376315022576508,61.46
mwi,Malawi,2016,1593.59549,62.61,7.373748056756048,62.04
mwi,Malawi,2017,1613.05936,63.4,7.385887878440009,62.61
mwi,Malawi,2018,1638.91666,64.14,7.401790729372926,63.4
mwi,Malawi,2019,1687.28945,64.71,7.430878644591845,64.14
mwi,Malawi,2020,1656.43985,64.3,7.412425909580521,64.71
mwi,Malawi,2021,1687.59358,63.48,7.431058876023938,64.3
mwi,Malawi,2022,1659.95934,63.48,7.414548387074703,63.48
mys,Malaysia,1960,2898.57836,62.82,7.971975675087464,
mys,Malaysia,1961,3001.42011,63.55,8.006840825646012,62.82
mys,Malaysia,1962,3071.71125,63.21,8.029990095709211,63.55
mys,Malaysia,1963,3132.36046,63.88,8.049542139888162,63.21
mys,Malaysia,1964,3211.19955,65.53,8.074399837907535,63.88
mys,Malaysia,1965,3336.40336,65.51,8.112648667440443,65.53
mys,Malaysia,1966,3419.9485,66.68,8.13738077146374,65.51
mys,Malaysia,1967,3395.26127,66.09,8.130135994321869,66.68
mys,Malaysia,1968,3565.33975,65.96,8.17901462985027,66.09
mys,Malaysia,1969,3651.05795,66.45,8.202772253893409,65.96
mys,Malaysia,1970,3761.14914,67.29,8.232479812031372,66.45
mys,Malaysia,1971,4164.93063,67.41,8.334454899000054,67.29
mys,Malaysia,1972,4393.21452,67.86,8.387816475016622,67.41
mys,Malaysia,1973,4840.83939,68.07,8.484843412359785,67.86
mys,Malaysia,1974,5082.81576,67.87,8.533620670478756,68.07
mys,Malaysia,1975,4986.49036,67.51,8.51448760662036,67.87
mys,Malaysia,1976,5432.85087,67.63,8.600219297251547,67.51
mys,Malaysia,1977,5703.18826,67.7,8.648780641307823,67.63
mys,Malaysia,1978,5968.19604,69.79,8.694199989869565,67.7
mys,Malaysia,1979,6312.30438,70.3,8.750256083796506,69.79
mys,Malaysia,1980,6616.35607,70.48,8.797300054783724,70.3
mys,Malaysia,1981,7256.73514,70.33,8.889685301436957,70.48
mys,Malaysia,1982,7752.60107,70.16,8.955783687974433,70.33
mys,Malaysia,1983,8210.29954,69.98,9.013144686555586,70.16
mys,Malaysia,1984,8815.51639,69.97,9.084268673944315,69.98
mys,Malaysia,1985,8643.48823,70.03,9.064561510645017,69.97
mys,Malaysia,1986,8626.28393,70.68,9.06256909227007,70.03
mys,Malaysia,1987,9005.60026,71.03,9.105601913911519,70.68
mys,Malaysia,1988,9864.40667,71.21,9.196688271691016,71.03
mys,Malaysia,1989,10809.46591,71.59,9.28817750238216,71.21
mys,Malaysia,1990,11691.29277,71.91,9.366599636033527,71.59
mys,Malaysia,1991,12495.76091,72.21,9.433144738573759,71.91
mys,Malaysia,1992,13293.57097,72.4,9.495035811627021,72.21
mys,Malaysia,1993,14283.56269,72.35,9.566864692871833,72.4
mys,Malaysia,1994,15248.72556,72.17,9.63225120870734,72.35
mys,Malaysia,1995,16369.07855,71.82,9.70314937983771,72.17
mys,Malaysia,1996,17597.75535,72.19,9.7755266359609,71.82
mys,Malaysia,1997,18456.55072,72.48,9.823174639026949,72.19
mys,Malaysia,1998,16709.54592,72.92,9.723735447072999,72.48
mys,Malaysia,1999,17340.61007,72.08,9.760806432529934,72.92
mys,Malaysia,2000,18455.11576,73.0,9.82309688799929,72.08
mys,Malaysia,2001,18132.46258,73.34,9.805459123537657,73.0
mys,Malaysia,2002,18678.23787,73.46,9.835114374892136,73.34
mys,Malaysia,2003,19314.02394,73.47,9.868586740041472,73.46
mys,Malaysia,2004,20166.7395,73.83,9.911789966914549,73.47
mys,Malaysia,2005,20777.09389,74.12,9.941606403573788,73.83
mys,Malaysia,2006,21466.88772,74.36,9.974266920886844,74.12
mys,Malaysia,2007,22333.7585,74.51,10.013854646837219,74.36
mys,Malaysia,2008,22924.91822,74.33,10.039979729833679,74.51
mys,Malaysia,2009,22122.93767,74.17,10.004370252876193,74.33
mys,Malaysia,2010,23307.96985,74.44,10.056550634714847,74.17
mys,Malaysia,2011,24115.81812,74.61,10.090623257699948,74.44
mys,Malaysia,2012,25006.35878,74.76,10.126885422708556,74.61
mys,Malaysia,2013,25736.35256,75.32,10.15565976792357,74.76
mys,Malaysia,2014,26818.43173,75.08,10.19684468122593,75.32
mys,Malaysia,2015,27699.62789,75.04,10.229174258511192,75.08
mys,Malaysia,2016,28425.37076,75.03,10.25503736198134,75.04
mys,Malaysia,2017,29551.54576,75.07,10.293891331449204,75.03
mys,Malaysia,2018,30459.96553,75.2,10.32416849480045,75.07
mys,Malaysia,2019,31300.50866,75.04,10.351389627514408,75.2
mys,Malaysia,2020,29200.45263,75.22,10.28193948916363,75.04
mys,Malaysia,2021,29822.84918,74.17,10.303030129696827,75.22
mys,Malaysia,2022,32079.15152,75.54,10.375961612752867,74.17
nam,Namibia,1960,6169.07897,56.04,8.727304830229992,
nam,Namibia,1961,6074.92594,56.2,8.711925077187937,56.04
nam,Namibia,1962,6737.19133,56.43,8.815398400438644,56.2
nam,Namibia,1963,7136.64152,56.66,8.872997569322303,56.43
nam,Namibia,1964,7965.72649,57.03,8.982903428479784,56.66
nam,Namibia,1965,8201.64025,57.39,9.012089443736718,57.03
nam,Namibia,1966,8345.07437,56.88,9.029426747979532,57.39
nam,Namibia,1967,7942.00957,57.17,8.97992161667662,56.88
nam,Namibia,1968,7878.56501,57.46,8.971901060938787,57.17
nam,Namibia,1969,8044.37031,57.74,8.99272778538739,57.46
nam,Namibia,1970,8145.76693,57.94,9.005253676210529,57.74
nam,Namibia,1971,8289.07519,58.11,9.022693684608413,57.94
nam,Namibia,1972,8170.2316,58.27,9.008252535065482,58.11
nam,Namibia,1973,8213.11879,58.42,9.013488007290775,58.27
nam,Namibia,1974,8516.66762,58.62,9.049780418901113,58.42
nam,Namibia,1975,8434.27018,58.79,9.040058468415177,58.62
nam,Namibia,1976,8300.3902,58.9,9.02405780472785,58.79
nam,Namibia,1977,8102.38028,59.05,8.999913159220025,58.9
nam,Namibia,1978,8163.80706,59.08,9.007465890627444,59.05
nam,Namibia,1979,8269.82904,59.12,9.020369115494509,59.08
nam,Namibia,1980,8610.28502,58.89,9.060712700242048,59.12
nam,Namibia,1981,8542.5507,59.14,9.052814919002563,58.89
nam,Namibia,1982,8301.69494,59.38,9.024214982575293,59.14
nam,Namibia,1983,7921.5849,59.73,8.977346578424772,59.38
nam,Namibia,1984,7684.77688,60.03,8.946996622369703,59.73
nam,Namibia,1985,7494.76676,60.24,8.921960290639538,60.03
nam,Namibia,1986,7626.03249,60.68,8.939323000833296,60.24
nam,Namibia,1987,7649.49945,61.08,8.942395493307307,60.68
nam,Namibia,1988,7409.20299,61.08,8.910478153800828,61.08
nam,Namibia,1989,7247.86039,62.28,8.88846158567196,61.08
nam,Namibia,1990,7106.51469,62.36,8.86876720429858,62.28
nam,Namibia,1991,7444.25558,62.41,8.915197950864318,62.36
nam,Namibia,1992,7773.36625,62.32,8.95845858634996,62.41
nam,Namibia,1993,7424.18899,61.98,8.912498730769178,62.32
nam,Namibia,1994,7429.94553,61.05,8.913273806594757,61.98
nam,Namibia,1995,7511.34524,60.34,8.924169855214947,61.05
nam,Namibia,1996,7550.04541,59.2,8.929308856794519,60.34
nam,Namibia,1997,7672.08911,57.95,8.945344231459325,59.2
nam,Namibia,1998,7729.62505,56.53,8.952815634583548,57.95
nam,Namibia,1999,7795.76623,55.24,8.961336074287665,56.53
nam,Namibia,2000,7874.98348,53.94,8.971446365913856,55.24
nam,Namibia,2001,7796.34528,53.14,8.961410349025874,53.94
nam,Namibia,2002,8027.2393,52.46,8.9905959495721,53.14
nam,Namibia,2003,8225.77575,52.08,9.01502788729551,52.46
nam,Namibia,2004,9116.47953,52.4,9.11783899209748,52.08
nam,Namibia,2005,9234.0936,53.52,9.130657739467802,52.4
nam,Namibia,2006,9764.89304,55.25,9.186548889845772,53.52
nam,Namibia,2007,10156.50296,57.43,9.225869465032748,55.25
nam,Namibia,2008,10283.26448,59.2,9.238273045019021,57.43
nam,Namibia,2009,10165.05149,60.08,9.226710791470179,59.2
nam,Namibia,2010,10614.62016,60.91,9.269987590171635,60.08
nam,Namibia,2011,10965.27298,61.88,9.302488556118934,60.91
nam,Namibia,2012,11266.60895,62.94,9.329598670008814,61.88
nam,Namibia,2013,11593.57538,63.34,9.358206377113078,62.94
nam,Namibia,2014,11982.69636,63.34,9.391218918130896,63.34
nam,Namibia,2015,12166.56584,63.45,9.406446963744846,63.34
nam,Namibia,2016,11846.78808,63.71,9.379812061721836,63.45
nam,Namibia,2017,11408.72531,64.08,9.342133719700335,63.71
nam,Namibia,2018,11214.38604,64.74,9.324952700917207,64.08
nam,Namibia,2019,10813.30447,65.22,9.288532550322165,64.74
nam,Namibia,2020,9652.24827,64.97,9.174946148544242,65.22
nam,Namibia,2021,9709.09931,61.29,9.180818797971659,64.97
nam,Namibia,2022,9953.09752,60.04,9.205639090248901,61.29
ner,Niger,1960,1566.53136,40.33,7.35661912934284,
ner,Niger,1961,1600.71537,40.63,7.3782059145556556,40.33
ner,Niger,1962,1725.02123,41.02,7.452994636636103,40.63
ner,Niger,1963,1851.29718,41.48,7.523641850740041,41.02
ner,Niger,1964,1804.4037,41.89,7.497985456075256,41.48
ner,Niger,1965,1884.98791,42.32,7.541676686068439,41.89
ner,Niger,1966,1821.37944,43.08,7.507349427049804,42.32
ner,Niger,1967,1791.01078,42.37,7.490535421026406,43.08
ner,Niger,1968,1765.52302,42.66,7.476202254082644,42.37
ner,Niger,1969,1649.58879,42.79,7.408281317652796,42.66
ner,Niger,1970,1669.1507,43.05,7.42007021317459,42.79
ner,Niger,1971,1717.11546,42.79,7.448401103831727,43.05
ner,Niger,1972,1585.07994,42.98,7.368390120370793,42.79
ner,Niger,1973,1278.86274,43.04,7.153726477602474,42.98
ner,Niger,1974,1353.2125,43.04,7.210236674227176,43.04
ner,Niger,1975,1279.08388,43.14,7.153899381914723,43.04
ner,Niger,1976,1251.55257,43.2,7.1321401155829065,43.14
ner,Niger,1977,1309.94812,43.41,7.177742812357541,43.2
ner,Niger,1978,1443.68788,44.01,7.2749561465045955,43.41
ner,Niger,1979,1501.98173,44.38,7.314540668468476,44.01
ner,Niger,1980,1468.95174,44.94,7.2923043233537665,44.38
ner,Niger,1981,1504.26652,45.07,7.316060696257209,44.94
ner,Niger,1982,1520.42153,45.11,7.326742897762003,45.07
ner,Niger,1983,1461.11534,45.29,7.286955354562081,45.11
ner,Niger,1984,1202.83122,45.22,7.092433406879948,45.29
ner,Niger,1985,1255.96251,45.46,7.135657497856547,45.22
ner,Niger,1986,1306.08461,45.43,7.17478909334278,45.46
ner,Niger,1987,1275.32123,45.83,7.15095337095773,45.43
ner,Niger,1988,1351.60939,46.56,7.209051302137695,45.83
ner,Niger,1989,1359.23639,46.91,7.214678343101154,46.56
ner,Niger,1990,1336.25617,47.41,7.197627079728034,46.91
ner,Niger,1991,1303.37703,47.37,7.172713890603509,47.41
ner,Niger,1992,1263.14087,47.98,7.141356652156148,47.37
ner,Niger,1993,1235.6913,48.22,7.119385849541539,47.98
ner,Niger,1994,1228.6173,48.84,7.113644669698572,48.22
ner,Niger,1995,1197.61746,48.57,7.08808941215746,48.84
ner,Niger,1996,1175.80142,49.98,7.069705253655807,48.57
ner,Niger,1997,1156.896,50.53,7.0534958355130914,49.98
ner,Niger,1998,1239.94734,51.08,7.122824189955367,50.53
ner,Niger,1999,1202.00557,51.49,7.091746749027844,51.08
ner,Niger,2000,1148.48705,51.85,7.0462007464887435,51.49
ner,Niger,2001,1194.89312,52.31,7.085812021035132,51.85
ner,Niger,2002,1214.9214,53.25,7.102434662324048,52.31
ner,Niger,2003,1207.39718,53.74,7.096222230762447,53.25
ner,Niger,2004,1171.01571,55.01,7.065626779391585,53.74
ner,Niger,2005,1216.43613,55.62,7.103680657762628,55.01
ner,Niger,2006,1245.65818,56.66,7.127419327842601,55.62
ner,Niger,2007,1241.91548,57.2,7.1244102086480225,56.66
ner,Niger,2008,1293.68022,58.26,7.165246319327184,57.2
ner,Niger,2009,1273.85258,58.72,7.1498011151509795,58.26
ner,Niger,2010,1336.5641,59.05,7.197857495521283,58.72
ner,Niger,2011,1318.10131,59.32,7.183947578572718,59.05
ner,Niger,2012,1403.18971,59.57,7.246503288352718,59.32
ner,Niger,2013,1423.26169,59.97,7.260706481393104,59.57
ner,Niger,2014,1462.82123,60.36,7.288122199432147,59.97
ner,Niger,2015,1471.66135,60.64,7.294147211679394,60.36
ner,Niger,2016,1500.00859,61.08,7.313226113740571,60.64
ner,Niger,2017,1520.00154,61.53,7.3264666269977035,61.08
ner,Niger,2018,1574.33838,62.01,7.361590386812537,61.53
ner,Niger,2019,1612.63735,62.51,7.385626223337036,62.01
ner,Niger,2020,1615.69272,61.07,7.387519072485668,62.51
ner,Niger,2021,1585.59922,61.2,7.368717671648256,61.07
ner,Niger,2022,1717.51892,61.7,7.448636040047473,61.2
nga,Nigeria,1960,2195.32862,46.81,7.6940870272874555,
nga,Nigeria,1961,2180.44439,47.06,7.68728398363268,46.81
nga,Nigeria,1962,2250.17804,47.31,7.718764620956829,47.06
nga,Nigeria,1963,2409.52003,47.71,7.787182848973829,47.31
nga,Nigeria,1964,2456.0585,47.94,7.806313108201601,47.71
nga,Nigeria,1965,2470.26044,48.15,7.812078865359027,47.94
nga,Nigeria,1966,2323.55434,48.38,7.750853335383041,48.15
nga,Nigeria,1967,1919.89684,47.94,7.560026734411697,48.38
nga,Nigeria,1968,1872.0682,47.51,7.534799087997853,47.94
nga,Nigeria,1969,2254.25509,47.71,7.720574860334659,47.51
nga,Nigeria,1970,2779.17632,49.05,7.9299098750130055,47.71
nga,Nigeria,1971,3073.08552,49.61,8.030437391225842,49.05
nga,Nigeria,1972,3170.49556,50.22,8.061643182729076,49.61
nga,Nigeria,1973,3337.47885,50.85,8.112970965609774,50.22
nga,Nigeria,1974,3633.39275,51.5,8.197922132626422,50.85
nga,Nigeria,1975,3512.51022,52.01,8.16408622324631,51.5
nga,Nigeria,1976,3742.59967,52.43,8.227535747869688,52.01
nga,Nigeria,1977,3877.26487,52.91,8.262885253624678,52.43
nga,Nigeria,1978,3627.71466,53.31,8.196358158748396,52.91
nga,Nigeria,1979,3598.29491,53.74,8.188215376132078,53.31
nga,Nigeria,1980,3589.93327,54.06,8.185888893565838,53.74
nga,Nigeria,1981,3373.47617,54.26,8.123698996162288,54.06
nga,Nigeria,1982,3158.16222,54.51,8.057745561450702,54.26
nga,Nigeria,1983,2816.47893,54.68,7.943242777390756,54.51
nga,Nigeria,1984,2702.14073,54.79,7.901799600805585,54.68
nga,Nigeria,1985,2835.54653,54.91,7.94998997712371,54.79
nga,Nigeria,1986,2798.80932,54.76,7.936949362864768,54.91
nga,Nigeria,1987,2793.34152,54.63,7.934993835591314,54.76
nga,Nigeria,1988,2961.45526,54.59,7.99343606839372,54.63
nga,Nigeria,1989,2996.97103,54.62,8.005357400936944,54.59
nga,Nigeria,1990,3225.87858,54.69,8.078960620035106,54.62
nga,Nigeria,1991,3185.47925,54.52,8.066358027644258,54.69
nga,Nigeria,1992,3266.66491,54.7,8.091524838235307,54.52
nga,Nigeria,1993,3181.41615,54.71,8.065081706832842,54.7
nga,Nigeria,1994,3090.00444,54.68,8.035927806783963,54.71
nga,Nigeria,1995,3049.41546,54.63,8.022705198774762,54.68
nga,Nigeria,1996,3121.99204,54.37,8.046226551424466,54.63
nga,Nigeria,1997,3156.20944,54.64,8.05712704224803,54.37
nga,Nigeria,1998,3177.71792,54.61,8.063918582930683,54.64
nga,Nigeria,1999,3134.04569,54.58,8.050080001622716,54.61
nga,Nigeria,2000,3226.14641,54.63,8.079043642032252,54.58
nga,Nigeria,2001,3345.83079,54.82,8.115470309437178,54.63
nga,Nigeria,2002,3767.95512,55.09,8.234287724797294,54.82
nga,Nigeria,2003,3957.28466,55.5,8.28331337713511,55.09
nga,Nigeria,2004,4220.82992,55.98,8.347787051201434,55.5
nga,Nigeria,2005,4379.91111,56.63,8.384783708644008,55.98
nga,Nigeria,2006,4525.52325,57.24,8.41748848480789,56.63
nga,Nigeria,2007,4694.80547,57.9,8.454211957344144,57.24
nga,Nigeria,2008,4872.93098,58.49,8.491450878983708,57.9
nga,Nigeria,2009,5113.47496,59.05,8.539634483392383,58.49
nga,Nigeria,2010,5359.51848,59.64,8.586629414208472,59.05
nga,Nigeria,2011,5488.00482,60.18,8.610320047685219,59.64
nga,Nigeria,2012,5563.64168,60.7,8.624008151257145,60.18
nga,Nigeria,2013,5775.86635,61.17,8.66144354145454,60.7
nga,Nigeria,2014,5980.19182,61.58,8.6962079233533,61.17
nga,Nigeria,2015,5985.09435,62.11,8.697027382278844,61.58
nga,Nigeria,2016,5744.55788,62.7,8.656008229967266,62.11
nga,Nigeria,2017,5651.73413,63.26,8.639717702712158,62.7
nga,Nigeria,2018,5628.74079,63.77,8.635641035371938,63.26
nga,Nigeria,2019,5628.17765,64.34,8.635540983123452,63.77
nga,Nigeria,2020,5410.69355,64.31,8.59613256140578,64.34
nga,Nigeria,2021,5491.70034,64.05,8.610993202398518,64.31
nga,Nigeria,2022,5552.83765,65.21,8.622064364365448,64.05
nic,Nicaragua,1960,4544.11015,53.6,8.421587200864227,
nic,Nicaragua,1961,4743.09403,55.38,8.46444495068634,53.6
nic,Nicaragua,1962,5152.25169,56.08,8.547189119463598,55.38
nic,Nicaragua,1963,5516.57468,56.47,8.61551241767784,56.08
nic,Nicaragua,1964,6016.6566,56.79,8.702287001961324,56.47
nic,Nicaragua,1965,6457.29589,57.19,8.772965916262935,56.79
nic,Nicaragua,1966,6521.29857,57.34,8.782828802267463,57.19
nic,Nicaragua,1967,6767.75945,57.27,8.819925358396734,57.34
nic,Nicaragua,1968,6631.50028,56.49,8.799586344157131,57.27
nic,Nicaragua,1969,6893.19874,55.97,8.83829051461857,56.49
nic,Nicaragua,1970,6770.69502,58.08,8.820359022379948,55.97
nic,Nicaragua,1971,6912.08798,59.23,8.841027038990847,58.08
nic,Nicaragua,1972,6951.99391,50.47,8.84678379093794,59.23
nic,Nicaragua,1973,7120.69645,61.15,8.870760815633583,50.47
nic,Nicaragua,1974,7811.88119,61.97,8.963401083227563,61.15
nic,Nicaragua,1975,7769.72857,62.65,8.957990509675586,61.97
nic,Nicaragua,1976,7941.96972,62.93,8.979916599042276,62.65
nic,Nicaragua,1977,8214.19437,63.75,9.013618957494385,62.93
nic,Nicaragua,1978,7462.19263,63.14,8.917604568242869,63.75
nic,Nicaragua,1979,5347.19361,58.88,8.584327143382406,63.14
nic,Nicaragua,1980,5424.42236,66.37,8.598666695320183,58.88
nic,Nicaragua,1981,5568.12213,66.51,8.624813136040945,66.37
nic,Nicaragua,1982,5396.69381,66.77,8.593541787638854,66.51
nic,Nicaragua,1983,5529.1504,62.51,8.617789447993648,66.77
nic,Nicaragua,1984,5333.08988,61.57,8.58168606401193,62.51
nic,Nicaragua,1985,5018.38446,63.31,8.520863340173243,61.57
nic,Nicaragua,1986,4876.42619,65.35,8.492167892441888,63.31
nic,Nicaragua,1987,4753.86746,64.19,8.466713767851225,65.35
nic,Nicaragua,1988,4087.02628,68.22,8.315572913687964,64.19
nic,Nicaragua,1989,3942.20937,71.68,8.27949659893542,68.22
nic,Nicaragua,1990,3847.98763,72.72,8.255305597123465,71.68
nic,Nicaragua,1991,3759.13593,72.06,8.231944404123466,72.72
nic,Nicaragua,1992,3704.23524,72.44,8.217232103468636,72.06
nic,Nicaragua,1993,3629.90864,72.64,8.196962758898099,72.44
nic,Nicaragua,1994,3695.31013,73.0,8.214819762201182,72.64
nic,Nicaragua,1995,3863.21974,71.46,8.25925624429985,73.0
nic,Nicaragua,1996,4061.52062,71.52,8.309312719420138,71.46
nic,Nicaragua,1997,4181.25497,72.44,8.338366712515594,71.52
nic,Nicaragua,1998,4297.84996,70.42,8.365870167332993,72.44
nic,Nicaragua,1999,4562.03785,73.26,8.425524699609564,70.42
nic,Nicaragua,2000,4710.4306,73.73,8.457534605336988,73.26
nic,Nicaragua,2001,4812.59182,73.73,8.478991057894548,73.73
nic,Nicaragua,2002,4813.51285,73.61,8.47918241878961,73.73
nic,Nicaragua,2003,4898.9078,73.6,8.496767561294092,73.61
nic,Nicaragua,2004,5119.93712,73.65,8.540897436708137,73.6
nic,Nicaragua,2005,5290.82139,73.46,8.573728785010584,73.65
nic,Nicaragua,2006,5451.78121,74.25,8.603697661783745,73.46
nic,Nicaragua,2007,5664.51335,73.92,8.641976265094241,74.25
nic,Nicaragua,2008,5789.17233,73.96,8.663744612162446,73.92
nic,Nicaragua,2009,5530.86828,74.11,8.61810009484941,73.96
nic,Nicaragua,2010,5701.1279,74.37,8.648419311440515,74.11
nic,Nicaragua,2011,5976.25284,74.33,8.69554903515459,74.37
nic,Nicaragua,2012,6275.78769,74.39,8.744454284408821,74.33
nic,Nicaragua,2013,6494.14961,74.46,8.778656990586514,74.39
nic,Nicaragua,2014,6712.2175,74.5,8.811684652270413,74.46
nic,Nicaragua,2015,6939.03286,74.91,8.84491768644101,74.5
nic,Nicaragua,2016,7158.758,74.77,8.876091781220975,74.91
nic,Nicaragua,2017,7391.19684,75.04,8.908044954820996,74.77
nic,Nicaragua,2018,7049.02753,75.18,8.860644947284763,75.04
nic,Nicaragua,2019,6756.59376,75.38,8.818274160389182,75.18
nic,Nicaragua,2020,6523.36985,73.08,8.783146369560201,75.38
nic,Nicaragua,2021,7119.16923,75.16,8.870546316418467,73.08
nic,Nicaragua,2022,7277.82265,75.95,8.892587009916971,75.16
nld,Netherlands,1960,16060.59518,73.5,9.684124046589897,
nld,Netherlands,1961,15948.34964,73.62,9.677110632013118,73.5
nld,Netherlands,1962,16609.0466,73.07,9.717702801802812,73.62
nld,Netherlands,1963,16890.81628,73.52,9.734525337822896,73.07
nld,Netherlands,1964,18027.25532,73.68,9.799640076101385,73.52
nld,Netherlands,1965,18655.77164,73.69,9.833910848509264,73.68
nld,Netherlands,1966,18843.07231,73.68,9.843900608614463,73.69
nld,Netherlands,1967,19547.60291,73.81,9.880607944596655,73.68
nld,Netherlands,1968,20561.71593,73.76,9.93118617571689,73.81
nld,Netherlands,1969,21612.51339,73.69,9.981027749540226,73.76
nld,Netherlands,1970,22540.84559,73.73,10.02308430197439,73.69
nld,Netherlands,1971,23132.34491,73.89,10.048987129680523,73.73
nld,Netherlands,1972,23467.99013,73.97,10.063392649472966,73.89
nld,Netherlands,1973,24361.57903,74.3,10.100762540330622,73.97
nld,Netherlands,1974,25042.5241,74.61,10.128330622849438,74.3
nld,Netherlands,1975,24732.97199,74.68,10.115892530811909,74.61
nld,Netherlands,1976,25591.46082,74.87,10.150014013104819,74.68
nld,Netherlands,1977,25902.22695,75.22,10.162084226616818,74.87
nld,Netherlands,1978,26234.06192,75.4,10.174813918668105,75.22
nld,Netherlands,1979,26509.36599,75.7,10.185253383116283,75.4
nld,Netherlands,1980,26844.31232,75.88,10.19780924584016,75.7
nld,Netherlands,1981,27832.68275,76.05,10.233966247646158,75.88
nld,Netherlands,1982,28279.12642,76.17,10.249879229151496,76.05
nld,Netherlands,1983,29298.31594,76.33,10.285285316902812,76.17
nld,Netherlands,1984,30755.09239,76.43,10.333810865702336,76.33
nld,Netherlands,1985,32093.51149,76.49,10.37640915441831,76.43
nld,Netherlands,1986,33303.31758,76.56,10.41341229803312,76.49
nld,Netherlands,1987,34227.05632,76.84,10.440771730747684,76.56
nld,Netherlands,1988,36211.62555,77.06,10.497135494047004,76.84
nld,Netherlands,1989,38700.79736,77.0,10.563615482423193,77.06
nld,Netherlands,1990,41198.9813,77.16,10.626168809303776,77.0
nld,Netherlands,1991,42034.43255,77.3,10.646244384013547,77.16
nld,Netherlands,1992,42586.51213,77.4,10.659292865457155,77.3
nld,Netherlands,1993,42973.58321,77.34,10.66834086193564,77.4
nld,Netherlands,1994,44128.29525,77.59,10.69485647133388,77.34
nld,Netherlands,1995,45424.09257,77.69,10.723797916620152,77.59
nld,Netherlands,1996,46917.03019,77.76,10.756136005580897,77.69
nld,Netherlands,1997,48802.08149,78.01,10.79552824441521,77.76
nld,Netherlands,1998,50882.05071,78.12,10.837265502036692,78.01
nld,Netherlands,1999,53228.5099,78.14,10.88234943216235,78.12
nld,Netherlands,2000,55211.00112,78.28,10.91891750806062,78.14
nld,Netherlands,2001,56177.87032,78.43,10.936278191787336,78.28
nld,Netherlands,2002,56063.70601,78.6,10.934243930453833,78.43
nld,Netherlands,2003,55971.60417,78.86,10.932599772721776,78.6
nld,Netherlands,2004,57000.49232,79.3,10.950815183972368,78.86
nld,Netherlands,2005,58119.36479,79.63,10.970254188340254,79.3
nld,Netherlands,2006,60160.42039,79.97,11.004769946464998,79.63
nld,Netherlands,2007,62432.47586,80.32,11.041840865446584,79.97
nld,Netherlands,2008,63566.68986,80.54,11.059844867786616,80.32
nld,Netherlands,2009,60980.28095,80.76,11.01830582777991,80.54
nld,Netherlands,2010,61518.55401,80.95,11.027094099514477,80.76
nld,Netherlands,2011,62318.14162,81.13,11.040007860138516,80.95
nld,Netherlands,2012,61480.8126,81.22,11.026480414871626,81.13
nld,Netherlands,2013,61281.28881,81.43,11.023229835688092,81.22
nld,Netherlands,2014,62045.85638,81.62,11.035629009676121,81.43
nld,Netherlands,2015,63081.39414,81.66,11.052181141974156,81.62
nld,Netherlands,2016,64267.73636,81.66,11.070813016957763,81.66
nld,Netherlands,2017,65666.00366,81.71,11.092336622452821,81.66
nld,Netherlands,2018,66758.26401,81.72,11.1088333739925,81.71
nld,Netherlands,2019,67847.85429,81.74,11.125023040444606,81.72
nld,Netherlands,2020,64862.19225,81.34,11.08002017901259,81.74
nld,Netherlands,2021,68573.56488,81.39,11.13566238784347,81.34
nld,Netherlands,2022,71324.03603,82.15,11.174988660813364,81.39
nor,Norway,1960,15117.56935,73.4,9.623612879535555,
nor,Norway,1961,15926.7078,73.41,9.675752714878929,73.4
nor,Norway,1962,16232.21526,73.33,9.694753142876564,73.41
nor,Norway,1963,16712.3702,73.24,9.723904454738303,73.33
nor,Norway,1964,17401.71625,73.47,9.764324115395974,73.24
nor,Norway,1965,18169.55055,73.64,9.807502425255993,73.47
nor,Norway,1966,18689.52798,73.87,9.835718644913996,73.64
nor,Norway,1967,19674.49724,73.91,9.887078519718962,73.87
nor,Norway,1968,19928.82635,73.97,9.899922522862703,73.91
nor,Norway,1969,20639.89913,73.99,9.934981332471153,73.97
nor,Norway,1970,20892.76656,74.25,9.947158280439647,73.99
nor,Norway,1971,21845.20641,74.4,9.991736790185024,74.25
nor,Norway,1972,22795.95452,74.54,10.034338365866043,74.4
nor,Norway,1973,23635.41254,74.72,10.070501397697388,74.54
nor,Norway,1974,24428.20926,74.97,10.103493860705548,74.72
nor,Norway,1975,25513.43481,75.12,10.146960447701113,74.97
nor,Norway,1976,26857.90925,75.35,10.198315628253887,75.12
nor,Norway,1977,27852.7205,75.59,10.2346859246062,75.35
nor,Norway,1978,28754.18945,75.73,10.26653875560937,75.59
nor,Norway,1979,29904.62554,75.74,10.305768447748363,75.73
nor,Norway,1980,31197.84967,75.96,10.34810445058909,75.74
nor,Norway,1981,33192.31728,76.16,10.41007372089688,75.96
nor,Norway,1982,34380.69534,76.32,10.445250503863205,76.16
nor,Norway,1983,36492.44245,76.39,10.504860461967112,76.32
nor,Norway,1984,39526.85296,76.48,10.58473554168722,76.39
nor,Norway,1985,42495.10269,76.35,10.657144117449397,76.48
nor,Norway,1986,44714.46458,76.37,10.708052320650669,76.35
nor,Norway,1987,46207.62058,76.35,10.740900011086515,76.37
nor,Norway,1988,47157.03355,76.45,10.761238450849325,76.35
nor,Norway,1989,48982.26959,76.65,10.799213666508987,76.45
nor,Norway,1990,51326.55588,76.86,10.845963555699463,76.65
nor,Norway,1991,53377.72691,77.2,10.885148838874606,76.86
nor,Norway,1992,55669.60022,77.35,10.927189499905136,77.2
nor,Norway,1993,57591.47119,77.53,10.96112976610254,77.35
nor,Norway,1994,60822.99932,77.77,11.015723274714539,77.53
nor,Norway,1995,63662.03669,78.04,11.061343693569677,77.77
nor,Norway,1996,67142.00851,78.28,11.114565185338286,78.04
nor,Norway,1997,70898.35414,78.46,11.169002498428489,78.28
nor,Norway,1998,72897.93906,78.54,11.19681564681523,78.46
nor,Norway,1999,74386.38911,78.7,11.217028262015349,78.54
nor,Norway,2000,76788.74651,78.9,11.248813378581513,78.7
nor,Norway,2001,78367.82866,79.13,11.269168773397933,78.9
nor,Norway,2002,79347.25467,79.32,11.281589127624471,79.13
nor,Norway,2003,79881.05934,79.72,11.28829404908428,79.32
nor,Norway,2004,82786.9453,80.08,11.324025662483908,79.72
nor,Norway,2005,84553.41831,80.37,11.345138782959507,80.08
nor,Norway,2006,85988.98405,80.55,11.361974474589246,80.37
nor,Norway,2007,87562.62169,80.67,11.380109492828575,80.55
nor,Norway,2008,86795.5118,80.86,11.371310191938298,80.67
nor,Norway,2009,83883.37384,81.06,11.337182706429187,80.86
nor,Norway,2010,83256.78807,81.3,11.329684942896996,81.06
nor,Norway,2011,83092.43422,81.29,11.327708932414762,81.3
nor,Norway,2012,84237.14957,81.62,11.341391309222077,81.29
nor,Norway,2013,84070.45839,81.81,11.339410516594555,81.62
nor,Norway,2014,84830.2558,82.15,11.348407548239884,81.81
nor,Norway,2015,85550.29426,82.41,11.356859718940374,82.15
nor,Norway,2016,85787.61744,82.53,11.359629956179964,82.41
nor,Norway,2017,87194.11154,82.81,11.37589207940593,82.53
nor,Norway,2018,87338.4708,82.83,11.377546318299144,82.81
nor,Norway,2019,87725.72833,82.9,11.381970502839293,82.83
nor,Norway,2020,86096.05089,83.14,11.363218822813398,82.9
nor,Norway,2021,88984.13867,83.18,11.396213415640695,83.14
nor,Norway,2022,91051.0832,83.34,11.41917598184501,83.18
npl,Nepal,1960,1171.85458,44.61,7.06634288394029,
npl,Nepal,1961,1175.30843,45.1,7.069285885749859,44.61
npl,Nepal,1962,1175.92858,45.57,7.069813395321836,45.1
npl,Nepal,1963,1177.53764,45.9,7.071180791409394,45.57
npl,Nepal,1964,1198.87501,46.6,7.0891389043892685,45.9
npl,Nepal,1965,1184.55351,47.16,7.077121197757873,46.6
npl,Nepal,1966,1236.8427,47.7,7.120317201816758,47.16
npl,Nepal,1967,1185.36747,48.16,7.0778081067635945,47.7
npl,Nepal,1968,1165.18152,48.52,7.0606321650213015,48.16
npl,Nepal,1969,1190.85086,48.91,7.082423339012209,48.52
npl,Nepal,1970,1195.72137,49.27,7.0865049391418395,48.91
npl,Nepal,1971,1151.66081,49.58,7.048960362137228,49.27
npl,Nepal,1972,1157.86243,49.85,7.054330851421126,49.58
npl,Nepal,1973,1122.88614,50.04,7.0236575604619755,49.85
npl,Nepal,1974,1163.27868,50.33,7.058997745482078,50.04
npl,Nepal,1975,1149.87321,50.51,7.047406963105165,50.33
npl,Nepal,1976,1168.68356,50.56,7.063633231928218,50.51
npl,Nepal,1977,1171.85307,50.81,7.066341595383674,50.56
npl,Nepal,1978,1190.26645,51.07,7.081932468605043,50.81
npl,Nepal,1979,1184.51095,51.49,7.077085267963033,51.07
npl,Nepal,1980,1124.98321,51.85,7.025523390082705,51.49
npl,Nepal,1981,1248.70519,52.26,7.129862445435037,51.85
npl,Nepal,1982,1306.97091,52.85,7.175467456299254,52.26
npl,Nepal,1983,1264.06575,53.37,7.142088590759008,52.85
npl,Nepal,1984,1380.67498,54.01,7.230327774515067,53.37
npl,Nepal,1985,1457.33184,54.73,7.284362535925141,54.01
npl,Nepal,1986,1505.59064,55.43,7.316940552021142,54.73
npl,Nepal,1987,1519.12271,56.11,7.325888282743107,55.43
npl,Nepal,1988,1636.14176,56.78,7.4000961637755145,56.11
npl,Nepal,1989,1711.59365,57.62,7.445180174556813,56.78
npl,Nepal,1990,1793.20863,58.32,7.491761824895178,57.62
npl,Nepal,1991,1858.70408,58.86,7.527634792694482,58.32
npl,Nepal,1992,1881.16598,59.76,7.539647065705799,58.86
npl,Nepal,1993,1900.36545,60.31,7.549801488764424,59.76
npl,Nepal,1994,2004.84966,61.19,7.603324354385697,60.31
npl,Nepal,1995,2025.49153,61.83,7.613567680950467,61.19
npl,Nepal,1996,2087.95592,62.57,7.643940837668575,61.83
npl,Nepal,1997,2150.13721,63.37,7.6732869376900394,62.57
npl,Nepal,1998,2172.48237,64.02,7.683625742031821,63.37
npl,Nepal,1999,2227.62481,64.75,7.708691189200628,64.02
npl,Nepal,2000,2326.07294,65.39,7.751936691142401,64.75
npl,Nepal,2001,2401.67725,66.06,7.783922626417843,65.39
npl,Nepal,2002,2368.99727,66.16,7.770222051773149,66.06
npl,Nepal,2003,2428.772,67.0,7.795141058808113,66.16
npl,Nepal,2004,2511.46651,67.24,7.828622128440631,67.0
npl,Nepal,2005,2570.84456,67.69,7.851989746472789,67.24
npl,Nepal,2006,2634.01895,68.01,7.876266076658516,67.69
npl,Nepal,2007,2702.77225,68.26,7.902033284494929,68.01
npl,Nepal,2008,2848.10016,68.52,7.954407440452794,68.26
npl,Nepal,2009,2959.22635,68.76,7.992683144912231,68.52
npl,Nepal,2010,3085.31407,69.04,8.034408736668194,68.76
npl,Nepal,2011,3176.65041,69.22,8.063582590443433,69.04
npl,Nepal,2012,3316.50074,69.47,8.106665512092375,69.22
npl,Nepal,2013,3426.55796,69.68,8.13931152610243,69.47
npl,Nepal,2014,3621.73169,69.91,8.194707557841921,69.68
npl,Nepal,2015,3745.26182,69.35,8.228246805390109,69.91
npl,Nepal,2016,3743.74458,70.37,8.227841614116468,69.35
npl,Nepal,2017,4071.70432,70.6,8.311816942627308,70.37
npl,Nepal,2018,4371.38572,70.84,8.382835336222733,70.6
npl,Nepal,2019,4607.52455,71.07,8.43544601779891,70.84
npl,Nepal,2020,4412.54204,70.75,8.392206228674919,71.07
npl,Nepal,2021,4546.2297,69.94,8.422053531072644,70.75
npl,Nepal,2022,4763.38751,72.02,8.468714355879017,69.94
nru,Nauru,1960,18302.56919,60.65,9.814796721871527,
nru,Nauru,1961,20722.67488,60.83,9.938983784566277,60.65
nru,Nauru,1962,23459.9373,61.0,10.063049449569624,60.83
nru,Nauru,1963,26558.30891,61.17,10.187097931006086,61.0
nru,Nauru,1964,30065.37165,61.36,10.311129344947242,61.17
nru,Nauru,1965,34037.47152,61.58,10.435217300257463,61.36
nru,Nauru,1966,38531.92715,61.5,10.559242453239372,61.58
nru,Nauru,1967,43621.17425,61.84,10.683297959384113,61.5
nru,Nauru,1968,49379.81226,61.88,10.807296960947836,61.84
nru,Nauru,1969,55898.70126,61.99,10.93129642559959,61.88
nru,Nauru,1970,63277.16082,62.09,11.055279734494402,61.99
nru,Nauru,1971,63654.2886,62.16,11.06122197956337,62.09
nru,Nauru,1972,64073.69737,62.24,11.067789221255818,62.16
nru,Nauru,1973,64564.5567,62.32,11.075420881308137,62.24
nru,Nauru,1974,65160.97144,62.4,11.084615971137692,62.32
nru,Nauru,1975,65890.49517,62.5,11.095749478980553,62.4
nru,Nauru,1976,63044.73227,62.59,11.05159978944909,62.5
nru,Nauru,1977,60386.88577,62.64,11.008527237335047,62.59
nru,Nauru,1978,57873.10985,62.69,10.966008131675947,62.64
nru,Nauru,1979,55421.83582,62.66,10.92272894345476,62.69
nru,Nauru,1980,52989.85406,62.64,10.877855741378466,62.66
nru,Nauru,1981,50578.36046,62.58,10.831279104910132,62.64
nru,Nauru,1982,48203.66647,62.54,10.783190364988004,62.58
nru,Nauru,1983,45869.40875,62.49,10.733553697819895,62.54
nru,Nauru,1984,43574.17659,62.39,10.682219973824141,62.49
nru,Nauru,1985,41330.37147,62.31,10.629352895367637,62.39
nru,Nauru,1986,39149.07275,62.22,10.57513201659185,62.31
nru,Nauru,1987,37048.80716,62.13,10.519991434794344,62.22
nru,Nauru,1988,35044.24912,62.12,10.464366802538525,62.13
nru,Nauru,1989,33158.72763,62.07,10.409061237885798,62.12
nru,Nauru,1990,31401.73198,62.01,10.354618328973892,62.07
nru,Nauru,1991,24828.74537,61.89,10.119757348429777,62.01
nru,Nauru,1992,20392.66388,61.72,9.922930501430296,61.89
nru,Nauru,1993,16903.79296,61.56,9.735293311232244,61.72
nru,Nauru,1994,16132.73545,61.26,9.688605744465619,61.56
nru,Nauru,1995,14772.40575,60.82,9.600516243101321,61.26
nru,Nauru,1996,12973.54369,60.39,9.470667462043028,60.82
nru,Nauru,1997,11725.87291,59.96,9.369553039157392,60.39
nru,Nauru,1998,10384.67779,59.63,9.248086709348382,59.96
nru,Nauru,1999,9704.3835,59.34,9.180332969628655,59.63
nru,Nauru,2000,9045.88119,59.15,9.110064815969666,59.34
nru,Nauru,2001,8453.49239,58.88,9.042334935557772,59.15
nru,Nauru,2002,7634.92083,58.76,8.940487848247301,58.88
nru,Nauru,2003,7665.34369,58.72,8.944464629178698,58.76
nru,Nauru,2004,7328.33621,58.7,8.899503785487092,58.72
nru,Nauru,2005,7240.16555,58.77,8.887399351140438,58.7
nru,Nauru,2006,7730.48873,58.91,8.95292736467987,58.77
nru,Nauru,2007,6123.69092,59.03,8.719920285223045,58.91
nru,Nauru,2008,7415.60076,59.3,8.911341270845082,59.03
nru,Nauru,2009,7007.89149,59.57,8.854792148763476,59.3
nru,Nauru,2010,6966.78567,60.03,8.848909230957082,59.57
nru,Nauru,2011,7926.22136,60.5,8.97793170169751,60.03
nru,Nauru,2012,9766.46483,60.87,9.186709840253199,60.5
nru,Nauru,2013,9882.09256,61.35,9.198479565886824,60.87
nru,Nauru,2014,11264.07883,61.88,9.329374076775323,61.35
nru,Nauru,2015,11344.10275,62.29,9.336453306382511,61.88
nru,Nauru,2016,11630.96039,62.65,9.361425820779118,62.29
nru,Nauru,2017,10763.82305,62.96,9.28394607265556,62.65
nru,Nauru,2018,10490.85563,63.19,9.258259264317571,62.96
nru,Nauru,2019,11273.14078,63.39,9.330178253212805,63.19
nru,Nauru,2020,11441.25845,63.34,9.34498126325438,63.39
nru,Nauru,2021,12196.64515,63.52,9.408916205200379,63.34
nru,Nauru,2022,12458.74051,63.92,9.43017770456772,63.52
nzl,New Zealand,1960,18228.2555,71.22,9.81072816918262,
nzl,New Zealand,1961,18654.90658,71.19,9.833864477870003,71.22
nzl,New Zealand,1962,18530.08903,71.37,9.827151123908985,71.19
nzl,New Zealand,1963,19197.93638,71.41,9.862558072031128,71.37
nzl,New Zealand,1964,19660.65875,71.47,9.886374900260865,71.41
nzl,New Zealand,1965,20467.16361,71.46,9.926577105791248,71.47
nzl,New Zealand,1966,21270.49602,71.64,9.965076228091624,71.46
nzl,New Zealand,1967,19835.47578,71.6,9.895227319552607,71.64
nzl,New Zealand,1968,19468.61423,71.44,9.876558921205579,71.6
nzl,New Zealand,1969,21102.29416,71.61,9.957137041515788,71.44
nzl,New Zealand,1970,20493.28379,71.64,9.927852491447343,71.61
nzl,New Zealand,1971,20953.91919,71.84,9.95008098136257,71.64
nzl,New Zealand,1972,21399.05348,72.03,9.971101970125229,71.84
nzl,New Zealand,1973,22400.98792,72.0,10.016860340442026,72.03
nzl,New Zealand,1974,23157.93431,72.19,10.050092735567452,72.0
nzl,New Zealand,1975,22346.07074,72.39,10.014405778769506,72.19
nzl,New Zealand,1976,22382.77775,72.63,10.016047091679614,72.39
nzl,New Zealand,1977,21207.32824,72.72,9.96210207262752,72.63
nzl,New Zealand,1978,21150.18481,73.2,9.959403922497714,72.72
nzl,New Zealand,1979,21469.92372,73.12,9.974408338002053,73.2
nzl,New Zealand,1980,21521.14485,73.37,9.976791212210127,73.12
nzl,New Zealand,1981,23304.36286,73.83,10.056395869235521,73.37
nzl,New Zealand,1982,24445.75391,74.05,10.104211815608963,73.83
nzl,New Zealand,1983,24929.34275,74.28,10.12380081235138,74.05
nzl,New Zealand,1984,26690.52768,74.37,10.192064012903769,74.28
nzl,New Zealand,1985,27217.44538,74.22,10.211613420956224,74.37
nzl,New Zealand,1986,27846.08714,74.36,10.23444773781864,74.22
nzl,New Zealand,1987,28568.85649,74.48,10.26007246957256,74.36
nzl,New Zealand,1988,29111.57789,74.77,10.278891239667779,74.48
nzl,New Zealand,1989,29808.90849,75.11,10.302562570436505,74.77
nzl,New Zealand,1990,30241.42029,75.55,10.316967796452447,75.11
nzl,New Zealand,1991,28729.70919,75.93,10.26568702975016,75.55
nzl,New Zealand,1992,28738.24334,76.12,10.265984035287579,75.93
nzl,New Zealand,1993,30144.00153,76.28,10.313741228132457,76.12
nzl,New Zealand,1994,31399.88614,76.66,10.354559545775121,76.28
nzl,New Zealand,1995,32397.31314,76.75,10.385830770563945,76.66
nzl,New Zealand,1996,33079.66426,77.01,10.406673999751177,76.75
nzl,New Zealand,1997,33413.29993,77.39,10.416709301200623,77.01
nzl,New Zealand,1998,33423.04001,77.92,10.417000761806564,77.39
nzl,New Zealand,1999,34999.05016,78.05,10.463076201817586,77.92
nzl,New Zealand,2000,35871.34674,78.39,10.487694114845228,78.05
nzl,New Zealand,2001,36807.22838,78.59,10.513449528238043,78.39
nzl,New Zealand,2002,37904.08537,78.81,10.542814178664921,78.59
nzl,New Zealand,2003,38935.26133,79.13,10.569655579944385,78.81
nzl,New Zealand,2004,39957.50869,79.39,10.595571885723858,79.13
nzl,New Zealand,2005,40817.84481,79.8,10.61687463756677,79.39
nzl,New Zealand,2006,41455.34941,80.05,10.63237220917238,79.8
nzl,New Zealand,2007,42350.36139,80.19,10.653732233455834,80.05
nzl,New Zealand,2008,41573.46249,80.37,10.635217321777773,80.19
nzl,New Zealand,2009,41140.53326,80.64,10.62474912520364,80.37
nzl,New Zealand,2010,41270.92851,80.92,10.627913620918548,80.64
nzl,New Zealand,2011,41814.88518,80.92,10.641007659907276,80.92
nzl,New Zealand,2012,42570.33328,81.24,10.6589128877791,80.92
nzl,New Zealand,2013,43338.43738,81.51,10.676795219525728,81.24
nzl,New Zealand,2014,44255.50466,81.53,10.697735041795195,81.51
nzl,New Zealand,2015,44963.83392,81.72,10.713613754953302,81.53
nzl,New Zealand,2016,45626.68184,81.91,10.728247952451971,81.72
nzl,New Zealand,2017,46193.28848,81.99,10.740589795521306,81.91
nzl,New Zealand,2018,46947.93725,81.78,10.756794548633962,81.99
nzl,New Zealand,2019,47277.66283,81.78,10.76379321832854,81.78
nzl,New Zealand,2020,46104.60579,81.96,10.73866813267099,81.78
nzl,New Zealand,2021,47996.67988,81.67,10.778887118331065,81.96
nzl,New Zealand,2022,49618.52533,82.22,10.812119537537741,81.67
omn,Oman,1960,1984.33597,45.1,7.593039613226209,
omn,Oman,1961,1958.76217,46.01,7.5800680067970685,45.1
omn,Oman,1962,2300.66227,46.88,7.740952303947735,46.01
omn,Oman,1963,2340.28151,47.56,7.758026504534675,46.88
omn,Oman,1964,2281.39321,48.48,7.732541592346711,47.56
omn,Oman,1965,2233.16792,48.86,7.7111764482963085,48.48
omn,Oman,1966,2291.40929,49.31,7.736922317741261,48.86
omn,Oman,1967,3709.38908,50.39,8.21862247357853,49.31
omn,Oman,1968,6561.04151,52.25,8.788904636104318,50.39
omn,Oman,1969,8017.94474,53.96,8.989437401185686,52.25
omn,Oman,1970,8054.07703,55.47,8.99393370555737,53.96
omn,Oman,1971,7869.94596,56.28,8.970806474805917,55.47
omn,Oman,1972,8312.96356,56.79,9.025571450025751,56.28
omn,Oman,1973,6903.65131,57.49,8.839805725983762,56.79
omn,Oman,1974,7935.97377,58.32,8.979161343767714,57.49
omn,Oman,1975,9666.82977,58.95,9.176455692916779,58.32
omn,Oman,1976,10559.91994,60.12,9.26482097579212,58.95
omn,Oman,1977,10972.48201,60.35,9.303145782007617,60.12
omn,Oman,1978,11307.41225,60.91,9.333213740985826,60.35
omn,Oman,1979,11248.06428,61.3,9.327951328827858,60.91
omn,Oman,1980,11378.86356,61.99,9.33951283977629,61.3
omn,Oman,1981,13204.92037,62.58,9.488344794421494,61.99
omn,Oman,1982,15079.45026,63.0,9.621088185990288,62.58
omn,Oman,1983,16998.17824,63.69,9.740861454943117,63.0
omn,Oman,1984,19003.07437,64.34,9.85235605400629,63.69
omn,Oman,1985,22051.8013,64.85,10.001149569148392,64.34
omn,Oman,1986,21818.62239,65.38,9.990519122196885,64.85
omn,Oman,1987,21215.81784,65.7,9.962502306975878,65.38
omn,Oman,1988,22647.153,66.02,10.027789427646617,65.7
omn,Oman,1989,23078.74382,66.35,10.046667291931117,66.02
omn,Oman,1990,26933.16211,66.75,10.201113598518889,66.35
omn,Oman,1991,28072.10718,66.97,10.24253173529509,66.75
omn,Oman,1992,29900.85522,67.29,10.305642361645315,66.97
omn,Oman,1993,31206.06475,67.51,10.348367737920464,67.29
omn,Oman,1994,32212.28841,67.73,10.380103286370945,67.51
omn,Oman,1995,33914.8592,67.94,10.431608521816203,67.73
omn,Oman,1996,35112.65838,68.14,10.466316982046683,67.94
omn,Oman,1997,37467.24815,68.37,10.531222447670977,68.14
omn,Oman,1998,37836.64788,68.6,10.541033432561022,68.37
omn,Oman,1999,38091.55917,68.84,10.547747992475786,68.6
omn,Oman,2000,40524.4461,69.06,10.60966067840436,68.84
omn,Oman,2001,42340.35105,69.46,10.653495835868465,69.06
omn,Oman,2002,41867.99254,69.59,10.642276912795719,69.46
omn,Oman,2003,40743.64932,69.82,10.615055261615954,69.59
omn,Oman,2004,41072.01082,70.24,10.6230821665507,69.82
omn,Oman,2005,41481.61379,70.28,10.633005566842218,70.24
omn,Oman,2006,42653.91573,70.08,10.660874359490936,70.28
omn,Oman,2007,43898.2691,69.86,10.689630170039935,70.08
omn,Oman,2008,46798.95737,69.95,10.753616203238767,69.86
omn,Oman,2009,48443.3598,70.22,10.788150555294763,69.95
omn,Oman,2010,48191.61451,70.43,10.782940312082088,70.22
omn,Oman,2011,44440.30926,70.84,10.701902202775257,70.43
omn,Oman,2012,41964.08286,71.48,10.644569361399041,70.84
omn,Oman,2013,40854.48535,71.93,10.617771894750113,71.48
omn,Oman,2014,39639.98705,72.27,10.58759366175366,71.93
omn,Oman,2015,39813.78871,72.41,10.591968581272585,72.27
omn,Oman,2016,39860.98939,72.61,10.593153415084425,72.41
omn,Oman,2017,38691.10771,72.91,10.563365077680167,72.61
omn,Oman,2018,38673.60454,73.57,10.562912593083778,72.91
omn,Oman,2019,38292.38597,73.96,10.553006355666547,73.57
omn,Oman,2020,37560.59987,70.88,10.53371090417443,73.96
omn,Oman,2021,38719.45877,68.78,10.5640975632453,70.88
omn,Oman,2022,39780.21228,70.1,10.59112488874365,68.78
pak,Pakistan,1960,1198.75564,51.32,7.089039331087519,
pak,Pakistan,1961,1229.25695,51.96,7.1141651601300415,51.32
pak,Pakistan,1962,1272.18008,52.8,7.148487306206696,51.96
pak,Pakistan,1963,1311.87072,53.57,7.17920942806362,52.8
pak,Pakistan,1964,1362.65073,54.42,7.217187147941562,53.57
pak,Pakistan,1965,1398.21184,54.62,7.242949442072356,54.42
pak,Pakistan,1966,1460.30077,55.44,7.2863977003352,54.62
pak,Pakistan,1967,1467.68077,55.81,7.291438726398731,55.44
pak,Pakistan,1968,1510.37452,56.29,7.320112925545551,55.81
pak,Pakistan,1969,1562.68262,56.66,7.354159251580995,56.29
pak,Pakistan,1970,1674.52865,57.08,7.4232870016728425,56.66
pak,Pakistan,1971,1635.21897,53.89,7.399532000969491,57.08
pak,Pakistan,1972,1598.44019,57.86,7.376783551472081,53.89
pak,Pakistan,1973,1654.15232,58.29,7.411043963241866,57.86
pak,Pakistan,1974,1669.58005,58.52,7.420327406721788,58.29
pak,Pakistan,1975,1675.93358,59.03,7.424125650185137,58.52
pak,Pakistan,1976,1702.08928,59.39,7.43961176369175,59.03
pak,Pakistan,1977,1710.84724,59.72,7.444743988784246,59.39
pak,Pakistan,1978,1785.46192,60.1,7.4874324394477885,59.72
pak,Pakistan,1979,1794.67564,60.2,7.492579582643954,60.1
pak,Pakistan,1980,1888.25767,60.24,7.543409815147442,60.2
pak,Pakistan,1981,2046.43709,60.47,7.6238555551716685,60.24
pak,Pakistan,1982,2200.47243,60.71,7.696427357201969,60.47
pak,Pakistan,1983,2327.42856,60.79,7.752519314802604,60.71
pak,Pakistan,1984,2399.59577,60.81,7.783055572983585,60.79
pak,Pakistan,1985,2581.70245,60.88,7.8562043246419995,60.81
pak,Pakistan,1986,2697.30457,60.95,7.900008245944281,60.88
pak,Pakistan,1987,2814.82106,60.93,7.942653971945888,60.95
pak,Pakistan,1988,2978.67554,60.97,7.999234031037994,60.93
pak,Pakistan,1989,3117.72366,61.05,8.04485841836488,60.97
pak,Pakistan,1990,3250.23643,61.05,8.086483020370105,61.05
pak,Pakistan,1991,3326.05597,61.01,8.10954248763293,61.05
pak,Pakistan,1992,3465.33893,60.88,8.150565722136214,61.01
pak,Pakistan,1993,3448.67151,60.74,8.145744366301866,60.88
pak,Pakistan,1994,3486.92639,60.56,8.1567759366163,60.74
pak,Pakistan,1995,3559.07166,60.34,8.177255020176835,60.56
pak,Pakistan,1996,3612.50494,60.44,8.1921566998938,60.34
pak,Pakistan,1997,3554.79376,60.47,8.176052326489764,60.44
pak,Pakistan,1998,3550.16665,60.69,8.174749825029615,60.47
pak,Pakistan,1999,3582.29593,60.85,8.183759195065218,60.69
pak,Pakistan,2000,3621.88037,61.04,8.194748609184481,60.85
pak,Pakistan,2001,3640.97303,61.21,8.200006240842313,61.04
pak,Pakistan,2002,3646.92199,61.35,8.201638800396195,61.21
pak,Pakistan,2003,3751.99908,61.52,8.230044064923527,61.35
pak,Pakistan,2004,3939.02923,61.77,8.278689583608516,61.52
pak,Pakistan,2005,4114.79452,61.05,8.322344177478016,61.77
pak,Pakistan,2006,4248.39333,62.32,8.354296150443327,61.05
pak,Pakistan,2007,4306.74362,62.69,8.367937356929897,62.32
pak,Pakistan,2008,4268.21132,62.92,8.35895012384823,62.69
pak,Pakistan,2009,4288.37383,63.15,8.36366287945437,62.92
pak,Pakistan,2010,4228.78177,63.27,8.349669232925107,63.15
pak,Pakistan,2011,4246.06711,63.62,8.353748447602262,63.27
pak,Pakistan,2012,4292.0211,63.82,8.364513019861525,63.62
pak,Pakistan,2013,4407.14706,64.0,8.390982833924443,63.82
pak,Pakistan,2014,4520.23463,64.17,8.416319180771072,64.0
pak,Pakistan,2015,4645.28631,64.42,8.44360828766915,64.17
pak,Pakistan,2016,4886.61212,64.66,8.494254524363711,64.42
pak,Pakistan,2017,5031.56061,64.93,8.523485475410345,64.66
pak,Pakistan,2018,5255.06351,65.45,8.566947368870752,64.93
pak,Pakistan,2019,5295.95295,65.86,8.574698213513937,65.45
pak,Pakistan,2020,5135.01459,65.38,8.543837963643918,65.86
pak,Pakistan,2021,5367.27365,65.21,8.588075358393313,65.38
pak,Pakistan,2022,5526.27928,65.54,8.617270043475207,65.21
pan,Panama,1960,4022.75652,65.88,8.299722648119749,
pan,Panama,1961,4315.88566,66.39,8.370057833904767,65.88
pan,Panama,1962,4529.27135,66.77,8.418316355649724,66.39
pan,Panama,1963,4786.37923,67.18,8.473529502688168,66.77
pan,Panama,1964,4835.90162,67.44,8.483822868268865,67.18
pan,Panama,1965,5098.38877,67.48,8.536679841345846,67.44
pan,Panama,1966,5304.64344,67.84,8.57633783672516,67.48
pan,Panama,1967,5568.91705,68.5,8.624955888524527,67.84
pan,Panama,1968,5778.69278,68.22,8.661932773458041,68.5
pan,Panama,1969,6046.73866,68.27,8.707274341214593,68.22
pan,Panama,1970,6588.63284,68.1,8.793101146186238,68.27
pan,Panama,1971,7013.28137,69.26,8.855560968935556,68.1
pan,Panama,1972,7128.14012,70.19,8.871805626645427,69.26
pan,Panama,1973,7302.82943,70.94,8.896017145192346,70.19
pan,Panama,1974,7265.22915,71.3,8.890855117144946,70.94
pan,Panama,1975,7186.77903,71.63,8.879998371204769,71.3
pan,Panama,1976,7112.57168,72.57,8.869619156415437,71.63
pan,Panama,1977,6993.57185,73.4,8.852746698992279,72.57
pan,Panama,1978,7503.96807,73.99,8.923187235613042,73.4
pan,Panama,1979,7646.17007,74.08,8.941960157011863,73.99
pan,Panama,1980,8595.3159,74.21,9.058972671068242,74.08
pan,Panama,1981,9652.89078,74.86,9.175012712167387,74.21
pan,Panama,1982,10248.4616,74.62,9.234882885497374,74.86
pan,Panama,1983,9928.54243,75.01,9.20316896177388,74.62
pan,Panama,1984,10188.97743,75.6,9.229061770837864,75.01
pan,Panama,1985,10693.95358,75.35,9.277433774747433,75.6
pan,Panama,1986,11035.50457,75.64,9.308873042158416,75.35
pan,Panama,1987,10978.63555,76.01,9.303706440492942,75.64
pan,Panama,1988,9663.9655,76.08,9.176159350217892,76.01
pan,Panama,1989,9892.55939,75.03,9.199538176779592,76.08
pan,Panama,1990,10780.16822,76.42,9.285463449164983,75.03
pan,Panama,1991,11590.47243,76.69,9.35793869736673,76.42
pan,Panama,1992,12324.44566,76.58,9.419340021023134,76.69
pan,Panama,1993,12772.66302,76.3,9.45506246448228,76.58
pan,Panama,1994,12911.09719,76.61,9.465842467835953,76.3
pan,Panama,1995,12911.65928,76.54,9.465886002305307,76.61
pan,Panama,1996,12169.10436,76.97,9.406655589189583,76.54
pan,Panama,1997,12837.61701,76.66,9.460134968898293,76.97
pan,Panama,1998,13638.82564,76.84,9.52067583091672,76.66
pan,Panama,1999,14067.06567,77.25,9.551591576119586,76.84
pan,Panama,2000,14371.4668,77.98,9.573000047628685,77.25
pan,Panama,2001,14249.01225,78.12,9.564442867504873,77.98
pan,Panama,2002,14350.55017,78.12,9.571543559825654,78.12
pan,Panama,2003,14811.56391,78.03,9.603163499931172,78.12
pan,Panama,2004,15741.34696,78.23,9.66404609391357,78.03
pan,Panama,2005,16743.71687,78.22,9.725778354642213,78.23
pan,Panama,2006,18075.76479,78.22,9.802327358165032,78.22
pan,Panama,2007,20109.67673,78.54,9.908956407550471,78.22
pan,Panama,2008,21790.55657,78.41,9.989231970063129,78.54
pan,Panama,2009,21786.09268,78.38,9.989027094741486,78.41
pan,Panama,2010,22739.11062,78.5,10.031841655721736,78.38
pan,Panama,2011,24999.46059,78.65,10.126609527217564,78.5
pan,Panama,2012,26926.88528,78.63,10.200880519257634,78.65
pan,Panama,2013,28135.3279,78.73,10.244781286322302,78.63
pan,Panama,2014,28931.80445,78.91,10.272696768994305,78.73
pan,Panama,2015,29933.15557,79.26,10.306722026963122,78.91
pan,Panama,2016,30765.23716,79.48,10.334140667904833,79.26
pan,Panama,2017,31979.81227,79.62,10.372860116139321,79.48
pan,Panama,2018,32681.44636,79.86,10.394562806256506,79.62
pan,Panama,2019,33163.72691,80.03,10.409211994670786,79.86
pan,Panama,2020,26881.79871,78.85,10.199204708692934,80.03
pan,Panama,2021,30932.76278,78.4,10.33957118532401,78.85
pan,Panama,2022,33833.02651,79.02,10.429192720084798,78.4
per,Peru,1960,5617.89644,47.26,8.633712573888022,
per,Peru,1961,5885.14077,48.96,8.680185939544234,47.26
per,Peru,1962,6124.17058,50.15,8.719998610733215,48.96
per,Peru,1963,6167.95818,51.67,8.727123135064538,50.15
per,Peru,1964,6363.76966,53.82,8.758376194585178,51.67
per,Peru,1965,6520.72576,54.12,8.782740961609315,53.82
per,Peru,1966,6828.2803,54.96,8.828828134624171,54.12
per,Peru,1967,6856.28956,55.8,8.832921693924852,54.96
per,Peru,1968,6590.56457,56.42,8.793394294540228,55.8
per,Peru,1969,6564.44603,57.42,8.789423400845967,56.42
per,Peru,1970,6787.32166,48.63,8.822811689127205,57.42
per,Peru,1971,6857.22655,59.68,8.833058345968565,48.63
per,Peru,1972,6848.13155,60.85,8.831731127625387,59.68
per,Peru,1973,7000.41137,61.24,8.853724193453587,60.85
per,Peru,1974,7260.21824,62.12,8.890165167973091,61.24
per,Peru,1975,7456.14071,63.4,8.916793228236708,62.12
per,Peru,1976,7319.4815,64.04,8.898294771113225,63.4
per,Peru,1977,7097.61199,64.75,8.867513667017993,64.04
per,Peru,1978,6774.90059,65.35,8.82097997257752,64.75
per,Peru,1979,6884.21706,65.82,8.836986687920913,65.35
per,Peru,1980,7026.32556,65.1,8.857419168216833,65.82
per,Peru,1981,7541.53177,64.62,8.928180592889216,65.1
per,Peru,1982,7584.39154,66.04,8.933847669711929,64.62
per,Peru,1983,6728.41036,65.73,8.81409419265843,66.04
per,Peru,1984,6978.01555,65.91,8.850519850176452,65.73
per,Peru,1985,7083.96092,65.94,8.865588482230251,65.91
per,Peru,1986,7800.6709,66.99,8.961965021799305,65.94
per,Peru,1987,8363.7629,68.55,9.031663712466186,66.99
per,Peru,1988,7612.07774,68.87,8.937491441185749,68.55
per,Peru,1989,6648.82787,69.23,8.802195857963879,68.87
per,Peru,1990,6341.64348,69.24,8.754893237813306,69.23
per,Peru,1991,6350.52887,69.24,8.756293375032772,69.24
per,Peru,1992,6190.31921,70.05,8.730741933008153,69.24
per,Peru,1993,6386.83311,70.6,8.761993823581877,70.05
per,Peru,1994,7034.32533,71.21,8.858557063030629,70.6
per,Peru,1995,7413.87861,71.49,8.911109010498677,71.21
per,Peru,1996,7482.29794,72.52,8.920295235018763,71.49
per,Peru,1997,7824.40453,72.95,8.965002914110167,72.52
per,Peru,1998,7656.30693,73.36,8.943285022454594,72.95
per,Peru,1999,7639.87921,74.37,8.941137071826159,73.36
per,Peru,2000,7724.22627,74.61,8.952116937526375,74.37
per,Peru,2001,7663.7208,75.45,8.944252888924476,74.61
per,Peru,2002,7981.43617,75.89,8.98487364542893,75.45
per,Peru,2003,8220.07656,76.04,9.014334801875465,75.89
per,Peru,2004,8537.15543,76.72,9.052183143474531,76.04
per,Peru,2005,8986.11141,77.16,9.103435487728188,76.72
per,Peru,2006,9578.48689,77.72,9.167274913813923,77.16
per,Peru,2007,10310.62675,78.33,9.240930365658004,77.72
per,Peru,2008,11168.72285,78.5,9.320872548015025,78.33
per,Peru,2009,11212.67064,77.41,9.324799724980345,78.5
per,Peru,2010,12059.01802,77.32,9.397568042422071,77.41
per,Peru,2011,12726.59998,77.69,9.451449568681713,77.32
per,Peru,2012,13395.39938,78.0,9.50266659713707,77.69
per,Peru,2013,14052.13762,78.37,9.550529806961444,78.0
per,Peru,2014,14244.56602,78.89,9.564130781041463,78.37
per,Peru,2015,14542.79309,79.4,9.584850829613114,78.89
per,Peru,2016,14917.44895,79.61,9.610286877235195,79.4
per,Peru,2017,15069.52211,79.82,9.62042957977068,79.61
per,Peru,2018,15386.26016,80.04,9.641230192754128,79.82
per,Peru,2019,15463.54324,80.25,9.646240483462805,80.04
per,Peru,2020,13609.59996,77.62,9.518530702120213,80.25
per,Peru,2021,15280.55121,76.27,9.63433613602274,77.62
per,Peru,2022,15559.82164,77.33,9.65244733494175,76.27
phl,Philippines,1960,2763.68961,61.26,7.924321881186656,
phl,Philippines,1961,2813.10969,61.53,7.942045801686242,61.26
phl,Philippines,1962,2842.28541,61.75,7.952363729371227,61.53
phl,Philippines,1963,2928.50034,62.35,7.982245741630223,61.75
phl,Philippines,1964,2920.10473,62.46,7.979374761057498,62.35
phl,Philippines,1965,2962.76331,62.55,7.993877662506361,62.46
phl,Philippines,1966,2980.73986,62.82,7.999926823852056,62.55
phl,Philippines,1967,3025.89061,62.79,8.014960743661826,62.82
phl,Philippines,1968,3063.62246,62.91,8.027353305252852,62.79
phl,Philippines,1969,3094.3746,63.15,8.037341096848865,62.91
phl,Philippines,1970,3098.11694,62.69,8.038549767197923,63.15
phl,Philippines,1971,3154.21325,63.06,8.056494377792843,62.69
phl,Philippines,1972,3211.79897,62.74,8.074586485934892,63.06
phl,Philippines,1973,3380.31653,63.27,8.125724632021365,62.74
phl,Philippines,1974,3382.15411,63.37,8.126268096131762,63.27
phl,Philippines,1975,3451.22109,64.11,8.146483386534163,63.37
phl,Philippines,1976,3628.88686,63.7,8.196681230094388,64.11
phl,Philippines,1977,3704.27549,64.22,8.217242969350178,63.7
phl,Philippines,1978,3766.20769,64.92,8.233823856395349,64.22
phl,Philippines,1979,3844.76122,65.41,8.254466778580941,64.92
phl,Philippines,1980,3907.62066,65.74,8.270683940897577,65.41
phl,Philippines,1981,4128.96035,66.03,8.325780923030585,65.74
phl,Philippines,1982,4303.8766,66.07,8.367271430426882,66.03
phl,Philippines,1983,4361.14099,66.28,8.380488997061057,66.07
phl,Philippines,1984,4017.37695,66.51,8.298384468642295,66.28
phl,Philippines,1985,3694.18579,66.51,8.214515454567522,66.51
phl,Philippines,1986,3766.67637,66.9,8.2339482921352,66.51
phl,Philippines,1987,3887.5802,67.02,8.26554218649977,66.9
phl,Philippines,1988,4145.28966,67.41,8.32972794691306,67.02
phl,Philippines,1989,4410.47403,67.93,8.391737452460196,67.41
phl,Philippines,1990,4553.02619,68.41,8.423547387569501,67.93
phl,Philippines,1991,4433.42834,68.86,8.396928455387302,68.41
phl,Philippines,1992,4355.54139,69.31,8.379204196141128,68.86
phl,Philippines,1993,4352.64175,69.43,8.378538238601983,69.31
phl,Philippines,1994,4449.2787,69.6,8.40049727213466,69.43
phl,Philippines,1995,4556.37461,69.77,8.424282544628527,69.6
phl,Philippines,1996,4714.91525,69.89,8.458486220356702,69.77
phl,Philippines,1997,4845.58875,70.14,8.485824033970134,69.89
phl,Philippines,1998,4703.30194,70.18,8.456020081457678,70.14
phl,Philippines,1999,4737.47636,70.45,8.463259859404618,70.18
phl,Philippines,2000,4827.84656,70.31,8.482155800436496,70.45
phl,Philippines,2001,4861.25528,70.23,8.489051971609763,70.31
phl,Philippines,2002,4934.5461,70.17,8.504015971953669,70.23
phl,Philippines,2003,5076.67025,70.33,8.532410863064579,70.17
phl,Philippines,2004,5298.45613,70.37,8.57517076087881,70.33
phl,Philippines,2005,5447.69536,70.31,8.602947928497903,70.37
phl,Philippines,2006,5630.26197,70.18,8.63591125113468,70.31
phl,Philippines,2007,5882.26257,70.46,8.679696757695998,70.18
phl,Philippines,2008,6016.67532,70.39,8.70229011331903,70.46
phl,Philippines,2009,5980.50897,70.37,8.696260955362987,70.39
phl,Philippines,2010,6273.03928,70.58,8.744016249833873,70.37
phl,Philippines,2011,6388.31297,70.65,8.762225501559936,70.58
phl,Philippines,2012,6697.55621,70.73,8.809497994067383,70.65
phl,Philippines,2013,7016.53846,70.56,8.856025278541521,70.73
phl,Philippines,2014,7340.36159,70.99,8.901143383337962,70.56
phl,Philippines,2015,7691.76309,70.91,8.947905306702374,70.99
phl,Philippines,2016,8131.82538,71.04,9.003540701325358,70.91
phl,Philippines,2017,8584.13623,71.2,9.057671154408276,71.04
phl,Philippines,2018,9016.2866,71.58,9.10678784314695,71.2
phl,Philippines,2019,9452.29397,71.84,9.154012739177372,71.58
phl,Philippines,2020,8455.18457,72.09,9.042535090780992,71.84
phl,Philippines,2021,8857.78995,69.24,9.089052571174214,72.09
phl,Philippines,2022,9457.10395,72.16,9.154521478812985,69.24
plw,Palau,1960,20497.26003,53.86,9.928046499120427,
plw,Palau,1961,21565.88266,54.41,9.978867838455315,53.86
plw,Palau,1962,22688.47876,54.95,10.029612531013303,54.41
plw,Palau,1963,23869.77514,55.51,10.080368299095795,54.95
plw,Palau,1964,25111.91909,55.95,10.131097876551005,55.51
plw,Palau,1965,26419.57032,56.46,10.181860314507276,55.95
plw,Palau,1966,27793.55675,56.96,10.23255950123281,56.46
plw,Palau,1967,29238.47975,57.42,10.283240920378015,56.96
plw,Palau,1968,30758.89962,57.85,10.333934649897783,57.42
plw,Palau,1969,32356.82506,58.32,10.384580253256427,57.85
plw,Palau,1970,34038.00373,58.75,10.435232936138023,58.32
plw,Palau,1971,32677.96766,59.1,10.39445635793363,58.75
plw,Palau,1972,35826.69784,59.4,10.48644864417631,59.1
plw,Palau,1973,42590.31416,59.65,10.659382139269486,59.4
plw,Palau,1974,60754.75713,60.09,11.014600664803655,59.65
plw,Palau,1975,63245.6131,60.41,11.054781046081615,60.09
plw,Palau,1976,45913.04747,60.76,10.734504614260478,60.41
plw,Palau,1977,43571.55408,61.12,10.682159787054676,60.76
plw,Palau,1978,43822.39195,61.51,10.687900197465275,61.12
plw,Palau,1979,39425.37183,61.88,10.582164843112066,61.51
plw,Palau,1980,21086.4982,62.17,9.956388218908904,61.88
plw,Palau,1981,18533.00928,62.44,9.827308706525615,62.17
plw,Palau,1982,18688.92761,62.69,9.835686521061335,62.44
plw,Palau,1983,17957.03023,62.94,9.79573697350654,62.69
plw,Palau,1984,17845.8446,63.18,9.789525964588496,62.94
plw,Palau,1985,15760.98465,63.41,9.665292839252093,63.18
plw,Palau,1986,15307.30429,63.66,9.636085398034382,63.41
plw,Palau,1987,14803.53359,64.0,9.60262118733559,63.66
plw,Palau,1988,17543.65298,64.32,9.772447509920337,64.0
plw,Palau,1989,17855.17668,64.62,9.790048755247023,64.32
plw,Palau,1990,18619.06658,64.91,9.831941419606732,64.62
plw,Palau,1991,18600.36004,65.23,9.830936216503195,64.91
plw,Palau,1992,16973.22674,65.51,9.739392483936381,65.23
plw,Palau,1993,14510.58014,65.66,9.582633327160295,65.51
plw,Palau,1994,15174.67372,65.88,9.627383114543333,65.66
plw,Palau,1995,16396.83946,66.02,9.704843879386544,65.88
plw,Palau,1996,17623.41584,65.98,9.776983742222454,66.02
plw,Palau,1997,17568.19465,66.18,9.773845424052066,65.98
plw,Palau,1998,17506.77883,66.23,9.77034344662071,66.18
plw,Palau,1999,16221.85322,66.23,9.694114576383216,66.23
plw,Palau,2000,15586.24569,66.37,9.654144117784973,66.23
plw,Palau,2001,16425.81813,66.51,9.706609652157994,66.37
plw,Palau,2002,17071.35331,66.66,9.745157092669425,66.51
plw,Palau,2003,16377.65552,66.83,9.703673216515762,66.66
plw,Palau,2004,16893.73505,66.84,9.73469812508171,66.83
plw,Palau,2005,17474.70511,66.83,9.768509691995392,66.84
plw,Palau,2006,17615.35108,66.89,9.776526021317569,66.83
plw,Palau,2007,18177.88694,66.95,9.807961131053256,66.89
plw,Palau,2008,17436.43087,66.98,9.766317024569362,66.95
plw,Palau,2009,16420.39584,66.96,9.706279489902204,66.98
plw,Palau,2010,16530.84558,66.99,9.712983343771707,66.96
plw,Palau,2011,17682.60864,66.99,9.780336872818884,66.99
plw,Palau,2012,18219.69799,67.05,9.810258594935625,66.99
plw,Palau,2013,17783.62931,67.05,9.7860336114097,67.05
plw,Palau,2014,18561.44049,67.13,9.828841615936248,67.05
plw,Palau,2015,20021.31442,67.24,9.904552706058649,67.13
plw,Palau,2016,19902.9819,67.32,9.898624843708165,67.24
plw,Palau,2017,19237.92655,67.39,9.864638950740828,67.32
plw,Palau,2018,19256.92763,67.44,9.865626151858894,67.39
plw,Palau,2019,19312.79055,67.5,9.868522878187125,67.44
plw,Palau,2020,18160.25457,68.06,9.806990670228837,67.5
plw,Palau,2021,15663.17159,68.76,9.65906747713581,68.06
plw,Palau,2022,15477.55264,68.08,9.647146036453668,68.76
png,Papua New Guinea,1960,1349.98822,53.68,7.207851145468478,
png,Papua New Guinea,1961,1422.23641,54.17,7.259985848302981,53.68
png,Papua New Guinea,1962,1500.02852,54.63,7.3132394002428835,54.17
png,Papua New Guinea,1963,1546.67425,55.34,7.343862259557413,54.63
png,Papua New Guinea,1964,1663.46045,55.72,7.416655320003069,55.34
png,Papua New Guinea,1965,1815.6501,56.15,7.504198864385339,55.72
png,Papua New Guinea,1966,1897.85657,56.85,7.548480407294369,56.15
png,Papua New Guinea,1967,1951.75289,57.27,7.576483165721733,56.85
png,Papua New Guinea,1968,2009.98883,57.84,7.60588444382375,57.27
png,Papua New Guinea,1969,2148.8291,58.4,7.672678368119568,57.84
png,Papua New Guinea,1970,2348.32337,59.02,7.761456892930333,58.4
png,Papua New Guinea,1971,2459.85701,59.38,7.807858501220766,59.02
png,Papua New Guinea,1972,2561.05698,59.88,7.848175335073454,59.38
png,Papua New Guinea,1973,2687.25852,60.33,7.8962768153756375,59.88
png,Papua New Guinea,1974,2715.37624,60.74,7.906685801035831,60.33
png,Papua New Guinea,1975,2652.37527,61.09,7.883210845819819,60.74
png,Papua New Guinea,1976,2528.3274,61.36,7.835313256374788,61.09
png,Papua New Guinea,1977,2515.00651,61.65,7.830030670999674,61.36
png,Papua New Guinea,1978,2691.71373,61.81,7.897933344099611,61.65
png,Papua New Guinea,1979,2701.8659,61.98,7.901697887384764,61.81
png,Papua New Guinea,1980,2597.66478,62.15,7.862368158882361,61.98
png,Papua New Guinea,1981,2685.67534,62.22,7.895687498593756,62.15
png,Papua New Guinea,1982,2740.96849,62.22,7.9160666004322575,62.22
png,Papua New Guinea,1983,2838.93515,62.21,7.951184313661883,62.22
png,Papua New Guinea,1984,2822.64179,62.23,7.945428530368783,62.21
png,Papua New Guinea,1985,2921.5969,62.23,7.979885629337655,62.23
png,Papua New Guinea,1986,3056.96192,62.31,8.025176865156396,62.23
png,Papua New Guinea,1987,3208.81915,62.37,8.073658282401137,62.31
png,Papua New Guinea,1988,3299.05843,62.44,8.10139238249944,62.37
png,Papua New Guinea,1989,3230.45738,62.55,8.080379009907013,62.44
png,Papua New Guinea,1990,3105.03102,62.61,8.04077898465584,62.55
png,Papua New Guinea,1991,3305.75314,62.46,8.103419605296573,62.61
png,Papua New Guinea,1992,3647.2562,62.69,8.201730437861452,62.46
png,Papua New Guinea,1993,4173.325,62.88,8.336468359178875,62.69
png,Papua New Guinea,1994,4278.72638,63.07,8.36141066952533,62.88
png,Papua New Guinea,1995,4002.47127,63.22,8.294667266831366,63.07
png,Papua New Guinea,1996,4170.68141,63.36,8.335834709117128,63.22
png,Papua New Guinea,1997,3875.17791,63.45,8.262346852991577,63.36
png,Papua New Guinea,1998,3606.10963,62.36,8.190384805408726,63.45
png,Papua New Guinea,1999,3552.20634,63.27,8.175324193641048,62.36
png,Papua New Guinea,2000,3350.12137,63.14,8.116751854013573,63.27
png,Papua New Guinea,2001,3237.16538,62.93,8.082453343137079,63.14
png,Papua New Guinea,2002,3127.237,62.68,8.047905146079255,62.93
png,Papua New Guinea,2003,3091.31069,62.49,8.036350451477519,62.68
png,Papua New Guinea,2004,3072.34331,62.29,8.03019584258078,62.49
png,Papua New Guinea,2005,3161.25688,62.21,8.058724974336096,62.29
png,Papua New Guinea,2006,3218.72622,62.22,8.07674097642359,62.21
png,Papua New Guinea,2007,3363.92381,62.33,8.120863372203774,62.22
png,Papua New Guinea,2008,3246.19449,62.54,8.085238663100299,62.33
png,Papua New Guinea,2009,3356.31321,62.6,8.11859839159938,62.54
png,Papua New Guinea,2010,3579.17141,62.78,8.182886602885455,62.6
png,Papua New Guinea,2011,3514.83277,62.95,8.164747227010569,62.78
png,Papua New Guinea,2012,3577.45177,63.08,8.182406029858248,62.95
png,Papua New Guinea,2013,3615.28324,63.44,8.19292548283753,63.08
png,Papua New Guinea,2014,3998.61805,63.73,8.293704092907472,63.44
png,Papua New Guinea,2015,4154.52333,63.93,8.331952978686813,63.73
png,Papua New Guinea,2016,4275.74859,64.1,8.360714474813038,63.93
png,Papua New Guinea,2017,4322.22282,64.27,8.37152509057365,64.1
png,Papua New Guinea,2018,4211.14547,64.42,8.345489972803916,64.27
png,Papua New Guinea,2019,4301.61139,64.66,8.366744973343925,64.42
png,Papua New Guinea,2020,4077.63132,64.97,8.31327153998515,64.66
png,Papua New Guinea,2021,3976.9038,64.54,8.288258855827879,64.97
png,Papua New Guinea,2022,4125.49303,65.14,8.324940814050787,64.54
pol,Poland,1960,6123.0256,67.9,8.71981163242626,
pol,Poland,1961,6488.23606,68.1,8.777745979227076,67.9
pol,Poland,1962,6291.53097,67.94,8.746959717534411,68.1
pol,Poland,1963,6558.56489,68.6,8.788527091236903,67.94
pol,Poland,1964,6745.32386,69.06,8.816604782314979,68.6
pol,Poland,1965,7013.46672,69.66,8.855587397014084,69.06
pol,Poland,1966,7351.22026,69.98,8.9026216001955,69.66
pol,Poland,1967,7514.94454,69.83,8.92464892225299,69.98
pol,Poland,1968,7862.88367,70.31,8.969908697274418,69.83
pol,Poland,1969,7681.73373,69.93,8.946600546758653,70.31
pol,Poland,1970,7975.84064,70.17,8.984172331502252,69.93
pol,Poland,1971,8441.82089,70.14,9.040953309581004,70.17
pol,Poland,1972,8836.44135,71.0,9.086639512364572,70.14
pol,Poland,1973,9228.4271,71.12,9.130043901274199,71.0
pol,Poland,1974,9678.49847,71.58,9.17766205150324,71.12
pol,Poland,1975,10039.89642,71.14,9.214322076459435,71.58
pol,Poland,1976,10408.5755,71.08,9.250385312668296,71.14
pol,Poland,1977,10732.0291,70.86,9.280987923058797,71.08
pol,Poland,1978,11074.7088,70.89,9.312419301113932,70.86
pol,Poland,1979,11065.92304,71.12,9.31162566879805,70.89
pol,Poland,1980,10432.47928,70.54,9.25267922636261,71.12
pol,Poland,1981,9979.75864,71.4,9.208314184644326,70.54
pol,Poland,1982,9880.55684,71.49,9.198324149477617,71.4
pol,Poland,1983,10494.94952,71.31,9.258649422333685,71.49
pol,Poland,1984,10729.97631,71.01,9.280796627793789,71.31
pol,Poland,1985,11141.19067,70.8,9.318404390175504,71.01
pol,Poland,1986,11573.4481,71.05,9.356468796531663,70.8
pol,Poland,1987,11811.94846,71.1,9.376866879494997,71.05
pol,Poland,1988,12424.7438,71.44,9.42744523103393,71.1
pol,Poland,1989,13023.59055,71.2,9.474517649633883,71.44
pol,Poland,1990,12235.11832,71.08,9.412065646447093,71.2
pol,Poland,1991,11393.39907,70.75,9.340789437733218,71.08
pol,Poland,1992,11700.56271,71.19,9.367392214501121,70.75
pol,Poland,1993,12161.69822,71.83,9.406046802019132,71.19
pol,Poland,1994,12828.01755,71.84,9.459386928913139,71.83
pol,Poland,1995,13853.44664,72.0,9.536289335529894,71.84
pol,Poland,1996,14739.7198,72.48,9.59830115606468,72.0
pol,Poland,1997,15722.89484,72.74,9.66287319915687,72.48
pol,Poland,1998,16494.75232,73.11,9.710797568090719,72.74
pol,Poland,1999,17319.2511,73.18,9.759573942151569,73.11
pol,Poland,2000,18334.49982,73.9,9.81653980006787,73.18
pol,Poland,2001,18612.30925,74.3,9.831578428450829,73.9
pol,Poland,2002,19019.6872,74.65,9.85322989011767,74.3
pol,Poland,2003,19741.60119,74.92,9.890483423679674,74.65
pol,Poland,2004,20793.47082,75.01,9.942394313526972,74.92
pol,Poland,2005,21513.65483,75.19,9.976443120891878,75.01
pol,Poland,2006,22886.21627,75.31,10.038290098715034,75.19
pol,Poland,2007,24468.67846,75.4,10.105149148439693,75.31
pol,Poland,2008,25549.19487,75.64,10.148361083197962,75.4
pol,Poland,2009,26206.23389,75.94,10.173752596180034,75.64
pol,Poland,2010,27112.13338,76.48,10.207736632867586,75.94
pol,Poland,2011,28521.66126,76.76,10.258419121779935,76.48
pol,Poland,2012,28952.91573,76.87,10.273426193991796,76.76
pol,Poland,2013,29168.62421,77.18,10.280848897196861,76.87
pol,Poland,2014,30334.87866,77.64,10.320053440368397,77.18
pol,Poland,2015,31700.36824,77.62,10.364083576201688,77.64
pol,Poland,2016,32675.30523,77.87,10.394374879841294,77.62
pol,Poland,2017,34354.59876,77.98,10.44449116816542,77.87
pol,Poland,2018,36500.41143,78.02,10.505078811561848,77.98
pol,Poland,2019,38181.62303,78.1,10.550109606329071,78.02
pol,Poland,2020,37852.80213,77.12,10.541460288622023,78.1
pol,Poland,2021,41059.58478,76.63,10.622779578003527,77.12
pol,Poland,2022,43405.02158,77.17,10.67833041800353,76.63
prk,North Korea,1960,1402.57326,47.62,7.246063871326753,
prk,North Korea,1961,1420.23238,48.5,7.258575785093775,47.62
prk,North Korea,1962,1410.18094,49.37,7.251473301380241,48.5
prk,North Korea,1963,1484.06692,50.32,7.302541517050229,49.37
prk,North Korea,1964,1503.17016,51.3,7.315331596917656,50.32
prk,North Korea,1965,1522.51931,52.29,7.32812168259065,51.3
prk,North Korea,1966,1542.11751,53.23,7.340911757445409,52.29
prk,North Korea,1967,1561.96799,54.16,7.353701837231902,53.23
prk,North Korea,1968,1582.07399,55.1,7.366491917145425,54.16
prk,North Korea,1969,1602.4388,56.15,7.379281997737943,55.1
prk,North Korea,1970,1623.06575,57.11,7.392072078092671,56.15
prk,North Korea,1971,1698.36299,58.07,7.437420119054114,57.11
prk,North Korea,1972,1813.41859,58.9,7.502969066620754,58.07
prk,North Korea,1973,1941.70003,59.71,7.571319172450787,58.9
prk,North Korea,1974,2085.20991,60.41,7.64262480542438,59.71
prk,North Korea,1975,2247.00413,61.11,7.717353110189871,60.41
prk,North Korea,1976,2287.64543,61.81,7.735278371085095,61.11
prk,North Korea,1977,2332.1885,62.45,7.7545623761076055,61.81
prk,North Korea,1978,2378.42162,63.03,7.7741923617872075,62.45
prk,North Korea,1979,2425.24587,63.56,7.793688187922718,63.03
prk,North Korea,1980,2470.51541,64.05,7.812182075870075,63.56
prk,North Korea,1981,2508.93762,64.49,7.827614683562327,64.05
prk,North Korea,1982,2550.12032,64.92,7.843895821353053,64.49
prk,North Korea,1983,2590.86519,65.34,7.85974714910429,64.92
prk,North Korea,1984,2632.22284,65.76,7.875583954514769,65.34
prk,North Korea,1985,2673.13926,66.17,7.891008813547257,65.76
prk,North Korea,1986,2655.50576,66.55,7.884390408943137,66.17
prk,North Korea,1987,2636.94563,66.89,7.877376568014071,66.55
prk,North Korea,1988,2618.50076,67.31,7.870357203962006,66.89
prk,North Korea,1989,2607.79243,67.67,7.866259330155187,67.31
prk,North Korea,1990,2597.3189,67.97,7.862234999657302,67.67
prk,North Korea,1991,2437.86059,68.22,7.798876126289768,67.97
prk,North Korea,1992,2222.20632,68.44,7.706255819174304,68.22
prk,North Korea,1993,2081.50589,68.57,7.640846896321154,68.44
prk,North Korea,1994,1999.15648,68.74,7.600480610576318,68.57
prk,North Korea,1995,1876.20267,61.83,7.537005156780061,68.74
prk,North Korea,1996,1782.11558,62.6,7.485556465635647,61.83
prk,North Korea,1997,1642.80395,62.58,7.404159786510971,62.6
prk,North Korea,1998,1609.68608,62.55,7.383794457600711,62.58
prk,North Korea,1999,1688.38598,62.55,7.43152831015437,62.55
prk,North Korea,2000,1672.45101,63.9,7.422045500093559,62.55
prk,North Korea,2001,1711.88224,64.04,7.445348769289159,63.9
prk,North Korea,2002,1710.91213,64.2,7.444781916641229,64.04
prk,North Korea,2003,1721.85746,69.72,7.451158905719523,64.2
prk,North Korea,2004,1737.6171,69.85,7.460269970851414,69.72
prk,North Korea,2005,1782.7741,70.01,7.485925913257651,69.85
prk,North Korea,2006,1745.03059,70.16,7.464527364568838,70.01
prk,North Korea,2007,1706.62299,70.28,7.442271837241093,70.16
prk,North Korea,2008,1745.35003,70.53,7.464710404778871,70.28
prk,North Korea,2009,1712.06133,70.72,7.445453379658169,70.53
prk,North Korea,2010,1686.7512,70.93,7.430559590934583,70.72
prk,North Korea,2011,1692.53105,71.15,7.433980350260692,70.93
prk,North Korea,2012,1706.01735,71.4,7.441916897988187,71.15
prk,North Korea,2013,1715.65043,71.67,7.447547547174563,71.4
prk,North Korea,2014,1725.2835,71.94,7.453146663787923,71.67
prk,North Korea,2015,1698.31089,72.2,7.437389441984813,71.94
prk,North Korea,2016,1754.18272,72.4,7.469758340824595,72.2
prk,North Korea,2017,1684.82459,72.67,7.42941673647738,72.4
prk,North Korea,2018,1607.76,72.9,7.382597184868122,72.67
prk,North Korea,2019,1494.08,73.15,7.309265911782572,72.9
prk,North Korea,2020,1445.36,73.23,7.276113704465672,73.15
prk,North Korea,2021,1521.92,73.24,7.327727974622308,73.23
prk,North Korea,2022,1373.44,73.53,7.2250738205622245,73.24
prt,Portugal,1960,5852.01875,64.73,8.674541966167691,
prt,Portugal,1961,6178.94232,63.6,8.728902390173584,64.73
prt,Portugal,1962,6554.89845,64.53,8.787967904086951,63.6
prt,Portugal,1963,6868.7693,65.16,8.8347402279751,64.53
prt,Portugal,1964,7228.99173,65.28,8.885854848996322,65.16
prt,Portugal,1965,7723.026,65.9,8.951961535130993,65.28
prt,Portugal,1966,8000.2513,65.84,8.987228232668611,65.9
prt,Portugal,1967,8562.02614,66.31,9.055092139725225,65.84
prt,Portugal,1968,9408.26839,66.65,9.149344197580136,66.31
prt,Portugal,1969,9623.41199,66.81,9.171954157492012,66.65
prt,Portugal,1970,10451.78107,67.39,9.25452768019074,66.81
prt,Portugal,1971,11113.83989,67.69,9.315946447581696,67.39
prt,Portugal,1972,11917.75916,69.09,9.385784933014133,67.69
prt,Portugal,1973,13112.85977,69.01,9.481348689506426,69.09
prt,Portugal,1974,13023.09288,69.22,9.474479435939505,69.01
prt,Portugal,1975,12108.75195,69.32,9.401683771781151,69.22
prt,Portugal,1976,12663.77503,69.82,9.446500836873682,69.32
prt,Portugal,1977,13200.66566,70.4,9.488022536090853,69.82
prt,Portugal,1978,13402.97716,71.06,9.503232137380946,70.4
prt,Portugal,1979,13996.60026,71.64,9.546569740535906,71.06
prt,Portugal,1980,14467.33708,71.75,9.579648772282116,71.64
prt,Portugal,1981,15478.15916,72.06,9.647185222759832,71.75
prt,Portugal,1982,16280.7854,72.61,9.697740881636106,72.06
prt,Portugal,1983,16670.0137,72.69,9.721366797580135,72.61
prt,Portugal,1984,16745.75236,73.02,9.725899914645957,72.69
prt,Portugal,1985,17385.87359,73.26,9.763413292819985,73.02
prt,Portugal,1986,18225.17015,73.6,9.810558892910096,73.26
prt,Portugal,1987,19859.04819,73.93,9.896415010468804,73.6
prt,Portugal,1988,21577.91426,74.07,9.979425582611873,73.93
prt,Portugal,1989,23575.11346,74.32,10.067946920215421,74.07
prt,Portugal,1990,25935.18916,74.28,10.163355980377565,74.32
prt,Portugal,1991,27153.22696,74.3,10.209251175021096,74.28
prt,Portugal,1992,27707.41228,74.66,10.229455247714995,74.3
prt,Portugal,1993,27281.58036,74.86,10.213967041364501,74.66
prt,Portugal,1994,27579.00685,75.41,10.224810140909222,74.86
prt,Portugal,1995,28616.71679,75.47,10.261746329199367,75.41
prt,Portugal,1996,29588.43922,75.57,10.295138997129147,75.47
prt,Portugal,1997,30834.7098,75.91,10.336396275998137,75.57
prt,Portugal,1998,32233.68829,76.18,10.38076740481192,75.91
prt,Portugal,1999,33382.71849,76.43,10.415793634582757,76.18
prt,Portugal,2000,34490.82,76.84,10.448448480655514,76.43
prt,Portugal,2001,34989.77279,77.19,10.462811091771059,76.84
prt,Portugal,2002,35139.00933,77.48,10.467067169254896,77.19
prt,Portugal,2003,34749.20143,77.81,10.45591187029723,77.48
prt,Portugal,2004,35351.62552,78.4,10.473099653860151,77.81
prt,Portugal,2005,35622.73481,78.75,10.480739331268683,78.4
prt,Portugal,2006,36193.11836,79.21,10.496624279189977,78.75
prt,Portugal,2007,37083.19514,79.42,10.520919184791635,79.21
prt,Portugal,2008,37198.64961,79.69,10.524027738795896,79.42
prt,Portugal,2009,36050.61782,79.93,10.492679280430321,79.69
prt,Portugal,2010,36703.11402,80.24,10.510616881124244,79.93
prt,Portugal,2011,36127.29481,80.54,10.494803947549409,80.24
prt,Portugal,2012,34804.63319,80.79,10.457505794544215,80.54
prt,Portugal,2013,34651.7718,81.07,10.453104137509875,80.79
prt,Portugal,2014,35097.40968,81.35,10.46588260844013,81.07
prt,Portugal,2015,35803.35741,81.54,10.485796950393732,81.35
prt,Portugal,2016,36636.29768,81.57,10.508794767831063,81.54
prt,Portugal,2017,37943.11506,81.63,10.54384334502106,81.57
prt,Portugal,2018,39123.61476,81.69,10.574481521720458,81.63
prt,Portugal,2019,40188.28668,81.72,10.60133085602944,81.69
prt,Portugal,2020,36852.22839,81.07,10.514671367702292,81.72
prt,Portugal,2021,38657.66772,81.06,10.562500422954932,81.07
prt,Portugal,2022,41070.86131,82.26,10.623054178486239,81.06
pry,Paraguay,1960,3155.52316,69.07,8.056909580563197,
pry,Paraguay,1961,3242.20879,69.81,8.084010101825875,69.07
pry,Paraguay,1962,3286.28009,69.9,8.097511532335378,69.81
pry,Paraguay,1963,3298.27762,70.16,8.101155677866624,69.9
pry,Paraguay,1964,3330.0082,70.38,8.11073004543392,70.16
pry,Paraguay,1965,3450.3299,70.48,8.146225128642206,70.38
pry,Paraguay,1966,3377.3874,70.42,8.124857731010671,70.48
pry,Paraguay,1967,3526.62363,70.52,8.16809621345611,70.42
pry,Paraguay,1968,3524.73661,70.61,8.167560991887273,70.52
pry,Paraguay,1969,3571.64163,70.72,8.180780609415653,70.61
pry,Paraguay,1970,3699.47899,70.82,8.215947275203648,70.72
pry,Paraguay,1971,3807.73998,70.96,8.24479111101687,70.82
pry,Paraguay,1972,3957.06267,70.87,8.283257279015883,70.96
pry,Paraguay,1973,4139.8759,70.78,8.328421090524666,70.87
pry,Paraguay,1974,4371.30886,70.93,8.382817753542863,70.78
pry,Paraguay,1975,4565.6982,71.4,8.42632672766475,70.93
pry,Paraguay,1976,4777.69258,71.61,8.471712985087462,71.4
pry,Paraguay,1977,5177.4002,72.3,8.552058317371744,71.61
pry,Paraguay,1978,5627.35597,72.37,8.635394978495116,72.3
pry,Paraguay,1979,6114.22429,72.82,8.718373186436075,72.37
pry,Paraguay,1980,6638.41314,73.07,8.80062822896927,72.82
pry,Paraguay,1981,7416.347,73.79,8.9114418968738,73.07
pry,Paraguay,1982,7385.49842,74.24,8.907273683547926,73.79
pry,Paraguay,1983,7134.4991,73.92,8.87269732422303,74.24
pry,Paraguay,1984,7306.29948,74.08,8.89649219748145,73.92
pry,Paraguay,1985,7538.47825,74.5,8.92777561702545,74.08
pry,Paraguay,1986,7457.56116,75.25,8.916983717495066,74.5
pry,Paraguay,1987,7697.23671,75.47,8.948616674601777,75.25
pry,Paraguay,1988,8150.96626,75.46,9.005891758716487,75.47
pry,Paraguay,1989,8645.51656,75.6,9.064796148790352,75.46
pry,Paraguay,1990,9001.17585,75.79,9.105110497784388,75.6
pry,Paraguay,1991,9095.56602,76.48,9.115542323210368,75.79
pry,Paraguay,1992,9064.17948,75.99,9.112085603923976,76.48
pry,Paraguay,1993,9306.47903,75.75,9.138466106472002,75.99
pry,Paraguay,1994,9568.47095,75.67,9.166228696341959,75.75
pry,Paraguay,1995,10007.78061,75.39,9.211118130443639,75.67
pry,Paraguay,1996,9966.11995,75.13,9.206946614691054,75.39
pry,Paraguay,1997,10194.89587,75.55,9.229642469126086,75.13
pry,Paraguay,1998,10054.4127,75.59,9.21576689174903,75.55
pry,Paraguay,1999,9773.59705,75.55,9.187439850256293,75.59
pry,Paraguay,2000,9409.92057,75.62,9.149519791523609,75.55
pry,Paraguay,2001,9266.47124,75.98,9.134157921579606,75.62
pry,Paraguay,2002,9333.5949,76.08,9.141375525096539,75.98
pry,Paraguay,2003,9650.79944,75.83,9.174796034425013,76.08
pry,Paraguay,2004,9961.97786,75.21,9.206530911185467,75.83
pry,Paraguay,2005,10098.54606,75.59,9.220146738011469,75.21
pry,Paraguay,2006,10512.34007,75.59,9.260305090848,75.59
pry,Paraguay,2007,11014.72226,75.95,9.30698804421133,75.59
pry,Paraguay,2008,11660.62392,76.03,9.363972967906866,75.95
pry,Paraguay,2009,11550.16197,75.76,9.354454739228236,76.03
pry,Paraguay,2010,12738.57656,75.74,9.452390192899593,75.76
pry,Paraguay,2011,13109.46657,75.97,9.48108988714275,75.74
pry,Paraguay,2012,12834.80159,76.16,9.459915634673875,75.97
pry,Paraguay,2013,13700.70305,76.03,9.525202428017765,76.16
pry,Paraguay,2014,14219.35442,76.4,9.562359302889234,76.03
pry,Paraguay,2015,14427.60023,76.49,9.576898333710531,76.4
pry,Paraguay,2016,14826.66369,76.13,9.604182439491945,76.49
pry,Paraguay,2017,15320.33665,76.27,9.636936417596226,76.13
pry,Paraguay,2018,15592.98414,76.48,9.6545763574613,76.27
pry,Paraguay,2019,15321.32455,76.61,9.637000898434513,76.48
pry,Paraguay,2020,14991.66062,76.15,9.615249366815357,76.61
pry,Paraguay,2021,15406.16706,73.11,9.642523166681197,76.15
pry,Paraguay,2022,15259.14563,73.34,9.632934315721938,73.11
pse,Palestine,1960,2376.04697,58.75,7.773193448805659,
pse,Palestine,1961,2389.16677,59.61,7.778699952340199,58.75
pse,Palestine,1962,2458.44945,60.46,7.80728612532273,59.61
pse,Palestine,1963,2529.88046,60.91,7.835927331593439,60.46
pse,Palestine,1964,2607.38767,61.51,7.8661041063688355,60.91
pse,Palestine,1965,2694.71408,62.31,7.899047384950483,61.51
pse,Palestine,1966,2874.25081,62.47,7.963547331446457,62.31
pse,Palestine,1967,2777.53372,35.1,7.929318661854132,62.47
pse,Palestine,1968,2537.32917,59.45,7.838867298916316,35.1
pse,Palestine,1969,2655.29531,59.89,7.884311155362618,59.45
pse,Palestine,1970,2828.47543,57.8,7.947493128162487,59.89
pse,Palestine,1971,3114.25211,64.42,8.043744309296677,57.8
pse,Palestine,1972,3496.45651,64.81,8.15950530891413,64.42
pse,Palestine,1973,3207.58744,37.62,8.073274357224996,64.81
pse,Palestine,1974,3723.93031,64.98,8.222534924473196,37.62
pse,Palestine,1975,3604.65553,65.21,8.189981491755475,64.98
pse,Palestine,1976,4000.64105,65.58,8.294209889761365,65.21
pse,Palestine,1977,3810.77778,65.97,8.245588589018942,65.58
pse,Palestine,1978,4140.84814,66.26,8.328655910571745,65.97
pse,Palestine,1979,3927.42393,66.48,8.275739001387143,66.26
pse,Palestine,1980,4338.0177,66.73,8.375172771599797,66.48
pse,Palestine,1981,3918.63662,66.98,8.273499071267297,66.73
pse,Palestine,1982,4086.82611,42.26,8.315523935558561,66.98
pse,Palestine,1983,3762.07472,67.56,8.232725871439385,42.26
pse,Palestine,1984,3779.8555,67.88,8.237441060369715,67.56
pse,Palestine,1985,3591.60515,68.13,8.186354498546951,67.88
pse,Palestine,1986,4097.02022,68.42,8.318015212853219,68.13
pse,Palestine,1987,3808.20964,68.1,8.24491444691693,68.42
pse,Palestine,1988,3578.81573,68.22,8.182787222991823,68.1
pse,Palestine,1989,3485.16159,68.83,8.156269689408074,68.22
pse,Palestine,1990,3936.40643,69.12,8.278023512495704,68.83
pse,Palestine,1991,3537.95471,69.38,8.171304073620274,69.12
pse,Palestine,1992,4111.03744,69.63,8.321430694129576,69.38
pse,Palestine,1993,4265.82829,70.03,8.358391647400769,69.63
pse,Palestine,1994,4639.12627,70.56,8.442281323609588,70.03
pse,Palestine,1995,4657.96039,70.92,8.446332946758496,70.56
pse,Palestine,1996,4426.07312,71.18,8.395268041034857,70.92
pse,Palestine,1997,4775.5471,71.43,8.471263822267742,71.18
pse,Palestine,1998,5253.17518,71.68,8.566587968960636,71.43
pse,Palestine,1999,5478.57427,71.89,8.608600176384023,71.68
pse,Palestine,2000,4829.81047,70.17,8.482562505711071,71.89
pse,Palestine,2001,4226.68901,69.56,8.349174225586738,70.17
pse,Palestine,2002,3572.22475,68.8,8.180943859949824,69.56
pse,Palestine,2003,3936.54946,69.96,8.278059847006405,68.8
pse,Palestine,2004,4603.27791,69.85,8.434523917836536,69.96
pse,Palestine,2005,4964.9129,71.14,8.5101510335258,69.85
pse,Palestine,2006,4760.95564,69.59,8.468203691780811,71.14
pse,Palestine,2007,4805.25922,71.58,8.477466267920118,69.59
pse,Palestine,2008,5004.56469,69.32,8.518105712941798,71.58
pse,Palestine,2009,5279.29973,69.81,8.571548741010643,69.32
pse,Palestine,2010,5432.24363,73.67,8.600107519116413,69.81
pse,Palestine,2011,5805.32115,73.74,8.666530215599147,73.67
pse,Palestine,2012,6009.10926,73.9,8.701031806894536,73.74
pse,Palestine,2013,6142.20204,74.81,8.722938595282278,73.9
pse,Palestine,2014,5990.42662,74.5,8.697917910610053,74.81
pse,Palestine,2015,6072.65032,74.33,8.71155041478979,74.5
pse,Palestine,2016,6464.13353,74.49,8.774024257475192,74.33
pse,Palestine,2017,6426.79522,74.68,8.7682312824084,74.49
pse,Palestine,2018,6342.93748,74.66,8.755097265050559,74.68
pse,Palestine,2019,6269.89135,74.8,8.743514304928182,74.66
pse,Palestine,2020,5423.68255,73.97,8.59853030099006,74.8
pse,Palestine,2021,5663.12161,73.05,8.641730540366721,73.97
pse,Palestine,2022,5753.08396,73.02,8.657491330881605,73.05
qat,Qatar,1960,27934.23391,65.28,10.237608237497158,
qat,Qatar,1961,35498.56234,65.41,10.477247477178674,65.28
qat,Qatar,1962,45103.52702,65.55,10.716715726867552,65.41
qat,Qatar,1963,57304.94286,65.69,10.956142161809632,65.55
qat,Qatar,1964,72804.57642,65.85,11.195534095121076,65.69
qat,Qatar,1965,69032.84553,66.02,11.142337692490697,65.85
qat,Qatar,1966,85872.00996,66.18,11.360613210403187,66.02
qat,Qatar,1967,95055.80266,66.34,11.46221939455398,66.18
qat,Qatar,1968,100151.03,66.53,11.51443462561422,66.34
qat,Qatar,1969,97982.84223,66.75,11.492547663038827,66.53
qat,Qatar,1970,91298.09488,67.01,11.421885199771703,66.75
qat,Qatar,1971,100011.6008,67.24,11.513041466241821,67.01
qat,Qatar,1972,103949.188,67.5,11.551657481807839,67.24
qat,Qatar,1973,110730.6678,67.74,11.614856115559906,67.5
qat,Qatar,1974,100976.8646,68.26,11.52264670621804,67.74
qat,Qatar,1975,98843.28341,68.7,11.501290878996361,68.26
qat,Qatar,1976,101229.5517,69.17,11.5251460060539,68.7
qat,Qatar,1977,87785.01141,69.57,11.382646052179949,69.17
qat,Qatar,1978,91216.10437,69.59,11.420986743477865,69.57
qat,Qatar,1979,90218.74141,69.64,11.409992460632317,69.59
qat,Qatar,1980,86283.12651,70.26,11.365389336633761,69.64
qat,Qatar,1981,78530.74643,70.44,11.271245501353672,70.26
qat,Qatar,1982,67665.80603,70.18,11.122336250506457,70.44
qat,Qatar,1983,59609.95686,70.81,10.995577900509634,70.18
qat,Qatar,1984,62196.59961,72.29,11.038055608583369,70.81
qat,Qatar,1985,53009.6967,72.12,10.878230132403514,72.29
qat,Qatar,1986,49827.93641,71.16,10.816331077815075,72.12
qat,Qatar,1987,50641.71023,70.79,10.832530828562161,71.16
qat,Qatar,1988,52864.91121,70.51,10.87549509360407,70.79
qat,Qatar,1989,55669.94186,70.26,10.927195636808408,70.51
qat,Qatar,1990,46346.06661,69.93,10.74389170460978,70.26
qat,Qatar,1991,46423.80882,69.79,10.74556772773341,69.93
qat,Qatar,1992,52627.12448,69.76,10.8709869403361,69.79
qat,Qatar,1993,52791.50922,69.87,10.87410564653573,69.76
qat,Qatar,1994,54263.5663,71.02,10.901608310186486,69.87
qat,Qatar,1995,56106.16731,71.8,10.935001019693063,71.02
qat,Qatar,1996,58880.58926,70.61,10.98326676116518,71.8
qat,Qatar,1997,75885.92431,70.14,11.236986495724524,70.61
qat,Qatar,1998,82414.42392,70.24,11.319515748151339,70.14
qat,Qatar,1999,83610.58323,70.61,11.333925384720779,70.24
qat,Qatar,2000,87743.72295,71.22,11.382175605436148,70.61
qat,Qatar,2001,88501.85563,71.51,11.390778798346826,71.22
qat,Qatar,2002,91956.39756,71.46,11.429069804121106,71.51
qat,Qatar,2003,92159.9721,71.72,11.431281173195297,71.46
qat,Qatar,2004,106340.7024,72.21,11.574403392265028,71.72
qat,Qatar,2005,107403.6527,72.29,11.584349470720651,72.21
qat,Qatar,2006,115662.0324,72.14,11.658427703752183,72.29
qat,Qatar,2007,110412.7366,72.2,11.611980773924408,72.14
qat,Qatar,2008,110060.3064,72.55,11.60878373454591,72.2
qat,Qatar,2009,108980.1659,72.84,11.5989211804336,72.55
qat,Qatar,2010,129045.0056,73.36,11.767916503119272,72.84
qat,Qatar,2011,145591.0194,73.88,11.888556732897381,73.36
qat,Qatar,2012,143830.7109,74.28,11.876392268226338,73.88
qat,Qatar,2013,136453.9974,74.66,11.823742821420089,74.28
qat,Qatar,2014,128013.9871,74.94,11.759894811150511,74.66
qat,Qatar,2015,123070.8879,75.46,11.720515792733678,74.94
qat,Qatar,2016,120054.4087,75.73,11.695700324840152,75.46
qat,Qatar,2017,115064.9437,75.94,11.653251975772724,75.73
qat,Qatar,2018,114909.9455,76.11,11.651904017967345,75.94
qat,Qatar,2019,113160.9738,76.28,11.636566630892792,76.11
qat,Qatar,2020,103061.9134,74.5,11.543085187593823,76.28
qat,Qatar,2021,116832.5703,74.67,11.668497165811567,74.5
qat,Qatar,2022,114740.1236,76.82,11.65042505537334,74.67
rou,Romania,1960,3342.57804,65.75,8.114497656497111,
rou,Romania,1961,3591.22072,66.29,8.186247457110245,65.75
rou,Romania,1962,3712.05064,66.73,8.219339736054415,66.29
rou,Romania,1963,3976.99834,68.04,8.288282627807554,66.73
rou,Romania,1964,4150.97724,68.68,8.331099065021867,68.04
rou,Romania,1965,4405.96472,68.86,8.390714520067407,68.68
rou,Romania,1966,4763.52326,69.62,8.46874285409912,68.86
rou,Romania,1967,5065.8947,68.43,8.530286044715908,69.62
rou,Romania,1968,5123.55649,67.81,8.541604103845039,68.43
rou,Romania,1969,5304.88036,67.63,8.576382498484634,67.81
rou,Romania,1970,5475.92876,68.29,8.608117176827733,67.63
rou,Romania,1971,6132.85215,68.96,8.721415198046959,68.29
rou,Romania,1972,6553.17263,69.33,8.787704582351902,68.96
rou,Romania,1973,6896.62116,69.33,8.838786883693016,69.33
rou,Romania,1974,7414.94147,69.91,8.911252361081674,69.33
rou,Romania,1975,7870.71523,69.92,8.970904217841147,69.91
rou,Romania,1976,8427.44835,70.3,9.039249318344256,69.92
rou,Romania,1977,8806.0301,69.7,9.083192004433863,70.3
rou,Romania,1978,9215.60453,70.02,9.128653470773639,69.7
rou,Romania,1979,9598.12548,69.68,9.169323095889723,70.02
rou,Romania,1980,9799.77409,69.6,9.190114612352145,69.68
rou,Romania,1981,10279.60417,69.73,9.237917033404011,69.6
rou,Romania,1982,10900.90464,70.03,9.296601059268795,69.73
rou,Romania,1983,11552.59992,70.07,9.354665791917144,70.03
rou,Romania,1984,12477.25355,70.04,9.431662549595904,70.07
rou,Romania,1985,12761.75967,69.67,9.454208452563151,70.04
rou,Romania,1986,13255.03527,69.85,9.492132779602272,69.67
rou,Romania,1987,13498.97753,69.24,9.510369223039696,69.85
rou,Romania,1988,13827.42143,69.58,9.534408959697563,69.24
rou,Romania,1989,13572.5968,69.72,9.515808097822694,69.58
rou,Romania,1990,13052.9344,69.83,9.476768245711563,69.72
rou,Romania,1991,11669.01455,70.26,9.364692278698808,69.83
rou,Romania,1992,10969.04705,69.81,9.30283268076306,70.26
rou,Romania,1993,11353.93386,69.68,9.337319558453885,69.81
rou,Romania,1994,12018.27219,69.51,9.394183453164608,69.68
rou,Romania,1995,13025.89439,69.38,9.474694531442587,69.51
rou,Romania,1996,13783.45942,68.97,9.531224559504885,69.38
rou,Romania,1997,13367.14462,69.09,9.500555081094513,68.97
rou,Romania,1998,13252.7296,69.85,9.491958817744898,69.09
rou,Romania,1999,13395.06791,70.74,9.502641851768022,69.85
rou,Romania,2000,13926.91126,71.23,9.541578309237,70.74
rou,Romania,2001,15029.22008,71.18,9.617751590515745,71.23
rou,Romania,2002,16321.47101,71.23,9.700236759872812,71.18
rou,Romania,2003,16997.02513,71.51,9.740793615372464,71.23
rou,Romania,2004,18988.32604,72.02,9.851579650368535,71.51
rou,Romania,2005,20120.47984,72.36,9.909493472835855,72.02
rou,Romania,2006,22014.45635,72.85,9.99945462335848,72.36
rou,Romania,2007,24083.33279,73.37,10.089275294746015,72.85
rou,Romania,2008,26871.97991,73.42,10.19883938367351,73.37
rou,Romania,2009,25687.0848,73.53,10.15374360760431,73.42
rou,Romania,2010,24900.23033,73.78,10.12263233261082,73.53
rou,Romania,2011,26147.93946,74.6,10.1715256694477,73.78
rou,Romania,2012,26764.58126,74.68,10.19483469764625,74.6
rou,Romania,2013,26939.03876,75.28,10.201331768555695,74.68
rou,Romania,2014,28153.10728,75.03,10.245413010424578,75.28
rou,Romania,2015,29178.74452,75.25,10.281195795791323,75.03
rou,Romania,2016,30185.9059,75.34,10.31513040237535,75.25
rou,Romania,2017,32849.10773,75.38,10.399679861595615,75.34
rou,Romania,2018,35065.18026,75.46,10.464963901696425,75.38
rou,Romania,2019,36633.36233,75.52,10.508714643261051,75.46
rou,Romania,2020,35482.19631,74.38,10.476786337269738,75.52
rou,Romania,2021,37730.37084,73.23,10.538220641693515,74.38
rou,Romania,2022,39377.97174,73.16,10.580961846041914,73.23
rus,Russia,1960,8764.34457,69.05,9.078447016464619,
rus,Russia,1961,9341.69303,69.26,9.142242781391372,69.05
rus,Russia,1962,9989.01312,69.1,9.209241079976076,69.26
rus,Russia,1963,10357.04802,69.39,9.245422535055875,69.1
rus,Russia,1964,11012.61648,70.15,9.306796847260008,69.39
rus,Russia,1965,11620.86892,69.97,9.36055780557919,70.15
rus,Russia,1966,12462.32908,69.92,9.430465699431814,69.97
rus,Russia,1967,13278.58599,69.7,9.493907940704757,69.92
rus,Russia,1968,14144.69515,69.47,9.557094931718341,69.7
rus,Russia,1969,14555.20806,69.07,9.585704150821629,69.47
rus,Russia,1970,15826.86679,69.15,9.669464204668053,69.07
rus,Russia,1971,16534.59089,69.3,9.713209883047512,69.15
rus,Russia,1972,17052.61994,69.26,9.744059133076929,69.3
rus,Russia,1973,18437.46325,69.21,9.82213991985985,69.26
rus,Russia,1974,19139.00936,69.15,9.859483906091718,69.21
rus,Russia,1975,19947.47454,68.6,9.900857824831201,69.15
rus,Russia,1976,20586.13964,68.27,9.932373295314251,68.6
rus,Russia,1977,21241.34948,68.09,9.963705008177547,68.27
rus,Russia,1978,21669.75157,68.09,9.983672630228419,68.09
rus,Russia,1979,21920.95376,67.83,9.995198251064283,68.09
rus,Russia,1980,22731.77274,67.71,10.03151890500649,67.83
rus,Russia,1981,23053.12624,67.96,10.045556667861469,67.71
rus,Russia,1982,23232.43217,68.49,10.053304519810316,67.96
rus,Russia,1983,23718.67976,68.3,10.074018192203432,68.49
rus,Russia,1984,23837.84994,67.81,10.07902993003165,68.3
rus,Russia,1985,24223.3763,68.54,10.095073408712844,67.81
rus,Russia,1986,24854.51074,70.22,10.12079453376452,68.54
rus,Russia,1987,24870.61112,70.2,10.121442109072952,70.22
rus,Russia,1988,25323.22664,70.11,10.139477302578213,70.2
rus,Russia,1989,25627.09469,69.8,10.15140545709985,70.11
rus,Russia,1990,25100.29477,69.52,10.13063486887562,69.8
rus,Russia,1991,24112.96093,69.28,10.09050477284258,69.52
rus,Russia,1992,20873.7343,68.12,9.946246915545512,69.28
rus,Russia,1993,19320.4721,65.5,9.868920543285764,68.12
rus,Russia,1994,17105.00628,64.16,9.747126464555748,65.5
rus,Russia,1995,16600.83496,64.84,9.717208271874874,64.16
rus,Russia,1996,16187.14917,66.07,9.69197294531128,64.84
rus,Russia,1997,16617.2416,67.18,9.718196085922713,66.07
rus,Russia,1998,15921.8084,67.47,9.675445045912006,67.18
rus,Russia,1999,17151.06435,66.22,9.749815511892857,67.47
rus,Russia,2000,19109.81254,65.63,9.857957227662395,66.22
rus,Russia,2001,20330.95747,65.55,9.919900001922638,65.63
rus,Russia,2002,21542.91112,65.37,9.977802091067833,65.55
rus,Russia,2003,23377.38743,65.17,10.059524484984138,65.37
rus,Russia,2004,25313.33615,65.54,10.139086656389734,65.17
rus,Russia,2005,27180.8808,65.05,10.210269093361081,65.54
rus,Russia,2006,29644.43878,66.47,10.297029824607907,65.05
rus,Russia,2007,32352.78407,67.46,10.384455357122466,66.47
rus,Russia,2008,34169.8408,67.72,10.43909868604083,67.46
rus,Russia,2009,31584.80031,68.67,10.360431281007923,67.72
rus,Russia,2010,33063.58594,68.82,10.406187833127431,68.67
rus,Russia,2011,34444.64453,69.99,10.44710880804372,68.82
rus,Russia,2012,35740.69922,70.45,10.484045352595912,69.99
rus,Russia,2013,36260.06641,70.93,10.498472315801925,70.45
rus,Russia,2014,35853.24609,70.98,10.4871893883722,70.93
rus,Russia,2015,35037.15234,71.53,10.464164272912221,70.98
rus,Russia,2016,35005.44922,72.02,10.46325902035281,71.53
rus,Russia,2017,35570.39063,72.94,10.479268846889509,72.02
rus,Russia,2018,36536.69531,72.98,10.50607238550267,72.94
rus,Russia,2019,37319.32031,72.97,10.527266442308829,72.98
rus,Russia,2020,36376.33594,70.41,10.50167373067223,72.97
rus,Russia,2021,38638.42969,68.52,10.562002648007894,70.41
rus,Russia,2022,38214.49609,69.2,10.55097020140661,68.52
rwa,Rwanda,1960,1291.68383,42.24,7.163701940772992,
rwa,Rwanda,1961,1218.89408,42.37,7.105699234811864,42.24
rwa,Rwanda,1962,1317.07373,42.23,7.183167683471643,42.37
rwa,Rwanda,1963,1144.59453,42.39,7.0428057310015,42.23
rwa,Rwanda,1964,976.10505,42.63,6.883570213817777,42.39
rwa,Rwanda,1965,996.12634,42.85,6.903874096929707,42.63
rwa,Rwanda,1966,1000.01042,42.79,6.907765698927849,42.85
rwa,Rwanda,1967,1045.09587,43.26,6.9518639018177,42.79
rwa,Rwanda,1968,1055.58152,43.6,6.961847097844626,43.26
rwa,Rwanda,1969,1127.76501,43.45,7.027993085887363,43.6
rwa,Rwanda,1970,1170.52183,43.58,7.065204936906563,43.45
rwa,Rwanda,1971,1134.50688,43.84,7.033953368547035,43.58
rwa,Rwanda,1972,1089.85634,44.1,6.993801168371911,43.84
rwa,Rwanda,1973,1079.43935,44.49,6.984197064958265,44.1
rwa,Rwanda,1974,1042.02468,44.82,6.948920907253552,44.49
rwa,Rwanda,1975,975.55296,45.02,6.8830044486971484,44.82
rwa,Rwanda,1976,1113.02265,45.73,7.0148347014727905,45.02
rwa,Rwanda,1977,1116.03132,46.46,7.017534207063584,45.73
rwa,Rwanda,1978,1168.28369,46.89,7.0632910191702925,46.46
rwa,Rwanda,1979,1219.07012,47.47,7.1058436503863875,46.89
rwa,Rwanda,1980,1266.72508,48.43,7.144190171772541,47.47
rwa,Rwanda,1981,1318.74175,49.45,7.184433341280638,48.43
rwa,Rwanda,1982,1291.95675,50.23,7.163913208550041,49.45
rwa,Rwanda,1983,1335.5186,50.89,7.197074959821058,50.23
rwa,Rwanda,1984,1394.53706,51.41,7.240317782548044,50.89
rwa,Rwanda,1985,1425.36019,51.49,7.262179825675363,51.41
rwa,Rwanda,1986,1455.86068,51.56,7.283352537365169,51.49
rwa,Rwanda,1987,1414.43787,51.84,7.254487466129018,51.56
rwa,Rwanda,1988,1391.71768,51.77,7.238294004232446,51.84
rwa,Rwanda,1989,1313.19778,51.2,7.180220495099052,51.77
rwa,Rwanda,1990,1298.52419,50.01,7.168983660116806,51.2
rwa,Rwanda,1991,1217.83204,49.88,7.104827540567252,50.01
rwa,Rwanda,1992,1247.94653,49.12,7.129254703460237,49.88
rwa,Rwanda,1993,1087.37757,48.27,6.991524177314968,49.12
rwa,Rwanda,1994,644.33439,9.5,6.468217830476797,48.27
rwa,Rwanda,1995,1016.50626,46.41,6.924126791436059,9.5
rwa,Rwanda,1996,958.95226,47.73,6.865841292622425,46.41
rwa,Rwanda,1997,933.91083,46.79,6.839380962579111,47.73
rwa,Rwanda,1998,966.60265,47.9,6.8737875009756095,46.79
rwa,Rwanda,1999,994.62627,49.32,6.902367058560023,47.9
rwa,Rwanda,2000,1060.64365,50.51,6.96663121980561,49.32
rwa,Rwanda,2001,1131.0756,51.45,7.030924317383519,50.51
rwa,Rwanda,2002,1253.68904,53.19,7.133845715960452,51.45
rwa,Rwanda,2003,1246.67796,54.55,7.1282376605229665,53.19
rwa,Rwanda,2004,1298.40345,56.28,7.168890673313302,54.55
rwa,Rwanda,2005,1377.21062,58.22,7.227815442732923,56.28
rwa,Rwanda,2006,1459.38743,60.17,7.285772058165744,58.22
rwa,Rwanda,2007,1524.63641,61.59,7.329511240942892,60.17
rwa,Rwanda,2008,1646.69354,62.57,7.406524641218748,61.59
rwa,Rwanda,2009,1701.97716,63.39,7.439545889536814,62.57
rwa,Rwanda,2010,1779.15851,64.54,7.483895784314936,63.39
rwa,Rwanda,2011,1874.21498,65.31,7.535945173401352,64.54
rwa,Rwanda,2012,1988.0122,65.84,7.594890524018615,65.31
rwa,Rwanda,2013,2032.4048,66.85,7.616975001456603,65.84
rwa,Rwanda,2014,2106.21454,67.2,7.652647558350643,66.85
rwa,Rwanda,2015,2238.53942,67.39,7.713578887532667,67.2
rwa,Rwanda,2016,2316.63732,67.56,7.747871982184594,67.39
rwa,Rwanda,2017,2351.59687,67.95,7.762849895518539,67.56
rwa,Rwanda,2018,2493.44002,68.32,7.821418570155053,67.95
rwa,Rwanda,2019,2667.46458,68.65,7.888883704737235,68.32
rwa,Rwanda,2020,2520.31739,69.0,7.832140120987332,68.65
rwa,Rwanda,2021,2733.43567,68.27,7.913314584127269,69.0
rwa,Rwanda,2022,2892.45965,69.36,7.969862509100177,68.27
sau,Saudi Arabia,1960,11172.15347,54.34,9.32117966399184,
sau,Saudi Arabia,1961,12426.55667,54.83,9.427591128429151,54.34
sau,Saudi Arabia,1962,13820.65811,55.37,9.533919716303634,54.83
sau,Saudi Arabia,1963,14916.1151,55.88,9.61019745781493,55.37
sau,Saudi Arabia,1964,16108.05382,56.39,9.687074663162683,55.88
sau,Saudi Arabia,1965,17905.90069,56.93,9.792885584993085,56.39
sau,Saudi Arabia,1966,20325.60476,57.51,9.9196366884629,56.93
sau,Saudi Arabia,1967,21903.36509,58.08,9.994395561078179,57.51
sau,Saudi Arabia,1968,23612.00732,58.63,10.06951064637239,58.08
sau,Saudi Arabia,1969,25151.14149,59.16,10.132658561774257,58.63
sau,Saudi Arabia,1970,27209.02948,59.81,10.21130416337198,59.16
sau,Saudi Arabia,1971,31272.10301,60.49,10.35048170146839,59.81
sau,Saudi Arabia,1972,36425.04192,61.39,10.503011781920671,60.49
sau,Saudi Arabia,1973,43482.21422,62.22,10.68010726496151,61.39
sau,Saudi Arabia,1974,49245.46034,63.07,10.804572466514218,62.22
sau,Saudi Arabia,1975,45635.03262,63.63,10.728430959752957,63.07
sau,Saudi Arabia,1976,49857.92961,64.25,10.816932832148012,63.63
sau,Saudi Arabia,1977,53138.61315,64.83,10.88065912093034,64.25
sau,Saudi Arabia,1978,50800.61433,65.26,10.835663726603688,64.83
sau,Saudi Arabia,1979,53165.60477,65.58,10.881166939361407,65.26
sau,Saudi Arabia,1980,54629.62447,66.06,10.908331587304266,65.58
sau,Saudi Arabia,1981,58268.87447,66.6,10.97282334417916,66.06
sau,Saudi Arabia,1982,52844.95713,66.89,10.875117568202699,66.6
sau,Saudi Arabia,1983,46490.67857,67.13,10.747007110620268,66.89
sau,Saudi Arabia,1984,44697.53826,67.33,10.707673706601893,67.13
sau,Saudi Arabia,1985,40937.80064,67.54,10.619809136228504,67.33
sau,Saudi Arabia,1986,39570.84385,67.74,10.5858478596512,67.54
sau,Saudi Arabia,1987,38822.92759,67.95,10.566766268356545,67.74
sau,Saudi Arabia,1988,40745.45536,68.15,10.615099587541668,67.95
sau,Saudi Arabia,1989,41273.56933,68.21,10.627977606285713,68.15
sau,Saudi Arabia,1990,45937.52609,68.08,10.73503762390061,68.21
sau,Saudi Arabia,1991,49955.65651,68.46,10.818891021108588,68.08
sau,Saudi Arabia,1992,51510.35492,68.77,10.849538132848453,68.46
sau,Saudi Arabia,1993,50831.94433,69.01,10.836280261332432,68.77
sau,Saudi Arabia,1994,50604.17724,69.22,10.831789406018348,69.01
sau,Saudi Arabia,1995,50058.16726,69.4,10.820940953448611,69.22
sau,Saudi Arabia,1996,50910.88866,69.62,10.83783210225376,69.4
sau,Saudi Arabia,1997,51339.53609,69.76,10.846216418350025,69.62
sau,Saudi Arabia,1998,51967.77695,70.01,10.858379131447792,69.76
sau,Saudi Arabia,1999,50530.29916,70.19,10.83032841871173,70.01
sau,Saudi Arabia,2000,51649.9186,70.37,10.852243898554287,70.19
sau,Saudi Arabia,2001,49984.6681,70.57,10.819471599387239,70.37
sau,Saudi Arabia,2002,47847.63417,70.74,10.775776953025543,70.57
sau,Saudi Arabia,2003,50402.0537,70.87,10.827787201245155,70.74
sau,Saudi Arabia,2004,52846.12676,71.07,10.875139701195511,70.87
sau,Saudi Arabia,2005,54038.83725,71.16,10.89745827537337,71.07
sau,Saudi Arabia,2006,53859.94698,71.21,10.894142381961094,71.16
sau,Saudi Arabia,2007,53086.86599,71.29,10.879684831814162,71.21
sau,Saudi Arabia,2008,54355.42282,71.4,10.903299663469037,71.29
sau,Saudi Arabia,2009,51777.98146,71.62,10.85472026954065,71.4
sau,Saudi Arabia,2010,54911.54752,71.84,10.913478942720443,71.62
sau,Saudi Arabia,2011,58645.46489,72.2,10.979265526113204,71.84
sau,Saudi Arabia,2012,59471.68202,72.56,10.993255545804956,72.2
sau,Saudi Arabia,2013,57998.48168,72.88,10.968172111254875,72.56
sau,Saudi Arabia,2014,58872.26714,73.17,10.983125412237124,72.88
sau,Saudi Arabia,2015,58498.5399,73.25,10.976757073934108,73.17
sau,Saudi Arabia,2016,57308.46378,73.71,10.956203601742434,73.25
sau,Saudi Arabia,2017,57942.5485,74.02,10.967207255513081,73.71
sau,Saudi Arabia,2018,61359.46537,74.28,11.024504722997964,74.02
sau,Saudi Arabia,2019,62647.71413,74.52,11.045282473305818,74.28
sau,Saudi Arabia,2020,57420.73357,73.5,10.958160729107208,74.52
sau,Saudi Arabia,2021,62690.49666,74.17,11.045965146712305,73.5
sau,Saudi Arabia,2022,67178.59023,75.1,11.115109877980332,74.17
sdn,Sudan,1960,2072.90057,49.76,7.636704146982513,
sdn,Sudan,1961,2011.96481,49.97,7.6068670410070345,49.76
sdn,Sudan,1962,2089.0763,50.27,7.644477285542501,49.97
sdn,Sudan,1963,1969.12844,50.1,7.585346307593438,50.27
sdn,Sudan,1964,1892.52263,50.32,7.545665942967984,50.1
sdn,Sudan,1965,1966.80909,50.53,7.584167757247665,50.32
sdn,Sudan,1966,1889.31626,50.74,7.543970275404383,50.53
sdn,Sudan,1967,1776.00499,50.91,7.4821217332328525,50.74
sdn,Sudan,1968,1831.31697,51.1,7.512790642745152,50.91
sdn,Sudan,1969,1888.82459,51.35,7.543710004534504,51.1
sdn,Sudan,1970,1752.79215,51.6,7.46896530972262,51.35
sdn,Sudan,1971,1783.50983,51.85,7.486338516418184,51.6
sdn,Sudan,1972,1678.95742,52.04,7.4259282964224305,51.85
sdn,Sudan,1973,1581.14489,52.41,7.365904477539148,52.04
sdn,Sudan,1974,1704.3446,52.57,7.44093591699047,52.41
sdn,Sudan,1975,1867.84923,52.8,7.532542903539965,52.57
sdn,Sudan,1976,2122.2258,53.2,7.660220722560955,52.8
sdn,Sudan,1977,2270.81595,53.78,7.7278944952282185,53.2
sdn,Sudan,1978,2110.71849,54.14,7.6547836850951745,53.78
sdn,Sudan,1979,1892.15167,54.47,7.545469910246654,54.14
sdn,Sudan,1980,1854.0914,54.8,7.525150043724031,54.47
sdn,Sudan,1981,1978.25803,55.28,7.5899719536242465,54.8
sdn,Sudan,1982,2138.77419,55.76,7.66798813548727,55.28
sdn,Sudan,1983,2095.13085,52.29,7.647371288639694,55.76
sdn,Sudan,1984,1946.8814,51.78,7.573984089289837,52.29
sdn,Sudan,1985,1878.78473,52.17,7.538380426591602,51.78
sdn,Sudan,1986,2000.1662,57.09,7.600985556089468,52.17
sdn,Sudan,1987,2089.63879,57.42,7.644746502271223,57.09
sdn,Sudan,1988,2179.51132,57.93,7.68685596551676,57.42
sdn,Sudan,1989,2269.46036,57.89,7.7272973553416895,57.93
sdn,Sudan,1990,2182.28795,58.66,7.688129123772417,57.89
sdn,Sudan,1991,2313.98712,59.27,7.746727341618857,58.66
sdn,Sudan,1992,2433.68098,59.75,7.797160196756792,59.27
sdn,Sudan,1993,2511.32739,59.99,7.828566732976351,59.75
sdn,Sudan,1994,2502.53056,60.92,7.825057722903024,59.99
sdn,Sudan,1995,2612.00665,61.29,7.867874036334888,60.92
sdn,Sudan,1996,2729.73309,61.52,7.911959114168513,61.29
sdn,Sudan,1997,3144.11724,61.77,8.053288442930176,61.52
sdn,Sudan,1998,3231.27828,62.0,8.080633090249389,61.77
sdn,Sudan,1999,3277.3809,62.87,8.09479987630482,62.0
sdn,Sudan,2000,3417.72691,63.26,8.136730962882616,62.87
sdn,Sudan,2001,3566.51472,63.72,8.179344129005244,63.26
sdn,Sudan,2002,3703.35497,63.87,8.216994436432747,63.72
sdn,Sudan,2003,3861.226,64.13,8.258740028609719,63.87
sdn,Sudan,2004,3970.10127,64.16,8.286546882172013,64.13
sdn,Sudan,2005,4104.40877,65.48,8.319816984717084,64.16
sdn,Sudan,2006,4274.67822,65.84,8.36046410836248,65.48
sdn,Sudan,2007,4411.58603,66.32,8.391989547775424,65.84
sdn,Sudan,2008,4451.99211,66.78,8.401106940156668,66.32
sdn,Sudan,2009,4195.98319,66.97,8.341882963311786,66.78
sdn,Sudan,2010,4219.83691,67.44,8.347551759363816,66.97
sdn,Sudan,2011,4467.62598,67.56,8.404612445852557,67.44
sdn,Sudan,2012,4145.93164,68.11,8.329882804678414,67.56
sdn,Sudan,2013,4130.48584,68.33,8.326150315840286,68.11
sdn,Sudan,2014,4207.50049,68.72,8.344624042523659,68.33
sdn,Sudan,2015,4159.19434,69.03,8.333076666229957,68.72
sdn,Sudan,2016,4174.56103,69.39,8.336764489242125,69.03
sdn,Sudan,2017,4061.01831,69.79,8.309189036417823,69.39
sdn,Sudan,2018,3816.65991,70.12,8.247130950007032,69.79
sdn,Sudan,2019,3625.52319,70.49,8.195753885150314,70.12
sdn,Sudan,2020,3401.24976,70.21,8.13189821953516,70.49
sdn,Sudan,2021,3248.97559,69.84,8.08609502255993,70.21
sdn,Sudan,2022,3132.07715,70.17,8.04945168962979,69.84
sen,Senegal,1960,2903.33288,46.91,7.9736146250360616,
sen,Senegal,1961,2934.15557,46.97,7.9841749804737985,46.91
sen,Senegal,1962,2928.65971,47.01,7.982300160494887,46.97
sen,Senegal,1963,2907.49388,46.86,7.975046779489486,47.01
sen,Senegal,1964,2885.17341,46.93,7.967340284588159,46.86
sen,Senegal,1965,2886.023,47.1,7.96763470881003,46.93
sen,Senegal,1966,2878.86367,47.25,7.96515093624332,47.1
sen,Senegal,1967,2747.01158,47.32,7.918268901594216,47.25
sen,Senegal,1968,2826.06824,47.45,7.946641710157463,47.32
sen,Senegal,1969,2551.21362,47.6,7.844324454345755,47.45
sen,Senegal,1970,2668.1338,47.87,7.8891345557030865,47.6
sen,Senegal,1971,2573.93248,48.14,7.8531901562657875,47.87
sen,Senegal,1972,2645.73708,48.54,7.880704974658499,48.14
sen,Senegal,1973,2412.3916,48.97,7.788373899561153,48.54
sen,Senegal,1974,2428.91937,49.41,7.795201733720874,48.97
sen,Senegal,1975,2535.33417,49.91,7.8380807298226705,49.41
sen,Senegal,1976,2683.87345,50.52,7.8950163472035335,49.91
sen,Senegal,1977,2529.39106,51.22,7.835733865004586,50.52
sen,Senegal,1978,2323.11358,51.81,7.750663625247128,51.22
sen,Senegal,1979,2439.01752,52.4,7.799350581461954,51.81
sen,Senegal,1980,2282.19593,52.92,7.732893385632062,52.4
sen,Senegal,1981,2388.76779,53.43,7.778532942936484,52.92
sen,Senegal,1982,2656.92192,54.11,7.884923558801864,53.43
sen,Senegal,1983,2572.39329,54.97,7.85259198579828,54.11
sen,Senegal,1984,2559.59807,55.66,7.847605521240955,54.97
sen,Senegal,1985,2618.74939,56.22,7.8704521507348595,55.66
sen,Senegal,1986,2667.16114,56.79,7.888769942304309,56.22
sen,Senegal,1987,2770.83176,57.32,7.9269028284762895,56.79
sen,Senegal,1988,2784.23702,57.88,7.931729154324658,57.32
sen,Senegal,1989,2834.54755,58.27,7.949637609069057,57.88
sen,Senegal,1990,2848.46787,58.61,7.954536539235982,58.27
sen,Senegal,1991,2841.46022,58.93,7.952073360991107,58.61
sen,Senegal,1992,2799.4538,59.01,7.937179605705818,58.93
sen,Senegal,1993,2761.39883,59.09,7.923492652783838,59.01
sen,Senegal,1994,2688.71822,59.18,7.896819860893306,59.09
sen,Senegal,1995,2764.36505,59.17,7.9245662492491675,59.18
sen,Senegal,1996,2753.03031,59.46,7.920457514889483,59.17
sen,Senegal,1997,2772.3576,59.57,7.9274533563184555,59.46
sen,Senegal,1998,2869.50435,59.73,7.961894593490812,59.57
sen,Senegal,1999,2982.00365,60.07,8.000350719334666,59.73
sen,Senegal,2000,3025.6101,60.63,8.014868036079479,60.07
sen,Senegal,2001,3085.2906,61.11,8.034401129634118,60.63
sen,Senegal,2002,3019.10643,61.36,8.012716182480617,61.11
sen,Senegal,2003,3120.05929,62.2,8.045607283828097,61.36
sen,Senegal,2004,3197.14275,62.7,8.070012799298539,62.2
sen,Senegal,2005,3265.85849,63.19,8.091277944361465,62.7
sen,Senegal,2006,3270.7774,63.71,8.092782972639395,63.19
sen,Senegal,2007,3295.20445,64.39,8.100223493570097,63.71
sen,Senegal,2008,3344.52397,64.99,8.115079651523361,64.39
sen,Senegal,2009,3363.26324,65.39,8.120666984026304,64.99
sen,Senegal,2010,3403.56707,65.67,8.132579298878651,65.39
sen,Senegal,2011,3362.87941,65.95,8.12055285323236,65.67
sen,Senegal,2012,3405.10864,66.21,8.133032124095184,65.95
sen,Senegal,2013,3385.42591,66.48,8.127235000178773,66.21
sen,Senegal,2014,3484.0122,66.76,8.15593983968842,66.48
sen,Senegal,2015,3593.79477,66.98,8.186963962207194,66.76
sen,Senegal,2016,3710.05532,67.27,8.218802066541524,66.98
sen,Senegal,2017,3871.45147,67.53,8.261384772555134,67.27
sen,Senegal,2018,3998.28635,68.05,8.293621135807173,67.53
sen,Senegal,2019,4070.61227,68.47,8.311548702011882,68.05
sen,Senegal,2020,4018.04129,67.95,8.298549821578924,68.47
sen,Senegal,2021,4173.67741,67.03,8.336552799073079,67.95
sen,Senegal,2022,4228.73383,67.86,8.3496578962626,67.03
sgp,Singapore,1960,4672.46143,65.55,8.449441284614,
sgp,Singapore,1961,4887.13577,66.06,8.494361678754514,65.55
sgp,Singapore,1962,5092.31013,66.45,8.535486863164355,66.06
sgp,Singapore,1963,5463.3424,66.91,8.605816042616894,66.45
sgp,Singapore,1964,5127.29318,67.09,8.542333153686915,66.91
sgp,Singapore,1965,5385.08132,67.4,8.591387690683524,67.09
sgp,Singapore,1966,5824.93203,67.59,8.669902609696294,67.4
sgp,Singapore,1967,6398.45952,67.88,8.763812540374868,67.59
sgp,Singapore,1968,7146.38621,68.1,8.87436208274287,67.88
sgp,Singapore,1969,8004.91128,68.86,8.987810542296318,68.1
sgp,Singapore,1970,8972.98968,69.01,9.101974197180379,68.86
sgp,Singapore,1971,9890.00645,69.07,9.199280076790458,69.01
sgp,Singapore,1972,11016.11952,69.26,9.307114890022836,69.07
sgp,Singapore,1973,11996.10014,69.44,9.39233688761665,69.26
sgp,Singapore,1974,12545.531,70.02,9.4371197855253,69.44
sgp,Singapore,1975,12896.19951,70.52,9.464687935315325,70.02
sgp,Singapore,1976,13676.71592,70.91,9.523450098029002,70.52
sgp,Singapore,1977,14475.0922,71.01,9.580184672023673,70.91
sgp,Singapore,1978,15481.84538,71.27,9.647423350633016,71.01
sgp,Singapore,1979,16733.94134,71.43,9.72519435141137,71.27
sgp,Singapore,1980,18149.24746,71.72,9.80638437657446,71.43
sgp,Singapore,1981,20192.81946,71.9,9.913082347916822,71.72
sgp,Singapore,1982,21480.45895,72.32,9.97489891478188,71.9
sgp,Singapore,1983,23607.51479,72.55,10.069320363632846,72.32
sgp,Singapore,1984,25832.13386,72.9,10.15937449436956,72.55
sgp,Singapore,1985,26223.31755,73.45,10.174404276773721,72.9
sgp,Singapore,1986,27041.25628,74.11,10.205118989136837,73.45
sgp,Singapore,1987,30110.36779,74.45,10.312624836279957,74.11
sgp,Singapore,1988,33570.14126,74.74,10.42139229788897,74.45
sgp,Singapore,1989,37064.0319,75.23,10.520402287769544,74.74
sgp,Singapore,1990,40541.43199,75.61,10.610079742273124,75.23
sgp,Singapore,1991,42350.99634,76.1,10.653747226131678,75.61
sgp,Singapore,1992,44225.21491,76.52,10.697050378484805,76.1
sgp,Singapore,1993,48395.46196,76.83,10.787161327151846,76.52
sgp,Singapore,1994,52517.58316,76.96,10.868903309840757,76.83
sgp,Singapore,1995,55022.19107,77.13,10.91549185684086,76.96
sgp,Singapore,1996,57349.56135,77.43,10.956920473879617,77.13
sgp,Singapore,1997,60552.68943,77.88,11.011269164675276,77.43
sgp,Singapore,1998,57697.66153,78.28,10.96297192359865,77.88
sgp,Singapore,1999,60755.1301,78.85,11.01460680372796,78.28
sgp,Singapore,2000,65418.14388,79.39,11.08855492832668,78.85
sgp,Singapore,2001,63377.94302,79.84,11.05687117800067,79.39
sgp,Singapore,2002,65510.59032,80.11,11.089967092828658,79.84
sgp,Singapore,2003,69590.25317,80.37,11.150379795854983,80.11
sgp,Singapore,2004,75877.95335,80.66,11.236881451492257,80.37
sgp,Singapore,2005,80017.08023,81.31,11.289995393742524,80.66
sgp,Singapore,2006,85005.30868,81.58,11.35046898858104,81.31
sgp,Singapore,2007,89389.31469,81.79,11.400756431535003,81.58
sgp,Singapore,2008,86768.19679,82.07,11.370995437080298,81.79
sgp,Singapore,2009,84585.75269,82.48,11.345521123492487,82.07
sgp,Singapore,2010,95456.18931,82.76,11.466422670529907,82.48
sgp,Singapore,2011,99296.75611,83.1,11.505868181926656,82.76
sgp,Singapore,2012,101187.8253,83.26,11.52473372523879,83.1
sgp,Singapore,2013,104359.0307,83.54,11.555592451166136,83.26
sgp,Singapore,2014,107066.8586,83.84,11.58120876503758,83.54
sgp,Singapore,2015,108953.7243,84.14,11.598678523358966,83.84
sgp,Singapore,2016,111579.7427,84.41,11.622494795428048,84.14
sgp,Singapore,2017,116471.8208,84.66,11.665404641184768,84.41
sgp,Singapore,2018,119927.7691,84.71,11.694644916368437,84.66
sgp,Singapore,2019,120114.1339,84.85,11.696197685573448,84.71
sgp,Singapore,2020,115893.0424,83.94,11.660422996464646,84.85
sgp,Singapore,2021,132617.354,83.84,11.795223222982,83.94
sgp,Singapore,2022,133571.9624,85.23,11.802395655785064,83.84
slb,Solomon Islands,1960,1506.64141,45.82,7.3176382207433255,
slb,Solomon Islands,1961,1536.1095,46.31,7.337008200229173,45.82
slb,Solomon Islands,1962,1565.61687,46.82,7.356035191445375,46.31
slb,Solomon Islands,1963,1595.16355,47.33,7.374731549147115,46.82
slb,Solomon Islands,1964,1626.10693,47.8,7.393944050553117,47.33
slb,Solomon Islands,1965,1657.09155,48.29,7.412819266352938,47.8
slb,Solomon Islands,1966,1688.11743,48.76,7.431369240271739,48.29
slb,Solomon Islands,1967,1721.90486,49.06,7.451186433751714,48.76
slb,Solomon Islands,1968,1751.65422,49.58,7.468315889003995,49.06
slb,Solomon Islands,1969,1652.05698,50.01,7.409776445011528,49.58
slb,Solomon Islands,1970,1683.16063,50.4,7.428428632298358,50.01
slb,Solomon Islands,1971,1666.57246,50.8,7.418524377150586,50.4
slb,Solomon Islands,1972,1154.56329,51.2,7.051477447560488,50.8
slb,Solomon Islands,1973,1244.11391,51.5,7.1261788366311904,51.2
slb,Solomon Islands,1974,1518.27421,51.92,7.325329580640998,51.5
slb,Solomon Islands,1975,1293.66456,50.65,7.165234214253194,51.92
slb,Solomon Islands,1976,1424.54332,52.63,7.261606564145978,50.65
slb,Solomon Islands,1977,1580.24756,52.78,7.365336797291731,52.63
slb,Solomon Islands,1978,1667.64761,53.47,7.419169295611091,52.78
slb,Solomon Islands,1979,2015.69783,53.96,7.608720732044545,53.47
slb,Solomon Islands,1980,1833.19616,54.37,7.5138162579349785,53.96
slb,Solomon Islands,1981,1950.62743,54.71,7.575906358778834,54.37
slb,Solomon Islands,1982,1957.87811,54.93,7.579616568854438,54.71
slb,Solomon Islands,1983,2088.37063,55.14,7.64413943803969,54.93
slb,Solomon Islands,1984,2079.00027,55.31,7.639642417728134,55.14
slb,Solomon Islands,1985,2021.56181,55.39,7.611625664918104,55.31
slb,Solomon Islands,1986,2112.62823,54.88,7.655688057980838,55.39
slb,Solomon Islands,1987,2216.11023,55.57,7.703508789409827,54.88
slb,Solomon Islands,1988,2248.65985,55.64,7.718089695522861,55.57
slb,Solomon Islands,1989,2365.9816,55.73,7.768948267669546,55.64
slb,Solomon Islands,1990,2397.67223,55.83,7.782253641507968,55.73
slb,Solomon Islands,1991,2464.3537,55.75,7.809684861429437,55.83
slb,Solomon Islands,1992,2693.26107,56.08,7.898508032041544,55.75
slb,Solomon Islands,1993,2716.68462,56.22,7.907167526133919,56.08
slb,Solomon Islands,1994,2855.93846,56.41,7.957155775608274,56.22
slb,Solomon Islands,1995,3039.58815,56.59,8.01947730824875,56.41
slb,Solomon Islands,1996,2998.16408,56.73,8.0057554069848,56.59
slb,Solomon Islands,1997,2881.96726,56.83,7.966228416328389,56.73
slb,Solomon Islands,1998,2838.3031,56.92,7.950961652580991,56.83
slb,Solomon Islands,1999,2746.52265,56.99,7.918090899608309,56.92
slb,Solomon Islands,2000,2297.6439,56.98,7.7396394855655215,56.99
slb,Solomon Islands,2001,2070.03378,56.94,7.635320204966844,56.98
slb,Solomon Islands,2002,1971.19788,56.88,7.586396697851609,56.94
slb,Solomon Islands,2003,2058.41971,56.85,7.629693836320058,56.88
slb,Solomon Islands,2004,2169.68067,56.81,7.682335279023871,56.85
slb,Solomon Islands,2005,2284.10999,56.82,7.733731726358959,56.81
slb,Solomon Islands,2006,2340.83468,56.87,7.758262845603823,56.82
slb,Solomon Islands,2007,2387.51606,56.78,7.778008799033832,56.87
slb,Solomon Islands,2008,2492.18037,57.09,7.820913256902833,56.78
slb,Solomon Islands,2009,2513.16372,57.15,7.829297684645509,57.09
slb,Solomon Islands,2010,2682.28529,57.39,7.894424430294878,57.15
slb,Solomon Islands,2011,2777.47103,57.64,7.929296091216365,57.39
slb,Solomon Islands,2012,2743.45333,57.87,7.916972745237153,57.64
slb,Solomon Islands,2013,2783.59442,58.03,7.931498328370324,57.87
slb,Solomon Islands,2014,2716.41807,58.13,7.907069405404228,58.03
slb,Solomon Islands,2015,2664.73036,58.44,7.887858153244684,58.13
slb,Solomon Islands,2016,2715.23386,58.65,7.906633364938446,58.44
slb,Solomon Islands,2017,2703.66071,58.84,7.902361952218943,58.65
slb,Solomon Islands,2018,2686.12001,59.02,7.895853055906365,58.84
slb,Solomon Islands,2019,2661.59973,59.2,7.88668262326152,59.02
slb,Solomon Islands,2020,2515.12833,59.05,7.830079107076996,59.2
slb,Solomon Islands,2021,2518.42162,59.17,7.831387643001991,59.05
slb,Solomon Islands,2022,2517.92542,59.5,7.831190595420613,59.17
sle,Sierra Leone,1960,1505.43953,42.7,7.316840181057323,
sle,Sierra Leone,1961,1508.64598,42.96,7.3189678255444885,42.7
sle,Sierra Leone,1962,1593.25604,43.23,7.3735350251804705,42.96
sle,Sierra Leone,1963,1645.13971,43.5,7.405580589684302,43.23
sle,Sierra Leone,1964,1673.15489,43.83,7.422466278889044,43.5
sle,Sierra Leone,1965,1743.6629,44.17,7.463743294501353,43.83
sle,Sierra Leone,1966,1814.31937,44.52,7.503465673613014,44.17
sle,Sierra Leone,1967,1711.82768,44.76,7.445316897430105,44.52
sle,Sierra Leone,1968,1848.82482,45.04,7.522305483794333,44.76
sle,Sierra Leone,1969,1978.41886,45.37,7.590053249117692,45.04
sle,Sierra Leone,1970,2063.48009,45.74,7.632149200490891,45.37
sle,Sierra Leone,1971,2036.08414,46.13,7.618783702946178,45.74
sle,Sierra Leone,1972,2018.44883,46.46,7.610084589463863,46.13
sle,Sierra Leone,1973,2050.8482,46.78,7.626008742656564,46.46
sle,Sierra Leone,1974,2082.86909,47.1,7.6415015924305285,46.78
sle,Sierra Leone,1975,2040.67183,47.36,7.62103436105293,47.1
sle,Sierra Leone,1976,1984.70174,47.67,7.593223924904636,47.36
sle,Sierra Leone,1977,1960.13914,47.93,7.580770739500825,47.67
sle,Sierra Leone,1978,1993.52174,48.13,7.597658072204634,47.93
sle,Sierra Leone,1979,2051.23595,48.26,7.62619779289882,48.13
sle,Sierra Leone,1980,2063.63545,48.35,7.632224487939748,48.26
sle,Sierra Leone,1981,2184.80938,48.49,7.689283863449437,48.35
sle,Sierra Leone,1982,2258.54165,48.72,7.722474596368054,48.49
sle,Sierra Leone,1983,2241.19139,48.94,7.714762873991799,48.72
sle,Sierra Leone,1984,2329.0841,49.2,7.753230379150813,48.94
sle,Sierra Leone,1985,2248.40995,49.33,7.71797855648728,49.2
sle,Sierra Leone,1986,2243.15489,49.46,7.715638586973304,49.33
sle,Sierra Leone,1987,2298.40301,50.01,7.7399698172709055,49.46
sle,Sierra Leone,1988,2356.21957,50.37,7.764813736524068,50.01
sle,Sierra Leone,1989,2474.78588,50.72,7.813909158129,50.37
sle,Sierra Leone,1990,2545.11652,51.09,7.841931711826553,50.72
sle,Sierra Leone,1991,2499.81673,50.71,7.823972700169129,51.09
sle,Sierra Leone,1992,2134.07223,51.3,7.665787278524133,50.71
sle,Sierra Leone,1993,2185.88601,51.62,7.6897765219056815,51.3
sle,Sierra Leone,1994,2185.24505,50.84,7.689483252270982,51.62
sle,Sierra Leone,1995,2012.30748,50.6,7.607037342605006,50.84
sle,Sierra Leone,1996,1930.76515,51.76,7.565671654110289,50.6
sle,Sierra Leone,1997,1768.15329,51.55,7.477690941927833,51.76
sle,Sierra Leone,1998,1791.62048,49.78,7.490875785390829,51.55
sle,Sierra Leone,1999,1744.27789,50.0,7.464095932371891,49.78
sle,Sierra Leone,2000,1824.79416,51.63,7.509222470614334,50.0
sle,Sierra Leone,2001,1673.66366,52.2,7.422770310910093,51.63
sle,Sierra Leone,2002,2008.84405,52.36,7.605314736117485,52.2
sle,Sierra Leone,2003,2122.10412,52.62,7.660163384888189,52.36
sle,Sierra Leone,2004,2196.45543,52.92,7.694600171837323,52.62
sle,Sierra Leone,2005,2243.41579,53.28,7.715754889610174,52.92
sle,Sierra Leone,2006,2299.45302,53.69,7.740426556242896,53.28
sle,Sierra Leone,2007,2349.59932,54.1,7.762000090473405,53.69
sle,Sierra Leone,2008,2387.68198,54.7,7.778078291439666,54.1
sle,Sierra Leone,2009,2370.01474,55.25,7.770651453519119,54.7
sle,Sierra Leone,2010,2461.98105,55.99,7.808721609720463,55.25
sle,Sierra Leone,2011,2592.85894,56.65,7.860516383750391,55.99
sle,Sierra Leone,2012,2795.43889,57.35,7.935744400095408,56.65
sle,Sierra Leone,2013,3127.53945,58.22,8.048001856170384,57.35
sle,Sierra Leone,2014,2815.05858,57.14,7.942738350303981,58.22
sle,Sierra Leone,2015,2630.53499,58.67,7.874942522736074,57.14
sle,Sierra Leone,2016,2734.71899,60.02,7.913783963690707,58.67
sle,Sierra Leone,2017,2755.90429,60.22,7.921500903664049,60.02
sle,Sierra Leone,2018,2769.86968,61.2,7.926555551143235,60.22
sle,Sierra Leone,2019,2855.22907,61.78,7.956907353547488,61.2
sle,Sierra Leone,2020,2755.10252,61.27,7.9212099332358505,61.78
sle,Sierra Leone,2021,2851.95208,61.58,7.955758979148988,61.27
sle,Sierra Leone,2022,2937.37347,61.94,7.985271083482148,61.58
slv,El Salvador,1960,3608.14367,53.46,8.190948700234514,
slv,El Salvador,1961,3590.45219,53.87,8.186033431767525,53.46
slv,El Salvador,1962,3874.10233,54.38,8.262069258176679,53.87
slv,El Salvador,1963,3907.65694,55.32,8.270693225276677,54.38
slv,El Salvador,1964,4135.51648,55.9,8.32736750413188,55.32
slv,El Salvador,1965,4220.39492,56.44,8.347683985589835,55.9
slv,El Salvador,1966,4367.48415,57.07,8.381942412923207,56.44
slv,El Salvador,1967,4427.54617,58.31,8.395600797609394,57.07
slv,El Salvador,1968,4383.80696,58.04,8.385672794811661,58.31
slv,El Salvador,1969,4371.46211,57.25,8.38285281107795,58.04
slv,El Salvador,1970,4349.652,57.81,8.377851120882559,57.25
slv,El Salvador,1971,4426.10716,60.22,8.395275731795534,57.81
slv,El Salvador,1972,4551.25757,59.99,8.423158862767579,60.22
slv,El Salvador,1973,4658.95194,61.37,8.446545796245239,59.99
slv,El Salvador,1974,4827.855,61.64,8.482157548626402,61.37
slv,El Salvador,1975,4965.80732,62.42,8.510331165476474,61.64
slv,El Salvador,1976,5029.09785,63.57,8.522995893131215,62.42
slv,El Salvador,1977,5198.25871,63.65,8.556078985028691,63.57
slv,El Salvador,1978,5395.19362,64.65,8.59326376583416,63.65
slv,El Salvador,1979,5178.47677,64.05,8.552266232163895,64.65
slv,El Salvador,1980,4646.34286,63.81,8.443835707421968,64.05
slv,El Salvador,1981,4547.83147,58.05,8.422405798335117,63.81
slv,El Salvador,1982,4421.59843,62.03,8.394256545443904,58.05
slv,El Salvador,1983,4547.44027,60.59,8.422319775616627,62.03
slv,El Salvador,1984,4687.22074,63.09,8.452595093037312,60.59
slv,El Salvador,1985,4785.80836,65.59,8.473410225878075,63.09
slv,El Salvador,1986,4810.1633,66.26,8.478486312627465,65.59
slv,El Salvador,1987,4952.21507,67.48,8.507590244358331,66.26
slv,El Salvador,1988,5095.11902,68.7,8.536038305540998,67.48
slv,El Salvador,1989,5215.78762,67.66,8.559445385752989,68.7
slv,El Salvador,1990,5514.66258,69.8,8.615165747585612,67.66
slv,El Salvador,1991,5576.95982,70.14,8.626399071773319,69.8
slv,El Salvador,1992,5921.9482,70.82,8.686420761578363,70.14
slv,El Salvador,1993,6255.72677,70.87,8.74125260639925,70.82
slv,El Salvador,1994,6544.49123,70.92,8.78637894117434,70.87
slv,El Salvador,1995,6848.49366,71.59,8.831784003424284,70.92
slv,El Salvador,1996,6889.1288,72.18,8.837699911891056,71.59
slv,El Salvador,1997,7096.68455,72.1,8.867382989178664,72.18
slv,El Salvador,1998,7274.66483,71.38,8.892153019500707,72.1
slv,El Salvador,1999,7422.80156,72.79,8.912311833633442,71.38
slv,El Salvador,2000,7497.59169,73.07,8.92233713995819,72.79
slv,El Salvador,2001,7558.43492,73.0,8.930419426577718,73.07
slv,El Salvador,2002,7676.18413,74.26,8.945877844593927,73.0
slv,El Salvador,2003,7797.59635,73.86,8.961570804930144,74.26
slv,El Salvador,2004,7872.2645,73.61,8.971101038269245,73.86
slv,El Salvador,2005,8088.6992,73.58,8.99822320602414,73.61
slv,El Salvador,2006,8440.24662,73.71,9.040766807542242,73.58
slv,El Salvador,2007,8588.87985,74.11,9.058223604845468,73.71
slv,El Salvador,2008,8733.46566,74.65,9.074917552874686,74.11
slv,El Salvador,2009,8508.9752,74.06,9.048876791284258,74.65
slv,El Salvador,2010,8648.92983,75.19,9.065190873196943,74.06
slv,El Salvador,2011,8943.06192,75.07,9.098633306173268,75.19
slv,El Salvador,2012,9165.42035,74.5,9.123193023924726,75.07
slv,El Salvador,2013,9327.56424,74.27,9.140729192233215,74.5
slv,El Salvador,2014,9451.74461,73.48,9.153954618263386,74.27
slv,El Salvador,2015,9646.15432,73.4,9.174314598842226,73.48
slv,El Salvador,2016,9863.76121,75.21,9.196622836319202,73.4
slv,El Salvador,2017,10064.79349,75.41,9.216798820228032,75.21
slv,El Salvador,2018,10297.20361,75.59,9.239627643181754,75.41
slv,El Salvador,2019,10543.93833,75.72,9.263306407901208,75.59
slv,El Salvador,2020,9692.44932,74.15,9.17910244074627,75.72
slv,El Salvador,2021,10809.7134,73.83,9.288200397793355,74.15
slv,El Salvador,2022,11085.61781,74.58,9.313403854371943,73.83
smr,San Marino,1960,17113.77568,72.88,9.747639013494645,
smr,San Marino,1961,18240.23923,72.96,9.811385379222138,72.88
smr,San Marino,1962,19436.67287,73.05,9.874916914704276,72.96
smr,San Marino,1963,20704.68873,73.13,9.93811546229989,73.05
smr,San Marino,1964,22051.96901,73.24,10.001157174393876,73.13
smr,San Marino,1965,23481.21212,73.33,10.063955896118955,73.24
smr,San Marino,1966,24998.70174,73.48,10.126579172101907,73.33
smr,San Marino,1967,26607.00071,73.7,10.188929644729269,73.48
smr,San Marino,1968,28314.63489,73.82,10.251134083885924,73.7
smr,San Marino,1969,30125.20459,73.96,10.31311746213919,73.82
smr,San Marino,1970,32044.63296,74.12,10.374884989979767,73.96
smr,San Marino,1971,32682.4161,74.3,10.394592478309642,74.12
smr,San Marino,1972,34077.38632,74.55,10.43638928551397,74.3
smr,San Marino,1973,36767.06694,74.85,10.512357803368257,74.55
smr,San Marino,1974,39002.47317,75.16,10.571380337716546,74.85
smr,San Marino,1975,38237.85816,75.38,10.551581355136442,75.16
smr,San Marino,1976,40823.12359,75.59,10.617003954504352,75.38
smr,San Marino,1977,41571.32609,75.75,10.635165931906274,75.59
smr,San Marino,1978,42530.93307,75.91,10.657986927108832,75.75
smr,San Marino,1979,44645.08065,76.15,10.706499404422974,75.91
smr,San Marino,1980,45827.16362,76.39,10.732632286432382,76.15
smr,San Marino,1981,45942.24864,76.82,10.735140422367802,76.39
smr,San Marino,1982,45903.03992,77.3,10.73428662304948,76.82
smr,San Marino,1983,46262.17163,77.67,10.7420798786957,77.3
smr,San Marino,1984,47580.96008,78.02,10.770187961879516,77.67
smr,San Marino,1985,48738.11943,78.32,10.794216742725348,78.02
smr,San Marino,1986,49945.43782,78.64,10.818686444970476,78.32
smr,San Marino,1987,51352.23188,78.97,10.846463678482277,78.64
smr,San Marino,1988,53312.90457,79.23,10.883933692857058,78.97
smr,San Marino,1989,54892.76019,79.47,10.91313674612406,79.23
smr,San Marino,1990,55769.63411,79.7,10.928984808666364,79.47
smr,San Marino,1991,55701.1838,79.91,10.927756678831361,79.7
smr,San Marino,1992,55184.45817,80.09,10.918436637729862,79.91
smr,San Marino,1993,59006.03313,80.3,10.985394974100702,80.09
smr,San Marino,1994,62134.41913,80.41,11.037055367681068,80.3
smr,San Marino,1995,66936.52395,80.67,11.111500045571189,80.41
smr,San Marino,1996,69349.1092,80.91,11.146908580671296,80.67
smr,San Marino,1997,70279.27768,81.13,11.160232264502058,80.91
smr,San Marino,1998,74338.6029,81.3,11.216385650292885,81.13
smr,San Marino,1999,79750.34064,81.47,11.286656291985931,81.3
smr,San Marino,2000,80165.10474,81.54,11.291843596177314,81.47
smr,San Marino,2001,83242.7805,81.63,11.32951668336151,81.54
smr,San Marino,2002,82129.89427,81.7,11.316057349384085,81.63
smr,San Marino,2003,83902.87492,81.71,11.337415157899219,81.7
smr,San Marino,2004,82905.94827,81.63,11.32546209090154,81.71
smr,San Marino,2005,83461.24027,81.6,11.332137614686934,81.63
smr,San Marino,2006,85275.61041,81.64,11.35364376539667,81.6
smr,San Marino,2007,88024.25407,81.72,11.385367669917482,81.64
smr,San Marino,2008,85986.32619,81.8,11.36194356480346,81.72
smr,San Marino,2009,73467.45202,81.85,11.204597757463054,81.8
smr,San Marino,2010,68669.25265,81.9,11.137056818345947,81.85
smr,San Marino,2011,64214.11876,81.94,11.069978383879613,81.9
smr,San Marino,2012,58176.3778,81.95,10.971234671602973,81.94
smr,San Marino,2013,58467.97696,81.96,10.976234480947397,81.95
smr,San Marino,2014,58743.58442,81.96,10.980937224681801,81.96
smr,San Marino,2015,59647.65946,81.97,10.996210188868558,81.96
smr,San Marino,2016,60669.81862,81.98,11.01320163131592,81.97
smr,San Marino,2017,59524.55979,82.03,10.994144275947626,81.98
smr,San Marino,2018,59194.04429,82.09,10.988576212601796,82.03
smr,San Marino,2019,60171.04713,82.17,11.004946570921536,82.09
smr,San Marino,2020,55998.0711,78.81,10.933072524481199,82.17
smr,San Marino,2021,64745.13168,80.09,11.078213790325877,78.81
smr,San Marino,2022,70887.5739,82.62,11.168850434818655,80.09
som,Somalia,1960,1447.595,44.96,7.277658837690806,
som,Somalia,1961,1478.91962,45.04,7.299067113701803,44.96
som,Somalia,1962,1505.12403,45.28,7.31663058574743,45.04
som,Somalia,1963,1522.75905,45.42,7.328279132893811,45.28
som,Somalia,1964,1323.64418,45.53,7.188143954154651,45.42
som,Somalia,1965,1203.48567,45.72,7.0929773502141416,45.53
som,Somalia,1966,1336.94673,45.83,7.198143733376255,45.72
som,Somalia,1967,1376.81325,45.96,7.227526868616274,45.83
som,Somalia,1968,1362.39347,46.21,7.216998336324661,45.96
som,Somalia,1969,1160.22311,46.46,7.05636760181307,46.21
som,Somalia,1970,1226.33047,46.7,7.111781631560332,46.46
som,Somalia,1971,1235.37107,46.98,7.11912666547101,46.7
som,Somalia,1972,1406.66984,47.47,7.2489803742835734,46.98
som,Somalia,1973,1216.28937,47.78,7.103560002966041,47.47
som,Somalia,1974,1179.71096,47.85,7.073024738302224,47.78
som,Somalia,1975,1264.67703,46.14,7.142572056310934,47.85
som,Somalia,1976,1125.17461,46.42,7.025693511483756,46.14
som,Somalia,1977,1139.70617,48.81,7.038525762552396,46.42
som,Somalia,1978,1078.19182,48.82,6.983040676270184,48.81
som,Somalia,1979,936.49285,48.99,6.842141887044534,48.82
som,Somalia,1980,897.0608,48.91,6.799123641255603,48.99
som,Somalia,1981,923.05175,48.92,6.827685300103411,48.91
som,Somalia,1982,941.31041,48.81,6.847272957665506,48.92
som,Somalia,1983,837.05141,48.84,6.729885490347562,48.81
som,Somalia,1984,872.30165,48.82,6.771135292988456,48.84
som,Somalia,1985,958.23188,48.72,6.86508979461149,48.82
som,Somalia,1986,930.16347,48.72,6.835360344894377,48.72
som,Somalia,1987,1009.62772,49.13,6.917336947828412,48.72
som,Somalia,1988,986.65514,47.04,6.894320576149323,49.13
som,Somalia,1989,969.00418,49.53,6.8762689256069525,47.04
som,Somalia,1990,943.40187,49.3,6.849492353040268,49.53
som,Somalia,1991,929.14854,48.07,6.834268618389792,49.3
som,Somalia,1992,868.16457,49.09,6.766381293463347,48.07
som,Somalia,1993,872.61063,50.33,6.771489442600182,49.09
som,Somalia,1994,680.17649,50.08,6.522352308612052,50.33
som,Somalia,1995,677.26085,50.33,6.51805650150871,50.08
som,Somalia,1996,699.37563,50.4,6.550187979870073,50.33
som,Somalia,1997,676.56539,50.09,6.51702910221532,50.4
som,Somalia,1998,685.76286,50.81,6.530531882831812,50.09
som,Somalia,1999,701.04122,51.09,6.552566687017677,50.81
som,Somalia,2000,716.42269,51.44,6.574270341935141,51.09
som,Somalia,2001,733.19436,51.84,6.597410823628271,51.44
som,Somalia,2002,756.37389,52.23,6.62853581741538,51.84
som,Somalia,2003,781.35822,52.65,6.66103371305738,52.23
som,Somalia,2004,804.23113,52.84,6.689886702990289,52.65
som,Somalia,2005,829.94429,53.52,6.721358578056035,52.84
som,Somalia,2006,855.56388,53.82,6.7517607603283505,53.52
som,Somalia,2007,884.12801,53.91,6.78460185984633,53.82
som,Somalia,2008,915.86207,54.33,6.819865774733414,53.91
som,Somalia,2009,953.8074,54.63,6.860461764273952,54.33
som,Somalia,2010,994.86846,53.85,6.902610527414245,54.63
som,Somalia,2011,1053.98384,54.26,6.960332396915459,53.85
som,Somalia,2012,1114.40415,55.53,7.01607514643569,54.26
som,Somalia,2013,1197.29192,56.16,7.087817552182528,55.53
som,Somalia,2014,1258.82249,56.59,7.1379320312524515,56.16
som,Somalia,2015,1343.44297,56.97,7.20299097832688,56.59
som,Somalia,2016,1383.65853,57.18,7.232486378856918,56.97
som,Somalia,2017,1527.11216,57.35,7.33113375373275,57.18
som,Somalia,2018,1504.43909,57.89,7.316175410039518,57.35
som,Somalia,2019,1491.1076,58.52,7.307274478492196,57.89
som,Somalia,2020,1396.05343,57.38,7.241404556228869,58.52
som,Somalia,2021,1392.46426,56.68,7.238830305403837,57.38
som,Somalia,2022,1387.81374,57.53,7.2354849389784786,56.68
srb,Serbia,1960,6000.20299,63.53,8.699548579304581,
srb,Serbia,1961,6176.79523,63.21,8.72855484474978,63.53
srb,Serbia,1962,6523.2413,63.92,8.783126663293414,63.21
srb,Serbia,1963,7303.15487,65.15,8.896061707748812,63.92
srb,Serbia,1964,8057.0408,64.82,8.994301621683947,65.15
srb,Serbia,1965,8211.3388,65.45,9.013271258579627,64.82
srb,Serbia,1966,8925.01423,66.53,9.096613201044327,65.45
srb,Serbia,1967,9068.7787,65.98,9.112592881341481,66.53
srb,Serbia,1968,9220.43475,66.05,9.129177468367391,65.98
srb,Serbia,1969,10275.76624,65.51,9.23754360982,66.05
srb,Serbia,1970,10562.92326,66.16,9.265105342815232,65.51
srb,Serbia,1971,11559.96043,66.44,9.35530271921013,66.16
srb,Serbia,1972,12066.90589,67.21,9.398221934087358,66.44
srb,Serbia,1973,12755.16836,68.3,9.453691830018395,67.21
srb,Serbia,1974,13846.17379,69.0,9.535764212798663,68.3
srb,Serbia,1975,14230.72035,69.24,9.563158311728161,69.0
srb,Serbia,1976,14961.82146,69.46,9.61325699946448,69.24
srb,Serbia,1977,16164.92394,69.45,9.69059898492112,69.46
srb,Serbia,1978,17002.25601,69.12,9.741101320704217,69.45
srb,Serbia,1979,18511.38292,69.45,9.82614111482428,69.12
srb,Serbia,1980,18548.44112,69.81,9.828141027846621,69.45
srb,Serbia,1981,18954.25911,69.84,9.849783940402038,69.81
srb,Serbia,1982,19184.09195,69.59,9.861836670312522,69.84
srb,Serbia,1983,18881.7692,69.24,9.845952142936325,69.59
srb,Serbia,1984,19286.46677,69.95,9.867158925307786,69.24
srb,Serbia,1985,19363.34037,70.42,9.87113688572002,69.95
srb,Serbia,1986,20102.07817,69.98,9.908578480244918,70.42
srb,Serbia,1987,19857.86819,69.81,9.896355589944358,69.98
srb,Serbia,1988,19658.82298,69.97,9.886281523139877,69.81
srb,Serbia,1989,20097.9999,70.13,9.908375581633285,69.97
srb,Serbia,1990,17997.58641,70.82,9.797992939554325,70.13
srb,Serbia,1991,16017.72634,70.49,9.681451284207782,70.82
srb,Serbia,1992,11584.70776,71.13,9.357441210825385,70.49
srb,Serbia,1993,8088.11156,71.02,8.998150553879167,71.13
srb,Serbia,1994,8340.66473,70.63,9.028898196013541,71.02
srb,Serbia,1995,8887.14097,70.58,9.092360676108447,70.63
srb,Serbia,1996,9498.33756,70.44,9.15887206859124,70.58
srb,Serbia,1997,10434.84231,70.16,9.252905707753612,70.44
srb,Serbia,1998,11065.7794,70.72,9.311612688323512,70.16
srb,Serbia,1999,9886.37157,68.94,9.198912478634997,70.72
srb,Serbia,2000,10614.4698,71.44,9.269973424703377,68.94
srb,Serbia,2001,11418.6831,71.91,9.343006161324261,71.44
srb,Serbia,2002,12260.62781,72.16,9.414148416172592,71.91
srb,Serbia,2003,12927.99991,72.15,9.467150773799244,72.16
srb,Serbia,2004,13925.98811,72.27,9.541512021703477,72.15
srb,Serbia,2005,14857.66651,72.35,9.60627127431246,72.27
srb,Serbia,2006,15571.51567,72.74,9.653198605626562,72.35
srb,Serbia,2007,16904.35045,73.15,9.735326290860453,72.74
srb,Serbia,2008,17908.02822,73.45,9.793004395191645,73.15
srb,Serbia,2009,17456.40097,73.64,9.767461678134428,73.45
srb,Serbia,2010,17840.4348,74.06,9.789222778034313,73.64
srb,Serbia,2011,17985.57946,74.33,9.79732557468215,74.06
srb,Serbia,2012,17992.80975,74.79,9.797727498740235,74.33
srb,Serbia,2013,18162.1903,74.89,9.807097256115814,74.79
srb,Serbia,2014,17921.43481,74.98,9.79375275084601,74.89
srb,Serbia,2015,18246.78995,75.07,9.811744450388938,74.98
srb,Serbia,2016,18888.3266,75.48,9.846299370017803,75.07
srb,Serbia,2017,19437.90421,75.58,9.874980264075145,75.48
srb,Serbia,2018,20453.08158,75.62,9.925888838627133,75.58
srb,Serbia,2019,21539.92129,75.68,9.977663296571855,75.62
srb,Serbia,2020,21477.87722,74.4,9.974778717854658,75.68
srb,Serbia,2021,23404.99711,73.2,10.060704830256274,74.4
srb,Serbia,2022,24633.06978,73.14,10.111845119158174,73.2
ssd,South Sudan,1960,1864.07452,48.61,7.530519972987189,
ssd,South Sudan,1961,1901.49549,48.83,7.550395955553774,48.61
ssd,South Sudan,1962,1932.22436,49.06,7.566427136394476,48.83
ssd,South Sudan,1963,1951.87045,48.45,7.576543396942727,49.06
ssd,South Sudan,1964,1694.04752,48.67,7.434875926766603,48.45
ssd,South Sudan,1965,1537.906,48.89,7.338177029862287,48.67
ssd,South Sudan,1966,1705.83692,49.06,7.441811131454279,48.89
ssd,South Sudan,1967,1754.01367,49.25,7.4696619665163535,49.06
ssd,South Sudan,1968,1732.98589,49.53,7.457601147732085,49.25
ssd,South Sudan,1969,1473.56236,49.82,7.295438122286652,49.53
ssd,South Sudan,1970,1555.13847,50.08,7.349319868880287,49.82
ssd,South Sudan,1971,1564.20441,50.38,7.355132609496103,50.08
ssd,South Sudan,1972,1778.37272,50.69,7.4834540229012045,50.38
ssd,South Sudan,1973,1535.33114,51.74,7.336501363140072,50.69
ssd,South Sudan,1974,1486.87787,52.01,7.304433811278142,51.74
ssd,South Sudan,1975,1591.52641,52.23,7.372448840992253,52.01
ssd,South Sudan,1976,1413.80227,52.45,7.254037999337489,52.23
ssd,South Sudan,1977,1429.86879,52.67,7.2653379637994275,52.45
ssd,South Sudan,1978,1350.62211,52.84,7.208320587508745,52.67
ssd,South Sudan,1979,1171.3234,53.01,7.065889499678717,52.84
ssd,South Sudan,1980,1120.28565,53.11,7.021338976413642,53.01
ssd,South Sudan,1981,1150.9792,53.23,7.048368337316198,53.11
ssd,South Sudan,1982,1171.94929,53.28,7.066423701282786,53.23
ssd,South Sudan,1983,1040.54922,52.56,6.947503948895564,53.28
ssd,South Sudan,1984,1082.70894,52.62,6.987221457417703,52.56
ssd,South Sudan,1985,1187.54528,52.72,7.079643665708162,52.62
ssd,South Sudan,1986,1150.99485,52.84,7.0483819343417595,52.72
ssd,South Sudan,1987,1247.41195,53.05,7.128826243972382,52.84
ssd,South Sudan,1988,1217.16247,53.29,7.104277584487987,53.05
ssd,South Sudan,1989,1193.55753,54.2,7.084693647382146,53.29
ssd,South Sudan,1990,1160.24303,54.45,7.056384770777234,54.2
ssd,South Sudan,1991,1140.96395,54.72,7.0396287542709155,54.45
ssd,South Sudan,1992,1000.11308,54.98,6.907868352589076,54.72
ssd,South Sudan,1993,997.99161,55.26,6.9057448694625,54.98
ssd,South Sudan,1994,781.15456,55.56,6.660773030388079,55.26
ssd,South Sudan,1995,767.24984,55.84,6.642812484962841,55.56
ssd,South Sudan,1996,775.03025,56.17,6.652902060849673,55.84
ssd,South Sudan,1997,728.03187,54.45,6.590344824711008,56.17
ssd,South Sudan,1998,715.8547,55.37,6.573477213406072,54.45
ssd,South Sudan,1999,708.4967,56.33,6.563145401392294,55.37
ssd,South Sudan,2000,701.20667,57.01,6.552802665266527,56.33
ssd,South Sudan,2001,696.29345,57.7,6.545771195039399,57.01
ssd,South Sudan,2002,696.00116,58.06,6.545351326999698,57.7
ssd,South Sudan,2003,695.67877,58.38,6.544888016436949,58.06
ssd,South Sudan,2004,694.19612,58.9,6.542754514244679,58.38
ssd,South Sudan,2005,691.5774,59.25,6.538975075426736,58.9
ssd,South Sudan,2006,685.61683,59.19,6.530318914823583,59.25
ssd,South Sudan,2007,680.81284,59.65,6.523287437245826,59.19
ssd,South Sudan,2008,676.04252,60.04,6.5162559734731635,59.65
ssd,South Sudan,2009,671.30562,59.83,6.509224502725542,60.04
ssd,South Sudan,2010,665.518,60.58,6.500565684802226,59.83
ssd,South Sudan,2011,665.518,60.55,6.500565684802226,60.58
ssd,South Sudan,2012,325.292,61.08,5.784723240493224,60.55
ssd,South Sudan,2013,407.52,60.81,6.010090011231147,61.08
ssd,South Sudan,2014,408.16,60.92,6.011659254393502,60.81
ssd,South Sudan,2015,398.849,61.64,5.988582899145772,60.92
ssd,South Sudan,2016,339.143,62.05,5.826421847344203,61.64
ssd,South Sudan,2017,316.051,62.3,5.755903592969622,62.05
ssd,South Sudan,2018,492.682,62.98,6.1998639354951,62.3
ssd,South Sudan,2019,582.824,63.74,6.367885253981049,62.98
ssd,South Sudan,2020,625.73,63.25,6.4389189681550745,63.74
ssd,South Sudan,2021,1022.662,62.67,6.930164310575249,63.25
ssd,South Sudan,2022,1009.485,63.35,6.917195578801488,62.67
stp,Sao Tome and Principe,1960,1762.05032,45.02,7.47423336454464,
stp,Sao Tome and Principe,1961,1892.67808,46.98,7.545748078638981,45.02
stp,Sao Tome and Principe,1962,2013.8842,49.03,7.607820574108084,46.98
stp,Sao Tome and Principe,1963,2133.49374,50.47,7.66551616847798,49.03
stp,Sao Tome and Principe,1964,2247.62111,52.11,7.717627651434548,50.47
stp,Sao Tome and Principe,1965,2352.3997,53.23,7.763191235056461,52.11
stp,Sao Tome and Principe,1966,2485.38325,53.53,7.818182151991334,53.23
stp,Sao Tome and Principe,1967,2589.61052,54.63,7.8592627650072435,53.53
stp,Sao Tome and Principe,1968,2688.41763,55.29,7.8967080578782065,54.63
stp,Sao Tome and Principe,1969,2790.84745,56.11,7.934100574213794,55.29
stp,Sao Tome and Principe,1970,2887.87374,56.96,7.968275780220456,56.11
stp,Sao Tome and Principe,1971,2981.02788,57.92,8.00002344620059,56.96
stp,Sao Tome and Principe,1972,2978.51215,58.73,7.999179176294936,57.92
stp,Sao Tome and Principe,1973,2962.14223,59.72,7.9936680119058305,58.73
stp,Sao Tome and Principe,1974,3065.03533,60.1,8.02781437522068,59.72
stp,Sao Tome and Principe,1975,3149.49237,60.68,8.054996566452287,60.1
stp,Sao Tome and Principe,1976,3103.92391,61.3,8.04042236747172,60.68
stp,Sao Tome and Principe,1977,3711.23476,61.77,8.219119919636396,61.3
stp,Sao Tome and Principe,1978,3701.42756,62.14,8.216473851247235,61.77
stp,Sao Tome and Principe,1979,4183.43311,62.17,8.338887506603406,62.14
stp,Sao Tome and Principe,1980,4033.27562,62.3,8.302334133723438,62.17
stp,Sao Tome and Principe,1981,3725.61092,61.97,8.222986122735378,62.3
stp,Sao Tome and Principe,1982,3901.36387,61.66,8.26908148123977,61.97
stp,Sao Tome and Principe,1983,3760.02371,61.38,8.232180542215122,61.66
stp,Sao Tome and Principe,1984,3535.47532,61.44,8.170603030394842,61.38
stp,Sao Tome and Principe,1985,3855.69231,62.16,8.257305857422155,61.44
stp,Sao Tome and Principe,1986,3596.72856,60.04,8.18777997796242,62.16
stp,Sao Tome and Principe,1987,3467.93122,63.2,8.15131350494713,60.04
stp,Sao Tome and Principe,1988,3538.59393,63.4,8.171484732309771,63.2
stp,Sao Tome and Principe,1989,3660.73417,62.99,8.205418999175523,63.4
stp,Sao Tome and Principe,1990,3593.63359,63.49,8.186919111673191,62.99
stp,Sao Tome and Principe,1991,3575.46825,63.75,8.181851425572084,63.49
stp,Sao Tome and Principe,1992,3549.7125,63.82,8.174621893274432,63.75
stp,Sao Tome and Principe,1993,3543.1067,64.08,8.172759220133143,63.82
stp,Sao Tome and Principe,1994,3576.45601,64.06,8.182127647738419,64.08
stp,Sao Tome and Principe,1995,3604.51288,64.1,8.189941917149389,64.06
stp,Sao Tome and Principe,1996,3617.10293,64.07,8.19342868883224,64.1
stp,Sao Tome and Principe,1997,3613.63247,64.14,8.19246876979925,64.07
stp,Sao Tome and Principe,1998,3667.24374,64.24,8.207195634365256,64.14
stp,Sao Tome and Principe,1999,3724.92867,64.57,8.222802981637027,64.24
stp,Sao Tome and Principe,2000,3711.08247,65.02,8.21907888393412,64.57
stp,Sao Tome and Principe,2001,3776.45593,65.48,8.236541264150128,65.02
stp,Sao Tome and Principe,2002,3822.2203,65.86,8.248586763118167,65.48
stp,Sao Tome and Principe,2003,4048.06029,66.19,8.305993104631094,65.86
stp,Sao Tome and Principe,2004,4107.39949,66.51,8.320545379739846,66.19
stp,Sao Tome and Principe,2005,4292.15451,66.65,8.364544102636637,66.51
stp,Sao Tome and Principe,2006,4578.84967,67.22,8.429203081805873,66.65
stp,Sao Tome and Principe,2007,4648.90078,67.59,8.444386079238702,67.22
stp,Sao Tome and Principe,2008,4842.5292,67.87,8.485192425206183,67.59
stp,Sao Tome and Principe,2009,4903.61402,68.6,8.497727767340661,67.87
stp,Sao Tome and Principe,2010,4882.04796,68.99,8.49332007474734,68.6
stp,Sao Tome and Principe,2011,4876.47316,69.25,8.492177524449419,68.99
stp,Sao Tome and Principe,2012,4919.55294,69.25,8.500972939504143,69.25
stp,Sao Tome and Principe,2013,5072.112,69.44,8.531512577892185,69.25
stp,Sao Tome and Principe,2014,5223.09573,69.76,8.560845556815146,69.44
stp,Sao Tome and Principe,2015,5210.20378,69.99,8.558374247226272,69.76
stp,Sao Tome and Principe,2016,5388.50913,70.22,8.592024026384529,69.99
stp,Sao Tome and Principe,2017,5521.2025,70.44,8.616350959749436,70.22
stp,Sao Tome and Principe,2018,5674.72379,70.68,8.643777169799476,70.44
stp,Sao Tome and Principe,2019,5702.08347,70.93,8.648586908088728,70.68
stp,Sao Tome and Principe,2020,5742.94725,70.17,8.655727815727214,70.93
stp,Sao Tome and Principe,2021,5732.69456,69.97,8.65394095397295,70.17
stp,Sao Tome and Principe,2022,5632.13891,71.21,8.63624456195133,69.97
sur,Suriname,1960,8771.94886,62.97,9.079314279607424,
sur,Suriname,1961,8993.53328,63.32,9.104261073611504,62.97
sur,Suriname,1962,9218.36662,63.61,9.128953144674417,63.32
sur,Suriname,1963,9449.43395,64.01,9.153710119222843,63.61
sur,Suriname,1964,9683.83789,64.58,9.178213577934356,64.01
sur,Suriname,1965,9924.59016,64.81,9.202770811000011,64.58
sur,Suriname,1966,10170.26497,65.18,9.227223542783832,64.81
sur,Suriname,1967,10420.91409,65.24,9.251570036027921,65.18
sur,Suriname,1968,10676.58971,65.51,9.27580874597905,65.24
sur,Suriname,1969,10935.82789,65.7,9.29979964035017,65.51
sur,Suriname,1970,11203.2313,65.85,9.32395752460106,65.7
sur,Suriname,1971,11962.69078,66.02,9.389547983805407,65.85
sur,Suriname,1972,12651.72929,66.54,9.445549187579493,66.02
sur,Suriname,1973,13345.42171,66.57,9.498928661938812,66.54
sur,Suriname,1974,12589.6265,66.37,9.44062846019643,66.57
sur,Suriname,1975,14035.84949,66.21,9.549370013505117,66.37
sur,Suriname,1976,15457.55364,66.3,9.645853071586819,66.21
sur,Suriname,1977,17173.28666,66.49,9.75111035432693,66.3
sur,Suriname,1978,18199.84582,66.46,9.809168401600433,66.49
sur,Suriname,1979,17197.43489,66.62,9.752515517377592,66.46
sur,Suriname,1980,15785.22025,66.77,9.6668293540148,66.62
sur,Suriname,1981,16973.0787,67.49,9.739383761926838,66.77
sur,Suriname,1982,16316.66476,67.93,9.699942242436608,67.49
sur,Suriname,1983,15702.65882,68.3,9.661585328590395,67.93
sur,Suriname,1984,15385.1962,68.59,9.64116104035601,68.3
sur,Suriname,1985,17437.98706,69.07,9.76640626992991,68.59
sur,Suriname,1986,16971.38763,69.36,9.739284124478722,69.07
sur,Suriname,1987,15517.20726,69.81,9.64970483295761,69.36
sur,Suriname,1988,16599.90691,69.72,9.717152366497585,69.81
sur,Suriname,1989,17071.29166,68.16,9.745153481349911,69.72
sur,Suriname,1990,16146.21847,68.94,9.689441150768907,68.16
sur,Suriname,1991,16472.02342,68.72,9.709418670513317,68.94
sur,Suriname,1992,16436.78717,68.52,9.707277221896135,68.72
sur,Suriname,1993,15273.02022,67.81,9.633843166474499,68.52
sur,Suriname,1994,15701.58948,68.8,9.66151722697623,67.81
sur,Suriname,1995,15499.29876,70.91,9.648550060593598,68.8
sur,Suriname,1996,15402.53605,71.43,9.642287453415122,70.91
sur,Suriname,1997,16024.00537,71.5,9.681843212467914,71.43
sur,Suriname,1998,16135.60146,70.85,9.688783380518913,71.5
sur,Suriname,1999,15658.67233,70.23,9.658780184980058,70.85
sur,Suriname,2000,15730.67361,69.8,9.663367818403074,70.23
sur,Suriname,2001,16124.6014,69.58,9.6881014219786,69.8
sur,Suriname,2002,16306.29235,69.53,9.699306346045331,69.58
sur,Suriname,2003,17057.51916,69.76,9.744346391948511,69.53
sur,Suriname,2004,18291.02133,70.07,9.81416558072253,69.76
sur,Suriname,2005,18964.50522,70.64,9.85032436467115,70.07
sur,Suriname,2006,19898.56044,71.17,9.898402668397448,70.64
sur,Suriname,2007,20733.97283,71.56,9.939528833474172,71.17
sur,Suriname,2008,21400.36492,71.68,9.971163253201002,71.56
sur,Suriname,2009,21847.62245,72.06,9.991847382246263,71.68
sur,Suriname,2010,22772.47545,72.29,10.033307868563712,72.06
sur,Suriname,2011,23829.53329,72.79,10.07868098492408,72.29
sur,Suriname,2012,24193.84124,73.13,10.093853385540754,72.79
sur,Suriname,2013,24624.02199,72.95,10.11147774910945,73.13
sur,Suriname,2014,24414.35548,72.68,10.102926577621817,72.95
sur,Suriname,2015,23327.52525,72.45,10.057389283521053,72.68
sur,Suriname,2016,21950.41221,72.44,9.996541197825845,72.45
sur,Suriname,2017,22070.51376,72.5,10.001997777638651,72.44
sur,Suriname,2018,22938.53537,72.58,10.040573542524797,72.5
sur,Suriname,2019,22966.7406,72.71,10.041802387486658,72.58
sur,Suriname,2020,19091.36172,73.03,9.856991245763036,72.71
sur,Suriname,2021,18458.235,70.73,9.823265891351367,73.03
sur,Suriname,2022,18742.58738,70.74,9.838553613497869,70.73
svk,Slovak Republic,1960,10109.18723,70.37,9.221199916102337,
svk,Slovak Republic,1961,10426.33431,70.76,9.252090029843712,70.37
svk,Slovak Republic,1962,10516.17049,70.57,9.26066939815654,70.76
svk,Slovak Republic,1963,10258.73978,70.71,9.23588528272069,70.57
svk,Slovak Republic,1964,10667.59573,70.99,9.274965989008296,70.71
svk,Slovak Republic,1965,10993.41929,70.52,9.305052126396113,70.99
svk,Slovak Republic,1966,11410.74092,70.61,9.342310376768904,70.52
svk,Slovak Republic,1967,11858.69931,71.08,9.380816996217082,70.61
svk,Slovak Republic,1968,12375.73368,70.59,9.423492872952197,71.08
svk,Slovak Republic,1969,12638.05605,70.12,9.444467862360755,70.59
svk,Slovak Republic,1970,12861.18037,69.94,9.46196877973815,70.12
svk,Slovak Republic,1971,13240.91119,70.12,9.491066648119922,69.94
svk,Slovak Republic,1972,13634.49989,70.47,9.520358616205847,70.12
svk,Slovak Republic,1973,13992.62165,70.24,9.546285444670906,70.47
svk,Slovak Republic,1974,14385.06971,70.43,9.573946121994066,70.24
svk,Slovak Republic,1975,14686.51707,70.57,9.594685145753461,70.43
svk,Slovak Republic,1976,14797.76893,70.7,9.602231700415615,70.57
svk,Slovak Republic,1977,15342.83528,70.64,9.638403887047128,70.7
svk,Slovak Republic,1978,15412.48974,70.58,9.642933481778947,70.64
svk,Slovak Republic,1979,15430.22306,70.86,9.644083401506766,70.58
svk,Slovak Republic,1980,15760.39805,70.71,9.665255620072614,70.86
svk,Slovak Republic,1981,15601.48522,70.75,9.655121395116042,70.71
svk,Slovak Republic,1982,15838.93601,71.03,9.67022649202648,70.75
svk,Slovak Republic,1983,16012.43208,70.7,9.68112070450981,71.03
svk,Slovak Republic,1984,16321.07216,70.9,9.700212322438636,70.7
svk,Slovak Republic,1985,16383.36645,70.97,9.704021858268334,70.9
svk,Slovak Republic,1986,16989.67063,71.22,9.740360828368589,70.97
svk,Slovak Republic,1987,17324.73786,71.21,9.759890693207703,71.22
svk,Slovak Republic,1988,17597.79745,71.43,9.775529028308604,71.21
svk,Slovak Republic,1989,17716.86702,71.27,9.782272403786864,71.43
svk,Slovak Republic,1990,17230.39989,71.07,9.754430538190551,71.27
svk,Slovak Republic,1991,14710.54454,71.28,9.596319831265182,71.07
svk,Slovak Republic,1992,13734.09589,71.66,9.527636771098873,71.28
svk,Slovak Republic,1993,14118.05007,72.18,9.555209404485465,71.66
svk,Slovak Republic,1994,14930.33051,72.66,9.611150027595643,72.18
svk,Slovak Republic,1995,15816.45258,72.68,9.668805979767294,72.66
svk,Slovak Republic,1996,16761.11482,73.18,9.72681688853038,72.68
svk,Slovak Republic,1997,17657.04006,72.95,9.778889853088806,73.18
svk,Slovak Republic,1998,18304.25162,72.95,9.814888640807068,72.95
svk,Slovak Republic,1999,18197.95751,73.26,9.809064642041946,72.95
svk,Slovak Republic,2000,18368.86038,73.67,9.81841213926792,73.26
svk,Slovak Republic,2001,18941.46331,73.91,9.849108624051317,73.67
svk,Slovak Republic,2002,19778.75141,74.09,9.892363479321821,73.91
svk,Slovak Republic,2003,20755.65526,74.2,9.940574031176446,74.09
svk,Slovak Republic,2004,21867.34973,74.57,9.992749923428624,74.2
svk,Slovak Republic,2005,23279.38612,74.47,10.055323532081887,74.57
svk,Slovak Republic,2006,25341.72937,74.72,10.140207698192054,74.47
svk,Slovak Republic,2007,28069.62684,74.69,10.242443375359477,74.72
svk,Slovak Republic,2008,29548.18415,75.04,10.293777570861508,74.69
svk,Slovak Republic,2009,27881.80086,75.31,10.23572945604522,75.04
svk,Slovak Republic,2010,29745.86139,75.82,10.300445288355496,75.31
svk,Slovak Republic,2011,30468.76602,76.01,10.324457372964735,75.82
svk,Slovak Republic,2012,30894.25128,76.35,10.338325402859297,76.01
svk,Slovak Republic,2013,31078.12394,76.69,10.344259440368845,76.35
svk,Slovak Republic,2014,31888.74288,76.92,10.3700083387191,76.69
svk,Slovak Republic,2015,33507.72572,76.8,10.41953130973226,76.92
svk,Slovak Republic,2016,34116.38337,77.3,10.437532998625247,76.8
svk,Slovak Republic,2017,35042.71724,77.4,10.464323088847383,77.3
svk,Slovak Republic,2018,36415.72072,77.5,10.502755848300179,77.4
svk,Slovak Republic,2019,37194.13759,77.57,10.5239064361757,77.5
svk,Slovak Republic,2020,36201.41546,76.89,10.496853498154406,77.57
svk,Slovak Republic,2021,38346.09358,74.8,10.554407939286353,76.89
svk,Slovak Republic,2022,38623.67106,75.22,10.561620607394547,74.8
svn,Slovenia,1960,9700.73158,65.31,9.179956582266039,
svn,Slovenia,1961,10513.51842,66.25,9.260417176640054,65.31
svn,Slovenia,1962,10882.7258,65.93,9.294932022119996,66.25
svn,Slovenia,1963,12035.24868,66.93,9.395595013069752,65.93
svn,Slovenia,1964,13065.80489,67.04,9.477753782639578,66.93
svn,Slovenia,1965,13027.22573,67.89,9.474796733404965,67.04
svn,Slovenia,1966,13634.34617,68.73,9.520347341801374,67.89
svn,Slovenia,1967,13963.4069,68.53,9.544195393819608,68.73
svn,Slovenia,1968,14732.63215,68.55,9.597820186636204,68.53
svn,Slovenia,1969,16041.01322,68.07,9.682904047754647,68.55
svn,Slovenia,1970,17453.42611,68.6,9.767291247040605,68.07
svn,Slovenia,1971,18630.40607,69.0,9.832550259922773,68.6
svn,Slovenia,1972,19478.63927,68.86,9.87707372208731,69.0
svn,Slovenia,1973,20598.50416,69.71,9.932973738548945,68.86
svn,Slovenia,1974,22445.76235,70.06,10.018857115887611,69.71
svn,Slovenia,1975,23534.9863,70.15,10.066243371723324,70.06
svn,Slovenia,1976,23902.94004,70.5,10.081756744579915,70.15
svn,Slovenia,1977,25471.32787,70.6,10.145308701282776,70.5
svn,Slovenia,1978,27433.88819,70.45,10.219534323430427,70.6
svn,Slovenia,1979,29308.6007,70.65,10.285636291180088,70.45
svn,Slovenia,1980,29032.23728,71.34,10.276162121909934,70.65
svn,Slovenia,1981,28747.2392,71.48,10.266297013788442,71.34
svn,Slovenia,1982,28225.42157,71.23,10.247978324955923,71.48
svn,Slovenia,1983,28129.26238,71.11,10.244565679312874,71.23
svn,Slovenia,1984,28422.47654,71.53,10.254935538600511,71.11
svn,Slovenia,1985,28459.89553,72.09,10.25625120087112,71.53
svn,Slovenia,1986,29112.06616,72.51,10.278908011891776,72.09
svn,Slovenia,1987,28758.28245,72.92,10.266681089954309,72.51
svn,Slovenia,1988,27718.05231,73.32,10.229839187848267,72.92
svn,Slovenia,1989,27397.32619,73.71,10.218200703307934,73.32
svn,Slovenia,1990,25005.80474,73.97,10.126863266498505,73.71
svn,Slovenia,1991,22755.03187,74.2,10.032541581021064,73.97
svn,Slovenia,1992,21535.99399,74.5,9.977480953376809,74.2
svn,Slovenia,1993,22195.87156,74.73,10.007661584800829,74.5
svn,Slovenia,1994,23402.72575,74.91,10.060607779604672,74.73
svn,Slovenia,1995,24521.80937,75.13,10.107318178926377,74.91
svn,Slovenia,1996,25273.73099,75.26,10.13752083451742,75.13
svn,Slovenia,1997,26606.59927,75.35,10.18891455685699,75.26
svn,Slovenia,1998,27488.19212,75.48,10.221511813991222,75.35
svn,Slovenia,1999,28914.52268,75.79,10.272099262761097,75.48
svn,Slovenia,2000,29866.49515,76.26,10.304492567532886,75.79
svn,Slovenia,2001,30671.05794,76.27,10.331074750807481,76.26
svn,Slovenia,2002,31664.56603,76.83,10.36295354381951,76.27
svn,Slovenia,2003,32653.76114,77.02,10.393715323782159,76.83
svn,Slovenia,2004,34125.64025,77.44,10.43780429421602,77.02
svn,Slovenia,2005,35403.55285,78.12,10.474567457080187,77.44
svn,Slovenia,2006,37396.28215,78.33,10.529326570707335,78.12
svn,Slovenia,2007,39879.39188,78.58,10.593614975213272,78.33
svn,Slovenia,2008,41191.95491,79.06,10.625998247095353,78.58
svn,Slovenia,2009,37763.60268,79.44,10.539101025665824,79.06
svn,Slovenia,2010,38065.73615,79.69,10.54706984284137,79.44
svn,Slovenia,2011,38235.72284,80.03,10.551525510491203,79.69
svn,Slovenia,2012,37043.06469,80.15,10.51983642534815,80.03
svn,Slovenia,2013,36688.0835,80.5,10.510207281043634,80.15
svn,Slovenia,2014,37664.65194,81.29,10.536477319277234,80.5
svn,Slovenia,2015,38537.09519,81.03,10.559376567825256,81.29
svn,Slovenia,2016,39677.41715,81.29,10.588537467294346,81.03
svn,Slovenia,2017,41703.30395,81.31,10.638335636063118,81.29
svn,Slovenia,2018,43371.98096,81.36,10.677568911599078,81.31
svn,Slovenia,2019,44580.77777,81.41,10.705058053400501,81.36
svn,Slovenia,2020,42474.22471,80.25,10.656652693518927,81.41
svn,Slovenia,2021,45914.05724,80.49,10.734526607113313,80.25
svn,Slovenia,2022,47064.15179,81.93,10.759266881721821,80.49
swe,Sweden,1960,16476.87483,73.41,9.7097131513787,
swe,Sweden,1961,17224.61775,73.64,9.75409490405362,73.41
swe,Sweden,1962,17750.10758,73.71,9.784146855730265,73.64
swe,Sweden,1963,18479.35864,73.87,9.824409638965715,73.71
swe,Sweden,1964,19483.44043,74.02,9.8773201750519,73.87
swe,Sweden,1965,19917.34058,74.19,9.89934601720592,74.02
swe,Sweden,1966,20017.67552,74.34,9.904370938236061,74.19
swe,Sweden,1967,20458.08008,74.36,9.926133197370422,74.34
swe,Sweden,1968,20896.41524,74.37,9.947332903624506,74.36
swe,Sweden,1969,21704.47388,74.53,9.985273687863776,74.37
swe,Sweden,1970,22727.59725,74.83,10.031335202944069,74.53
swe,Sweden,1971,22670.76204,74.89,10.028831357405082,74.83
swe,Sweden,1972,22978.83716,74.96,10.042328947859572,74.89
swe,Sweden,1973,23696.04768,75.11,10.073063548659505,74.96
swe,Sweden,1974,24242.8376,75.19,10.095876496038217,75.11
swe,Sweden,1975,24632.99359,75.26,10.111842026156834,75.19
swe,Sweden,1976,24666.52885,75.38,10.113202496340426,75.26
swe,Sweden,1977,24049.38644,75.58,10.087864763358162,75.38
swe,Sweden,1978,24253.58835,75.75,10.096319858614551,75.58
swe,Sweden,1979,24977.25736,75.82,10.12572098421708,75.75
swe,Sweden,1980,25201.31844,76.07,10.13465159117854,75.82
swe,Sweden,1981,27088.96324,76.36,10.2068816633981,76.07
swe,Sweden,1982,28303.78284,76.62,10.25075074395634,76.36
swe,Sweden,1983,29442.78319,76.89,10.29020410607821,76.62
swe,Sweden,1984,31259.21147,77.08,10.350069378769279,76.89
swe,Sweden,1985,32471.18748,77.09,10.388108436032725,77.08
swe,Sweden,1986,33655.16988,77.28,10.423921960121868,77.09
swe,Sweden,1987,35148.86124,77.35,10.467347499558961,77.28
swe,Sweden,1988,36638.15889,77.44,10.508845568890191,77.35
swe,Sweden,1989,38312.31464,77.8,10.553526654559196,77.44
swe,Sweden,1990,39408.10064,77.95,10.581726674153241,77.8
swe,Sweden,1991,38752.02141,78.07,10.564938198840279,77.95
swe,Sweden,1992,38139.38547,78.35,10.549002766544268,78.07
swe,Sweden,1993,37196.02583,78.54,10.523957202027356,78.35
swe,Sweden,1994,38474.55145,78.84,10.5577523004195,78.54
swe,Sweden,1995,39885.39437,79.12,10.593765479973419,78.84
swe,Sweden,1996,40549.68247,79.31,10.610283228933369,79.12
swe,Sweden,1997,41797.06937,79.52,10.640581505289422,79.31
swe,Sweden,1998,43600.95594,79.64,10.682834354326129,79.52
swe,Sweden,1999,45484.2467,79.79,10.725121318615226,79.64
swe,Sweden,2000,47554.61213,80.0,10.769634058643081,79.79
swe,Sweden,2001,48121.13764,80.15,10.781476811538164,80.0
swe,Sweden,2002,49124.55863,80.31,10.802114364500158,80.15
swe,Sweden,2003,49935.32894,80.52,10.81848402601911,80.31
swe,Sweden,2004,51863.66652,80.67,10.856373756940592,80.52
swe,Sweden,2005,53149.96078,80.98,10.88087264585825,80.67
swe,Sweden,2006,55344.698,81.13,10.921336143124016,80.98
swe,Sweden,2007,56739.80248,81.31,10.946231227214732,81.13
swe,Sweden,2008,55800.78651,81.52,10.929543243431358,81.31
swe,Sweden,2009,52966.61982,81.67,10.877417179400673,81.52
swe,Sweden,2010,55527.93981,81.86,10.924641593061189,81.67
swe,Sweden,2011,56853.83716,81.99,10.948238993119032,81.86
swe,Sweden,2012,56200.90226,82.11,10.93668809020131,81.99
swe,Sweden,2013,56360.70842,82.26,10.939527535486494,82.11
swe,Sweden,2014,57085.38536,82.46,10.95230341472266,82.26
swe,Sweden,2015,58975.97789,82.55,10.984885485571215,82.46
swe,Sweden,2016,59608.08746,82.62,10.995546539485204,82.55
swe,Sweden,2017,59883.66776,82.68,11.000159088494755,82.62
swe,Sweden,2018,60318.46072,82.73,11.007393483788594,82.68
swe,Sweden,2019,61232.48485,82.83,11.022433125879497,82.73
swe,Sweden,2020,59572.47476,82.21,10.994948913489882,82.83
swe,Sweden,2021,62731.70062,82.76,11.046622190877946,82.21
swe,Sweden,2022,63215.4363,83.28,11.054303795565097,82.76
swz,Eswatini,1960,942.88607,45.64,6.848945458791603,
swz,Eswatini,1961,1031.46413,46.05,6.938734557306559,45.64
swz,Eswatini,1962,1212.06373,46.64,7.100079747755099,46.05
swz,Eswatini,1963,1241.3799,47.18,7.1239788624516605,46.64
swz,Eswatini,1964,1382.41731,47.83,7.2315889196727845,47.18
swz,Eswatini,1965,1548.95573,48.54,7.345336260279603,47.83
swz,Eswatini,1966,1565.47947,49.19,7.355947426659391,48.54
swz,Eswatini,1967,1661.92628,49.83,7.4157326182342755,49.19
swz,Eswatini,1968,1535.50285,50.33,7.336613195952095,49.83
swz,Eswatini,1969,1551.7185,50.8,7.347118305426049,50.33
swz,Eswatini,1970,1948.5084,51.47,7.57481943577794,50.8
swz,Eswatini,1971,1956.2991,52.04,7.578809753015022,51.47
swz,Eswatini,1972,2132.76285,52.65,7.665173530855638,52.04
swz,Eswatini,1973,2134.09851,53.18,7.665799592933092,52.65
swz,Eswatini,1974,2457.57081,53.73,7.80692866544141,53.18
swz,Eswatini,1975,3162.25653,54.46,8.059041143510893,53.73
swz,Eswatini,1976,3454.59451,55.16,8.147460366072487,54.46
swz,Eswatini,1977,3366.47949,55.77,8.121622815585965,55.16
swz,Eswatini,1978,3287.27862,56.3,8.097815334294632,55.77
swz,Eswatini,1979,3229.41284,56.82,8.080055616410386,56.3
swz,Eswatini,1980,3172.28212,57.26,8.062206519531147,56.82
swz,Eswatini,1981,3439.23115,57.71,8.14300322247997,57.26
swz,Eswatini,1982,3487.15983,58.22,8.15684288158736,57.71
swz,Eswatini,1983,3418.75437,57.6,8.137031544414446,58.22
swz,Eswatini,1984,3450.01467,59.04,8.146133762190278,57.6
swz,Eswatini,1985,3456.4845,59.62,8.148007311070332,59.04
swz,Eswatini,1986,3999.82044,60.04,8.29400474909444,59.62
swz,Eswatini,1987,4312.91937,60.52,8.369370301828997,60.04
swz,Eswatini,1988,4571.20651,60.98,8.427532455609201,60.52
swz,Eswatini,1989,4962.75319,61.41,8.509715944348848,60.98
swz,Eswatini,1990,5423.1134,61.75,8.598425357557337,61.41
swz,Eswatini,1991,5327.67841,61.9,8.580670851915094,61.75
swz,Eswatini,1992,5324.0992,61.93,8.57999881194848,61.9
swz,Eswatini,1993,5358.82348,61.78,8.586499729971196,61.93
swz,Eswatini,1994,5505.99328,60.87,8.613592465215065,61.78
swz,Eswatini,1995,5789.40503,59.32,8.663784807083255,60.87
swz,Eswatini,1996,5906.38369,57.19,8.683789026329793,59.32
swz,Eswatini,1997,5996.38602,55.39,8.698912236736602,57.19
swz,Eswatini,1998,6078.06367,52.98,8.712441448907228,55.39
swz,Eswatini,1999,6191.65481,50.7,8.730957665976582,52.98
swz,Eswatini,2000,6238.11593,48.32,8.738433481477266,50.7
swz,Eswatini,2001,6253.49065,46.32,8.740895090825134,48.32
swz,Eswatini,2002,6466.889,45.02,8.774450437235581,46.32
swz,Eswatini,2003,6675.4961,43.89,8.806198802604078,45.02
swz,Eswatini,2004,6869.88342,43.14,8.834902415640098,43.89
swz,Eswatini,2005,7234.23245,43.29,8.886579544978925,43.14
swz,Eswatini,2006,7620.11392,44.13,8.938546598700173,43.29
swz,Eswatini,2007,7904.88179,44.85,8.975235795705071,44.13
swz,Eswatini,2008,7916.44946,45.53,8.976698083786708,44.85
swz,Eswatini,2009,7975.60776,46.35,8.984143132899822,45.53
swz,Eswatini,2010,8210.69699,47.98,9.013193094092772,46.35
swz,Eswatini,2011,8348.7743,49.78,9.029870016650971,47.98
swz,Eswatini,2012,8752.11471,50.88,9.077050631294334,49.78
swz,Eswatini,2013,9040.76475,52.13,9.1094990460471,50.88
swz,Eswatini,2014,9119.66363,53.53,9.118188199712757,52.13
swz,Eswatini,2015,9253.29094,54.88,9.132734544530033,53.53
swz,Eswatini,2016,9629.55566,56.06,9.172592362502295,54.88
swz,Eswatini,2017,9696.5516,57.03,9.179525596129897,56.06
swz,Eswatini,2018,9632.16197,57.8,9.172862983229477,57.03
swz,Eswatini,2019,10123.31602,58.26,9.222596559129853,57.8
swz,Eswatini,2020,9727.5139,57.43,9.182713633796263,58.26
swz,Eswatini,2021,9946.04055,54.91,9.20492981628226,57.43
swz,Eswatini,2022,9955.70905,54.23,9.205901439476698,54.91
syc,Seychelles,1960,4068.42173,63.64,8.311010421903237,
syc,Seychelles,1961,3836.39433,63.38,8.252288227904627,63.64
syc,Seychelles,1962,4071.10878,63.52,8.31167066885343,63.38
syc,Seychelles,1963,4460.33238,63.67,8.402978566900963,63.52
syc,Seychelles,1964,4496.36736,63.81,8.411025096420648,63.67
syc,Seychelles,1965,4018.30642,63.89,8.298615804288897,63.81
syc,Seychelles,1966,3936.46195,64.1,8.278037616630899,63.89
syc,Seychelles,1967,4220.48605,64.31,8.347705578122731,64.1
syc,Seychelles,1968,4626.64606,64.7,8.439587491492277,64.31
syc,Seychelles,1969,4367.74751,65.11,8.382002711266818,64.7
syc,Seychelles,1970,4708.03679,65.73,8.457026282708174,65.11
syc,Seychelles,1971,5311.32948,66.44,8.577597455779282,65.73
syc,Seychelles,1972,5514.85023,67.24,8.615199774473881,66.44
syc,Seychelles,1973,5899.28311,67.78,8.682586115731603,67.24
syc,Seychelles,1974,5852.40321,68.33,8.674607660996783,67.78
syc,Seychelles,1975,5899.35688,68.91,8.682598620562679,68.33
syc,Seychelles,1976,6713.99715,69.43,8.811949753053742,68.91
syc,Seychelles,1977,7136.213,69.84,8.872937522469092,69.43
syc,Seychelles,1978,7623.91557,70.29,8.939045371033474,69.84
syc,Seychelles,1979,8615.73339,70.76,9.061345274764147,70.29
syc,Seychelles,1980,8215.84313,71.06,9.0138196581934,70.76
syc,Seychelles,1981,8120.24933,71.14,9.002116138349338,71.06
syc,Seychelles,1982,8208.49439,70.72,9.01292479829644,71.14
syc,Seychelles,1983,8307.48909,71.36,9.024912686956746,70.72
syc,Seychelles,1984,8930.52015,71.49,9.097229919654628,71.36
syc,Seychelles,1985,9984.72651,71.25,9.208811855389673,71.49
syc,Seychelles,1986,10162.46755,71.12,9.226456560739036,71.25
syc,Seychelles,1987,10514.37445,70.95,9.260498595164085,71.12
syc,Seychelles,1988,11308.01028,70.92,9.333266627903976,70.95
syc,Seychelles,1989,12759.77642,70.53,9.454053034801696,70.92
syc,Seychelles,1990,14040.58349,70.56,9.549707235833056,70.53
syc,Seychelles,1991,14406.59066,70.75,9.575441065580609,70.56
syc,Seychelles,1992,15508.32625,70.8,9.649132336098551,70.75
syc,Seychelles,1993,16460.57599,70.7,9.708723466935941,70.8
syc,Seychelles,1994,15902.28553,70.62,9.674218121903298,70.7
syc,Seychelles,1995,15853.72563,70.95,9.671159807204711,70.62
syc,Seychelles,1996,17068.93699,71.06,9.745015540270026,70.95
syc,Seychelles,1997,19180.16344,71.19,9.861631869777556,71.06
syc,Seychelles,1998,19714.58941,71.58,9.889114219820447,71.19
syc,Seychelles,1999,19815.68624,71.83,9.89422913737408,71.58
syc,Seychelles,2000,20423.05769,72.2,9.92441982046957,71.83
syc,Seychelles,2001,19994.93405,72.32,9.903234222950898,72.2
syc,Seychelles,2002,19742.58721,72.11,9.890533368735666,72.32
syc,Seychelles,2003,18790.13164,71.9,9.841087098237148,72.11
syc,Seychelles,2004,18355.37732,72.05,9.81767785251616,71.9
syc,Seychelles,2005,19941.61082,72.24,9.90056382360308,72.05
syc,Seychelles,2006,21404.71221,72.4,9.971366373499173,72.24
syc,Seychelles,2007,23201.50044,72.53,10.05197222970105,72.4
syc,Seychelles,2008,22069.98573,72.76,10.001973852671506,72.53
syc,Seychelles,2009,21409.57396,72.94,9.971593482273175,72.76
syc,Seychelles,2010,21708.75545,73.21,9.985470935112136,72.94
syc,Seychelles,2011,24406.41298,73.42,10.102601203797496,73.21
syc,Seychelles,2012,24919.95521,73.4,10.12342417554825,73.42
syc,Seychelles,2013,24770.65146,73.49,10.1174148225009,73.4
syc,Seychelles,2014,25379.41807,73.5,10.14169381232151,73.49
syc,Seychelles,2015,27032.20839,73.41,10.204784337375953,73.5
syc,Seychelles,2016,29905.13474,73.31,10.305785475069577,73.41
syc,Seychelles,2017,31595.66806,73.42,10.360775303468902,73.31
syc,Seychelles,2018,32841.42425,73.51,10.399445931992567,73.42
syc,Seychelles,2019,34346.07089,73.56,10.444242906537484,73.51
syc,Seychelles,2020,30056.19943,72.93,10.3108242225126,73.56
syc,Seychelles,2021,29979.82727,70.71,10.30828001013232,72.93
syc,Seychelles,2022,27978.17706,71.15,10.239180094560206,70.71
syr,Syria,1960,4611.05412,61.04,8.436211769288118,
syr,Syria,1961,4662.71414,61.72,8.44735299104754,61.04
syr,Syria,1962,5668.59604,62.62,8.642696754067941,61.72
syr,Syria,1963,5229.74154,62.82,8.562117137099772,62.62
syr,Syria,1964,5312.49186,63.29,8.577816280996204,62.82
syr,Syria,1965,5059.72125,64.22,8.529066671831254,63.29
syr,Syria,1966,4447.25763,64.14,8.400042922270893,64.22
syr,Syria,1967,4559.60299,64.81,8.424990835121685,64.14
syr,Syria,1968,4512.69643,65.43,8.414650131887631,64.81
syr,Syria,1969,5121.77568,65.83,8.541256470408,65.43
syr,Syria,1970,4533.25188,66.49,8.419194815247554,65.83
syr,Syria,1971,4733.66123,67.24,8.462454226465576,66.49
syr,Syria,1972,5624.46034,67.85,8.634880282914573,67.24
syr,Syria,1973,4887.67665,67.92,8.494472346862977,67.85
syr,Syria,1974,5765.92329,69.65,8.659720574259694,67.92
syr,Syria,1975,6548.87348,69.81,8.787048326051442,69.65
syr,Syria,1976,6907.93339,69.85,8.840425796776536,69.81
syr,Syria,1977,6483.87139,70.25,8.777073047680442,69.85
syr,Syria,1978,6702.0048,70.77,8.810161984501118,70.25
syr,Syria,1979,6600.84333,70.35,8.794952697124424,70.77
syr,Syria,1980,7022.8313,70.23,8.856921734796895,70.35
syr,Syria,1981,7663.94751,70.01,8.944282470723277,70.23
syr,Syria,1982,7738.17267,66.1,8.953920849563056,70.01
syr,Syria,1983,7660.12456,69.43,8.943783523699032,66.1
syr,Syria,1984,7046.06494,70.08,8.860224575435492,69.43
syr,Syria,1985,7319.14607,69.41,8.898248943046562,70.08
syr,Syria,1986,6734.62792,69.36,8.815017841587109,69.41
syr,Syria,1987,6628.33483,69.23,8.799108894771996,69.36
syr,Syria,1988,7316.57126,69.12,8.897897090114656,69.23
syr,Syria,1989,6685.0687,68.93,8.807631766222206,69.12
syr,Syria,1990,7187.0244,68.79,8.880032512481463,68.93
syr,Syria,1991,7408.3325,68.81,8.91036065922805,68.79
syr,Syria,1992,7967.12494,68.64,8.983078971446432,68.81
syr,Syria,1993,8080.27404,69.3,8.997181066781597,68.64
syr,Syria,1994,8235.38155,69.54,9.016194974264582,69.3
syr,Syria,1995,8399.75219,69.75,9.03595748320576,69.54
syr,Syria,1996,8726.34408,70.1,9.074101784489923,69.75
syr,Syria,1997,8707.57749,70.37,9.071948901425365,70.1
syr,Syria,1998,8937.5665,70.43,9.098018627534023,70.37
syr,Syria,1999,8322.58625,70.93,9.026728332867993,70.43
syr,Syria,2000,8116.3478,71.62,9.001635553649988,70.93
syr,Syria,2001,7964.55343,72.44,8.982756154231245,71.62
syr,Syria,2002,8040.54924,72.78,8.992252673272592,72.44
syr,Syria,2003,8286.14301,73.77,9.022339881720848,72.78
syr,Syria,2004,8601.33902,74.09,9.059673170121613,73.77
syr,Syria,2005,8868.48394,74.42,9.09025914074024,74.09
syr,Syria,2006,8904.42055,74.48,9.094303123421316,74.42
syr,Syria,2007,8838.83743,74.64,9.08691063453973,74.48
syr,Syria,2008,8901.19344,74.44,9.093940641112406,74.64
syr,Syria,2009,9276.9505,74.7,9.135288161862384,74.44
syr,Syria,2010,9546.56049,74.71,9.163936210487082,74.7
syr,Syria,2011,9648.82427,72.8,9.174591349604565,74.71
syr,Syria,2012,7144.37245,65.75,8.874080255855825,72.8
syr,Syria,2013,5530.97473,66.38,8.618119341190171,65.75
syr,Syria,2014,5301.62535,63.58,8.575768722337958,66.38
syr,Syria,2015,5302.07414,65.47,8.575853370153693,63.58
syr,Syria,2016,5022.11272,64.33,8.52160598470658,65.47
syr,Syria,2017,4977.7921,68.28,8.51274171829486,64.33
syr,Syria,2018,4956.09296,73.17,8.508372999635268,68.28
syr,Syria,2019,4825.40602,73.88,8.481650159455537,73.17
syr,Syria,2020,4633.34952,74.21,8.441035323969752,73.88
syr,Syria,2021,4592.8386,74.13,8.432253543277263,74.21
syr,Syria,2022,4454.85373,74.37,8.401749506593736,74.13
tcd,Chad,1960,1344.56397,47.41,7.203825053602733,
tcd,Chad,1961,1344.72039,47.65,7.203941381948298,47.41
tcd,Chad,1962,1417.55204,47.93,7.256686747450065,47.65
tcd,Chad,1963,1355.48587,48.15,7.211915244686675,47.93
tcd,Chad,1964,1312.0175,48.31,7.179321307829713,48.15
tcd,Chad,1965,1307.88203,48.47,7.1761643368181804,48.31
tcd,Chad,1966,1262.07756,47.79,7.140514499215862,48.47
tcd,Chad,1967,1248.27409,47.92,7.129517148213121,47.79
tcd,Chad,1968,1226.02935,48.02,7.111536055850717,47.92
tcd,Chad,1969,1273.48254,48.14,7.149510584078175,48.02
tcd,Chad,1970,1304.2384,48.36,7.173374547862567,48.14
tcd,Chad,1971,1304.09025,48.22,7.173260950214387,48.36
tcd,Chad,1972,1192.29481,48.99,7.083635140871303,48.22
tcd,Chad,1973,1113.66499,49.85,7.015411648150249,48.99
tcd,Chad,1974,1241.41823,50.05,7.124009738904755,49.85
tcd,Chad,1975,1429.56861,50.42,7.265128006413333,50.05
tcd,Chad,1976,1383.58889,50.07,7.232436047253382,50.42
tcd,Chad,1977,1257.54969,50.32,7.136920416103737,50.07
tcd,Chad,1978,1230.4425,50.63,7.1151291397673155,50.32
tcd,Chad,1979,950.89404,50.7,6.857402636779411,50.63
tcd,Chad,1980,885.14001,50.77,6.785745835884923,50.7
tcd,Chad,1981,825.27097,50.77,6.715711780892134,50.77
tcd,Chad,1982,876.57785,50.7,6.776025519584243,50.77
tcd,Chad,1983,1009.11298,51.01,6.916826986334937,50.7
tcd,Chad,1984,1071.31182,51.4,6.976639176531645,51.01
tcd,Chad,1985,1162.13547,52.36,7.058014514093295,51.4
tcd,Chad,1986,1220.69011,52.33,7.107171641734192,52.36
tcd,Chad,1987,1254.27051,50.96,7.134309415632497,52.33
tcd,Chad,1988,1348.54028,53.27,7.206778012359855,50.96
tcd,Chad,1989,1379.32557,53.67,7.229349941298678,53.27
tcd,Chad,1990,1431.31281,53.54,7.266347351055801,53.67
tcd,Chad,1991,1498.77998,53.63,7.312406709477774,53.54
tcd,Chad,1992,1549.63137,53.51,7.345772355821799,53.63
tcd,Chad,1993,1342.01899,53.71,7.201930467953119,53.51
tcd,Chad,1994,1446.38425,53.52,7.276822100474643,53.71
tcd,Chad,1995,1416.0583,53.46,7.255632445722493,53.52
tcd,Chad,1996,1398.61685,53.14,7.2432390629592405,53.46
tcd,Chad,1997,1442.06525,52.78,7.273831566474419,53.14
tcd,Chad,1998,1504.61852,52.54,7.316294669969682,52.78
tcd,Chad,1999,1456.23322,52.52,7.283608394500842,52.54
tcd,Chad,2000,1407.47073,52.25,7.249549564060488,52.52
tcd,Chad,2001,1531.79032,52.52,7.334192474092685,52.25
tcd,Chad,2002,1617.6377,52.63,7.388722154127166,52.52
tcd,Chad,2003,1795.65899,52.81,7.4931273588965475,52.63
tcd,Chad,2004,2311.35318,53.17,7.745588424214352,52.81
tcd,Chad,2005,2607.45074,53.73,7.866128295037801,53.17
tcd,Chad,2006,2520.23726,53.86,7.832108326867212,53.73
tcd,Chad,2007,2573.03387,54.79,7.852840975817335,53.86
tcd,Chad,2008,2573.74658,55.23,7.853117929540728,54.79
tcd,Chad,2009,2465.52669,55.97,7.810160730995974,55.23
tcd,Chad,2010,2717.50763,56.5,7.907470426719113,55.97
tcd,Chad,2011,2742.69965,56.85,7.916697988041177,56.5
tcd,Chad,2012,2887.74825,57.31,7.968232325160468,56.85
tcd,Chad,2013,2864.7152,57.76,7.96022421757591,57.31
tcd,Chad,2014,2821.27515,58.26,7.94494424258027,57.76
tcd,Chad,2015,2823.36071,58.75,7.94568319550713,58.26
tcd,Chad,2016,2623.1207,59.25,7.872119994820369,58.75
tcd,Chad,2017,2496.49275,59.53,7.822642125870755,59.25
tcd,Chad,2018,2552.60616,59.91,7.844870139771409,59.53
tcd,Chad,2019,2604.91637,60.38,7.865155850025301,59.91
tcd,Chad,2020,2513.01578,59.84,7.829238816871271,60.38
tcd,Chad,2021,2435.07275,59.55,7.7977319118671025,59.84
tcd,Chad,2022,2655.71004,60.09,7.8844673329499155,59.55
tgo,Togo,1960,1290.51659,46.95,7.162797874558409,
tgo,Togo,1961,1353.34301,47.25,7.210333114148411,46.95
tgo,Togo,1962,1364.77091,47.54,7.218741862031946,47.25
tgo,Togo,1963,1397.40611,47.86,7.242373018514688,47.54
tgo,Togo,1964,1548.36619,48.28,7.344955583022058,47.86
tgo,Togo,1965,1713.02169,48.58,7.446014160240455,48.28
tgo,Togo,1966,1818.18704,49.28,7.505595151733633,48.58
tgo,Togo,1967,1862.13647,49.85,7.529479747310242,49.28
tgo,Togo,1968,1896.38231,50.37,7.5477033027836535,49.85
tgo,Togo,1969,2036.85298,50.94,7.619161238855268,50.37
tgo,Togo,1970,1943.21157,51.42,7.572097331766573,50.94
tgo,Togo,1971,2012.82144,51.91,7.60729271827769,51.42
tgo,Togo,1972,2017.19855,52.4,7.609464971384148,51.91
tgo,Togo,1973,1874.64222,52.81,7.536173104196822,52.4
tgo,Togo,1974,1897.39607,53.3,7.548237735701229,52.81
tgo,Togo,1975,1830.67951,53.7,7.512442493854283,53.3
tgo,Togo,1976,1770.14224,54.06,7.478815183920977,53.7
tgo,Togo,1977,1815.60902,54.44,7.504176238624607,54.06
tgo,Togo,1978,1941.46902,54.87,7.571200192309928,54.44
tgo,Togo,1979,1995.78695,55.35,7.598793712697499,54.87
tgo,Togo,1980,1843.32441,55.77,7.519325964968561,55.35
tgo,Togo,1981,1786.62147,56.11,7.488081668434981,55.77
tgo,Togo,1982,1718.39891,56.4,7.4491482700033576,56.11
tgo,Togo,1983,1611.31738,56.64,7.384807371842955,56.4
tgo,Togo,1984,1686.71633,56.86,7.430538917843948,56.64
tgo,Togo,1985,1727.32683,57.11,7.454330307491243,56.86
tgo,Togo,1986,1752.27065,57.32,7.468667740159046,57.11
tgo,Togo,1987,1684.95771,57.35,7.429495744548655,57.32
tgo,Togo,1988,1844.14289,57.61,7.519769890268423,57.35
tgo,Togo,1989,1915.93891,57.75,7.557963073888884,57.61
tgo,Togo,1990,2025.5292,57.98,7.613586278732365,57.75
tgo,Togo,1991,1969.18078,58.03,7.585372887527659,57.98
tgo,Togo,1992,1850.60052,58.1,7.52326547080484,58.03
tgo,Togo,1993,1583.24731,57.93,7.367233276358305,58.1
tgo,Togo,1994,1818.40833,57.72,7.505716853478127,57.93
tgo,Togo,1995,1879.34317,57.55,7.538677617117827,57.72
tgo,Togo,1996,1973.5034,57.22,7.587565617928882,57.55
tgo,Togo,1997,2156.38406,56.73,7.676188051600647,57.22
tgo,Togo,1998,2061.03874,56.57,7.630965377414434,56.73
tgo,Togo,1999,2066.41709,56.54,7.6335715121694205,56.57
tgo,Togo,2000,2005.61984,56.38,7.603708439096711,56.54
tgo,Togo,2001,1975.28003,56.29,7.588465454626119,56.38
tgo,Togo,2002,1998.77466,56.29,7.600289601783125,56.29
tgo,Togo,2003,2088.43982,56.39,7.64417256858312,56.29
tgo,Togo,2004,2033.905,56.73,7.617712869519713,56.39
tgo,Togo,2005,1908.64738,56.91,7.554150092153707,56.73
tgo,Togo,2006,1914.8838,57.53,7.557412220922536,56.91
tgo,Togo,2007,1847.634,57.75,7.5216611806387,57.53
tgo,Togo,2008,1872.596,58.11,7.535080982435008,57.75
tgo,Togo,2009,1924.85687,58.73,7.562606890710792,58.11
tgo,Togo,2010,1988.95211,59.5,7.595363201138264,58.73
tgo,Togo,2011,2048.81549,60.23,7.625017095379968,59.5
tgo,Togo,2012,2121.42903,60.81,7.659845211337125,60.23
tgo,Togo,2013,2188.07011,61.33,7.690775205990116,60.81
tgo,Togo,2014,2253.48526,61.82,7.72023330117299,61.33
tgo,Togo,2015,2317.54781,62.38,7.748264927216427,61.82
tgo,Togo,2016,2355.26827,63.04,7.764409915036999,62.38
tgo,Togo,2017,2389.21245,63.76,7.778719071793845,63.04
tgo,Togo,2018,2442.64694,64.45,7.800837541779884,63.76
tgo,Togo,2019,2501.03087,65.03,7.824458273864219,64.45
tgo,Togo,2020,2490.05294,65.17,7.820059250276917,65.03
tgo,Togo,2021,2577.20196,65.8,7.854459577779486,65.17
tgo,Togo,2022,2662.25917,65.76,7.8869303533444395,65.8
tha,Thailand,1960,1832.0135,60.87,7.513170914202558,
tha,Thailand,1961,1848.634,61.79,7.5222022669584145,60.87
tha,Thailand,1962,1911.27324,61.88,7.5555249167507705,61.79
tha,Thailand,1963,1983.96745,61.91,7.592853881460234,61.88
tha,Thailand,1964,2031.84578,62.37,7.616699910148859,61.91
tha,Thailand,1965,2103.53888,62.85,7.651376386339672,62.37
tha,Thailand,1966,2252.90989,63.05,7.719977944070927,62.85
tha,Thailand,1967,2339.81197,63.14,7.757825850422281,63.05
tha,Thailand,1968,2430.55768,63.4,7.795876007946356,63.14
tha,Thailand,1969,2526.96999,63.54,7.834776231575691,63.4
tha,Thailand,1970,2891.48292,64.15,7.969524770612125,63.54
tha,Thailand,1971,2925.06315,64.37,7.981071349176491,64.15
tha,Thailand,1972,2939.62837,64.21,7.986038447581067,64.37
tha,Thailand,1973,3123.54389,64.37,8.046723498379643,64.21
tha,Thailand,1974,3155.36846,64.76,8.056860554210235,64.37
tha,Thailand,1975,3206.25143,65.49,8.072857754922879,64.76
tha,Thailand,1976,3396.2557,66.63,8.130428839060828,65.49
tha,Thailand,1977,3621.99312,66.49,8.194779738938518,66.63
tha,Thailand,1978,3877.20775,66.78,8.262870521481615,66.49
tha,Thailand,1979,3966.12135,66.41,8.28554390619107,66.78
tha,Thailand,1980,4034.72381,66.5,8.30269312978637,66.41
tha,Thailand,1981,4385.41584,66.91,8.386039732693101,66.5
tha,Thailand,1982,4671.22573,67.32,8.449176785174743,66.91
tha,Thailand,1983,4932.35805,67.94,8.503572458972778,67.32
tha,Thailand,1984,5215.78047,69.27,8.559444014914023,67.94
tha,Thailand,1985,5449.57923,70.03,8.603293679172204,69.27
tha,Thailand,1986,5705.43732,70.71,8.649174914923583,70.03
tha,Thailand,1987,6222.4309,70.84,8.735915929318697,70.71
tha,Thailand,1988,7077.26714,71.16,8.86464311499654,70.84
tha,Thailand,1989,8009.01589,71.12,8.988323172339694,71.16
tha,Thailand,1990,9018.79314,71.29,9.107065805878724,71.12
tha,Thailand,1991,9602.79825,71.24,9.16980981935761,71.29
tha,Thailand,1992,10216.05013,71.29,9.231715304708949,71.24
tha,Thailand,1993,10870.03201,71.2,9.293764924913127,71.29
tha,Thailand,1994,11535.61289,70.94,9.353194302269598,71.2
tha,Thailand,1995,12262.03659,70.72,9.414263312333839,70.94
tha,Thailand,1996,12744.62859,70.6,9.452865174761424,70.72
tha,Thailand,1997,12200.63242,71.67,9.40924306708274,70.6
tha,Thailand,1998,11098.15816,71.77,9.314534442000735,71.67
tha,Thailand,1999,11438.18745,71.38,9.344712812695581,71.77
tha,Thailand,2000,11791.25763,71.81,9.375113657053857,71.38
tha,Thailand,2001,12050.57636,72.83,9.396867768480343,71.81
tha,Thailand,2002,12644.97588,73.08,9.445015251628936,72.83
tha,Thailand,2003,13405.24847,73.59,9.503401586119313,73.08
tha,Thailand,2004,14099.036,73.73,9.55386170523468,73.59
tha,Thailand,2005,14542.32913,74.75,9.58481892601673,73.73
tha,Thailand,2006,15118.03226,75.42,9.623643499729988,74.75
tha,Thailand,2007,15792.72969,76.03,9.667304966912775,75.42
tha,Thailand,2008,15923.78276,76.48,9.675569041726222,76.03
tha,Thailand,2009,15680.89203,76.86,9.66019818195461,76.48
tha,Thailand,2010,16730.36979,77.0,9.724980897143647,76.86
tha,Thailand,2011,16766.34771,77.36,9.727129043978339,77.0
tha,Thailand,2012,17869.63766,77.73,9.790858331506941,77.36
tha,Thailand,2013,18242.42567,78.03,9.811505241080289,77.73
tha,Thailand,2014,18324.61447,78.13,9.816000488061508,78.03
tha,Thailand,2015,18811.99751,78.19,9.842250110702608,78.13
tha,Thailand,2016,19370.60878,78.05,9.8715121849211,78.19
tha,Thailand,2017,20094.67788,78.22,9.908210276896648,78.05
tha,Thailand,2018,20879.90278,78.29,9.946542385855468,78.22
tha,Thailand,2019,21277.83927,78.42,9.965421400236332,78.29
tha,Thailand,2020,19957.25714,78.72,9.901348122587088,78.42
tha,Thailand,2021,20242.77,78.16,9.91555297174475,78.72
tha,Thailand,2022,20762.79526,79.12,9.94091797465126,78.16
tjk,Tajikistan,1960,5137.08343,52.55,8.544240771332074,
tjk,Tajikistan,1961,5295.64277,53.4,8.57463964254724,52.55
tjk,Tajikistan,1962,5310.77359,54.3,8.57749278912394,53.4
tjk,Tajikistan,1963,5073.01753,55.05,8.531691093109705,54.3
tjk,Tajikistan,1964,5606.94963,55.93,8.631762112669731,55.05
tjk,Tajikistan,1965,5807.37266,56.77,8.666883537585399,55.93
tjk,Tajikistan,1966,5973.31627,57.6,8.695057541271911,56.77
tjk,Tajikistan,1967,6122.51766,58.41,8.719728673264793,57.6
tjk,Tajikistan,1968,6366.56797,59.2,8.758815823152212,58.41
tjk,Tajikistan,1969,6344.51016,60.13,8.755345176222715,59.2
tjk,Tajikistan,1970,6714.40537,60.38,8.812010552541919,60.13
tjk,Tajikistan,1971,6769.71577,61.06,8.820214381273132,60.38
tjk,Tajikistan,1972,6683.55231,61.24,8.807404908118388,61.06
tjk,Tajikistan,1973,7117.56267,61.65,8.870320624171384,61.24
tjk,Tajikistan,1974,6946.36334,62.06,8.845973541178669,61.65
tjk,Tajikistan,1975,6779.28187,62.57,8.821626456445584,62.06
tjk,Tajikistan,1976,6616.21923,63.19,8.797279372490685,62.57
tjk,Tajikistan,1977,6457.07874,63.9,8.772932287069692,63.19
tjk,Tajikistan,1978,6301.76608,64.46,8.748585203253198,63.9
tjk,Tajikistan,1979,6150.18917,64.9,8.724238119677098,64.46
tjk,Tajikistan,1980,6002.25814,65.33,8.699891034072452,64.9
tjk,Tajikistan,1981,5836.77485,65.62,8.671933671562801,65.33
tjk,Tajikistan,1982,5673.09278,65.89,8.643489711855267,65.62
tjk,Tajikistan,1983,5688.61272,65.87,8.646221687200518,65.89
tjk,Tajikistan,1984,5574.2851,66.08,8.625919354921885,65.87
tjk,Tajikistan,1985,5433.79281,66.7,8.600392660808888,66.08
tjk,Tajikistan,1986,5355.22038,67.17,8.585827136096668,66.7
tjk,Tajikistan,1987,5043.2552,66.98,8.525807025595077,67.17
tjk,Tajikistan,1988,5484.77703,66.9,8.609731721017063,66.98
tjk,Tajikistan,1989,4904.59636,66.91,8.497928077074084,66.9
tjk,Tajikistan,1990,4718.37169,66.94,8.459219038127786,66.91
tjk,Tajikistan,1991,4223.92988,66.74,8.348521224869522,66.94
tjk,Tajikistan,1992,2888.08921,63.41,7.968350389424831,66.74
tjk,Tajikistan,1993,2405.09922,58.81,7.785346437406123,63.41
tjk,Tajikistan,1994,1850.80464,64.15,7.523375764053692,58.81
tjk,Tajikistan,1995,1580.2714,64.56,7.365351883421765,64.15
tjk,Tajikistan,1996,1318.30327,64.12,7.184100787228116,64.56
tjk,Tajikistan,1997,1311.44541,65.59,7.178885174346074,64.12
tjk,Tajikistan,1998,1356.60974,65.68,7.212744028200196,65.59
tjk,Tajikistan,1999,1386.3515,66.31,7.234430755100509,65.68
tjk,Tajikistan,2000,1470.93456,66.59,7.293653232868161,66.31
tjk,Tajikistan,2001,1568.5068,66.78,7.357879362973582,66.59
tjk,Tajikistan,2002,1690.09226,67.04,7.432538398143022,66.78
tjk,Tajikistan,2003,1824.99523,67.35,7.509332652314546,67.04
tjk,Tajikistan,2004,1959.233,67.52,7.580308349105742,67.35
tjk,Tajikistan,2005,2036.19774,67.47,7.618839494761862,67.52
tjk,Tajikistan,2006,2122.02333,67.59,7.660125313458448,67.47
tjk,Tajikistan,2007,2227.48611,67.69,7.7086289236352865,67.59
tjk,Tajikistan,2008,2340.1787,67.88,7.757982572957264,67.69
tjk,Tajikistan,2009,2365.79447,68.04,7.7688691726332095,67.88
tjk,Tajikistan,2010,2449.27359,68.0,7.803546765698222,68.04
tjk,Tajikistan,2011,2572.48075,68.14,7.85262598468701,68.0
tjk,Tajikistan,2012,2700.09546,68.32,7.901042406922983,68.14
tjk,Tajikistan,2013,2828.38542,68.61,7.947461304858929,68.32
tjk,Tajikistan,2014,2943.08868,68.59,7.987214880297336,68.61
tjk,Tajikistan,2015,3041.4448,68.6,8.020087944656398,68.59
tjk,Tajikistan,2016,3169.96678,68.56,8.061476387321148,68.6
tjk,Tajikistan,2017,3312.71202,68.75,8.105522474283914,68.56
tjk,Tajikistan,2018,3479.69236,69.24,8.154699166561956,68.75
tjk,Tajikistan,2019,3649.88375,69.56,8.202450596754268,69.24
tjk,Tajikistan,2020,3724.74896,66.74,8.222754735254039,69.56
tjk,Tajikistan,2021,3985.91248,70.28,8.290521543682713,66.74
tjk,Tajikistan,2022,4213.75618,69.98,8.346109733174309,70.28
tkm,Turkmenistan,1960,6621.40768,55.14,8.798063266809654,
tkm,Turkmenistan,1961,6889.15205,55.86,8.837703286767828,55.14
tkm,Turkmenistan,1962,6973.66463,56.51,8.849896137464446,55.86
tkm,Turkmenistan,1963,6724.37107,57.0,8.81349367890707,56.51
tkm,Turkmenistan,1964,7502.91024,57.64,8.923046256259456,57.0
tkm,Turkmenistan,1965,7846.55663,58.15,8.967830068683345,57.64
tkm,Turkmenistan,1966,8148.28293,58.66,9.005562500602453,58.15
tkm,Turkmenistan,1967,8432.14123,59.15,9.039806019929301,58.66
tkm,Turkmenistan,1968,8851.76893,59.65,9.088372597124856,59.15
tkm,Turkmenistan,1969,8904.99133,60.21,9.094367222112957,59.65
tkm,Turkmenistan,1970,9517.00864,60.42,9.160835859921043,60.21
tkm,Turkmenistan,1971,9689.11562,60.75,9.178758433433838,60.42
tkm,Turkmenistan,1972,9661.21481,60.95,9.175874676028627,60.75
tkm,Turkmenistan,1973,10388.78733,61.24,9.24848236217085,60.95
tkm,Turkmenistan,1974,10202.7636,61.49,9.2304139037509,61.24
tkm,Turkmenistan,1975,10020.07084,61.63,9.212345444474144,61.49
tkm,Turkmenistan,1976,9840.64941,61.93,9.194276984819815,61.63
tkm,Turkmenistan,1977,9664.44074,62.2,9.17620852550883,61.93
tkm,Turkmenistan,1978,9491.3873,62.38,9.158140066378298,62.2
tkm,Turkmenistan,1979,9321.43259,62.92,9.140071607240644,62.38
tkm,Turkmenistan,1980,9154.52112,63.57,9.122003147712098,62.92
tkm,Turkmenistan,1981,9026.26925,63.89,9.107894410431722,63.57
tkm,Turkmenistan,1982,8906.05686,64.42,9.094486870321182,63.89
tkm,Turkmenistan,1983,8854.86674,64.55,9.088722500978907,64.42
tkm,Turkmenistan,1984,8558.30474,64.69,9.054657405129884,64.55
tkm,Turkmenistan,1985,8387.64066,64.97,9.034514551333059,64.69
tkm,Turkmenistan,1986,8414.88957,65.36,9.037757983544147,64.97
tkm,Turkmenistan,1987,8404.16488,65.62,9.036482681001376,65.36
tkm,Turkmenistan,1988,8959.41859,65.64,9.100460614354633,65.62
tkm,Turkmenistan,1989,8031.03605,65.63,8.991068821034071,65.64
tkm,Turkmenistan,1990,7872.12414,65.96,8.97108320842482,65.63
tkm,Turkmenistan,1991,7350.4949,65.49,8.902522923273429,65.96
tkm,Turkmenistan,1992,6128.43206,65.58,8.72069421480968,65.49
tkm,Turkmenistan,1993,6100.73634,64.44,8.716164754351768,65.58
tkm,Turkmenistan,1994,4953.51787,64.27,8.507853283956795,64.44
tkm,Turkmenistan,1995,4524.30481,64.57,8.417219211182074,64.27
tkm,Turkmenistan,1996,4629.25254,64.21,8.440150695602767,64.57
tkm,Turkmenistan,1997,4049.63117,64.32,8.306381086817737,64.21
tkm,Turkmenistan,1998,4276.45571,64.73,8.360879840367183,64.32
tkm,Turkmenistan,1999,4907.40143,65.49,8.498499840365607,64.73
tkm,Turkmenistan,2000,5175.88159,66.35,8.551764959180266,65.49
tkm,Turkmenistan,2001,5397.7409,66.7,8.593735793166964,66.35
tkm,Turkmenistan,2002,5385.14927,66.56,8.591400308797766,66.7
tkm,Turkmenistan,2003,5500.60305,66.5,8.612613010664484,66.56
tkm,Turkmenistan,2004,5673.20976,66.17,8.643510331788429,66.5
tkm,Turkmenistan,2005,6242.06214,65.8,8.739065877923755,66.17
tkm,Turkmenistan,2006,6740.57784,66.15,8.81590093316918,65.8
tkm,Turkmenistan,2007,7280.47327,66.6,8.892951148693083,66.15
tkm,Turkmenistan,2008,8113.97502,67.3,9.001343165132125,66.6
tkm,Turkmenistan,2009,8354.67656,68.77,9.030576728131745,67.3
tkm,Turkmenistan,2010,8842.33284,69.47,9.087306016744884,68.77
tkm,Turkmenistan,2011,9929.68935,69.62,9.203284472561949,69.47
tkm,Turkmenistan,2012,10794.23352,69.85,9.286767337185816,69.62
tkm,Turkmenistan,2013,11633.2906,69.83,9.361626146163227,69.85
tkm,Turkmenistan,2014,12544.39835,69.87,9.437029498304083,69.83
tkm,Turkmenistan,2015,13057.83033,69.99,9.477143258095,69.87
tkm,Turkmenistan,2016,13552.84771,70.25,9.514351967326308,69.99
tkm,Turkmenistan,2017,14107.66712,70.52,9.55447369595424,70.25
tkm,Turkmenistan,2018,14648.13535,70.6,9.592068326480963,70.52
tkm,Turkmenistan,2019,15231.30562,70.81,9.631108169069762,70.6
tkm,Turkmenistan,2020,15791.17759,70.49,9.66720668268293,70.81
tkm,Turkmenistan,2021,16434.13991,71.08,9.707116151902625,70.49
tkm,Turkmenistan,2022,17119.57449,71.23,9.74797779483078,71.08
tls,Timor-Leste,1960,837.55209,45.69,6.730483458779993,
tls,Timor-Leste,1961,870.02869,46.07,6.768526188116394,45.69
tls,Timor-Leste,1962,904.32235,46.45,6.807185878690382,46.07
tls,Timor-Leste,1963,935.82616,46.77,6.841429732732564,46.45
tls,Timor-Leste,1964,969.12599,47.13,6.87639462407865,46.77
tls,Timor-Leste,1965,1000.80319,47.83,6.908558146597661,47.13
tls,Timor-Leste,1966,1033.12219,48.44,6.940340748668383,47.83
tls,Timor-Leste,1967,1063.84419,49.11,6.969644221208578,48.44
tls,Timor-Leste,1968,1096.30577,49.58,6.999701415824538,49.11
tls,Timor-Leste,1969,1126.08514,50.05,7.026502418629765,49.58
tls,Timor-Leste,1970,1155.40815,50.48,7.052208937156457,50.05
tls,Timor-Leste,1971,1186.44073,51.0,7.078713120982918,50.48
tls,Timor-Leste,1972,1215.92395,51.5,7.103259519451914,51.0
tls,Timor-Leste,1973,1246.01655,52.12,7.1277069817631995,51.5
tls,Timor-Leste,1974,1303.16723,52.75,7.172552911176709,52.12
tls,Timor-Leste,1975,1361.58471,47.22,7.216404528320101,52.75
tls,Timor-Leste,1976,1421.23475,49.33,7.259281315015974,47.22
tls,Timor-Leste,1977,1483.12081,49.66,7.30190380207015,49.33
tls,Timor-Leste,1978,1548.21856,49.26,7.3448602328139865,49.66
tls,Timor-Leste,1979,1613.38412,48.79,7.386089189885946,49.26
tls,Timor-Leste,1980,1679.6227,51.99,7.426324463841358,48.79
tls,Timor-Leste,1981,1748.92121,53.9,7.466754425404684,51.99
tls,Timor-Leste,1982,1821.2074,54.88,7.507254966707369,53.9
tls,Timor-Leste,1983,1894.4191,55.57,7.546667526986833,54.88
tls,Timor-Leste,1984,1968.5268,56.89,7.585040724718346,55.57
tls,Timor-Leste,1985,2044.48343,57.77,7.622900435100785,56.89
tls,Timor-Leste,1986,2125.16619,58.52,7.661605285359328,57.77
tls,Timor-Leste,1987,2205.62409,59.43,7.698765781847982,58.52
tls,Timor-Leste,1988,2286.8119,59.86,7.734913943154482,59.43
tls,Timor-Leste,1989,2373.48041,60.16,7.772112684323437,59.86
tls,Timor-Leste,1990,2458.86265,60.93,7.8074541846171455,60.16
tls,Timor-Leste,1991,2635.44309,60.95,7.876806602436618,60.93
tls,Timor-Leste,1992,2808.49154,61.55,7.940402799683813,60.95
tls,Timor-Leste,1993,2987.60676,61.74,8.00222793116612,61.55
tls,Timor-Leste,1994,3113.01559,62.4,8.043347178459907,61.74
tls,Timor-Leste,1995,3237.68106,62.61,8.082612630312726,62.4
tls,Timor-Leste,1996,3414.84431,64.17,8.135887180921708,62.61
tls,Timor-Leste,1997,3455.67548,63.42,8.14777322505206,64.17
tls,Timor-Leste,1998,3291.57804,63.81,8.099122376181779,63.42
tls,Timor-Leste,1999,2334.66109,58.52,7.755622016099714,63.81
tls,Timor-Leste,2000,3862.79702,65.46,8.259146816631349,58.52
tls,Timor-Leste,2001,4116.4868,65.82,8.322755360125784,65.46
tls,Timor-Leste,2002,3562.75861,66.12,8.178290414222916,65.82
tls,Timor-Leste,2003,3340.92603,66.49,8.11400330203384,66.12
tls,Timor-Leste,2004,3437.77695,67.11,8.142580306002186,66.49
tls,Timor-Leste,2005,3501.73256,67.7,8.161013142139794,67.11
tls,Timor-Leste,2006,3289.19065,68.39,8.098396810456192,67.7
tls,Timor-Leste,2007,3450.57971,69.0,8.146297527793688,68.39
tls,Timor-Leste,2008,3669.87492,69.54,8.207912858723951,69.0
tls,Timor-Leste,2009,3858.85057,69.81,8.258124638320924,69.54
tls,Timor-Leste,2010,4049.18501,70.0,8.306270907751925,69.81
tls,Timor-Leste,2011,4191.80292,70.17,8.340886211536937,70.0
tls,Timor-Leste,2012,4299.96964,70.32,8.366363241191612,70.17
tls,Timor-Leste,2013,4342.35347,70.37,8.37617175431048,70.32
tls,Timor-Leste,2014,4447.48458,70.3,8.400093952417622,70.37
tls,Timor-Leste,2015,4469.93611,70.31,8.405129394440591,70.3
tls,Timor-Leste,2016,4517.58127,70.36,8.415732012343303,70.31
tls,Timor-Leste,2017,4292.07814,70.45,8.364526309549447,70.36
tls,Timor-Leste,2018,4210.4905,70.51,8.3453344282034,70.45
tls,Timor-Leste,2019,5096.45171,70.6,8.536299833433587,70.51
tls,Timor-Leste,2020,6598.0346,70.82,8.794527095788114,70.6
tls,Timor-Leste,2021,6824.79234,70.06,8.828317193216643,70.82
tls,Timor-Leste,2022,5347.00759,71.42,8.584292354435288,70.06
ton,Tonga,1960,1613.93835,64.58,7.3864326510743465,
ton,Tonga,1961,1611.97188,64.84,7.385213478745688,64.58
ton,Tonga,1962,1609.81637,65.2,7.3838753955730185,64.84
ton,Tonga,1963,1607.47668,65.4,7.382420949008102,65.2
ton,Tonga,1964,1604.95759,65.55,7.380852611538992,65.4
ton,Tonga,1965,1603.24858,65.71,7.37978721232766,65.55
ton,Tonga,1966,1601.34561,65.91,7.378599561030271,65.71
ton,Tonga,1967,1599.25363,66.03,7.377292318141646,65.91
ton,Tonga,1968,1596.97748,66.16,7.375868046675386,66.03
ton,Tonga,1969,1594.52195,66.36,7.37432925242623,66.16
ton,Tonga,1970,1593.74489,66.54,7.373841802627086,66.36
ton,Tonga,1971,1590.92208,66.71,7.372069051651334,66.54
ton,Tonga,1972,1588.83822,66.88,7.370758348892808,66.71
ton,Tonga,1973,1586.57153,66.94,7.369330696675645,66.88
ton,Tonga,1974,1633.54798,67.24,7.39850960312277,66.94
ton,Tonga,1975,1666.07651,67.43,7.418226746042045,67.24
ton,Tonga,1976,1655.37509,67.6,7.411782902615473,67.43
ton,Tonga,1977,1696.59025,67.73,7.436375780569429,67.6
ton,Tonga,1978,1684.45072,67.94,7.429194807446871,67.73
ton,Tonga,1979,1675.67786,68.12,7.423973054930542,67.94
ton,Tonga,1980,1908.04169,68.37,7.553832701874343,68.12
ton,Tonga,1981,2260.76998,68.6,7.723460733356611,68.37
ton,Tonga,1982,2633.07102,68.68,7.875906132167105,68.6
ton,Tonga,1983,2816.32354,69.26,7.943187604144093,68.68
ton,Tonga,1984,3598.88729,69.6,8.188379990556133,69.26
ton,Tonga,1985,3890.48712,69.91,8.266289652423051,69.6
ton,Tonga,1986,4190.69447,70.2,8.34062174381213,69.91
ton,Tonga,1987,4321.82852,70.46,8.371433860203824,70.2
ton,Tonga,1988,4254.09545,70.66,8.35563743321415,70.46
ton,Tonga,1989,4368.73848,70.83,8.382229569068773,70.66
ton,Tonga,1990,4568.57998,70.95,8.426957709125752,70.83
ton,Tonga,1991,4848.17204,71.14,8.48635701391819,70.95
ton,Tonga,1992,4849.30247,71.37,8.486590152969795,71.14
ton,Tonga,1993,5021.11768,71.34,8.52140783332229,71.37
ton,Tonga,1994,5260.25649,71.34,8.567935066900326,71.34
ton,Tonga,1995,5549.07378,71.56,8.621386306326894,71.34
ton,Tonga,1996,5544.87382,71.58,8.620629143889847,71.56
ton,Tonga,1997,5492.45465,71.41,8.611130547510978,71.58
ton,Tonga,1998,5582.68227,70.97,8.62742463342761,71.41
ton,Tonga,1999,5686.14809,70.6,8.64578833654291,70.97
ton,Tonga,2000,5856.22403,70.73,8.675260311398457,70.6
ton,Tonga,2001,5919.77403,70.98,8.686053556541427,70.73
ton,Tonga,2002,6133.559,71.03,8.721530447730364,70.98
ton,Tonga,2003,6108.34797,71.06,8.717411634263954,71.03
ton,Tonga,2004,5954.06195,71.37,8.691828946291496,71.06
ton,Tonga,2005,5881.36707,72.02,8.679544508767881,71.37
ton,Tonga,2006,5715.82213,72.14,8.650993420650959,72.02
ton,Tonga,2007,5534.16673,72.13,8.618696288190819,72.14
ton,Tonga,2008,5774.08679,72.12,8.661135391284143,72.13
ton,Tonga,2009,5466.85025,69.96,8.60645790689738,72.12
ton,Tonga,2010,5488.7504,72.21,8.610455894752263,69.96
ton,Tonga,2011,5847.44389,72.3,8.673759902858642,72.21
ton,Tonga,2012,5907.26712,72.38,8.683938587209127,72.3
ton,Tonga,2013,5951.69432,72.45,8.691431217667203,72.38
ton,Tonga,2014,6096.86923,72.49,8.71553067742456,72.45
ton,Tonga,2015,6194.63932,72.59,8.731439571222241,72.49
ton,Tonga,2016,6639.13653,72.67,8.800737193351809,72.59
ton,Tonga,2017,6862.66866,72.77,8.833851662564955,72.67
ton,Tonga,2018,6896.04176,72.87,8.838702868009648,72.77
ton,Tonga,2019,6875.02538,72.98,8.835650614164322,72.87
ton,Tonga,2020,6995.31729,73.03,8.852996245613399,72.98
ton,Tonga,2021,7034.92497,73.09,8.858642304246413,73.03
ton,Tonga,2022,6901.73837,73.39,8.839528596535542,73.09
tto,Trinidad and Tobago,1960,10308.16816,64.32,9.24069188518207,
tto,Trinidad and Tobago,1961,10685.39726,64.3,9.276633346285328,64.32
tto,Trinidad and Tobago,1962,10703.07694,64.75,9.278286543597236,64.3
tto,Trinidad and Tobago,1963,10812.79577,65.05,9.288485505316876,64.75
tto,Trinidad and Tobago,1964,10997.48846,64.87,9.305422203892931,65.05
tto,Trinidad and Tobago,1965,11102.96486,65.13,9.314967456138874,64.87
tto,Trinidad and Tobago,1966,11373.85871,65.79,9.339072905598627,65.13
tto,Trinidad and Tobago,1967,11385.99059,65.59,9.340138983057146,65.79
tto,Trinidad and Tobago,1968,11801.52589,65.5,9.375984114805453,65.59
tto,Trinidad and Tobago,1969,11989.73029,65.3,9.391805753189738,65.5
tto,Trinidad and Tobago,1970,12371.05914,65.35,9.423115083386527,65.3
tto,Trinidad and Tobago,1971,12247.07027,65.46,9.413042025736516,65.35
tto,Trinidad and Tobago,1972,12632.42242,65.52,9.44402199584501,65.46
tto,Trinidad and Tobago,1973,12541.79603,65.32,9.436822028014257,65.52
tto,Trinidad and Tobago,1974,12802.84051,66.58,9.457422340132002,65.32
tto,Trinidad and Tobago,1975,12695.72312,66.78,9.449020453524833,66.58
tto,Trinidad and Tobago,1976,13348.42969,66.23,9.499154030692662,66.78
tto,Trinidad and Tobago,1977,13994.44857,66.47,9.546415999244017,66.23
tto,Trinidad and Tobago,1978,15093.36442,67.78,9.622010483835808,66.47
tto,Trinidad and Tobago,1979,15280.37023,67.84,9.634324292139018,67.78
tto,Trinidad and Tobago,1980,16249.25787,67.64,9.695802517176537,67.84
tto,Trinidad and Tobago,1981,17418.95979,68.27,9.765314535075923,67.64
tto,Trinidad and Tobago,1982,17533.23219,67.71,9.771853341409875,68.27
tto,Trinidad and Tobago,1983,15862.41937,68.46,9.6717080289522,67.71
tto,Trinidad and Tobago,1984,15585.35365,68.19,9.654086883634713,68.46
tto,Trinidad and Tobago,1985,14886.63383,68.31,9.608219030946625,68.19
tto,Trinidad and Tobago,1986,14275.4461,69.02,9.566296284473754,68.31
tto,Trinidad and Tobago,1987,13580.486,68.94,9.516389188395731,69.02
tto,Trinidad and Tobago,1988,13138.33044,69.04,9.483289224605146,68.94
tto,Trinidad and Tobago,1989,13185.0364,69.07,9.486837859496507,69.04
tto,Trinidad and Tobago,1990,13558.05932,69.6,9.514736433257928,69.07
tto,Trinidad and Tobago,1991,13680.46335,69.86,9.52372406121698,69.6
tto,Trinidad and Tobago,1992,14557.02048,69.73,9.585828663446957,69.86
tto,Trinidad and Tobago,1993,14223.14634,69.38,9.56262594048587,69.73
tto,Trinidad and Tobago,1994,14378.02832,69.21,9.57345650921777,69.38
tto,Trinidad and Tobago,1995,14879.31868,69.82,9.607727519704389,69.21
tto,Trinidad and Tobago,1996,15773.70492,69.52,9.666099587050365,69.82
tto,Trinidad and Tobago,1997,16797.22897,70.23,9.728969209524974,69.52
tto,Trinidad and Tobago,1998,17998.2316,69.89,9.798028787607556,70.23
tto,Trinidad and Tobago,1999,19272.5336,69.78,9.866436231748683,69.89
tto,Trinidad and Tobago,2000,20419.6703,70.47,9.924253945652952,69.78
tto,Trinidad and Tobago,2001,21076.82994,70.59,9.955929608993797,70.47
tto,Trinidad and Tobago,2002,22538.64603,71.18,10.022986716135565,70.59
tto,Trinidad and Tobago,2003,25556.20509,71.11,10.148635426811335,71.18
tto,Trinidad and Tobago,2004,27339.7768,71.59,10.216097946382144,71.11
tto,Trinidad and Tobago,2005,29968.21168,71.93,10.30789248819336,71.59
tto,Trinidad and Tobago,2006,33727.52144,72.53,10.426069442995818,71.93
tto,Trinidad and Tobago,2007,35087.40934,72.76,10.46559763684065,72.53
tto,Trinidad and Tobago,2008,36032.79313,72.4,10.49218472307993,72.76
tto,Trinidad and Tobago,2009,34327.2438,73.23,10.443694597764079,72.4
tto,Trinidad and Tobago,2010,35190.21666,73.73,10.468523387159422,73.23
tto,Trinidad and Tobago,2011,34814.37173,74.45,10.457785561256614,73.73
tto,Trinidad and Tobago,2012,36950.80796,75.09,10.517342792443102,74.45
tto,Trinidad and Tobago,2013,38033.89842,74.94,10.546233104740395,75.09
tto,Trinidad and Tobago,2014,39299.08591,74.9,10.57895653829932,74.94
tto,Trinidad and Tobago,2015,38951.92457,74.92,10.57008346137473,74.9
tto,Trinidad and Tobago,2016,35955.50195,74.78,10.490037395945336,74.92
tto,Trinidad and Tobago,2017,34153.88426,74.8,10.438631599672924,74.78
tto,Trinidad and Tobago,2018,33753.5953,74.84,10.426842218034443,74.8
tto,Trinidad and Tobago,2019,33793.70547,74.88,10.428029835430168,74.84
tto,Trinidad and Tobago,2020,30723.40355,75.06,10.332779973767787,74.88
tto,Trinidad and Tobago,2021,30424.66489,73.61,10.323008903497618,75.06
tto,Trinidad and Tobago,2022,30793.39983,75.36,10.335055654764252,73.61
tun,Tunisia,1960,2430.69771,49.35,7.795933618579333,
tun,Tunisia,1961,2535.59328,50.03,7.8381829241462055,49.35
tun,Tunisia,1962,2443.88673,50.71,7.801344973063624,50.03
tun,Tunisia,1963,2701.42356,51.44,7.901534157492349,50.71
tun,Tunisia,1964,2730.34335,52.11,7.912182649501488,51.44
tun,Tunisia,1965,2791.33995,52.93,7.93427702834046,52.11
tun,Tunisia,1966,2773.06367,53.6,7.927708006044576,52.93
tun,Tunisia,1967,2671.73206,54.3,7.890482252682359,53.6
tun,Tunisia,1968,2841.61231,54.82,7.952126884854909,54.3
tun,Tunisia,1969,2863.67899,55.28,7.959862437301393,54.82
tun,Tunisia,1970,3218.96212,56.52,8.07681426359987,55.28
tun,Tunisia,1971,3457.45528,57.47,8.148288129254254,56.52
tun,Tunisia,1972,3960.74997,58.69,8.284188672680829,57.47
tun,Tunisia,1973,3823.18907,59.65,8.248840188398175,58.69
tun,Tunisia,1974,4011.00738,60.85,8.296797705708524,59.65
tun,Tunisia,1975,4167.7415,61.99,8.335129561356323,60.85
tun,Tunisia,1976,4359.21663,63.17,8.380047648181781,61.99
tun,Tunisia,1977,4374.80156,64.32,8.383616440048737,63.17
tun,Tunisia,1978,4524.24672,65.27,8.417206371558006,64.32
tun,Tunisia,1979,4677.37181,65.73,8.450491652107283,65.27
tun,Tunisia,1980,4865.8411,66.25,8.489994867652035,65.73
tun,Tunisia,1981,5238.27057,67.04,8.563746678945485,66.25
tun,Tunisia,1982,5257.98137,67.81,8.567502462111241,67.04
tun,Tunisia,1983,5491.8354,68.63,8.61101779557201,67.81
tun,Tunisia,1984,5772.02279,69.4,8.660777868257416,68.63
tun,Tunisia,1985,6022.63269,70.18,8.703279766624897,69.4
tun,Tunisia,1986,5799.21574,70.55,8.665477970150455,70.18
tun,Tunisia,1987,6138.42861,71.18,8.722324061676261,70.55
tun,Tunisia,1988,6164.42172,71.68,8.726549610712286,71.18
tun,Tunisia,1989,6389.34594,72.1,8.762387185325252,71.68
tun,Tunisia,1990,6842.6121,72.25,8.830924823681622,72.1
tun,Tunisia,1991,6969.48209,72.28,8.849296195398363,72.25
tun,Tunisia,1992,7364.47061,72.48,8.90442244715512,72.28
tun,Tunisia,1993,7383.15699,72.65,8.906956602547034,72.48
tun,Tunisia,1994,7488.10644,73.04,8.921071232799989,72.65
tun,Tunisia,1995,7545.33755,73.02,8.928685108438467,73.04
tun,Tunisia,1996,7958.71616,73.34,8.982022979398213,73.02
tun,Tunisia,1997,8276.60838,73.54,9.021188547521751,73.34
tun,Tunisia,1998,8559.00667,73.77,9.054739419177952,73.54
tun,Tunisia,1999,8960.97765,74.05,9.10063461273983,73.77
tun,Tunisia,2000,9263.8496,74.28,9.133874964793252,74.05
tun,Tunisia,2001,9515.24818,74.5,9.160650862416894,74.28
tun,Tunisia,2002,9533.92966,74.71,9.162612257931807,74.5
tun,Tunisia,2003,9875.5455,74.86,9.197816828749952,74.71
tun,Tunisia,2004,10373.9473,75.14,9.24705287489073,74.86
tun,Tunisia,2005,10627.71843,75.36,9.27122081330331,75.14
tun,Tunisia,2006,11069.39488,75.55,9.311939361155305,75.36
tun,Tunisia,2007,11680.26312,75.73,9.36565578352574,75.55
tun,Tunisia,2008,12037.15196,75.9,9.395753142708122,75.73
tun,Tunisia,2009,12254.22964,76.02,9.413626433113272,75.9
tun,Tunisia,2010,12458.25735,76.15,9.430138923009624,76.02
tun,Tunisia,2011,12068.70037,76.23,9.398370633894936,76.15
tun,Tunisia,2012,12436.38215,76.55,9.428381500040699,76.23
tun,Tunisia,2013,12587.98124,76.69,9.440497767874957,76.55
tun,Tunisia,2014,12823.98881,76.85,9.45907282170635,76.69
tun,Tunisia,2015,12802.76104,77.0,9.45741613289646,76.85
tun,Tunisia,2016,12803.87361,77.17,9.457503029907013,77.0
tun,Tunisia,2017,12953.52321,77.32,9.469123092673643,77.17
tun,Tunisia,2018,13163.59059,77.48,9.48521000885033,77.32
tun,Tunisia,2019,13249.22409,77.71,9.491694270454426,77.48
tun,Tunisia,2020,11955.56592,77.0,9.388952216287723,77.71
tun,Tunisia,2021,12444.3264,75.44,9.429020087181737,77.0
tun,Tunisia,2022,12702.45358,75.94,9.44955044906247,75.44
tur,Turkey,1960,3936.93078,49.53,8.27815670887401,
tur,Turkey,1961,3900.30118,50.33,8.268809054777018,49.53
tur,Turkey,1962,4041.25374,51.0,8.304310254495448,50.33
tur,Turkey,1963,4325.06934,51.87,8.372183451607405,51.0
tur,Turkey,1964,4409.62747,52.64,8.391545490949866,51.87
tur,Turkey,1965,4428.98009,53.39,8.395924608541678,52.64
tur,Turkey,1966,4852.27045,54.12,8.487202008411602,53.39
tur,Turkey,1967,4955.70099,54.98,8.508293907999146,54.12
tur,Turkey,1968,5176.30167,55.7,8.551846116939876,54.98
tur,Turkey,1969,5335.17545,56.43,8.582077049793039,55.7
tur,Turkey,1970,5478.40851,57.13,8.60856991987941,56.43
tur,Turkey,1971,5758.48177,57.94,8.65842913734898,57.13
tur,Turkey,1972,6011.50402,58.7,8.70143024913303,57.94
tur,Turkey,1973,6095.32288,59.36,8.715277015081588,58.7
tur,Turkey,1974,6355.75758,60.11,8.75711638658941,59.36
tur,Turkey,1975,6698.79912,60.74,8.809683553493503,60.11
tur,Turkey,1976,7168.32049,61.39,8.877426664871768,60.74
tur,Turkey,1977,7272.39117,62.3,8.891840425664743,61.39
tur,Turkey,1978,7256.76697,63.04,8.889689687697388,62.3
tur,Turkey,1979,7039.52726,63.43,8.859296296329205,63.04
tur,Turkey,1980,6759.52046,64.06,8.818707228650977,63.43
tur,Turkey,1981,7241.99314,64.63,8.887651743072997,64.06
tur,Turkey,1982,7618.68677,65.23,8.938359293933452,64.63
tur,Turkey,1983,7946.47122,65.73,8.980483237410061,65.23
tur,Turkey,1984,8453.79847,66.1,9.042371142422912,65.73
tur,Turkey,1985,8829.72816,66.65,9.085879507167144,66.1
tur,Turkey,1986,9379.71984,67.17,9.146305173750381,66.65
tur,Turkey,1987,10254.01144,67.61,9.235424268005204,67.17
tur,Turkey,1988,10589.86327,68.05,9.267652527275086,67.61
tur,Turkey,1989,10749.23734,68.29,9.282590085922806,68.05
tur,Turkey,1990,11860.09284,68.75,9.380934500514332,68.29
tur,Turkey,1991,11797.10139,69.27,9.375609135362849,68.75
tur,Turkey,1992,12259.39262,69.63,9.414047666664281,69.27
tur,Turkey,1993,13031.74311,70.14,9.475143437840815,69.63
tur,Turkey,1994,12226.83232,70.37,9.41138818613832,70.14
tur,Turkey,1995,12995.43116,70.85,9.47235312544015,70.37
tur,Turkey,1996,13767.57629,71.53,9.530071562432342,70.85
tur,Turkey,1997,14624.52525,72.05,9.590455210034708,71.53
tur,Turkey,1998,14807.44668,72.68,9.602885487266704,72.05
tur,Turkey,1999,14102.52075,72.85,9.554108836983373,72.68
tur,Turkey,2000,14897.78792,74.73,9.60896801916705,72.85
tur,Turkey,2001,13831.56944,75.02,9.534708899059098,74.73
tur,Turkey,2002,14567.44418,75.22,9.586544467192486,75.02
tur,Turkey,2003,15222.1931,75.69,9.630509714333526,75.22
tur,Turkey,2004,16504.40556,76.26,9.711382627885909,75.69
tur,Turkey,2005,17775.43114,76.81,9.785572509792193,76.26
tur,Turkey,2006,18797.86982,76.97,9.841498834951459,76.81
tur,Turkey,2007,19682.39627,77.06,9.887479924880884,76.97
tur,Turkey,2008,19573.32978,77.03,9.88192319308076,77.06
tur,Turkey,2009,18347.09957,76.76,9.817226779409287,77.03
tur,Turkey,2010,19564.7889,76.72,9.881486744910863,76.76
tur,Turkey,2011,21439.06906,76.85,9.972970193533078,76.72
tur,Turkey,2012,22181.12078,77.04,10.006996790736812,76.85
tur,Turkey,2013,23756.27304,77.04,10.075601902587128,77.04
tur,Turkey,2014,24595.69906,77.09,10.110326871675692,77.04
tur,Turkey,2015,25746.43245,77.36,10.156051350862482,77.09
tur,Turkey,2016,26246.49471,77.5,10.175287724246054,77.36
tur,Turkey,2017,27851.982,77.81,10.23465940978907,77.5
tur,Turkey,2018,28305.46125,78.12,10.250810042045458,77.81
tur,Turkey,2019,28132.05357,78.4,10.244664901663263,78.12
tur,Turkey,2020,28378.55208,76.4,10.253388930385034,78.4
tur,Turkey,2021,31338.26652,76.58,10.35259520231898,76.4
tur,Turkey,2022,32748.3189,79.04,10.396606908448192,76.58
tuv,Tuvalu,1960,2052.11682,51.44,7.626627134494781,
tuv,Tuvalu,1961,2071.2825,51.9,7.635923259625516,51.44
tuv,Tuvalu,1962,2089.10301,52.33,7.644490071015799,51.9
tuv,Tuvalu,1963,2109.50773,52.76,7.654209895933124,52.33
tuv,Tuvalu,1964,2128.56738,53.16,7.663204440863005,52.76
tuv,Tuvalu,1965,2147.59177,53.56,7.672102386356308,53.16
tuv,Tuvalu,1966,2166.58097,53.97,7.680905614125713,53.56
tuv,Tuvalu,1967,2185.53501,54.35,7.689615933392633,53.97
tuv,Tuvalu,1968,2204.45394,54.73,7.6982351109530445,54.35
tuv,Tuvalu,1969,2225.94125,55.12,7.7079351388546735,54.73
tuv,Tuvalu,1970,2244.78781,55.51,7.716366279005583,55.12
tuv,Tuvalu,1971,2270.09654,55.83,7.727577638205493,55.51
tuv,Tuvalu,1972,2268.09501,54.25,7.726695555504608,55.83
tuv,Tuvalu,1973,3005.46234,56.36,8.008186692039706,54.25
tuv,Tuvalu,1974,3430.48966,56.58,8.140458287988523,56.36
tuv,Tuvalu,1975,3398.97835,56.79,8.131230180155383,56.58
tuv,Tuvalu,1976,3379.16331,57.0,8.125383416413511,56.79
tuv,Tuvalu,1977,3431.76429,57.19,8.14082977817934,57.0
tuv,Tuvalu,1978,3591.45833,57.37,8.186313619053005,57.19
tuv,Tuvalu,1979,3632.16157,57.58,8.197583223863909,57.37
tuv,Tuvalu,1980,3331.16532,57.76,8.111077467703634,57.58
tuv,Tuvalu,1981,3056.4573,57.97,8.025011779143812,57.76
tuv,Tuvalu,1982,2428.33954,58.08,7.794962985894785,57.97
tuv,Tuvalu,1983,2382.48321,58.27,7.7758985882842175,58.08
tuv,Tuvalu,1984,2516.55127,58.53,7.830644699543548,58.27
tuv,Tuvalu,1985,2425.7725,58.74,7.7939053093442014,58.53
tuv,Tuvalu,1986,2369.77518,59.1,7.770550368870117,58.74
tuv,Tuvalu,1987,2557.30563,59.46,7.8467094949376355,59.1
tuv,Tuvalu,1988,2771.38534,59.93,7.927102596905368,59.46
tuv,Tuvalu,1989,2670.46215,60.34,7.890006826303609,59.93
tuv,Tuvalu,1990,3037.4003,60.81,8.018757264064849,60.34
tuv,Tuvalu,1991,3100.22338,61.28,8.039229445941697,60.81
tuv,Tuvalu,1992,3147.51491,61.71,8.054368503000212,61.28
tuv,Tuvalu,1993,3242.52603,62.1,8.084107943914738,61.71
tuv,Tuvalu,1994,3543.43028,62.65,8.172850542594633,62.1
tuv,Tuvalu,1995,3338.19718,62.87,8.11318617377732,62.65
tuv,Tuvalu,1996,3117.71134,63.09,8.04485446675605,62.87
tuv,Tuvalu,1997,3408.50204,63.28,8.1340281893064,63.09
tuv,Tuvalu,1998,3914.10214,63.69,8.27234124368093,63.28
tuv,Tuvalu,1999,3831.7733,64.02,8.251082977633022,63.69
tuv,Tuvalu,2000,3770.50836,61.5,8.234965114852814,64.02
tuv,Tuvalu,2001,3754.38917,64.74,8.230680879860662,61.5
tuv,Tuvalu,2002,4079.53425,65.07,8.313738106470332,64.74
tuv,Tuvalu,2003,3870.52057,65.32,8.261144291189488,65.07
tuv,Tuvalu,2004,3733.77015,65.54,8.225173766234873,65.32
tuv,Tuvalu,2005,3513.28337,65.73,8.164306312263506,65.54
tuv,Tuvalu,2006,3551.787,65.96,8.175206136097799,65.73
tuv,Tuvalu,2007,3752.45208,66.11,8.230164793272847,65.96
tuv,Tuvalu,2008,3945.48632,66.3,8.280327500713918,66.11
tuv,Tuvalu,2009,3644.94159,66.47,8.201095619623004,66.3
tuv,Tuvalu,2010,3506.06023,66.6,8.162248244455126,66.47
tuv,Tuvalu,2011,3687.43927,66.76,8.212687531359915,66.6
tuv,Tuvalu,2012,3558.15237,66.9,8.176996691929405,66.76
tuv,Tuvalu,2013,3690.24204,67.05,8.213447328379349,66.9
tuv,Tuvalu,2014,3695.95345,67.2,8.214993837985292,67.05
tuv,Tuvalu,2015,4088.7658,67.36,8.315998443106821,67.2
tuv,Tuvalu,2016,4333.24899,67.5,8.374072883739988,67.36
tuv,Tuvalu,2017,4464.25885,67.65,8.403858488491128,67.5
tuv,Tuvalu,2018,4575.869,67.79,8.428551905027478,67.65
tuv,Tuvalu,2019,5292.03026,67.94,8.573957243283502,67.79
tuv,Tuvalu,2020,5154.45958,68.05,8.547617556813968,67.94
tuv,Tuvalu,2021,5352.97862,68.23,8.58540843636336,68.05
tuv,Tuvalu,2022,5498.18455,68.55,8.612173234913387,68.23
tza,Tanzania,1960,930.59292,45.32,6.835821931386765,
tza,Tanzania,1961,881.83882,45.48,6.7820092955429425,45.32
tza,Tanzania,1962,934.40854,45.71,6.839913751586992,45.48
tza,Tanzania,1963,950.18394,45.92,6.856655586905081,45.71
tza,Tanzania,1964,1012.62445,46.14,6.920300705007686,45.92
tza,Tanzania,1965,1017.36009,46.43,6.924966404176748,46.14
tza,Tanzania,1966,1095.58676,46.93,6.999045352613456,46.43
tza,Tanzania,1967,1110.06208,47.33,7.0121712206704,46.93
tza,Tanzania,1968,1146.26999,48.11,7.044268462895163,47.33
tza,Tanzania,1969,1124.44887,48.77,7.025048301268243,48.11
tza,Tanzania,1970,1140.8048,49.43,7.039489257224812,48.77
tza,Tanzania,1971,1150.29611,50.13,7.04777467516974,49.43
tza,Tanzania,1972,1186.05313,50.84,7.07838637619341,50.13
tza,Tanzania,1973,1182.52179,51.51,7.075404547257623,50.84
tza,Tanzania,1974,1170.80393,52.13,7.065445911491291,51.51
tza,Tanzania,1975,1195.55075,52.76,7.086362236854749,52.13
tza,Tanzania,1976,1236.61855,53.4,7.120135957820626,52.76
tza,Tanzania,1977,1214.94564,53.94,7.102454614033011,53.4
tza,Tanzania,1978,1199.83011,54.44,7.089935250753405,53.94
tza,Tanzania,1979,1189.587,55.04,7.081361467043194,54.44
tza,Tanzania,1980,1175.93769,55.4,7.069821142360956,55.04
tza,Tanzania,1981,1198.34629,55.72,7.088697793667807,55.4
tza,Tanzania,1982,1214.95211,55.97,7.102459939359972,55.72
tza,Tanzania,1983,1222.5531,56.27,7.108696655988552,55.97
tza,Tanzania,1984,1251.16875,56.45,7.131833393456123,56.27
tza,Tanzania,1985,1276.03106,56.61,7.151509805301271,56.45
tza,Tanzania,1986,1326.61237,56.56,7.190383881637158,56.61
tza,Tanzania,1987,1386.03612,56.44,7.234203240016337,56.56
tza,Tanzania,1988,1442.10771,56.2,7.2738610099236105,56.44
tza,Tanzania,1989,1496.56575,55.79,7.31092826217792,56.2
tza,Tanzania,1990,1587.30876,55.26,7.3697952573684855,55.79
tza,Tanzania,1991,1599.85434,54.75,7.377667866583708,55.26
tza,Tanzania,1992,1587.85833,54.13,7.370141424981031,54.75
tza,Tanzania,1993,1575.49928,53.7,7.362327504199446,54.13
tza,Tanzania,1994,1557.93208,53.22,7.3511146311286995,53.7
tza,Tanzania,1995,1579.3614,52.91,7.364775867104196,53.22
tza,Tanzania,1996,1636.5107,52.71,7.400321632263887,52.91
tza,Tanzania,1997,1674.03146,52.61,7.422990044182267,52.71
tza,Tanzania,1998,1704.23741,52.65,7.440873022801789,52.61
tza,Tanzania,1999,1752.38129,52.98,7.468730879096624,52.65
tza,Tanzania,2000,1792.82437,53.44,7.491547515656267,52.98
tza,Tanzania,2001,1861.41533,54.03,7.529092407454239,53.44
tza,Tanzania,2002,1951.57594,54.65,7.576392499519715,54.03
tza,Tanzania,2003,2035.56231,55.31,7.618527379117838,54.65
tza,Tanzania,2004,2137.31153,55.91,7.667304023824024,55.31
tza,Tanzania,2005,2239.90235,56.53,7.71418755014885,55.91
tza,Tanzania,2006,2324.16223,57.34,7.751114921903781,56.53
tza,Tanzania,2007,2420.07714,58.53,7.79155469467576,57.34
tza,Tanzania,2008,2492.53135,59.6,7.821054079490094,58.53
tza,Tanzania,2009,2561.36835,60.34,7.848296906391853,59.6
tza,Tanzania,2010,2654.80347,61.06,7.884125908337361,60.34
tza,Tanzania,2011,2779.70776,61.72,7.930101078856788,61.06
tza,Tanzania,2012,2822.48535,62.67,7.945373105576334,61.72
tza,Tanzania,2013,2924.86328,63.72,7.98100301669318,62.67
tza,Tanzania,2014,3027.56909,64.51,8.015515295976105,63.72
tza,Tanzania,2015,3111.44458,65.07,8.042842392505639,64.51
tza,Tanzania,2016,3214.24683,65.53,8.075348341730692,65.07
tza,Tanzania,2017,3319.37671,66.02,8.107532306333752,65.53
tza,Tanzania,2018,3392.68872,66.67,8.129378018754295,66.02
tza,Tanzania,2019,3484.63257,67.2,8.156117885785507,66.67
tza,Tanzania,2020,3449.82153,66.61,8.146077778252558,67.2
tza,Tanzania,2021,3493.08301,66.41,8.158540009196658,66.61
tza,Tanzania,2022,3546.98096,66.99,8.173852086842665,66.41
uga,Uganda,1960,1301.50478,48.97,7.171276397113239,
uga,Uganda,1961,1247.1361,49.19,7.128605081665146,48.97
uga,Uganda,1962,1258.73025,49.26,7.137858753740862,49.19
uga,Uganda,1963,1350.2469,49.33,7.20804274359923,49.26
uga,Uganda,1964,1401.15556,49.73,7.245052575148098,49.33
uga,Uganda,1965,1383.60089,50.57,7.232444720312301,49.73
uga,Uganda,1966,1420.16147,50.56,7.258525855398276,50.57
uga,Uganda,1967,1450.97754,50.65,7.2799927737843735,50.56
uga,Uganda,1968,1433.79972,51.11,7.268083346133497,50.65
uga,Uganda,1969,1525.15949,51.65,7.329854267179585,51.11
uga,Uganda,1970,1487.4187,51.95,7.304797480463936,51.65
uga,Uganda,1971,1477.96439,52.13,7.2984210078484795,51.95
uga,Uganda,1972,1437.79667,52.16,7.270867130508697,52.13
uga,Uganda,1973,1391.99172,52.52,7.238490892600812,52.16
uga,Uganda,1974,1349.11754,52.83,7.207205983620355,52.52
uga,Uganda,1975,1282.31837,52.82,7.156424945183248,52.83
uga,Uganda,1976,1242.83278,52.96,7.125148553096383,52.82
uga,Uganda,1977,1217.70233,53.06,7.104721025954508,52.96
uga,Uganda,1978,1119.81154,52.8,7.020915682273373,53.06
uga,Uganda,1979,953.72764,52.65,6.860378138025024,52.8
uga,Uganda,1980,889.72117,50.84,6.790908121505121,52.65
uga,Uganda,1981,939.69395,50.88,6.845554237143328,50.84
uga,Uganda,1982,1017.26896,50.98,6.924876825194219,50.88
uga,Uganda,1983,1063.69815,51.04,6.969506936043923,50.98
uga,Uganda,1984,993.71785,50.66,6.90145331324394,51.04
uga,Uganda,1985,964.5588,50.29,6.871670794717712,50.66
uga,Uganda,1986,945.99418,49.63,6.8522364168130805,50.29
uga,Uganda,1987,966.42439,50.29,6.8736030648587665,49.63
uga,Uganda,1988,1023.95443,49.76,6.931427302656087,50.29
uga,Uganda,1989,1076.63225,49.1,6.981593161093398,49.76
uga,Uganda,1990,1124.70915,48.51,7.025279747879684,49.1
uga,Uganda,1991,1134.25922,48.06,7.033735047230453,48.51
uga,Uganda,1992,1138.53665,47.94,7.037499076465678,48.06
uga,Uganda,1993,1183.56146,47.8,7.07628335831967,47.94
uga,Uganda,1994,1218.30034,47.87,7.105212002437725,47.8
uga,Uganda,1995,1313.40901,47.97,7.180381333791208,47.87
uga,Uganda,1996,1385.55899,48.07,7.233858940083788,47.97
uga,Uganda,1997,1411.69329,48.38,7.252545177744339,48.07
uga,Uganda,1998,1438.47157,48.69,7.271336419153616,48.38
uga,Uganda,1999,1502.26228,49.11,7.314727437585686,48.69
uga,Uganda,2000,1501.54961,49.58,7.314252927170607,49.11
uga,Uganda,2001,1536.69035,50.34,7.337386259351324,49.58
uga,Uganda,2002,1613.87079,51.03,7.386390789863179,50.34
uga,Uganda,2003,1662.0518,51.78,7.415808142198055,51.03
uga,Uganda,2004,1718.80882,52.57,7.449386783374758,51.78
uga,Uganda,2005,1776.84593,53.92,7.482595122088529,52.57
uga,Uganda,2006,1904.85683,55.45,7.552162129880891,53.92
uga,Uganda,2007,2003.15025,56.51,7.602476345333801,55.45
uga,Uganda,2008,2113.76498,57.57,7.656225987118488,56.51
uga,Uganda,2009,2190.48073,58.54,7.6918763101369665,57.57
uga,Uganda,2010,2244.60595,59.33,7.716285261385022,58.54
uga,Uganda,2011,2384.46533,60.35,7.776730197896782,59.33
uga,Uganda,2012,2405.09456,61.42,7.785344499854244,60.35
uga,Uganda,2013,2420.88808,62.44,7.791889727038412,61.42
uga,Uganda,2014,2470.50381,63.21,7.812177380482551,62.44
uga,Uganda,2015,2520.0201,63.88,7.832022156664135,63.21
uga,Uganda,2016,2554.22769,64.03,7.845505182971217,63.88
uga,Uganda,2017,2543.84754,65.01,7.841432993418901,64.03
uga,Uganda,2018,2613.87976,65.71,7.868590894656427,65.01
uga,Uganda,2019,2689.41009,66.23,7.897077151148925,65.71
uga,Uganda,2020,2678.00907,66.08,7.892828913101245,66.23
uga,Uganda,2021,2684.92036,65.92,7.895406345422992,66.08
uga,Uganda,2022,2724.9061,66.91,7.910189247788033,65.92
ukr,Ukraine,1960,7528.99903,71.08,8.926517381014943,
ukr,Ukraine,1961,8225.86334,71.13,9.01503853547464,71.08
ukr,Ukraine,1962,8611.50279,70.98,9.060854122261118,71.13
ukr,Ukraine,1963,8769.40124,71.45,9.07902380937527,70.98
ukr,Ukraine,1964,8505.89786,72.09,9.048515067747125,71.45
ukr,Ukraine,1965,9546.51114,71.7,9.163931041072653,72.09
ukr,Ukraine,1966,10039.5019,71.83,9.214282780461241,71.7
ukr,Ukraine,1967,10484.63964,71.53,9.257666573646677,71.83
ukr,Ukraine,1968,10910.13253,71.53,9.29744722632437,71.53
ukr,Ukraine,1969,11516.36135,71.17,9.351524029322452,71.53
ukr,Ukraine,1970,11646.40183,70.92,9.362752555494081,71.17
ukr,Ukraine,1971,12510.64915,71.04,9.434335492602301,70.92
ukr,Ukraine,1972,12802.62722,70.95,9.45740568040899,71.04
ukr,Ukraine,1973,12831.07429,71.1,9.459625186762132,70.95
ukr,Ukraine,1974,14014.64868,71.01,9.54785839585694,71.1
ukr,Ukraine,1975,14284.20645,70.6,9.56690976184428,71.01
ukr,Ukraine,1976,14558.94889,70.62,9.585961127523857,70.6
ukr,Ukraine,1977,14838.97572,70.26,9.60501249277593,70.62
ukr,Ukraine,1978,15124.38859,69.99,9.624063858280325,70.26
ukr,Ukraine,1979,15415.2911,69.79,9.643115224345644,69.99
ukr,Ukraine,1980,15711.78882,69.77,9.66216658982164,69.79
ukr,Ukraine,1981,16268.12074,69.76,9.696962688932201,69.77
ukr,Ukraine,1982,16853.32035,69.97,9.732302969780497,69.76
ukr,Ukraine,1983,17665.8062,70.12,9.779386197019612,69.97
ukr,Ukraine,1984,18172.22202,69.81,9.807649444502216,70.12
ukr,Ukraine,1985,18150.20469,70.31,9.806437117315355,69.81
ukr,Ukraine,1986,18341.03101,71.66,9.816895960697108,70.31
ukr,Ukraine,1987,18964.24068,71.4,9.850310415356788,71.66
ukr,Ukraine,1988,19231.83298,71.32,9.864322152813031,71.4
ukr,Ukraine,1989,20145.97594,70.96,9.91075984222017,71.32
ukr,Ukraine,1990,19355.35476,70.58,9.870724391957696,70.96
ukr,Ukraine,1991,17858.2672,69.91,9.790221828447025,70.58
ukr,Ukraine,1992,16241.95738,69.23,9.695353134777838,69.91
ukr,Ukraine,1993,14094.18394,68.62,9.55351750474547,69.23
ukr,Ukraine,1994,11046.98797,67.93,9.309913087888248,68.62
ukr,Ukraine,1995,9882.22202,66.98,9.198492666265235,67.93
ukr,Ukraine,1996,9063.82586,67.29,9.11204659025497,66.98
ukr,Ukraine,1997,8955.78465,67.88,9.100054932096814,67.29
ukr,Ukraine,1998,8941.29314,68.72,9.098435504239697,67.88
ukr,Ukraine,1999,9077.54971,68.35,9.113559579450857,68.72
ukr,Ukraine,2000,9778.67964,67.98,9.187959747779745,68.35
ukr,Ukraine,2001,10828.82636,68.24,9.289966964778241,67.98
ukr,Ukraine,2002,11593.84214,68.13,9.35822938614371,68.24
ukr,Ukraine,2003,12881.9868,68.25,9.463585242420704,68.13
ukr,Ukraine,2004,14596.33258,67.99,9.588525582991458,68.25
ukr,Ukraine,2005,15258.93136,67.81,9.632920273552763,67.99
ukr,Ukraine,2006,16612.22621,68.44,9.717894221922558,67.81
ukr,Ukraine,2007,18151.64989,68.09,9.80651673859187,68.44
ukr,Ukraine,2008,18740.32581,68.29,9.838432941447044,68.09
ukr,Ukraine,2009,16035.32827,70.05,9.682549584010003,68.29
ukr,Ukraine,2010,16811.79492,70.82,9.729835997620913,70.05
ukr,Ukraine,2011,17783.95703,71.45,9.78605203942429,70.82
ukr,Ukraine,2012,17848.74023,71.56,9.789688209367087,71.45
ukr,Ukraine,2013,17889.0918,71.77,9.791946409423193,71.56
ukr,Ukraine,2014,16978.8125,71.69,9.739721522201853,71.77
ukr,Ukraine,2015,15403.70996,72.48,9.642363665881918,71.69
ukr,Ukraine,2016,15856.8125,72.87,9.671354497688808,72.48
ukr,Ukraine,2017,16310.36035,73.82,9.699555789178476,72.87
ukr,Ukraine,2018,16978.98438,73.91,9.739731645355638,73.82
ukr,Ukraine,2019,17636.55469,73.84,9.777728998126562,73.91
ukr,Ukraine,2020,17092.53906,71.89,9.74639733499815,73.84
ukr,Ukraine,2021,17846.4082,70.95,9.789557545671551,71.89
ukr,Ukraine,2022,13787.12109,67.92,9.531490181044498,70.95
ury,Uruguay,1960,9324.83104,68.32,9.140436125313013,
ury,Uruguay,1961,9375.85261,68.97,9.145892791770027,68.32
ury,Uruguay,1962,9080.24305,68.97,9.113856238858238,68.97
ury,Uruguay,1963,8917.81167,68.83,9.095805867000765,68.97
ury,Uruguay,1964,8954.71117,68.66,9.099935060484986,68.83
ury,Uruguay,1965,8851.8119,68.44,9.088377451510013,68.66
ury,Uruguay,1966,9046.84834,68.74,9.110171726317198,68.44
ury,Uruguay,1967,8594.62228,68.03,9.058891970370762,68.74
ury,Uruguay,1968,8591.47585,67.76,9.058525810465081,68.03
ury,Uruguay,1969,9022.72905,67.92,9.107502122728377,67.76
ury,Uruguay,1970,9288.42222,68.47,9.136523981000845,67.92
ury,Uruguay,1971,9174.27167,68.45,9.124158287755503,68.47
ury,Uruguay,1972,8880.64976,68.29,9.091630004480507,68.45
ury,Uruguay,1973,9003.46459,68.7,9.105364736686848,68.29
ury,Uruguay,1974,9264.5304,68.88,9.133948452059846,68.7
ury,Uruguay,1975,9697.81501,69.31,9.179655882416341,68.88
ury,Uruguay,1976,9988.50015,69.39,9.209189725236056,69.31
ury,Uruguay,1977,10025.85335,69.47,9.212922370746595,69.39
ury,Uruguay,1978,10497.55352,70.06,9.258897510902104,69.47
ury,Uruguay,1979,10997.87457,70.5,9.305457312201852,70.06
ury,Uruguay,1980,11547.5303,70.6,9.354226866245895,70.5
ury,Uruguay,1981,12246.69857,71.33,9.413011675160217,70.6
ury,Uruguay,1982,11385.93768,71.97,9.340134336107676,71.33
ury,Uruguay,1983,10870.5363,72.02,9.293811316524689,71.97
ury,Uruguay,1984,10878.98204,71.83,9.29458795353269,72.02
ury,Uruguay,1985,11098.32835,72.27,9.314549776860144,71.83
ury,Uruguay,1986,12050.55705,72.4,9.396866166066077,72.27
ury,Uruguay,1987,12952.07814,72.55,9.469011528384362,72.4
ury,Uruguay,1988,13218.04973,72.66,9.489338578317163,72.55
ury,Uruguay,1989,13639.97413,73.0,9.520760034768088,72.66
ury,Uruguay,1990,13974.74454,73.17,9.545007018070892,73.0
ury,Uruguay,1991,14382.28714,73.41,9.573752668697457,73.17
ury,Uruguay,1992,15438.09444,73.48,9.644593398863805,73.41
ury,Uruguay,1993,15767.65934,73.34,9.6657162440837,73.48
ury,Uruguay,1994,16828.73988,73.62,9.73084341094141,73.34
ury,Uruguay,1995,16502.46468,73.68,9.71126502327886,73.62
ury,Uruguay,1996,17327.01133,73.93,9.7600219114034,73.68
ury,Uruguay,1997,18602.64219,74.13,9.831058902838494,73.93
ury,Uruguay,1998,19362.41976,74.14,9.871089340623573,74.13
ury,Uruguay,1999,18971.35515,74.36,9.850685496856247,74.14
ury,Uruguay,2000,18556.85792,74.77,9.828594698905048,74.36
ury,Uruguay,2001,17808.48984,75.01,9.787430579875567,74.77
ury,Uruguay,2002,16412.79634,75.0,9.70581657419824,75.01
ury,Uruguay,2003,16546.88123,74.97,9.713952917729939,75.0
ury,Uruguay,2004,17380.4423,75.23,9.763100847287282,74.97
ury,Uruguay,2005,18678.61672,75.54,9.83513465764903,75.23
ury,Uruguay,2006,19446.19417,75.92,9.875406657406659,75.54
ury,Uruguay,2007,20707.35148,75.69,9.938244060166124,75.92
ury,Uruguay,2008,22177.22099,76.19,10.006820959546806,75.69
ury,Uruguay,2009,23093.63076,76.51,10.047312133815524,76.19
ury,Uruguay,2010,24879.83502,76.53,10.121812915802192,76.51
ury,Uruguay,2011,26099.32153,76.42,10.169664597953751,76.53
ury,Uruguay,2012,26953.28111,76.55,10.201860316978399,76.42
ury,Uruguay,2013,28119.48333,76.78,10.244217972000467,76.55
ury,Uruguay,2014,28935.09744,77.08,10.272810581550221,76.78
ury,Uruguay,2015,28941.62941,77.14,10.273036301641293,77.08
ury,Uruguay,2016,29332.56726,77.29,10.286453688314838,77.14
ury,Uruguay,2017,29762.43332,77.34,10.301002250389416,77.29
ury,Uruguay,2018,29757.93885,77.45,10.300851227475928,77.34
ury,Uruguay,2019,30010.57426,77.53,10.309305073872789,77.45
ury,Uruguay,2020,27788.1855,78.45,10.23236622733389,77.53
ury,Uruguay,2021,29431.88501,75.45,10.289833889804974,78.45
ury,Uruguay,2022,30804.70328,78.02,10.335422661199717,75.45
usa,USA,1960,20645.98778,70.06,9.935276283143155,
usa,USA,1961,20633.36766,70.35,9.934664833654244,70.06
usa,USA,1962,21382.52673,70.27,9.970329359541845,70.35
usa,USA,1963,21821.56328,70.15,9.990653901183697,70.27
usa,USA,1964,22590.54751,70.3,10.025286845998798,70.15
usa,USA,1965,23560.2622,70.37,10.067316766735853,70.3
usa,USA,1966,24628.22495,70.36,10.111648419902007,70.37
usa,USA,1967,24801.63958,70.52,10.118665042064539,70.36
usa,USA,1968,25541.81495,70.33,10.148072190100043,70.52
usa,USA,1969,25887.62462,70.61,10.161520319598578,70.33
usa,USA,1970,25441.13232,70.93,10.144122525897505,70.61
usa,USA,1971,25769.41801,71.28,10.15694371937897,70.93
usa,USA,1972,26661.84381,71.4,10.190988751506287,71.28
usa,USA,1973,27702.71939,71.66,10.22928586028097,71.4
usa,USA,1974,27136.0872,72.21,10.208619752029863,71.66
usa,USA,1975,26614.05676,72.73,10.18919480481352,72.21
usa,USA,1976,27560.67791,73.1,10.224145322430303,72.73
usa,USA,1977,28333.16881,73.39,10.251788440081603,73.1
usa,USA,1978,29407.12132,73.63,10.288992145764524,73.39
usa,USA,1979,29838.62068,73.92,10.303558829388752,73.63
usa,USA,1980,29271.43071,73.96,10.284367258231704,73.92
usa,USA,1981,31094.28984,74.27,10.344779474878733,73.96
usa,USA,1982,31146.12718,74.61,10.346445188396334,74.27
usa,USA,1983,32825.23591,74.77,10.3989528860454,74.61
usa,USA,1984,35518.00037,74.88,10.477794899631794,74.77
usa,USA,1985,37215.93938,74.91,10.524492426447761,74.88
usa,USA,1986,38510.85727,75.01,10.55869548753236,74.91
usa,USA,1987,40010.17292,75.12,10.596889023761461,75.01
usa,USA,1988,42168.41627,75.2,10.64942679018998,75.12
usa,USA,1989,44343.8624,75.42,10.699729588082016,75.2
usa,USA,1990,45755.4382,75.72,10.731065931399018,75.42
usa,USA,1991,45034.50608,75.86,10.715184276687955,75.72
usa,USA,1992,45911.95369,76.03,10.734480791118932,75.86
usa,USA,1993,46485.39846,75.92,10.746893530650574,76.03
usa,USA,1994,47696.23296,75.98,10.77260770017295,75.92
usa,USA,1995,48326.18131,76.08,10.785728748888982,75.98
usa,USA,1996,49495.08573,76.41,10.809628665446558,76.08
usa,USA,1997,51002.72006,76.75,10.839634244794032,76.41
usa,USA,1998,52586.78912,76.9,10.870220209766048,76.75
usa,USA,1999,54383.0483,76.92,10.903807772150532,76.9
usa,USA,2000,55889.51752,77.03,10.931132119555164,76.92
usa,USA,2001,55783.75337,77.07,10.929237947730885,77.03
usa,USA,2002,56127.43794,77.18,10.935380061784908,77.07
usa,USA,2003,57114.90269,77.35,10.952820354411015,77.18
usa,USA,2004,58672.14582,77.67,10.97972037565026,77.35
usa,USA,2005,60060.46474,77.73,11.003107079436122,77.67
usa,USA,2006,61043.40958,77.97,11.01934052252415,77.73
usa,USA,2007,61578.56309,78.22,11.028069087169223,77.97
usa,USA,2008,60971.05175,78.4,11.018154469040104,78.22
usa,USA,2009,58796.53195,78.63,10.981838151705126,78.4
usa,USA,2010,59789.41291,78.89,10.998583882626207,78.63
usa,USA,2011,60245.4844,78.93,11.006182900826339,78.89
usa,USA,2012,61134.53061,79.03,11.020832134622914,78.93
usa,USA,2013,61958.72344,79.08,11.034223691348902,79.03
usa,USA,2014,63018.80339,79.08,11.051188427349338,79.08
usa,USA,2015,64359.47259,78.99,11.072239406386602,79.08
usa,USA,2016,65017.65496,78.86,11.082414126766391,78.99
usa,USA,2017,66155.55557,78.98,11.099764150445933,78.86
usa,USA,2018,67719.76564,78.95,11.123133375520469,78.98
usa,USA,2019,69112.60269,78.93,11.143492376483392,78.95
usa,USA,2020,67342.07093,77.22,11.117540445583444,78.93
usa,USA,2021,71307.40173,77.0,11.174755412094333,77.22
usa,USA,2022,72679.25754,78.0,11.193811306992878,77.0
uzb,Uzbekistan,1960,5291.25402,61.07,8.573810551579706,
uzb,Uzbekistan,1961,5481.21858,61.48,8.609082723834964,61.07
uzb,Uzbekistan,1962,5525.02402,61.87,8.617042873887815,61.48
uzb,Uzbekistan,1963,5304.65422,62.19,8.576339868904924,61.87
uzb,Uzbekistan,1964,5888.49111,62.61,8.680755065558124,62.19
uzb,Uzbekistan,1965,6126.98608,63.03,8.720458240811862,62.61
uzb,Uzbekistan,1966,6325.73436,63.43,8.75238141120396,63.03
uzb,Uzbekistan,1967,6509.57384,63.8,8.781029270694269,63.43
uzb,Uzbekistan,1968,6792.78316,64.17,8.823616027586567,63.8
uzb,Uzbekistan,1969,6790.31533,64.56,8.823252659827883,64.17
uzb,Uzbekistan,1970,7206.11803,64.85,8.882685670579948,64.56
uzb,Uzbekistan,1971,7242.4857,65.14,8.887719755185222,64.85
uzb,Uzbekistan,1972,7127.86785,65.31,8.871767429416495,65.14
uzb,Uzbekistan,1973,7561.12205,65.67,8.930774877472691,65.31
uzb,Uzbekistan,1974,7387.14724,65.87,8.907496909643616,65.67
uzb,Uzbekistan,1975,7217.17543,65.94,8.884218940661004,65.87
uzb,Uzbekistan,1976,7051.11453,66.21,8.86094097267321,65.94
uzb,Uzbekistan,1977,6888.87454,66.54,8.837663003785615,66.21
uzb,Uzbekistan,1978,6730.36755,66.62,8.814385034817635,66.54
uzb,Uzbekistan,1979,6575.50767,66.88,8.79110706623256,66.62
uzb,Uzbekistan,1980,6424.21098,67.47,8.767829097553049,66.88
uzb,Uzbekistan,1981,6417.37078,67.59,8.766763776975763,67.47
uzb,Uzbekistan,1982,6404.01516,67.68,8.76468044138426,67.59
uzb,Uzbekistan,1983,6399.3652,67.8,8.763954076928357,67.68
uzb,Uzbekistan,1984,5931.21035,67.98,8.687983577404387,67.8
uzb,Uzbekistan,1985,5860.11733,68.38,8.675924904554918,67.98
uzb,Uzbekistan,1986,5572.73909,69.08,8.625641969678334,68.38
uzb,Uzbekistan,1987,5333.2376,69.37,8.581713762392706,69.08
uzb,Uzbekistan,1988,5607.64516,69.3,8.631886152818112,69.37
uzb,Uzbekistan,1989,5540.35399,69.28,8.61981367481191,69.3
uzb,Uzbekistan,1990,5245.94666,69.31,8.565210992628272,69.28
uzb,Uzbekistan,1991,5017.68614,68.89,8.520724178138826,69.31
uzb,Uzbekistan,1992,4283.38566,68.18,8.36249901792305,68.89
uzb,Uzbekistan,1993,4030.39327,67.09,8.301619235787504,68.18
uzb,Uzbekistan,1994,3688.64876,66.23,8.213015480268854,67.09
uzb,Uzbekistan,1995,3535.14321,65.66,8.170509089532715,66.23
uzb,Uzbekistan,1996,3482.60448,65.24,8.155535706639677,65.66
uzb,Uzbekistan,1997,3555.793,65.37,8.176333383465876,65.24
uzb,Uzbekistan,1998,3607.09865,65.39,8.190659030127549,65.37
uzb,Uzbekistan,1999,3666.90884,65.47,8.2071043082041,65.39
uzb,Uzbekistan,2000,3717.41589,65.11,8.220784052658042,65.47
uzb,Uzbekistan,2001,3784.66799,65.1,8.238713444719009,65.11
uzb,Uzbekistan,2002,3847.70134,64.99,8.255231194428333,65.1
uzb,Uzbekistan,2003,3923.88189,64.92,8.27483672084388,64.99
uzb,Uzbekistan,2004,4126.5675,64.81,8.325201226587067,64.92
uzb,Uzbekistan,2005,4320.94278,64.48,8.37122889353923,64.81
uzb,Uzbekistan,2006,4545.7087,65.02,8.421938924048783,64.48
uzb,Uzbekistan,2007,4868.67484,65.35,8.49057707227269,65.02
uzb,Uzbekistan,2008,5188.36176,65.72,8.554173273151793,65.35
uzb,Uzbekistan,2009,5477.39831,66.2,8.608385506258495,65.72
uzb,Uzbekistan,2010,5760.80512,66.48,8.658832521699711,66.2
uzb,Uzbekistan,2011,6100.25101,66.57,8.716085198495126,66.48
uzb,Uzbekistan,2012,6435.56467,66.69,8.769594865986187,66.57
uzb,Uzbekistan,2013,6797.77495,66.97,8.824350624382973,66.69
uzb,Uzbekistan,2014,7145.10981,67.15,8.874183459035232,66.97
uzb,Uzbekistan,2015,7529.76364,67.3,8.926618931191065,67.15
uzb,Uzbekistan,2016,7839.9782,67.56,8.966991332728343,67.3
uzb,Uzbekistan,2017,8047.05375,67.85,8.993061309631717,67.56
uzb,Uzbekistan,2018,8348.96058,68.12,9.029892328659319,67.85
uzb,Uzbekistan,2019,8755.12594,68.44,9.077394629539391,68.12
uzb,Uzbekistan,2020,8727.41105,67.47,9.074224047005167,68.44
uzb,Uzbekistan,2021,9247.64383,67.98,9.132124076978466,67.47
uzb,Uzbekistan,2022,9607.56167,68.76,9.17030574136193,67.98
vct,St. Vincent and the Grenadines,1960,3573.03919,60.97,8.181171826337174,
vct,St. Vincent and the Grenadines,1961,3651.43772,61.62,8.202876264910328,60.97
vct,St. Vincent and the Grenadines,1962,3708.51324,62.22,8.218386331346862,61.62
vct,St. Vincent and the Grenadines,1963,3406.65209,62.63,8.133485296215461,62.22
vct,St. Vincent and the Grenadines,1964,3466.56632,63.09,8.15091984988856,62.63
vct,St. Vincent and the Grenadines,1965,3431.73064,63.41,8.140819972679271,63.09
vct,St. Vincent and the Grenadines,1966,3368.67252,63.71,8.122274034763869,63.41
vct,St. Vincent and the Grenadines,1967,2992.03599,63.88,8.003709367765339,63.71
vct,St. Vincent and the Grenadines,1968,3128.87348,64.19,8.048428308207724,63.88
vct,St. Vincent and the Grenadines,1969,3157.93062,64.45,8.057672224973238,64.19
vct,St. Vincent and the Grenadines,1970,3432.41337,64.78,8.141018899159036,64.45
vct,St. Vincent and the Grenadines,1971,3488.25852,65.02,8.15715789925482,64.78
vct,St. Vincent and the Grenadines,1972,4331.6721,65.38,8.373708912735282,65.02
vct,St. Vincent and the Grenadines,1973,3798.03359,65.85,8.24223873546161,65.38
vct,St. Vincent and the Grenadines,1974,3416.11586,66.26,8.136259471195123,65.85
vct,St. Vincent and the Grenadines,1975,3113.2276,66.59,8.043415280521973,66.26
vct,St. Vincent and the Grenadines,1976,3390.6175,66.97,8.128767337178912,66.59
vct,St. Vincent and the Grenadines,1977,3440.72203,67.39,8.143436620784968,66.97
vct,St. Vincent and the Grenadines,1978,3727.62555,67.91,8.22352672816422,67.39
vct,St. Vincent and the Grenadines,1979,3804.94968,68.31,8.244058045504003,67.91
vct,St. Vincent and the Grenadines,1980,3849.43271,68.56,8.255681068373091,68.31
vct,St. Vincent and the Grenadines,1981,4194.95649,68.94,8.341638246976244,68.56
vct,St. Vincent and the Grenadines,1982,4496.33397,69.25,8.411017670398417,68.94
vct,St. Vincent and the Grenadines,1983,4660.80501,69.39,8.446943461127352,69.25
vct,St. Vincent and the Grenadines,1984,5037.28553,69.61,8.524622630658785,69.39
vct,St. Vincent and the Grenadines,1985,5413.89313,69.99,8.596723730415325,69.61
vct,St. Vincent and the Grenadines,1986,5750.56725,70.16,8.657053781099503,69.99
vct,St. Vincent and the Grenadines,1987,5831.47771,69.98,8.671025713779635,70.16
vct,St. Vincent and the Grenadines,1988,6771.06986,70.24,8.820414382963065,69.98
vct,St. Vincent and the Grenadines,1989,7019.76909,70.26,8.856485603316472,70.24
vct,St. Vincent and the Grenadines,1990,7461.77774,70.11,8.91754896775723,70.26
vct,St. Vincent and the Grenadines,1991,7521.13832,70.28,8.925472777828674,70.11
vct,St. Vincent and the Grenadines,1992,7982.5072,70.23,8.985007826561596,70.28
vct,St. Vincent and the Grenadines,1993,8308.00219,70.31,9.024974448597316,70.23
vct,St. Vincent and the Grenadines,1994,8193.60858,70.32,9.011109687866496,70.31
vct,St. Vincent and the Grenadines,1995,8822.01726,70.47,9.085005837135427,70.32
vct,St. Vincent and the Grenadines,1996,8931.65568,70.49,9.097357063179846,70.47
vct,St. Vincent and the Grenadines,1997,9244.08829,70.88,9.131739522408807,70.49
vct,St. Vincent and the Grenadines,1998,9619.96769,71.01,9.171596185026253,70.88
vct,St. Vincent and the Grenadines,1999,9866.87339,71.06,9.196938303113749,71.01
vct,St. Vincent and the Grenadines,2000,10013.41602,71.11,9.211681074832326,71.06
vct,St. Vincent and the Grenadines,2001,10188.54185,71.66,9.229019019804818,71.11
vct,St. Vincent and the Grenadines,2002,10753.63244,71.65,9.282998877875338,71.66
vct,St. Vincent and the Grenadines,2003,11497.85129,72.16,9.349915452545936,71.65
vct,St. Vincent and the Grenadines,2004,11995.96585,72.33,9.392325693082586,72.16
vct,St. Vincent and the Grenadines,2005,12329.99452,72.6,9.419790151713848,72.33
vct,St. Vincent and the Grenadines,2006,13243.91913,72.89,9.491293792487214,72.6
vct,St. Vincent and the Grenadines,2007,13738.57139,73.11,9.527962585843685,72.89
vct,St. Vincent and the Grenadines,2008,13857.86634,73.07,9.5366083171704,73.11
vct,St. Vincent and the Grenadines,2009,13725.31295,73.01,9.526997067574976,73.07
vct,St. Vincent and the Grenadines,2010,13175.72302,73.11,9.48613125008218,73.01
vct,St. Vincent and the Grenadines,2011,13168.89643,73.21,9.485612996997085,73.11
vct,St. Vincent and the Grenadines,2012,13397.9633,73.03,9.502857981849653,73.21
vct,St. Vincent and the Grenadines,2013,13804.1838,72.48,9.532726999110416,73.03
vct,St. Vincent and the Grenadines,2014,14054.7557,72.61,9.550716101474876,72.48
vct,St. Vincent and the Grenadines,2015,14523.5812,72.57,9.583528897086817,72.61
vct,St. Vincent and the Grenadines,2016,15212.61976,72.63,9.62988060973809,72.57
vct,St. Vincent and the Grenadines,2017,15533.22128,72.73,9.650736317685704,72.63
vct,St. Vincent and the Grenadines,2018,16139.06611,72.83,9.688998078315926,72.73
vct,St. Vincent and the Grenadines,2019,16365.32558,72.95,9.702920081635028,72.83
vct,St. Vincent and the Grenadines,2020,15763.70544,72.24,9.665465452527528,72.95
vct,St. Vincent and the Grenadines,2021,16200.89946,69.74,9.692822041901396,72.24
vct,St. Vincent and the Grenadines,2022,16835.02351,69.08,9.731216728089596,69.74
ven,Venezuela,1960,11699.27058,65.17,9.367281775252662,
ven,Venezuela,1961,11605.75839,65.76,9.359256666853353,65.17
ven,Venezuela,1962,12018.89252,66.07,9.394235067405107,65.76
ven,Venezuela,1963,12171.73308,65.69,9.406871581759,66.07
ven,Venezuela,1964,12816.20371,65.48,9.458465564156848,65.69
ven,Venezuela,1965,12859.46489,66.03,9.461835386505966,65.48
ven,Venezuela,1966,12361.02346,66.27,9.422303531790723,66.03
ven,Venezuela,1967,12241.02814,66.48,9.412548550904665,66.27
ven,Venezuela,1968,12460.64663,66.46,9.430330687463568,66.48
ven,Venezuela,1969,12426.24432,66.05,9.427565992429379,66.46
ven,Venezuela,1970,12958.24365,66.51,9.469487439889155,66.05
ven,Venezuela,1971,12718.36533,66.57,9.450802316843312,66.51
ven,Venezuela,1972,12517.24144,66.37,9.434862288108999,66.57
ven,Venezuela,1973,12692.6364,66.29,9.448777293267646,66.37
ven,Venezuela,1974,12857.39713,67.31,9.46167457683931,66.29
ven,Venezuela,1975,13038.22189,67.6,9.475640468054195,67.31
ven,Venezuela,1976,13523.97552,67.79,9.512219353710789,67.6
ven,Venezuela,1977,13779.18179,68.73,9.530914166171986,67.79
ven,Venezuela,1978,13453.16818,69.42,9.506969909708227,68.73
ven,Venezuela,1979,13035.79895,69.74,9.475454617162853,69.42
ven,Venezuela,1980,12230.0845,69.66,9.411654137896925,69.74
ven,Venezuela,1981,12228.38005,69.7,9.411514762835234,69.66
ven,Venezuela,1982,12381.5545,70.34,9.423963103784018,69.7
ven,Venezuela,1983,11175.87497,71.1,9.321512713508435,70.34
ven,Venezuela,1984,11285.12946,71.31,9.331241161051143,71.1
ven,Venezuela,1985,11154.71456,71.56,9.319617518013915,71.31
ven,Venezuela,1986,11678.48111,72.2,9.365503205973976,71.56
ven,Venezuela,1987,11964.23105,72.09,9.389676731666338,72.2
ven,Venezuela,1988,12585.49665,72.49,9.440300370437946,72.09
ven,Venezuela,1989,10961.25781,72.42,9.30212231760329,72.49
ven,Venezuela,1990,11518.3604,72.44,9.351697597731631,72.42
ven,Venezuela,1991,12554.65406,72.9,9.437846717249503,72.44
ven,Venezuela,1992,13146.05685,72.88,9.483877133323528,72.9
ven,Venezuela,1993,13031.10807,72.77,9.475094706411108,72.88
ven,Venezuela,1994,12571.92456,72.26,9.43922139726312,72.77
ven,Venezuela,1995,12915.11097,72.61,9.466153297827521,72.26
ven,Venezuela,1996,12726.7936,73.31,9.451464782370168,72.61
ven,Venezuela,1997,13368.22675,74.07,9.500636032279788,73.31
ven,Venezuela,1998,13189.25629,73.97,9.487157859739593,74.07
ven,Venezuela,1999,12230.36134,70.26,9.411676773624974,73.97
ven,Venezuela,2000,12454.43236,74.17,9.429831851386721,70.26
ven,Venezuela,2001,12833.99055,74.07,9.459852441984804,74.17
ven,Venezuela,2002,11593.79182,73.99,9.358225045899243,74.07
ven,Venezuela,2003,10648.08192,73.51,9.273135053508915,73.99
ven,Venezuela,2004,12628.01445,74.64,9.443672993959774,73.51
ven,Venezuela,2005,14034.5749,75.01,9.549279199772972,74.64
ven,Venezuela,2006,15544.30445,74.82,9.65144957720103,75.01
ven,Venezuela,2007,16992.37514,74.64,9.740520001246173,74.82
ven,Venezuela,2008,17866.42605,74.4,9.790678590949351,74.64
ven,Venezuela,2009,17067.05407,74.56,9.744905221515925,74.4
ven,Venezuela,2010,16695.002,75.3,9.722864672174094,74.56
ven,Venezuela,2011,17493.729,75.4,9.769597752834319,75.3
ven,Venezuela,2012,18551.879,75.23,9.828326356706249,75.4
ven,Venezuela,2013,18850.906,75.55,9.844316255381614,75.23
ven,Venezuela,2014,18176.005,75.58,9.807857596608867,75.55
ven,Venezuela,2015,16970.969,75.67,9.739259457364144,75.58
ven,Venezuela,2016,14169.523,75.62,9.558848669450517,75.67
ven,Venezuela,2017,12271.362,75.52,9.415023533989629,75.62
ven,Venezuela,2018,10622.181,75.44,9.270699640942604,75.52
ven,Venezuela,2019,8116.199,75.05,9.001617220112825,75.44
ven,Venezuela,2020,5729.397,73.94,8.653365568569036,75.05
ven,Venezuela,2021,6128.168,73.38,8.720651126188242,73.94
ven,Venezuela,2022,7266.547,73.95,8.891036492083565,73.38
vnm,Vietnam,1960,1493.40569,58.41,7.308814488692106,
vnm,Vietnam,1961,1506.99468,58.73,7.317872668427829,58.41
vnm,Vietnam,1962,1632.57644,58.4,7.397914683944122,58.73
vnm,Vietnam,1963,1616.22158,58.03,7.3878463460180885,58.4
vnm,Vietnam,1964,1629.7036,58.57,7.396153436775024,58.03
vnm,Vietnam,1965,1586.21076,57.42,7.369103281133966,58.57
vnm,Vietnam,1966,1543.2143,57.71,7.341622728007891,57.42
vnm,Vietnam,1967,1304.7214,57.86,7.17374481037525,57.71
vnm,Vietnam,1968,1239.49882,53.88,7.122462399478019,57.86
vnm,Vietnam,1969,1302.19279,55.98,7.17180488400353,53.88
vnm,Vietnam,1970,1287.14264,55.97,7.160180032845613,55.98
vnm,Vietnam,1971,1304.27729,56.58,7.173404365586227,55.97
vnm,Vietnam,1972,1336.83039,52.79,7.198056710415962,56.58
vnm,Vietnam,1973,1332.95328,56.14,7.1951522708022955,52.79
vnm,Vietnam,1974,1278.62906,55.78,7.153543736058082,56.14
vnm,Vietnam,1975,1212.7897,62.3,7.10067852210798,55.78
vnm,Vietnam,1976,1339.92106,64.87,7.200365980761907,62.3
vnm,Vietnam,1977,1414.31032,65.28,7.2543972848958225,64.87
vnm,Vietnam,1978,1394.08439,65.7,7.239993127508203,65.28
vnm,Vietnam,1979,1411.55387,65.92,7.2524464120378935,65.7
vnm,Vietnam,1980,1331.47218,66.29,7.194040511306833,65.92
vnm,Vietnam,1981,1434.51747,66.56,7.268583813806656,66.29
vnm,Vietnam,1982,1570.20222,66.86,7.358959692595788,66.56
vnm,Vietnam,1983,1673.37049,67.13,7.422595128950417,66.86
vnm,Vietnam,1984,1818.36561,67.48,7.505693360128963,67.13
vnm,Vietnam,1985,1920.05437,67.77,7.5601087823292215,67.48
vnm,Vietnam,1986,1965.5711,68.08,7.5835381182091774,67.77
vnm,Vietnam,1987,2009.99458,68.37,7.6058873045320725,68.08
vnm,Vietnam,1988,2126.58157,68.64,7.662271072763557,68.37
vnm,Vietnam,1989,2285.76555,68.88,7.734456280040098,68.64
vnm,Vietnam,1990,2382.67426,69.22,7.775978774511559,68.88
vnm,Vietnam,1991,2473.71912,69.51,7.813478013766603,69.22
vnm,Vietnam,1992,2636.93845,69.85,7.877373845163174,69.51
vnm,Vietnam,1993,2798.61125,70.16,7.936878590980609,69.85
vnm,Vietnam,1994,2994.5848,70.48,8.004560869887625,70.16
vnm,Vietnam,1995,3229.972,70.81,8.080228747448478,70.48
vnm,Vietnam,1996,3482.02953,71.1,8.155370601050357,70.81
vnm,Vietnam,1997,3716.6873,71.31,8.220588039774253,71.1
vnm,Vietnam,1998,3881.05332,71.7,8.263861870001662,71.31
vnm,Vietnam,1999,4019.81159,71.97,8.298990312355516,71.7
vnm,Vietnam,2000,4250.45395,72.23,8.354781067979198,71.97
vnm,Vietnam,2001,4477.15881,72.39,8.406743930026398,72.23
vnm,Vietnam,2002,4722.82509,72.53,8.46016243554531,72.39
vnm,Vietnam,2003,5008.5529,72.62,8.518902310040565,72.53
vnm,Vietnam,2004,5344.44392,72.69,8.58381278062873,72.62
vnm,Vietnam,2005,5705.39302,72.77,8.649167150370314,72.69
vnm,Vietnam,2006,6037.17638,72.87,8.705691694867893,72.77
vnm,Vietnam,2007,6370.74245,72.92,8.759471295934427,72.87
vnm,Vietnam,2008,6626.55947,72.98,8.798841014852258,72.92
vnm,Vietnam,2009,6897.38392,73.08,8.838897476663854,72.98
vnm,Vietnam,2010,7274.73311,73.21,8.892162405456096,73.08
vnm,Vietnam,2011,7652.61896,73.33,8.942803215945393,73.21
vnm,Vietnam,2012,7979.86829,73.47,8.984677185295114,73.33
vnm,Vietnam,2013,8324.19871,73.6,9.026922059165164,73.47
vnm,Vietnam,2014,8751.88281,73.74,9.077024134489848,73.6
vnm,Vietnam,2015,9248.02396,73.88,9.132165181739252,73.74
vnm,Vietnam,2016,9743.18822,74.02,9.184323675723808,73.88
vnm,Vietnam,2017,10290.54871,74.16,9.238981151993368,74.02
vnm,Vietnam,2018,10936.89379,74.3,9.299897104215567,74.16
vnm,Vietnam,2019,11628.61391,74.46,9.361224056122749,74.3
vnm,Vietnam,2020,11851.39657,75.75,9.380200993627478,74.46
vnm,Vietnam,2021,12048.90199,73.99,9.39672881360519,75.75
vnm,Vietnam,2022,12979.7639,74.95,9.471146800570308,73.99
vut,Vanuatu,1960,1820.12267,51.37,7.50665917889839,
vut,Vanuatu,1961,1837.60677,51.86,7.516219335521345,51.37
vut,Vanuatu,1962,1853.70116,52.4,7.524939546510324,51.86
vut,Vanuatu,1963,1870.86202,52.9,7.534154576895131,52.4
vut,Vanuatu,1964,1887.86036,53.42,7.543199382105725,52.9
vut,Vanuatu,1965,1904.6972,53.91,7.552078324795657,53.42
vut,Vanuatu,1966,1921.37355,54.47,7.56079559987693,53.91
vut,Vanuatu,1967,1939.09181,55.02,7.569975003270762,54.47
vut,Vanuatu,1968,1956.64216,55.56,7.578985099373724,55.02
vut,Vanuatu,1969,1974.02565,56.15,7.587830213829979,55.56
vut,Vanuatu,1970,1992.4307,56.73,7.597110629632917,56.15
vut,Vanuatu,1971,2009.47893,57.25,7.605630728638964,56.73
vut,Vanuatu,1972,2027.54153,57.69,7.614579269133671,57.25
vut,Vanuatu,1973,2046.60569,58.35,7.623937938869644,57.69
vut,Vanuatu,1974,2658.13459,59.06,7.885379873807644,58.35
vut,Vanuatu,1975,2449.80238,59.66,7.8037626390609915,59.06
vut,Vanuatu,1976,2413.54947,60.21,7.788853752093715,59.66
vut,Vanuatu,1977,2310.53701,60.7,7.745235248359915,60.21
vut,Vanuatu,1978,2628.3176,61.22,7.874099224661651,60.7
vut,Vanuatu,1979,2644.40609,61.72,7.880201778436653,61.22
vut,Vanuatu,1980,2272.12615,62.09,7.72847130206726,61.72
vut,Vanuatu,1981,2414.30796,62.36,7.789167966014585,62.09
vut,Vanuatu,1982,2554.30745,62.65,7.845536409143816,62.36
vut,Vanuatu,1983,2793.98115,62.84,7.935222793194292,62.65
vut,Vanuatu,1984,3001.15809,62.95,8.006753523159835,62.84
vut,Vanuatu,1985,2982.5758,62.89,8.000542568569486,62.95
vut,Vanuatu,1986,2906.36388,63.09,7.974658053084102,62.89
vut,Vanuatu,1987,2841.98417,62.4,7.952257738620421,63.09
vut,Vanuatu,1988,2796.12373,63.14,7.935989354878164,62.4
vut,Vanuatu,1989,2886.83377,62.97,7.967915599203688,63.14
vut,Vanuatu,1990,3185.58006,63.13,8.066389673872964,62.97
vut,Vanuatu,1991,3198.24615,63.16,8.0703578604131,63.13
vut,Vanuatu,1992,3192.89092,63.1,8.068682029901362,63.16
vut,Vanuatu,1993,3131.50691,63.09,8.049269608573283,63.1
vut,Vanuatu,1994,3328.74451,63.23,8.110350487859039,63.09
vut,Vanuatu,1995,3280.93377,63.26,8.095883346838436,63.23
vut,Vanuatu,1996,3280.33636,63.32,8.09570124490091,63.26
vut,Vanuatu,1997,3366.1647,62.13,8.121529304034977,63.32
vut,Vanuatu,1998,3351.01218,63.46,8.117017722466604,62.13
vut,Vanuatu,1999,3289.13144,62.96,8.098378808905283,63.46
vut,Vanuatu,2000,3400.34487,63.57,8.13163213781328,62.96
vut,Vanuatu,2001,3198.35345,63.61,8.070391409488147,63.57
vut,Vanuatu,2002,2952.50727,63.64,7.990410010388554,63.61
vut,Vanuatu,2003,2998.65223,63.69,8.005918210037569,63.64
vut,Vanuatu,2004,3037.30966,63.72,8.018727422310887,63.69
vut,Vanuatu,2005,3116.25682,63.78,8.044387823363252,63.72
vut,Vanuatu,2006,3293.3842,63.91,8.099670947298655,63.78
vut,Vanuatu,2007,3303.71983,64.03,8.102804333829885,63.91
vut,Vanuatu,2008,3396.27739,64.13,8.130435225485366,64.03
vut,Vanuatu,2009,3404.38083,64.22,8.132818360638767,64.13
vut,Vanuatu,2010,3359.84955,64.41,8.119651475169025,64.22
vut,Vanuatu,2011,3390.96104,64.5,8.128868652823423,64.41
vut,Vanuatu,2012,3350.77089,64.67,8.1169457147643,64.5
vut,Vanuatu,2013,3292.23425,64.81,8.09932171661655,64.67
vut,Vanuatu,2014,3302.29178,64.84,8.102371985203648,64.81
vut,Vanuatu,2015,3357.63888,64.96,8.118993291652123,64.84
vut,Vanuatu,2016,3397.7673,65.14,8.130873818427233,64.96
vut,Vanuatu,2017,3465.91969,65.25,8.150733299205028,65.14
vut,Vanuatu,2018,3482.02272,65.35,8.155368645292487,65.25
vut,Vanuatu,2019,3512.07197,65.45,8.163961447141848,65.35
vut,Vanuatu,2020,3259.99544,65.85,8.089481075586768,65.45
vut,Vanuatu,2021,3135.83665,65.99,8.050651291465678,65.85
vut,Vanuatu,2022,3222.83596,66.03,8.078016983840046,65.99
wsm,Samoa,1960,4213.62906,60.68,8.346079564860796,
wsm,Samoa,1961,4249.38087,61.09,8.354528573659385,60.68
wsm,Samoa,1962,4287.40203,61.25,8.363436241067355,61.09
wsm,Samoa,1963,4323.92089,61.39,8.371917883032067,61.25
wsm,Samoa,1964,4361.44297,57.16,8.380558238011103,61.39
wsm,Samoa,1965,4399.95867,61.25,8.389350426680418,57.16
wsm,Samoa,1966,4438.21874,61.29,8.39800839024548,61.25
wsm,Samoa,1967,4476.22433,61.75,8.406535186585224,61.29
wsm,Samoa,1968,4515.20922,62.04,8.415206803647905,61.75
wsm,Samoa,1969,4555.16399,62.18,8.424016811241385,62.04
wsm,Samoa,1970,4594.85366,62.42,8.43269218662214,62.18
wsm,Samoa,1971,4635.50153,62.64,8.441499677108464,62.42
wsm,Samoa,1972,4675.87968,63.02,8.450172590866547,62.64
wsm,Samoa,1973,4715.98931,63.16,8.458713994903208,63.02
wsm,Samoa,1974,4160.89831,63.29,8.33348626984749,63.16
wsm,Samoa,1975,3955.69801,63.64,8.282912352619467,63.29
wsm,Samoa,1976,4275.70855,64.06,8.360705110327117,63.64
wsm,Samoa,1977,4197.42203,64.37,8.342225813436706,64.06
wsm,Samoa,1978,4416.6249,64.68,8.393131086097771,64.37
wsm,Samoa,1979,4957.04792,64.99,8.50856566511123,64.68
wsm,Samoa,1980,4621.30241,65.23,8.4384318512739,64.99
wsm,Samoa,1981,4178.17032,65.37,8.33762870720231,65.23
wsm,Samoa,1982,4111.75911,65.53,8.321606223220554,65.37
wsm,Samoa,1983,4107.09895,65.66,8.320472206678257,65.53
wsm,Samoa,1984,4136.57955,65.79,8.327624529679454,65.66
wsm,Samoa,1985,4270.3569,66.0,8.359452685867968,65.79
wsm,Samoa,1986,4471.24196,66.22,8.405421492416732,66.0
wsm,Samoa,1987,4454.96732,66.44,8.401775004300001,66.22
wsm,Samoa,1988,4350.27685,66.63,8.377994765735718,66.44
wsm,Samoa,1989,4467.85789,66.82,8.404664353506003,66.63
wsm,Samoa,1990,4225.91653,66.86,8.34899144644284,66.82
wsm,Samoa,1991,4102.98744,66.93,8.319470631262751,66.86
wsm,Samoa,1992,4056.76174,67.24,8.308140333357654,66.93
wsm,Samoa,1993,4174.78371,67.38,8.336817829954954,67.24
wsm,Samoa,1994,4023.82666,67.52,8.299988634311,67.38
wsm,Samoa,1995,4246.30907,67.65,8.353805430476063,67.52
wsm,Samoa,1996,4502.04312,67.82,8.412286599386158,67.65
wsm,Samoa,1997,4483.78373,68.01,8.408222551539133,67.82
wsm,Samoa,1998,4537.20759,68.23,8.420067033521361,68.01
wsm,Samoa,1999,4590.44353,68.33,8.431731928015878,68.23
wsm,Samoa,2000,4786.98319,68.48,8.473655677792443,68.33
wsm,Samoa,2001,5082.10151,68.64,8.533480138100144,68.48
wsm,Samoa,2002,5308.03796,68.8,8.576977546896007,68.64
wsm,Samoa,2003,5535.14333,68.9,8.618872740019748,68.8
wsm,Samoa,2004,5671.08845,69.0,8.64313634478889,68.9
wsm,Samoa,2005,5994.51432,68.99,8.698600050001307,69.0
wsm,Samoa,2006,6080.80838,69.22,8.712892923359025,68.99
wsm,Samoa,2007,6075.11858,69.35,8.711956787359814,69.22
wsm,Samoa,2008,6220.72912,69.47,8.735642400728231,69.35
wsm,Samoa,2009,6119.03683,67.51,8.719159982401772,69.47
wsm,Samoa,2010,6427.31156,69.64,8.768311620935085,67.51
wsm,Samoa,2011,6616.7711,69.71,8.797362780697986,69.64
wsm,Samoa,2012,6311.9607,69.63,8.750201636270585,69.71
wsm,Samoa,2013,6262.32372,69.89,8.74230659649395,69.63
wsm,Samoa,2014,6247.90481,69.98,8.740001456128176,69.89
wsm,Samoa,2015,6432.35979,70.06,8.769096746794359,69.98
wsm,Samoa,2016,6887.30523,70.16,8.837435174295438,70.06
wsm,Samoa,2017,6919.01573,70.27,8.842028802946148,70.16
wsm,Samoa,2018,6805.04517,70.38,8.825419552829885,70.27
wsm,Samoa,2019,7033.52113,70.49,8.858442731387452,70.38
wsm,Samoa,2020,6745.3064,71.08,8.816602193851777,70.49
wsm,Samoa,2021,6214.01693,71.08,8.734562814442361,71.08
wsm,Samoa,2022,5843.77179,70.92,8.673131721800099,71.08
yem,Yemen,1960,1462.189,36.53,7.287689906920236,
yem,Yemen,1961,1445.08457,37.13,7.275923124785513,36.53
yem,Yemen,1962,1429.06153,36.32,7.26477323508547,37.13
yem,Yemen,1963,1417.68944,36.9,7.256783670411355,36.32
yem,Yemen,1964,1400.96212,37.59,7.244914508141357,36.9
yem,Yemen,1965,1387.89244,38.22,7.235541645268639,37.59
yem,Yemen,1966,1379.16263,38.77,7.229231804124708,38.22
yem,Yemen,1967,1372.02366,39.43,7.224042053035098,38.77
yem,Yemen,1968,1361.41228,40.21,7.2162778810995105,39.43
yem,Yemen,1969,1354.03649,40.95,7.210845402887516,40.21
yem,Yemen,1970,1574.55766,41.93,7.361729661020113,40.95
yem,Yemen,1971,1779.38539,44.34,7.484023297144162,41.93
yem,Yemen,1972,1849.58921,45.43,7.522718844767271,44.34
yem,Yemen,1973,1994.766,46.58,7.598282029211492,45.43
yem,Yemen,1974,2027.99815,47.65,7.614804452481861,46.58
yem,Yemen,1975,2097.907,48.68,7.648695460042368,47.65
yem,Yemen,1976,2315.74477,49.84,7.7474866296839995,48.68
yem,Yemen,1977,2457.20947,50.91,7.806781623262486,49.84
yem,Yemen,1978,2549.09437,51.75,7.8434934260525155,50.91
yem,Yemen,1979,2573.0911,52.6,7.852863217795654,51.75
yem,Yemen,1980,2473.5755,53.25,7.813419953751556,52.6
yem,Yemen,1981,2509.93838,53.96,7.828013482023682,53.25
yem,Yemen,1982,2439.56416,54.25,7.799574679381449,53.96
yem,Yemen,1983,2464.88219,55.49,7.809899292231215,54.25
yem,Yemen,1984,2444.96496,56.14,7.8017860705179345,55.49
yem,Yemen,1985,2314.19809,56.71,7.746818509102686,56.14
yem,Yemen,1986,2255.08401,55.16,7.720942506231743,56.71
yem,Yemen,1987,2234.01561,57.68,7.7115559670711615,55.16
yem,Yemen,1988,2217.16014,58.16,7.703982439754608,57.68
yem,Yemen,1989,2182.2051,58.59,7.688091158309277,58.16
yem,Yemen,1990,2332.67138,59.06,7.75476940483479,58.59
yem,Yemen,1991,2401.76263,59.51,7.783958175941578,59.06
yem,Yemen,1992,2499.623,59.89,7.823895199484829,59.51
yem,Yemen,1993,2505.72452,60.29,7.826333201241083,59.89
yem,Yemen,1994,2579.41704,60.5,7.855318698895956,60.29
yem,Yemen,1995,2635.98018,61.14,7.8770103766259965,60.5
yem,Yemen,1996,2671.88687,61.55,7.890540194688356,61.14
yem,Yemen,1997,2729.14897,62.03,7.9117451069795655,61.55
yem,Yemen,1998,2798.28115,62.48,7.936760632664891,62.03
yem,Yemen,1999,2817.63057,63.02,7.943651587342369,62.48
yem,Yemen,2000,2925.61188,63.51,7.981258927532423,63.02
yem,Yemen,2001,2972.30339,64.0,7.997092483400102,63.51
yem,Yemen,2002,3008.55679,64.46,8.009215770998784,64.0
yem,Yemen,2003,3053.03487,64.87,8.023891414222224,64.46
yem,Yemen,2004,3126.5557,65.32,8.047687262297243,64.87
yem,Yemen,2005,3262.42885,65.78,8.090227242964023,65.32
yem,Yemen,2006,3322.37032,66.21,8.108433758975414,65.78
yem,Yemen,2007,3380.10829,66.54,8.125663026425382,66.21
yem,Yemen,2008,3426.73172,66.89,8.139362234596643,66.54
yem,Yemen,2009,3439.29712,67.24,8.143022403908732,66.89
yem,Yemen,2010,3603.03,67.61,8.1895304371081,67.24
yem,Yemen,2011,3113.383,67.76,8.043465195318324,67.61
yem,Yemen,2012,3004.921,67.92,8.008006557106262,67.76
yem,Yemen,2013,3164.322,68.43,8.059694093620843,67.92
yem,Yemen,2014,3116.261,68.47,8.044389164715211,68.43
yem,Yemen,2015,2196.886,68.16,7.6947961820988695,68.47
yem,Yemen,2016,1950.402,67.48,7.575790784157162,68.16
yem,Yemen,2017,1828.716,67.29,7.51136936022712,67.48
yem,Yemen,2018,1829.707,66.08,7.511911123726988,67.29
yem,Yemen,2019,1843.465,67.74,7.5194022318688,66.08
yem,Yemen,2020,1660.776,67.28,7.415040242000103,67.74
yem,Yemen,2021,1672.7,66.35,7.422194366317963,67.28
yem,Yemen,2022,1767.315,66.32,7.477216724683073,66.35
zaf,South Africa,1960,6160.40256,53.93,8.725897405041655,
zaf,South Africa,1961,6236.97298,54.18,8.738250244305739,53.93
zaf,South Africa,1962,6409.60474,54.39,8.765552884986953,54.18
zaf,South Africa,1963,6679.91921,54.63,8.806861172146178,54.39
zaf,South Africa,1964,6951.32416,54.93,8.846687447029652,54.63
zaf,South Africa,1965,7155.91463,55.19,8.875694514708371,54.93
zaf,South Africa,1966,7258.26654,55.46,8.889896310714041,55.19
zaf,South Africa,1967,7535.96296,55.77,8.92744190116981,55.46
zaf,South Africa,1968,7637.46887,56.07,8.940821527530463,55.77
zaf,South Africa,1969,7827.65309,56.38,8.965418010978006,56.07
zaf,South Africa,1970,8008.1191,56.69,8.988211193511832,56.38
zaf,South Africa,1971,8141.88889,57.0,9.004777482445615,56.69
zaf,South Africa,1972,8055.53901,57.31,8.994115209573403,57.0
zaf,South Africa,1973,8171.47008,57.63,9.008404108019954,57.31
zaf,South Africa,1974,8407.9263,57.98,9.036930147056905,57.63
zaf,South Africa,1975,8321.7644,58.3,9.026629578639854,57.98
zaf,South Africa,1976,8284.83278,58.59,9.022181746192883,58.3
zaf,South Africa,1977,8050.91352,58.82,8.993540844719497,58.59
zaf,South Africa,1978,8069.63091,59.07,8.99586302415859,58.82
zaf,South Africa,1979,8153.90022,59.31,9.006251646365401,59.07
zaf,South Africa,1980,8444.39792,59.52,9.041258532443388,59.31
zaf,South Africa,1981,9097.22185,59.8,9.115724354685302,59.52
zaf,South Africa,1982,9122.53648,60.2,9.118503167206416,59.8
zaf,South Africa,1983,8912.8854,60.54,9.095253306424361,60.2
zaf,South Africa,1984,9321.16353,61.28,9.140042742162167,60.54
zaf,South Africa,1985,9157.7456,61.92,9.122355313840151,61.28
zaf,South Africa,1986,9084.14129,62.12,9.11428545682532,61.92
zaf,South Africa,1987,9236.57334,62.8,9.130926245204272,62.12
zaf,South Africa,1988,9662.30897,63.52,9.175987922454448,62.8
zaf,South Africa,1989,9962.01666,63.77,9.206534805986779,63.52
zaf,South Africa,1990,9985.19104,64.18,9.208858378365937,63.77
zaf,South Africa,1991,9753.62626,64.3,9.185394418947832,64.18
zaf,South Africa,1992,9452.30578,63.59,9.154013988608744,64.3
zaf,South Africa,1993,9455.324,64.27,9.154333248088728,63.59
zaf,South Africa,1994,9673.68508,63.42,9.177164599617583,64.27
zaf,South Africa,1995,9922.05808,62.93,9.202515646502398,63.42
zaf,South Africa,1996,10283.1854,61.78,9.23826535482451,62.93
zaf,South Africa,1997,10487.20032,59.48,9.257910775396986,61.78
zaf,South Africa,1998,10466.72171,58.02,9.255956142131604,59.48
zaf,South Africa,1999,10649.62736,57.16,9.273280180854057,58.02
zaf,South Africa,2000,11037.87368,55.58,9.30908769983177,57.16
zaf,South Africa,2001,11277.16993,54.75,9.330535600842707,55.58
zaf,South Africa,2002,11617.57225,53.67,9.360274080005858,54.75
zaf,South Africa,2003,11870.87162,52.71,9.381842915404878,53.67
zaf,South Africa,2004,12312.62672,52.22,9.418380577407078,52.71
zaf,South Africa,2005,12853.29549,52.1,9.461355515809299,52.22
zaf,South Africa,2006,13452.90444,52.28,9.50695030521197,52.1
zaf,South Africa,2007,14037.25886,53.18,9.549470420626665,52.28
zaf,South Africa,2008,14324.90593,54.25,9.569754974720192,53.18
zaf,South Africa,2009,13936.02189,55.66,9.54223226984306,54.25
zaf,South Africa,2010,14182.33428,57.07,9.55975240430961,55.66
zaf,South Africa,2011,14451.92918,58.67,9.578583191895712,57.07
zaf,South Africa,2012,14581.58896,60.13,9.587514981791877,58.67
zaf,South Africa,2013,14699.06681,61.29,9.595539288438815,60.13
zaf,South Africa,2014,14661.26243,61.82,9.592964085648468,61.29
zaf,South Africa,2015,14559.47438,62.26,9.585997220824321,61.82
zaf,South Africa,2016,14519.03086,62.7,9.583215540972166,62.26
zaf,South Africa,2017,14591.43668,63.2,9.58819010685402,62.7
zaf,South Africa,2018,14571.37563,64.42,9.586814309969201,63.2
zaf,South Africa,2019,14370.23804,65.14,9.572914544001982,64.42
zaf,South Africa,2020,13266.78581,64.24,9.49301888321736,65.14
zaf,South Africa,2021,13711.29357,61.37,9.525975120403055,64.24
zaf,South Africa,2022,13777.19275,60.52,9.530769804655883,61.37
zmb,Zambia,1960,2014.40987,49.56,7.608081563000081,
zmb,Zambia,1961,1971.34718,49.87,7.5864724357304665,49.56
zmb,Zambia,1962,1910.40295,50.13,7.55506946737632,49.87
zmb,Zambia,1963,1907.22678,50.35,7.553405518299295,50.13
zmb,Zambia,1964,2082.41933,50.66,7.641285636195859,50.35
zmb,Zambia,1965,2352.8044,51.21,7.763363257350243,50.66
zmb,Zambia,1966,2318.47207,51.74,7.748663657177113,51.21
zmb,Zambia,1967,2511.14248,52.3,7.828493099881531,51.74
zmb,Zambia,1968,2507.64586,52.78,7.827099687635837,52.3
zmb,Zambia,1969,2340.94235,53.18,7.758308840959573,52.78
zmb,Zambia,1970,2368.82964,53.5,7.7701512893737394,53.18
zmb,Zambia,1971,2321.54403,53.87,7.749987773465777,53.5
zmb,Zambia,1972,2467.40692,54.27,7.810923048205045,53.87
zmb,Zambia,1973,2364.25463,54.62,7.768218084231443,54.27
zmb,Zambia,1974,2426.0425,54.92,7.794016607899599,54.62
zmb,Zambia,1975,2299.65452,55.13,7.740514181939133,54.92
zmb,Zambia,1976,2326.42925,55.38,7.752089860334438,55.13
zmb,Zambia,1977,2166.83637,55.48,7.681023488763791,55.38
zmb,Zambia,1978,2096.0861,55.53,7.6478271228415196,55.48
zmb,Zambia,1979,1959.36674,55.59,7.580376608182416,55.53
zmb,Zambia,1980,1965.45804,55.63,7.583480596376597,55.59
zmb,Zambia,1981,2135.96212,55.69,7.6666724658404375,55.63
zmb,Zambia,1982,2083.11526,55.63,7.641619773383506,55.69
zmb,Zambia,1983,2037.80558,55.6,7.619628811783565,55.63
zmb,Zambia,1984,1999.63461,55.4,7.6007197478513175,55.6
zmb,Zambia,1985,2013.90858,55.15,7.6078326799940275,55.4
zmb,Zambia,1986,2012.23843,54.75,7.607003028174732,55.15
zmb,Zambia,1987,2028.34118,54.19,7.614973585275205,54.75
zmb,Zambia,1988,2193.76939,53.87,7.693376525921553,54.19
zmb,Zambia,1989,2149.70139,53.03,7.673084223103732,53.87
zmb,Zambia,1990,2196.93365,51.94,7.694817871655473,53.03
zmb,Zambia,1991,2165.42365,50.73,7.6803713025868054,51.94
zmb,Zambia,1992,2121.47104,49.6,7.659865013830377,50.73
zmb,Zambia,1993,2199.28536,48.74,7.695887750212011,49.6
zmb,Zambia,1994,1959.51644,47.74,7.580453007499873,48.74
zmb,Zambia,1995,1989.76563,46.82,7.595772136913305,47.74
zmb,Zambia,1996,2083.35558,46.15,7.641735132405324,46.82
zmb,Zambia,1997,2126.92335,45.74,7.662431777879533,46.15
zmb,Zambia,1998,2081.12031,45.45,7.640661638273673,45.74
zmb,Zambia,1999,2136.66772,45.28,7.667002754226203,45.45
zmb,Zambia,2000,2173.01609,45.34,7.683871384738911,45.28
zmb,Zambia,2001,2233.6768,45.2,7.711404295931094,45.34
zmb,Zambia,2002,2276.69859,45.94,7.730481685760352,45.2
zmb,Zambia,2003,2372.1238,46.62,7.771540950998482,45.94
zmb,Zambia,2004,2469.0897,47.67,7.811604819183421,46.62
zmb,Zambia,2005,2569.15938,48.73,7.851334034889666,47.67
zmb,Zambia,2006,2683.23992,49.95,7.894780268716173,48.73
zmb,Zambia,2007,2808.6142,51.85,7.940446473421035,49.95
zmb,Zambia,2008,2919.80288,54.08,7.9792713861343225,51.85
zmb,Zambia,2009,3073.64995,55.68,8.030621043183647,54.08
zmb,Zambia,2010,3266.50749,56.54,8.091476647252307,55.68
zmb,Zambia,2011,3335.6434,57.45,8.112420863280603,56.54
zmb,Zambia,2012,3474.55253,58.55,8.153220981362214,57.45
zmb,Zambia,2013,3535.22449,59.48,8.170532081264815,58.55
zmb,Zambia,2014,3585.57748,60.19,8.18467482234867,59.48
zmb,Zambia,2015,3576.92545,60.8,8.18225889755455,60.19
zmb,Zambia,2016,3598.17166,61.39,8.1881811232112,60.8
zmb,Zambia,2017,3612.50598,61.86,8.192156987782639,61.39
zmb,Zambia,2018,3646.95966,62.52,8.201649129601357,61.86
zmb,Zambia,2019,3591.56419,63.18,8.186343094110256,62.52
zmb,Zambia,2020,3391.59541,62.77,8.129055712085378,63.18
zmb,Zambia,2021,3503.03491,61.61,8.161384988891477,62.77
zmb,Zambia,2022,3585.12379,62.19,8.184548282423627,61.61
zwe,Zimbabwe,1960,2255.72171,55.54,7.721225249512581,
zwe,Zimbabwe,1961,2319.39901,55.78,7.749063383687986,55.54
zwe,Zimbabwe,1962,2297.18036,55.96,7.739437719415025,55.78
zwe,Zimbabwe,1963,2237.62185,56.07,7.71316890676678,55.96
zwe,Zimbabwe,1964,2338.58492,56.34,7.757301290383024,56.07
zwe,Zimbabwe,1965,2434.39666,56.59,7.797454226580506,56.34
zwe,Zimbabwe,1966,2392.03585,56.84,7.779900102416406,56.59
zwe,Zimbabwe,1967,2450.01665,57.1,7.803850099434048,56.84
zwe,Zimbabwe,1968,2285.30247,57.31,7.7342536665591535,57.1
zwe,Zimbabwe,1969,2677.52839,57.68,7.892649405440293,57.31
zwe,Zimbabwe,1970,3185.7604,58.04,8.066446283624453,57.68
zwe,Zimbabwe,1971,3373.43948,58.34,8.123688120081452,58.04
zwe,Zimbabwe,1972,3558.10854,58.67,8.176984373662677,58.34
zwe,Zimbabwe,1973,3579.00256,58.77,8.18283942604937,58.67
zwe,Zimbabwe,1974,3572.80562,59.08,8.181106454080625,58.77
zwe,Zimbabwe,1975,3514.70318,59.33,8.164710356866953,59.08
zwe,Zimbabwe,1976,3403.71884,58.95,8.132623889337179,59.33
zwe,Zimbabwe,1977,3091.62506,58.5,8.03645214103503,58.95
zwe,Zimbabwe,1978,3029.87078,56.84,8.016275250729326,58.5
zwe,Zimbabwe,1979,3025.74071,57.28,8.014911203300855,56.84
zwe,Zimbabwe,1980,3247.73897,60.4,8.085714331672708,57.28
zwe,Zimbabwe,1981,3542.74061,61.0,8.172655890218085,60.4
zwe,Zimbabwe,1982,3533.75843,61.48,8.170117294572695,61.0
zwe,Zimbabwe,1983,3472.28516,62.01,8.152568203744053,61.48
zwe,Zimbabwe,1984,3294.45359,62.51,8.099995603139762,62.01
zwe,Zimbabwe,1985,3409.49941,62.96,8.134320758914791,62.51
zwe,Zimbabwe,1986,3379.04722,63.41,8.12534906116533,62.96
zwe,Zimbabwe,1987,3284.01505,63.65,8.09682205338764,63.41
zwe,Zimbabwe,1988,3446.49941,63.57,8.14511433113753,63.65
zwe,Zimbabwe,1989,3543.58316,63.16,8.172893686297215,63.57
zwe,Zimbabwe,1990,3651.94234,62.38,8.203014452981236,63.16
zwe,Zimbabwe,1991,3773.13922,61.4,8.235662618302907,62.38
zwe,Zimbabwe,1992,3355.63031,59.81,8.118394903593165,61.4
zwe,Zimbabwe,1993,3351.59374,58.0,8.117191254972738,59.81
zwe,Zimbabwe,1994,3668.14813,56.17,8.207442216966598,58.0
zwe,Zimbabwe,1995,3660.83797,54.19,8.20544735374146,56.17
zwe,Zimbabwe,1996,3996.04843,52.47,8.293061259314621,54.19
zwe,Zimbabwe,1997,4051.69069,51.2,8.306889527311759,52.47
zwe,Zimbabwe,1998,4113.29259,49.7,8.321979103555826,51.2
zwe,Zimbabwe,1999,4035.40439,48.52,8.302861796252316,49.7
zwe,Zimbabwe,2000,3888.44839,47.5,8.265765485576814,48.52
zwe,Zimbabwe,2001,3928.39321,47.03,8.275985768843066,47.5
zwe,Zimbabwe,2002,3571.02598,46.58,8.180608222841016,47.03
zwe,Zimbabwe,2003,2949.25001,46.37,7.989306183112644,46.58
zwe,Zimbabwe,2004,2762.35658,46.35,7.9238394277362065,46.37
zwe,Zimbabwe,2005,2589.93892,46.76,7.859389571403917,46.35
zwe,Zimbabwe,2006,2482.77583,47.37,7.817132499515473,46.76
zwe,Zimbabwe,2007,2372.23665,48.22,7.771588523269269,47.37
zwe,Zimbabwe,2008,1938.0725,48.92,7.569449201451708,48.22
zwe,Zimbabwe,2009,2169.48008,50.19,7.682242823357119,48.92
zwe,Zimbabwe,2010,2563.47835,52.32,7.849120345703403,50.19
zwe,Zimbabwe,2011,2875.90206,54.41,7.964121664019076,52.32
zwe,Zimbabwe,2012,3301.16623,56.04,8.102031088052732,54.41
zwe,Zimbabwe,2013,3319.77209,57.22,8.107651411963818,56.04
zwe,Zimbabwe,2014,3352.38135,57.98,8.117426223030659,57.22
zwe,Zimbabwe,2015,3366.63371,58.58,8.121668625004416,57.98
zwe,Zimbabwe,2016,3345.31502,59.23,8.115316144510672,58.58
zwe,Zimbabwe,2017,3453.50574,59.87,8.147145150609592,59.23
zwe,Zimbabwe,2018,3572.98134,60.64,8.181155635507674,59.87
zwe,Zimbabwe,2019,3294.80389,61.04,8.100101927714691,60.64
zwe,Zimbabwe,2020,2987.26841,60.87,8.00211467356969,61.04
zwe,Zimbabwe,2021,3184.7846,59.01,8.066139936205941,60.87
zwe,Zimbabwe,2022,3323.11832,59.14,8.10865887410048,59.01
